content_hash,image_path,source_dataset,sensitivity_level,label,probability_fake,classification_threshold,predicted_label
00047e1946fdc5314c0f076ce0db75c7cbb8bfcc8496ee2cb89a3deffa2c3eac,autoannotated/images/00047e1946fdc5314c0f076ce0db75c7cbb8bfcc8496ee2cb89a3deffa2c3eac.jpg,saberzl/SID_Set,medium,0,0.0007636001100763679,0.4,0
001ad8105761a89f2cc74f833b1e90df1c60c65d7948cf206180b609259d050c,autoannotated/images/001ad8105761a89f2cc74f833b1e90df1c60c65d7948cf206180b609259d050c.png,RRDataset,medium,1,0.8887396454811096,0.4,1
00294dcb68a832c07c7fede8179e6f9caa0e209ef1622436be2502c9dfdfaa2a,human_annotated/images/00294dcb68a832c07c7fede8179e6f9caa0e209ef1622436be2502c9dfdfaa2a.png,ComplexDataLab/OpenFake,medium,1,0.9137302041053772,0.4,1
0039e56521cb74a8136fd71a536f14433e0c2339eb94a802e1d862029395d856,autoannotated/images/0039e56521cb74a8136fd71a536f14433e0c2339eb94a802e1d862029395d856.png,RRDataset,medium,1,0.9317491054534912,0.4,1
0044cb3e58cacc4afc961798a33f77b3e83bc5b43787ea5a66f97b7095241392,human_annotated/images/0044cb3e58cacc4afc961798a33f77b3e83bc5b43787ea5a66f97b7095241392.png,saberzl/SID_Set,medium,1,0.9948797225952148,0.4,1
006889a0c3aaec918b4588904790820ec39e1b97c6e08c6b6a803ecae1d8b6e6,autoannotated/images/006889a0c3aaec918b4588904790820ec39e1b97c6e08c6b6a803ecae1d8b6e6.png,ComplexDataLab/OpenFake,medium,1,0.9414595365524292,0.4,1
006ecef50f937cf692c61c13c25549171f5a6ac3a816f78501353d653cca06da,autoannotated/images/006ecef50f937cf692c61c13c25549171f5a6ac3a816f78501353d653cca06da.jpg,ComplexDataLab/OpenFake,medium,0,0.4672873914241791,0.4,1
006ee61f66b7d52d7c5e51f48e5824f2a032cf318f31e3a470dee6743999f343,autoannotated/images/006ee61f66b7d52d7c5e51f48e5824f2a032cf318f31e3a470dee6743999f343.png,saberzl/SID_Set,medium,1,0.9772985577583313,0.4,1
008594762f20ec8efb62efe09d5cf0dee237e5c2b2e32f60c50c06d911d58f3e,human_annotated/images/008594762f20ec8efb62efe09d5cf0dee237e5c2b2e32f60c50c06d911d58f3e.jpg,ComplexDataLab/OpenFake,medium,0,0.9005652666091919,0.4,1
008829b6c2c12cba65ef788d6276ccef739f2c79c3834da0013a42fb56e91fcf,autoannotated/images/008829b6c2c12cba65ef788d6276ccef739f2c79c3834da0013a42fb56e91fcf.png,ComplexDataLab/OpenFake,medium,1,0.9860337376594543,0.4,1
0099b30765280306e279de6db498ce56bfaf71b2784b5645442dc565dc49473a,autoannotated/images/0099b30765280306e279de6db498ce56bfaf71b2784b5645442dc565dc49473a.jpg,RRDataset,medium,0,0.9611600637435913,0.4,1
00c0435d508a73bbeda582d06bf261b98b6913a56226e7cf29da67737ddd5e20,human_annotated/images/00c0435d508a73bbeda582d06bf261b98b6913a56226e7cf29da67737ddd5e20.webp,ComplexDataLab/OpenFake,medium,1,0.0489145964384079,0.4,0
00dce87d8dc797286f65edb6be61a2c53108e35134b76defb3c2ade3b95c1954,autoannotated/images/00dce87d8dc797286f65edb6be61a2c53108e35134b76defb3c2ade3b95c1954.png,saberzl/SID_Set,medium,1,0.9920735955238342,0.4,1
00e8c18aaa33268122441ad7eb1a2980d9f94dd065c5be4fe79ed4fb6646ad00,autoannotated/images/00e8c18aaa33268122441ad7eb1a2980d9f94dd065c5be4fe79ed4fb6646ad00.jpg,ComplexDataLab/OpenFake,medium,0,0.07733520865440369,0.4,0
011a68a2b099883d03cdb2c19dc38a007c65bffe3aeba1fd0d026e4f8d85d933,autoannotated/images/011a68a2b099883d03cdb2c19dc38a007c65bffe3aeba1fd0d026e4f8d85d933.png,ComplexDataLab/OpenFake,medium,1,0.9914807081222534,0.4,1
0126a08492ae133193d23d77abf6c6fc5e8ec10e44c8cfebce7e6ac0e4e243d8,autoannotated/images/0126a08492ae133193d23d77abf6c6fc5e8ec10e44c8cfebce7e6ac0e4e243d8.jpg,saberzl/SID_Set,medium,0,0.19891540706157684,0.4,0
0127d0b8bcd59b2f90c60f188d68d0299c9d4832df77c4853c0229464648e369,autoannotated/images/0127d0b8bcd59b2f90c60f188d68d0299c9d4832df77c4853c0229464648e369.png,ComplexDataLab/OpenFake,medium,1,0.19355875253677368,0.4,0
014d02224457fd79efab38f7f55b35f63b2b64d679a455cec9e5c7ccf62cdda5,autoannotated/images/014d02224457fd79efab38f7f55b35f63b2b64d679a455cec9e5c7ccf62cdda5.png,ComplexDataLab/OpenFake,medium,1,0.9988842606544495,0.4,1
018f0dc1e0ebdb5eb8adf57f8b90001a5b03131e7585ee8378d32efbbe5a06be,autoannotated/images/018f0dc1e0ebdb5eb8adf57f8b90001a5b03131e7585ee8378d32efbbe5a06be.jpg,ComplexDataLab/OpenFake,medium,0,0.0033057699911296368,0.4,0
01901d6963a13165939e31ef73248313565145033418a9613082e0063cceea4d,autoannotated/images/01901d6963a13165939e31ef73248313565145033418a9613082e0063cceea4d.jpg,ComplexDataLab/OpenFake,medium,0,0.7741602063179016,0.4,1
0197454677d4f66eb0b0159da171d0c8da9e7d63511805503199d5eb0e30b461,autoannotated/images/0197454677d4f66eb0b0159da171d0c8da9e7d63511805503199d5eb0e30b461.png,saberzl/SID_Set,medium,1,0.9643429517745972,0.4,1
019fc1983980f42b9b079ffd92a806050fe3dffa10128486f7cd6a3c85082a8a,autoannotated/images/019fc1983980f42b9b079ffd92a806050fe3dffa10128486f7cd6a3c85082a8a.png,RRDataset,medium,1,0.9254338145256042,0.4,1
01b18ee7f96da180a85c3205e39912b4360d5c11982bbcdf053e167e309238ed,autoannotated/images/01b18ee7f96da180a85c3205e39912b4360d5c11982bbcdf053e167e309238ed.jpg,ComplexDataLab/OpenFake,medium,0,8.977448305813596e-05,0.4,0
01b2f2d2e32a785f8e6fc48dbc9862b785f6a6947a58677d3d504368cd9b6214,autoannotated/images/01b2f2d2e32a785f8e6fc48dbc9862b785f6a6947a58677d3d504368cd9b6214.jpg,ComplexDataLab/OpenFake,medium,0,0.05733522027730942,0.4,0
01cbc35952e0819a0ce45a7747eb183974f7cb99a314ebc0e37dcae10d503791,autoannotated/images/01cbc35952e0819a0ce45a7747eb183974f7cb99a314ebc0e37dcae10d503791.png,ComplexDataLab/OpenFake,medium,1,0.919834554195404,0.4,1
01ed0f495a735cebf575445b4080359d4371638b3e6ae1ae156492ed1b006f44,autoannotated/images/01ed0f495a735cebf575445b4080359d4371638b3e6ae1ae156492ed1b006f44.jpg,RRDataset,medium,0,0.06871207058429718,0.4,0
02246355c564a6bf91290473432288859ee14c77c2da95802df2fae992d9b261,autoannotated/images/02246355c564a6bf91290473432288859ee14c77c2da95802df2fae992d9b261.jpg,RRDataset,medium,0,0.4269222021102905,0.4,1
02386a52b1b73b5fe1b4f9d5e32618571533c7271b2185107e11c13f68246f41,human_annotated/images/02386a52b1b73b5fe1b4f9d5e32618571533c7271b2185107e11c13f68246f41.jpg,RRDataset,medium,0,0.6661049127578735,0.4,1
024121446d9b4c927e70c286c359bf61324585372cae6ea98c1bf41d597582c6,human_annotated/images/024121446d9b4c927e70c286c359bf61324585372cae6ea98c1bf41d597582c6.png,RRDataset,medium,1,0.9728043675422668,0.4,1
024ddf004bacbdf8b2e80b053fb78c91d82a329d75d1b3aa4557edc8f832b4a5,autoannotated/images/024ddf004bacbdf8b2e80b053fb78c91d82a329d75d1b3aa4557edc8f832b4a5.png,saberzl/SID_Set,medium,1,0.9724993109703064,0.4,1
025491dce15d071c5e15aaa21b0e00402c4b7ebe88998548a850752645f53650,human_annotated/images/025491dce15d071c5e15aaa21b0e00402c4b7ebe88998548a850752645f53650.png,RRDataset,medium,1,0.9506436586380005,0.4,1
02704b70f3943efbc63a29c11e2fb5caf68808d596e36035aea48e139919a2cc,autoannotated/images/02704b70f3943efbc63a29c11e2fb5caf68808d596e36035aea48e139919a2cc.jpg,ComplexDataLab/OpenFake,medium,0,0.4608221650123596,0.4,1
028383a2bc29d233f5f1264b66ec16e43fd861654d9ee5978ea8e462b4b43f79,autoannotated/images/028383a2bc29d233f5f1264b66ec16e43fd861654d9ee5978ea8e462b4b43f79.png,ComplexDataLab/OpenFake,medium,1,0.9089142680168152,0.4,1
0299ebb3a3c083dc84694d45979865e9982a7772b08b115b12dafbb460078fd2,autoannotated/images/0299ebb3a3c083dc84694d45979865e9982a7772b08b115b12dafbb460078fd2.png,RRDataset,medium,1,0.9680286645889282,0.4,1
02aba247c6abe5b9a067c041a4e0a65cf166b375e2c4cbc44677b288ffbf8446,autoannotated/images/02aba247c6abe5b9a067c041a4e0a65cf166b375e2c4cbc44677b288ffbf8446.png,ComplexDataLab/OpenFake,medium,1,0.9925711750984192,0.4,1
02b4ff836d7f3edf0e68eaaa2a045baec77cbb402246f9baff14194db49fdde7,human_annotated/images/02b4ff836d7f3edf0e68eaaa2a045baec77cbb402246f9baff14194db49fdde7.jpg,ComplexDataLab/OpenFake,medium,0,0.5393695831298828,0.4,1
03183ad87f31c3c99a1bec9f37c98e76d7f6dac9d4851eda5d0a4b4605425d75,autoannotated/images/03183ad87f31c3c99a1bec9f37c98e76d7f6dac9d4851eda5d0a4b4605425d75.jpg,ComplexDataLab/OpenFake,medium,0,0.025586366653442383,0.4,0
032d42075a67e2372443a952268daf731f8529db7f3c78994cf4575b3ccd2f26,autoannotated/images/032d42075a67e2372443a952268daf731f8529db7f3c78994cf4575b3ccd2f26.jpg,RRDataset,medium,0,0.4593081772327423,0.4,1
034210a00259d977911df2af667420db2d3c1bfffac5db8089823d9508b1ef36,autoannotated/images/034210a00259d977911df2af667420db2d3c1bfffac5db8089823d9508b1ef36.png,ComplexDataLab/OpenFake,medium,1,0.7867130637168884,0.4,1
034a3d4070847840505a010c78888746d367be6658457fc770780c5d5f9e0681,human_annotated/images/034a3d4070847840505a010c78888746d367be6658457fc770780c5d5f9e0681.jpg,ComplexDataLab/OpenFake,medium,0,0.11016559600830078,0.4,0
035ecfeb940c4d35c80b3cc0ccb914d0ac42a26bcc7c582e59257a3f8b5c9a95,autoannotated/images/035ecfeb940c4d35c80b3cc0ccb914d0ac42a26bcc7c582e59257a3f8b5c9a95.png,ComplexDataLab/OpenFake,medium,1,0.5900999307632446,0.4,1
035f9833425f119a6bddb448298b8395c00724ced8cf09a3aad4de4e7454889b,autoannotated/images/035f9833425f119a6bddb448298b8395c00724ced8cf09a3aad4de4e7454889b.png,saberzl/SID_Set,medium,1,0.9803896546363831,0.4,1
0361ed7b660649ee51ab09b026ea1c998052a686aaded4df7c422cee79b04553,autoannotated/images/0361ed7b660649ee51ab09b026ea1c998052a686aaded4df7c422cee79b04553.png,saberzl/SID_Set,medium,1,0.9859297871589661,0.4,1
036304a4c432ccbb930f006425afff9ea0ccd6e0ccd28fd4004c03d0979914b0,human_annotated/images/036304a4c432ccbb930f006425afff9ea0ccd6e0ccd28fd4004c03d0979914b0.jpg,RRDataset,medium,0,0.8400893211364746,0.4,1
03688c9b1bb495e0696e35b7d00c15a7999b4af4f590f31724741fd56d18523c,autoannotated/images/03688c9b1bb495e0696e35b7d00c15a7999b4af4f590f31724741fd56d18523c.jpg,saberzl/SID_Set,medium,0,0.03217446058988571,0.4,0
036f70333998ec27791d7595d9315bf278d7c55b7d96a6b0983b35960a9af1aa,human_annotated/images/036f70333998ec27791d7595d9315bf278d7c55b7d96a6b0983b35960a9af1aa.png,RRDataset,medium,1,0.9686708450317383,0.4,1
0384a4e4cde6eb15445960c67345e442b99fcfd4f50dae4dd91a0bc65a358419,autoannotated/images/0384a4e4cde6eb15445960c67345e442b99fcfd4f50dae4dd91a0bc65a358419.jpg,RRDataset,medium,0,0.359791100025177,0.4,0
039d62e7d5a6902bc0ec8e8921cd76d941e08a52b3aff0862ed5267f85dc0078,autoannotated/images/039d62e7d5a6902bc0ec8e8921cd76d941e08a52b3aff0862ed5267f85dc0078.jpg,ComplexDataLab/OpenFake,medium,0,0.0037711006589233875,0.4,0
03bcfea1219f53baa2446be2be51b574ff75e3721ab8d0a3204ac1eb140a88f9,autoannotated/images/03bcfea1219f53baa2446be2be51b574ff75e3721ab8d0a3204ac1eb140a88f9.png,RRDataset,medium,1,0.9941233992576599,0.4,1
03d9f1b3182b07231aa95c0fee478d45c5f5ed0e3e87053129237c36ca14cd58,autoannotated/images/03d9f1b3182b07231aa95c0fee478d45c5f5ed0e3e87053129237c36ca14cd58.png,RRDataset,medium,1,0.9234283566474915,0.4,1
03f2e19c06f403e8089f8e58647535b20445590e46225ea4113e463d86a378cb,autoannotated/images/03f2e19c06f403e8089f8e58647535b20445590e46225ea4113e463d86a378cb.png,ComplexDataLab/OpenFake,medium,0,0.7498335242271423,0.4,1
04123341d61ed5d2f72ae9d09735f9656e36f2f7cea293c80e6301b0f63a6c73,autoannotated/images/04123341d61ed5d2f72ae9d09735f9656e36f2f7cea293c80e6301b0f63a6c73.jpg,ComplexDataLab/OpenFake,medium,0,0.36396390199661255,0.4,0
041604145251570586a59390ec61b720cf131a5686547d68b0f28ad6bed2f181,autoannotated/images/041604145251570586a59390ec61b720cf131a5686547d68b0f28ad6bed2f181.jpg,RRDataset,medium,0,0.3497341275215149,0.4,0
04362431d32533d243b45dd970bc15714782f46ae568a68d7f3b277f3f82295c,autoannotated/images/04362431d32533d243b45dd970bc15714782f46ae568a68d7f3b277f3f82295c.jpg,ComplexDataLab/OpenFake,medium,0,0.04890710487961769,0.4,0
0444a8dbadba66ac8169e326ab74f6153e6307d043e42b9b3421f7065cb99388,human_annotated/images/0444a8dbadba66ac8169e326ab74f6153e6307d043e42b9b3421f7065cb99388.jpg,RRDataset,medium,0,0.9946250319480896,0.4,1
04549a213aeabe11d22655e26efc478344b26eda1d1b56395c034f2177e8c90d,autoannotated/images/04549a213aeabe11d22655e26efc478344b26eda1d1b56395c034f2177e8c90d.jpg,ComplexDataLab/OpenFake,medium,0,0.8820500373840332,0.4,1
04debdcbbe8057f832fa8ecbbad024136957f8e33d7e6c59ffe3de804ea0248d,autoannotated/images/04debdcbbe8057f832fa8ecbbad024136957f8e33d7e6c59ffe3de804ea0248d.jpg,saberzl/SID_Set,medium,0,0.36149269342422485,0.4,0
04ff629a92b0be237e5872ab65749303d0de15df814f00635e8183625a6cfaaf,human_annotated/images/04ff629a92b0be237e5872ab65749303d0de15df814f00635e8183625a6cfaaf.jpg,RRDataset,medium,0,0.9757948517799377,0.4,1
0547f3652efbefa56db7f9c8369f298a99d35178873d98b91d56f43f377c01f3,autoannotated/images/0547f3652efbefa56db7f9c8369f298a99d35178873d98b91d56f43f377c01f3.png,saberzl/SID_Set,medium,1,0.8977216482162476,0.4,1
0568406b7f243e4c578199527ae3c0cfd501be529960a0d81b25b491a758ea07,autoannotated/images/0568406b7f243e4c578199527ae3c0cfd501be529960a0d81b25b491a758ea07.jpg,RRDataset,medium,0,0.071692556142807,0.4,0
057bc1cf0313880845d41a94b4aaea46eab804d506dc0949243ca7b202f4beb4,autoannotated/images/057bc1cf0313880845d41a94b4aaea46eab804d506dc0949243ca7b202f4beb4.jpg,saberzl/SID_Set,medium,0,0.9438967704772949,0.4,1
05821ee51ef95d0a7de9d81a147b95ad2f0bb57f7608320a6e34e3565e13157e,human_annotated/images/05821ee51ef95d0a7de9d81a147b95ad2f0bb57f7608320a6e34e3565e13157e.png,ComplexDataLab/OpenFake,medium,1,0.9973827004432678,0.4,1
059f1908e3048aa449d2bdc10469257ba9693e83f595c53229504a0b789bcfa2,autoannotated/images/059f1908e3048aa449d2bdc10469257ba9693e83f595c53229504a0b789bcfa2.jpg,saberzl/SID_Set,medium,0,0.6462254524230957,0.4,1
05ac0359d577325e72e93d1f7de77d76d58aec86402d792f8274648287ef037a,human_annotated/images/05ac0359d577325e72e93d1f7de77d76d58aec86402d792f8274648287ef037a.png,ComplexDataLab/OpenFake,medium,1,0.9937394857406616,0.4,1
05c22cb53a298bde3b21ec354fe68620810f437ec2d2a670b26109d085824f2c,autoannotated/images/05c22cb53a298bde3b21ec354fe68620810f437ec2d2a670b26109d085824f2c.jpg,ComplexDataLab/OpenFake,medium,1,0.8719168901443481,0.4,1
05cf1baa0f57118dc42efc4670dd70afc952ec4d75c977214fb93a369d4056d8,autoannotated/images/05cf1baa0f57118dc42efc4670dd70afc952ec4d75c977214fb93a369d4056d8.png,RRDataset,medium,1,0.9649109840393066,0.4,1
05f2adc828fc440129f78235e85f2af99aa3c003f2f9fc43e5d8ab47c97d8f8e,autoannotated/images/05f2adc828fc440129f78235e85f2af99aa3c003f2f9fc43e5d8ab47c97d8f8e.jpg,saberzl/SID_Set,medium,0,0.021319305524230003,0.4,0
05f91619bc57703b921503b38c585515445fc6c9c41e9cad81774510dc6e146c,human_annotated/images/05f91619bc57703b921503b38c585515445fc6c9c41e9cad81774510dc6e146c.png,saberzl/SID_Set,medium,1,0.9934828877449036,0.4,1
06166c8f82123b51c26e8ff512f6479e255aabfcb6d4dc5ae13e239ed2ee1797,autoannotated/images/06166c8f82123b51c26e8ff512f6479e255aabfcb6d4dc5ae13e239ed2ee1797.png,ComplexDataLab/OpenFake,medium,1,0.9793696999549866,0.4,1
061a8efa3d02f3d7905ddafa05f6c5d2a793da27013c6940471335e286b5f7f8,autoannotated/images/061a8efa3d02f3d7905ddafa05f6c5d2a793da27013c6940471335e286b5f7f8.jpg,ComplexDataLab/OpenFake,medium,0,0.01057943981140852,0.4,0
063ca4ef077d8f4a537cf22d74429c0b343c9fb87ac87dd315ea6cdfc07c5a39,human_annotated/images/063ca4ef077d8f4a537cf22d74429c0b343c9fb87ac87dd315ea6cdfc07c5a39.jpg,RRDataset,medium,0,0.9602094888687134,0.4,1
068a372b0f7788ee141bc6b9c829f77f4b84b1d5b6e4f29bc628e209d00b5a4c,autoannotated/images/068a372b0f7788ee141bc6b9c829f77f4b84b1d5b6e4f29bc628e209d00b5a4c.png,ComplexDataLab/OpenFake,medium,1,0.8789003491401672,0.4,1
06c4c335da658b9af994506ce9fd7a709257689add1885ebacf0598e2505fdbe,autoannotated/images/06c4c335da658b9af994506ce9fd7a709257689add1885ebacf0598e2505fdbe.jpg,saberzl/SID_Set,medium,0,0.007464973255991936,0.4,0
06d9af988efd8d6d3ff49e4b253efa2f87950c83d1b77aa1c383311700baaa81,human_annotated/images/06d9af988efd8d6d3ff49e4b253efa2f87950c83d1b77aa1c383311700baaa81.jpg,ComplexDataLab/OpenFake,medium,0,0.041224218904972076,0.4,0
06eadc1118dbb9cddf991d8bfcbcd73cc8e7bd39947fcaf2247f20a7007b3089,autoannotated/images/06eadc1118dbb9cddf991d8bfcbcd73cc8e7bd39947fcaf2247f20a7007b3089.jpg,saberzl/SID_Set,medium,0,0.038554199039936066,0.4,0
06f827bf1da25a8736f1c07da9723ebcd1f1d6023efb7f4cbe14950c78fe58b2,human_annotated/images/06f827bf1da25a8736f1c07da9723ebcd1f1d6023efb7f4cbe14950c78fe58b2.png,saberzl/SID_Set,medium,1,0.7235884070396423,0.4,1
071197fcfb6f8615b2e6ff492501ffb71dbd113825c51d24ab95144c5f59a779,autoannotated/images/071197fcfb6f8615b2e6ff492501ffb71dbd113825c51d24ab95144c5f59a779.png,saberzl/SID_Set,medium,1,0.9844862222671509,0.4,1
07384e302abb3ab518e316c601457622bb1a67460d1fdaca3c5362d347979dd8,human_annotated/images/07384e302abb3ab518e316c601457622bb1a67460d1fdaca3c5362d347979dd8.png,ComplexDataLab/OpenFake,medium,1,0.9957340359687805,0.4,1
0748fc18a4e203a812acb3f10f27cb6ba055a6682879a0ef0272abe059a7f679,autoannotated/images/0748fc18a4e203a812acb3f10f27cb6ba055a6682879a0ef0272abe059a7f679.jpg,saberzl/SID_Set,medium,0,0.8911606073379517,0.4,1
075f59a5226c597a9d67cbd2482a6ab8f87b39fd4b50cf6b850dd9e12e078492,autoannotated/images/075f59a5226c597a9d67cbd2482a6ab8f87b39fd4b50cf6b850dd9e12e078492.png,ComplexDataLab/OpenFake,medium,1,0.9822680950164795,0.4,1
076b6e1b9585511997caab0ab3481b2b06b8bd2aeebbb3112707760bf4c159e1,autoannotated/images/076b6e1b9585511997caab0ab3481b2b06b8bd2aeebbb3112707760bf4c159e1.png,RRDataset,medium,1,0.9189029335975647,0.4,1
079197288a30e54f5f3e4c826e5d9d9b66dd27ce31bedc9021c2878182d3764a,autoannotated/images/079197288a30e54f5f3e4c826e5d9d9b66dd27ce31bedc9021c2878182d3764a.png,saberzl/SID_Set,medium,1,0.8536595702171326,0.4,1
07ac9cad597a17c8a8a0a0f986888e3b53fd692703562e85c276c69bafb6056c,autoannotated/images/07ac9cad597a17c8a8a0a0f986888e3b53fd692703562e85c276c69bafb6056c.jpg,RRDataset,medium,0,0.4811653792858124,0.4,1
07add180346a24f4614278d296955acc22d15cc19d955de48e6f66da2aa69807,autoannotated/images/07add180346a24f4614278d296955acc22d15cc19d955de48e6f66da2aa69807.jpg,ComplexDataLab/OpenFake,medium,0,0.586332380771637,0.4,1
07e12ede05a01457fec05feecbad284bc870747af5501a9a998c13e138ea498a,human_annotated/images/07e12ede05a01457fec05feecbad284bc870747af5501a9a998c13e138ea498a.png,RRDataset,medium,1,0.9878040552139282,0.4,1
07efa4c46f65faf58d2697e6664af72241dafa8dcae0149ce2060e36a853a8bc,autoannotated/images/07efa4c46f65faf58d2697e6664af72241dafa8dcae0149ce2060e36a853a8bc.png,saberzl/SID_Set,medium,1,0.9884636998176575,0.4,1
082c20baf5166a9e86e9a17dd582148bd232ace5186d4a226cd45092b5195df4,autoannotated/images/082c20baf5166a9e86e9a17dd582148bd232ace5186d4a226cd45092b5195df4.jpg,ComplexDataLab/OpenFake,medium,0,0.026866365224123,0.4,0
082c9244b2f98754068d696ae42cc29ba67c4d481b6a905cce21db15359e724e,human_annotated/images/082c9244b2f98754068d696ae42cc29ba67c4d481b6a905cce21db15359e724e.jpg,RRDataset,medium,0,0.3248603641986847,0.4,0
083fea3cfd189f8bb1973fe5866f6fd8c43becec181d20b8c045ea9468482bfd,autoannotated/images/083fea3cfd189f8bb1973fe5866f6fd8c43becec181d20b8c045ea9468482bfd.jpg,ComplexDataLab/OpenFake,medium,1,0.9186974167823792,0.4,1
0846ac50b39b5be3285e616c7c70e81ce2d5941b9821ed5816ee8200fe8548e0,autoannotated/images/0846ac50b39b5be3285e616c7c70e81ce2d5941b9821ed5816ee8200fe8548e0.jpg,RRDataset,medium,0,0.9785178899765015,0.4,1
084f83d82c3f81e3b139a52ac082ef0ea939a667f5eeca08a1121adfe9db0122,autoannotated/images/084f83d82c3f81e3b139a52ac082ef0ea939a667f5eeca08a1121adfe9db0122.jpg,saberzl/SID_Set,medium,0,0.07013751566410065,0.4,0
08766ef5b802dfa20790de8b86ad7b40866be06649644d14c7428b6598ab53b0,autoannotated/images/08766ef5b802dfa20790de8b86ad7b40866be06649644d14c7428b6598ab53b0.png,saberzl/SID_Set,medium,1,0.940547525882721,0.4,1
088a1ed9ccad7f7fcf9bb2d253961d1c0cb2fb9a745338732d74548008b20a82,autoannotated/images/088a1ed9ccad7f7fcf9bb2d253961d1c0cb2fb9a745338732d74548008b20a82.png,saberzl/SID_Set,medium,1,0.9896695017814636,0.4,1
0893ece1927df58e4306632d0589c0fc02a4ac890c992ad0c0853db2692f3351,autoannotated/images/0893ece1927df58e4306632d0589c0fc02a4ac890c992ad0c0853db2692f3351.png,ComplexDataLab/OpenFake,medium,1,0.9910953044891357,0.4,1
08a13c2efd3f79c9de49bd372c652a1c463d00afc132f38141a4dd25c6a96330,autoannotated/images/08a13c2efd3f79c9de49bd372c652a1c463d00afc132f38141a4dd25c6a96330.jpg,ComplexDataLab/OpenFake,medium,0,0.4933040738105774,0.4,1
08ac98b0ffa43c5e3d8088abb10f13fcdbe243e075182db3e732cfbd1a231867,human_annotated/images/08ac98b0ffa43c5e3d8088abb10f13fcdbe243e075182db3e732cfbd1a231867.png,saberzl/SID_Set,medium,1,0.9799198508262634,0.4,1
08d5d4ced4a5c0d73f46f7645e6e59ffe5749b60562abdf8f0fa5111c7494820,autoannotated/images/08d5d4ced4a5c0d73f46f7645e6e59ffe5749b60562abdf8f0fa5111c7494820.jpg,ComplexDataLab/OpenFake,medium,0,0.22709549963474274,0.4,0
08d7b830c58ce1635497fec67c9b61ce43d4ae80129ad6d9f1db6230a4212036,autoannotated/images/08d7b830c58ce1635497fec67c9b61ce43d4ae80129ad6d9f1db6230a4212036.jpg,saberzl/SID_Set,medium,0,0.31153953075408936,0.4,0
08d92bb66db7be10f0ccd12ce83a71c1daf2b6e52fec460fb696da4b797a7129,autoannotated/images/08d92bb66db7be10f0ccd12ce83a71c1daf2b6e52fec460fb696da4b797a7129.png,saberzl/SID_Set,medium,1,0.6610407829284668,0.4,1
08febd1fa1537337e19f40ca6c33b36303d2545b82a9ce984455dff5b7cabb64,autoannotated/images/08febd1fa1537337e19f40ca6c33b36303d2545b82a9ce984455dff5b7cabb64.png,ComplexDataLab/OpenFake,medium,1,0.7357648015022278,0.4,1
091fad4af1b62a2001892ab1b2c045364c580616c8202cd9416b649a74aec05b,autoannotated/images/091fad4af1b62a2001892ab1b2c045364c580616c8202cd9416b649a74aec05b.png,RRDataset,medium,1,0.9200228452682495,0.4,1
092887997d51f7815df6460cea8ab51c106aecb080de7aeaf8fe9ae3febb233a,autoannotated/images/092887997d51f7815df6460cea8ab51c106aecb080de7aeaf8fe9ae3febb233a.jpg,RRDataset,medium,0,0.9241631627082825,0.4,1
092b5fc5bb75fba66281476a87d4b820d7015a8b6a40d4c204bf53c58f0d8c3f,autoannotated/images/092b5fc5bb75fba66281476a87d4b820d7015a8b6a40d4c204bf53c58f0d8c3f.jpg,ComplexDataLab/OpenFake,medium,0,0.09776527434587479,0.4,0
092c39d03b1b2f66a170ae3986f836d0212d55d092f3b7314757b4fd39eabe93,autoannotated/images/092c39d03b1b2f66a170ae3986f836d0212d55d092f3b7314757b4fd39eabe93.jpg,ComplexDataLab/OpenFake,medium,0,0.7039432525634766,0.4,1
094dc682ff1a59e3ef3d2f1ed6ae13ccb66bd15e7c840f7f41132bff4511dd96,autoannotated/images/094dc682ff1a59e3ef3d2f1ed6ae13ccb66bd15e7c840f7f41132bff4511dd96.jpg,saberzl/SID_Set,medium,0,0.16539016366004944,0.4,0
0952277d830d647fb5c53ab7161e0231d697e8640397095488bba286cd0b194d,human_annotated/images/0952277d830d647fb5c53ab7161e0231d697e8640397095488bba286cd0b194d.png,RRDataset,medium,1,0.9832040071487427,0.4,1
09c0b683f563d2f4a8d8849a1673460ed3567c673fd4c162165e27a1eea6ee23,autoannotated/images/09c0b683f563d2f4a8d8849a1673460ed3567c673fd4c162165e27a1eea6ee23.jpg,ComplexDataLab/OpenFake,medium,0,0.32505685091018677,0.4,0
09d835575205087ba11f9da84e287ae26fc972bf7d6157fb456b3018eb33f352,autoannotated/images/09d835575205087ba11f9da84e287ae26fc972bf7d6157fb456b3018eb33f352.png,ComplexDataLab/OpenFake,medium,1,0.8923169374465942,0.4,1
09e3886b0ee63c011e6337b1860de517aab556f850dffe0414131a2b6af85530,autoannotated/images/09e3886b0ee63c011e6337b1860de517aab556f850dffe0414131a2b6af85530.jpg,saberzl/SID_Set,medium,0,0.472337007522583,0.4,1
09f85f76fd7d319a69fc078f7b19181edbda37cadf52ea8c56bdc687d13df2fc,autoannotated/images/09f85f76fd7d319a69fc078f7b19181edbda37cadf52ea8c56bdc687d13df2fc.jpg,ComplexDataLab/OpenFake,medium,0,5.487802263814956e-05,0.4,0
09ff3ff85336f4c9115892d584f22e3796c0d76642c599f0e1b963401a61640b,autoannotated/images/09ff3ff85336f4c9115892d584f22e3796c0d76642c599f0e1b963401a61640b.png,saberzl/SID_Set,medium,1,0.9817329049110413,0.4,1
0a1924792c95a4b35cdef6b40e26f6c921d32b094a2b598d4417a0c144c9ec9a,autoannotated/images/0a1924792c95a4b35cdef6b40e26f6c921d32b094a2b598d4417a0c144c9ec9a.jpg,ComplexDataLab/OpenFake,medium,0,0.007006100378930569,0.4,0
0a45e187cfe351c118e6f7d66d89dd041c4a6ee299f0e2c506643a3364af6e29,autoannotated/images/0a45e187cfe351c118e6f7d66d89dd041c4a6ee299f0e2c506643a3364af6e29.jpg,ComplexDataLab/OpenFake,medium,0,0.018336476758122444,0.4,0
0a7467011599631aeae28960a22663b95716ef3415ad8132eb11c8c91f02be6a,autoannotated/images/0a7467011599631aeae28960a22663b95716ef3415ad8132eb11c8c91f02be6a.jpg,RRDataset,medium,0,0.2661799192428589,0.4,0
0a7e89a52c053f6051f6d8d3264528a762d2731f51a94345796cd42b49d54dc6,human_annotated/images/0a7e89a52c053f6051f6d8d3264528a762d2731f51a94345796cd42b49d54dc6.png,ComplexDataLab/OpenFake,medium,1,0.9934466481208801,0.4,1
0a8d2c0982c673b69ee45e6f516e19fc970d480a7d5d23a140da784774ed5da5,autoannotated/images/0a8d2c0982c673b69ee45e6f516e19fc970d480a7d5d23a140da784774ed5da5.jpg,ComplexDataLab/OpenFake,medium,0,0.00114440789911896,0.4,0
0a921a02ab9e79abccf4ef3e39c2107a511106d0cc0f71137c4f102cee776a1d,autoannotated/images/0a921a02ab9e79abccf4ef3e39c2107a511106d0cc0f71137c4f102cee776a1d.png,ComplexDataLab/OpenFake,medium,1,0.9921503067016602,0.4,1
0a98527f49c1d40989de6eb1c8bcdb9b28e291a0f769e7b56f8e254670da7a4c,human_annotated/images/0a98527f49c1d40989de6eb1c8bcdb9b28e291a0f769e7b56f8e254670da7a4c.png,saberzl/SID_Set,medium,1,0.9682883024215698,0.4,1
0a9f0ea61af3d8d498b9efcfd75471d262e4c792e254b6092d57fb4f61ed0d2a,autoannotated/images/0a9f0ea61af3d8d498b9efcfd75471d262e4c792e254b6092d57fb4f61ed0d2a.jpg,ComplexDataLab/OpenFake,medium,0,0.0003408690681681037,0.4,0
0ab44341e182a1e9de811e24e39b9a6c8d22362b88cbc517c4b9969a30cbb44c,human_annotated/images/0ab44341e182a1e9de811e24e39b9a6c8d22362b88cbc517c4b9969a30cbb44c.jpg,RRDataset,medium,0,0.9388875365257263,0.4,1
0ab51af85e3d83179b0caf8a5354710e281bac2418f0679e648924cd3e40e541,autoannotated/images/0ab51af85e3d83179b0caf8a5354710e281bac2418f0679e648924cd3e40e541.png,ComplexDataLab/OpenFake,medium,1,0.9533790946006775,0.4,1
0af482d1882ef23560905432e0601bf39ac2d3a7fbaaf341c899444a703b9ede,autoannotated/images/0af482d1882ef23560905432e0601bf39ac2d3a7fbaaf341c899444a703b9ede.jpg,RRDataset,medium,0,0.6729695200920105,0.4,1
0b11c6ad97dc14bcc8b6fafa215a586d4d883f4f5a2cdcab3c633b18bf601be0,autoannotated/images/0b11c6ad97dc14bcc8b6fafa215a586d4d883f4f5a2cdcab3c633b18bf601be0.jpg,saberzl/SID_Set,medium,0,0.5779047012329102,0.4,1
0b17025705bf49b28ccffcd659a7931c6ba53c02d1151a848de0ef72ebbf2d97,autoannotated/images/0b17025705bf49b28ccffcd659a7931c6ba53c02d1151a848de0ef72ebbf2d97.jpg,RRDataset,medium,0,0.08525380492210388,0.4,0
0b30022e1685b4b0a910d3afc248d572ab5b939a9544cd0ec879808a2be8ad3e,autoannotated/images/0b30022e1685b4b0a910d3afc248d572ab5b939a9544cd0ec879808a2be8ad3e.png,saberzl/SID_Set,medium,1,0.6685236692428589,0.4,1
0b56a0ed2cec66509db65427be8462292864b58647c34b02abb551cffed2c642,autoannotated/images/0b56a0ed2cec66509db65427be8462292864b58647c34b02abb551cffed2c642.jpg,RRDataset,medium,0,0.9889718890190125,0.4,1
0b5a67b5437e537fe8dcff1fbd94b148b9f858815c4e0c993f95d3b8dc7a8734,autoannotated/images/0b5a67b5437e537fe8dcff1fbd94b148b9f858815c4e0c993f95d3b8dc7a8734.jpg,ComplexDataLab/OpenFake,medium,0,0.9536359310150146,0.4,1
0b5f344910e00d8df72cd42b16c1d3dc1260245903e227cdb56809fe73884cbf,human_annotated/images/0b5f344910e00d8df72cd42b16c1d3dc1260245903e227cdb56809fe73884cbf.jpg,RRDataset,medium,0,0.9900116324424744,0.4,1
0b70504b4786fc7ec65c05711e8438375d5cccc6c21c352ed613e4b521b735fe,human_annotated/images/0b70504b4786fc7ec65c05711e8438375d5cccc6c21c352ed613e4b521b735fe.png,ComplexDataLab/OpenFake,medium,1,0.06671235710382462,0.4,0
0b98c8696a045fdbd7d86234717cd7bf5c3f823e2556d6fd1f486819fcf311e2,autoannotated/images/0b98c8696a045fdbd7d86234717cd7bf5c3f823e2556d6fd1f486819fcf311e2.png,RRDataset,medium,1,0.9923862218856812,0.4,1
0ba2184058d074e9a40c6a61244a31d52928ab8a1bc7a48300e416465ace31d3,autoannotated/images/0ba2184058d074e9a40c6a61244a31d52928ab8a1bc7a48300e416465ace31d3.jpg,saberzl/SID_Set,medium,0,0.987293004989624,0.4,1
0ba4c6c79d3f13652ec83631b721007e44a3b50802543715e77bf6f5bdc36236,autoannotated/images/0ba4c6c79d3f13652ec83631b721007e44a3b50802543715e77bf6f5bdc36236.png,ComplexDataLab/OpenFake,medium,1,0.1966523677110672,0.4,0
0bdc8e5c1a8e4d85066ac01f33176b267cfe36880c32d62d978323fe980dbbec,autoannotated/images/0bdc8e5c1a8e4d85066ac01f33176b267cfe36880c32d62d978323fe980dbbec.jpg,saberzl/SID_Set,medium,0,0.2462315857410431,0.4,0
0be0c4bfc0aec81122347ee5410a4e81278df49dab0482bcfa5b7f8ebb1f183a,human_annotated/images/0be0c4bfc0aec81122347ee5410a4e81278df49dab0482bcfa5b7f8ebb1f183a.png,ComplexDataLab/OpenFake,medium,1,0.9725714921951294,0.4,1
0c4c604f58c95b076b31e39a6bdcb83013b17653cce427dd2dc44cab6bc0405c,autoannotated/images/0c4c604f58c95b076b31e39a6bdcb83013b17653cce427dd2dc44cab6bc0405c.png,saberzl/SID_Set,medium,1,0.9728241562843323,0.4,1
0c4e7d25a02e169dc3433a340c940e5cd5b673da8c27299ee32a5e7b52875a6c,human_annotated/images/0c4e7d25a02e169dc3433a340c940e5cd5b673da8c27299ee32a5e7b52875a6c.png,RRDataset,medium,1,0.8511140942573547,0.4,1
0c6144c8afc39dd5cabf7eb8571b35bf3c2796aa279dd33cc760dcba73581637,autoannotated/images/0c6144c8afc39dd5cabf7eb8571b35bf3c2796aa279dd33cc760dcba73581637.png,RRDataset,medium,1,0.8895542621612549,0.4,1
0c74f2927e3a9e1481c576943b89a2214b892d03077ce13891fb0974c7a2c970,autoannotated/images/0c74f2927e3a9e1481c576943b89a2214b892d03077ce13891fb0974c7a2c970.png,RRDataset,medium,1,0.7644646167755127,0.4,1
0c978775b84a96bee8f055cb58184925dd6a9c6c7a41a02c0b47b39aa6b6859b,autoannotated/images/0c978775b84a96bee8f055cb58184925dd6a9c6c7a41a02c0b47b39aa6b6859b.png,ComplexDataLab/OpenFake,medium,1,0.9758147597312927,0.4,1
0ca6f1f357555a0fac588b0c7dffee165e42298d168a9d10eef0dc4a5ec896f0,autoannotated/images/0ca6f1f357555a0fac588b0c7dffee165e42298d168a9d10eef0dc4a5ec896f0.jpg,RRDataset,medium,0,0.977853000164032,0.4,1
0cb63a7b76b66aa12abe158d2cb405a39a6eaf1710d3b2f95725f50cafcc9887,autoannotated/images/0cb63a7b76b66aa12abe158d2cb405a39a6eaf1710d3b2f95725f50cafcc9887.png,saberzl/SID_Set,medium,1,0.99153733253479,0.4,1
0cd779e6c854ed392df6e5f3c3ab59c34f640edf454a39fd05e3d1b27b8f1a2d,autoannotated/images/0cd779e6c854ed392df6e5f3c3ab59c34f640edf454a39fd05e3d1b27b8f1a2d.jpg,saberzl/SID_Set,medium,0,0.5985272526741028,0.4,1
0cdf02fcdb30f365901c108129e0338005cb983cef55f6a5af92a425cf67e0d1,autoannotated/images/0cdf02fcdb30f365901c108129e0338005cb983cef55f6a5af92a425cf67e0d1.jpg,ComplexDataLab/OpenFake,medium,0,0.006163951009511948,0.4,0
0d07d71e4534f5a7004a7f6542a282e0587dc895be3018de552d99dc24f1f59b,human_annotated/images/0d07d71e4534f5a7004a7f6542a282e0587dc895be3018de552d99dc24f1f59b.jpg,RRDataset,medium,0,0.8676875233650208,0.4,1
0d08011952fc4997aa7c122abe86307dcd86342e40c6fc7590b79c340addb8f7,autoannotated/images/0d08011952fc4997aa7c122abe86307dcd86342e40c6fc7590b79c340addb8f7.png,ComplexDataLab/OpenFake,medium,1,0.7571433782577515,0.4,1
0d0cccd8caecc615dce3e00333517ac208cf9ab9ac6a86328d69574029856fb4,autoannotated/images/0d0cccd8caecc615dce3e00333517ac208cf9ab9ac6a86328d69574029856fb4.png,saberzl/SID_Set,medium,1,0.9954788088798523,0.4,1
0d1ad29bda23bfda16ca625c43a0ec0a23de6d9b43204312bfd98858ecb75517,human_annotated/images/0d1ad29bda23bfda16ca625c43a0ec0a23de6d9b43204312bfd98858ecb75517.png,RRDataset,medium,1,0.9845125675201416,0.4,1
0d286c848d9db9e3b209ba021d812fda170caa2ac02f197d59fceff43fb6b6a3,autoannotated/images/0d286c848d9db9e3b209ba021d812fda170caa2ac02f197d59fceff43fb6b6a3.png,RRDataset,medium,1,0.9981746673583984,0.4,1
0d3a6c1adf273fd526f05973b18e6ba54ca8f627beb115c24a258a216186ed64,human_annotated/images/0d3a6c1adf273fd526f05973b18e6ba54ca8f627beb115c24a258a216186ed64.jpg,saberzl/SID_Set,medium,0,0.5123108625411987,0.4,1
0d591bb0d2aaa5d268f2c2db8f6bfde4b60bbba857f06b712844eb84adc2ff29,autoannotated/images/0d591bb0d2aaa5d268f2c2db8f6bfde4b60bbba857f06b712844eb84adc2ff29.png,saberzl/SID_Set,medium,1,0.9786579608917236,0.4,1
0d6910967163e37fb6263f3e96f8a381a6f4e8e6e2846f348bb54bd7057972eb,autoannotated/images/0d6910967163e37fb6263f3e96f8a381a6f4e8e6e2846f348bb54bd7057972eb.png,ComplexDataLab/OpenFake,medium,1,0.23679962754249573,0.4,0
0d693c025b7f296cfed5e1f67d9589b3add34bc8d6c3a0ea29b946051f71c604,autoannotated/images/0d693c025b7f296cfed5e1f67d9589b3add34bc8d6c3a0ea29b946051f71c604.jpg,saberzl/SID_Set,medium,0,0.2792160212993622,0.4,0
0d6c0787cf440536f527fa38314b3b464ae138c8240334baae79d3f4252f6c2d,autoannotated/images/0d6c0787cf440536f527fa38314b3b464ae138c8240334baae79d3f4252f6c2d.png,RRDataset,medium,1,0.9350146055221558,0.4,1
0d83baf45e27609072fd220aeb8d7306bfe14b0b7d18e5b1c3c3da96f7babc4a,autoannotated/images/0d83baf45e27609072fd220aeb8d7306bfe14b0b7d18e5b1c3c3da96f7babc4a.png,saberzl/SID_Set,medium,1,0.9355820417404175,0.4,1
0da1632426e629999225ddb1b9c964792096c14270e527a5c4e9c14d0b42625d,autoannotated/images/0da1632426e629999225ddb1b9c964792096c14270e527a5c4e9c14d0b42625d.jpg,RRDataset,medium,0,0.3067893087863922,0.4,0
0da3e68c40100bf728a288a402033d1c2d6163478b0130a0940c922f89ba3ca2,autoannotated/images/0da3e68c40100bf728a288a402033d1c2d6163478b0130a0940c922f89ba3ca2.jpg,ComplexDataLab/OpenFake,medium,0,0.00371334096416831,0.4,0
0dc31d5f410094d6dce37ba0701877ed06ab08773de69de6cf813f43f3435abe,human_annotated/images/0dc31d5f410094d6dce37ba0701877ed06ab08773de69de6cf813f43f3435abe.png,RRDataset,medium,1,0.998347282409668,0.4,1
0dcddd10a258c4ac46deeedb24c0264f414c0139e5d09e610035200a8d9f1c62,autoannotated/images/0dcddd10a258c4ac46deeedb24c0264f414c0139e5d09e610035200a8d9f1c62.png,saberzl/SID_Set,medium,1,0.9890917539596558,0.4,1
0de8454c0539f8fbefe8c4a9e785afa495bcfc4febc9ff0ec70dde106b560dcc,human_annotated/images/0de8454c0539f8fbefe8c4a9e785afa495bcfc4febc9ff0ec70dde106b560dcc.jpg,ComplexDataLab/OpenFake,medium,0,0.6369211077690125,0.4,1
0deb3d98375d72fa1814f65f1ae36155eec327fd19bbcf534da775efb12c84e2,autoannotated/images/0deb3d98375d72fa1814f65f1ae36155eec327fd19bbcf534da775efb12c84e2.jpg,RRDataset,medium,0,0.971404492855072,0.4,1
0df0afd8f3f0a8925e407b43235ed7d3de91067312037552b643250792fafe68,autoannotated/images/0df0afd8f3f0a8925e407b43235ed7d3de91067312037552b643250792fafe68.jpg,ComplexDataLab/OpenFake,medium,0,0.0059197028167545795,0.4,0
0e1adcf1938bffe75354b08d731f1bfe20fdd5794f92bd85edff315ea0949525,human_annotated/images/0e1adcf1938bffe75354b08d731f1bfe20fdd5794f92bd85edff315ea0949525.jpg,RRDataset,medium,0,0.17080557346343994,0.4,0
0e203ae2a1de6ea5cc20dda84ae8a8ea983dd79a0d32fb80bd385597f37a84a9,autoannotated/images/0e203ae2a1de6ea5cc20dda84ae8a8ea983dd79a0d32fb80bd385597f37a84a9.jpg,RRDataset,medium,0,0.8186236023902893,0.4,1
0e2dd64a1864740a4521b8f9c0abe12c108dada250062e8fb923de45cee03e75,autoannotated/images/0e2dd64a1864740a4521b8f9c0abe12c108dada250062e8fb923de45cee03e75.jpg,RRDataset,medium,0,0.002034845994785428,0.4,0
0e34ed22d367a36fe41a4ffb4fcfa163372bd140c55f7688af17e1b9e84ededd,autoannotated/images/0e34ed22d367a36fe41a4ffb4fcfa163372bd140c55f7688af17e1b9e84ededd.jpg,RRDataset,medium,0,0.7937597632408142,0.4,1
0e3939d15aa671baf3379244de712eaece3c97429496d4008a06af8703a90a05,human_annotated/images/0e3939d15aa671baf3379244de712eaece3c97429496d4008a06af8703a90a05.jpg,RRDataset,medium,0,0.8690475225448608,0.4,1
0e9d4e2ea6ee279becbc88801d0a2c08c10f5f76042dffa611974c548c7d12aa,autoannotated/images/0e9d4e2ea6ee279becbc88801d0a2c08c10f5f76042dffa611974c548c7d12aa.png,RRDataset,medium,1,0.9980746507644653,0.4,1
0efd41d40e015f37a3f04b7556435a99d5da9ffe9f937cd93c9394d668ffb489,autoannotated/images/0efd41d40e015f37a3f04b7556435a99d5da9ffe9f937cd93c9394d668ffb489.jpg,saberzl/SID_Set,medium,0,0.9183892607688904,0.4,1
0f018974851f30413002341d1152f90a3b58a9e2995b266ba8839d88a3f432fb,autoannotated/images/0f018974851f30413002341d1152f90a3b58a9e2995b266ba8839d88a3f432fb.jpg,ComplexDataLab/OpenFake,medium,0,0.00469457171857357,0.4,0
0f137c20e0ceabcab2698736c751ac2bbc377b4e5722c91a10110dc473ab44e8,autoannotated/images/0f137c20e0ceabcab2698736c751ac2bbc377b4e5722c91a10110dc473ab44e8.jpg,saberzl/SID_Set,medium,0,0.9770077466964722,0.4,1
0f1556f57e68c39ad76d806b905a5174d6edbc727b85fcc10d1a71d5226e776a,autoannotated/images/0f1556f57e68c39ad76d806b905a5174d6edbc727b85fcc10d1a71d5226e776a.jpg,RRDataset,medium,0,0.7880587577819824,0.4,1
0f22327997bf074e0fab52cf717f57a279f0aeb8cbd283b7fb3473f870b48919,autoannotated/images/0f22327997bf074e0fab52cf717f57a279f0aeb8cbd283b7fb3473f870b48919.jpg,saberzl/SID_Set,medium,0,0.15095798671245575,0.4,0
0f6b25013150853b93bb8890f4b4c9c5fb29b8c8f5e9d6f6e2e0b97d25406a30,autoannotated/images/0f6b25013150853b93bb8890f4b4c9c5fb29b8c8f5e9d6f6e2e0b97d25406a30.png,RRDataset,medium,1,0.9863016605377197,0.4,1
0f6d3a2db252e38772e399e4805c703d539fe0fede5294ef40726f6c5ad6396d,autoannotated/images/0f6d3a2db252e38772e399e4805c703d539fe0fede5294ef40726f6c5ad6396d.jpg,saberzl/SID_Set,medium,0,0.011817234568297863,0.4,0
0f76c848074696be4e3813cd4e7a2845d0d559e93cf4ca72891e025f5f62297a,autoannotated/images/0f76c848074696be4e3813cd4e7a2845d0d559e93cf4ca72891e025f5f62297a.jpg,saberzl/SID_Set,medium,0,0.9926181435585022,0.4,1
0f7cd12f3a4ab6cc2e390c42f1d4ccfff83175d743abaf07ee1fff592d770edc,autoannotated/images/0f7cd12f3a4ab6cc2e390c42f1d4ccfff83175d743abaf07ee1fff592d770edc.png,saberzl/SID_Set,medium,1,0.9887883067131042,0.4,1
0fac9657a5cf8e240e93292f6fe6284bb0dffb565bf58df50d9269a32da6673f,autoannotated/images/0fac9657a5cf8e240e93292f6fe6284bb0dffb565bf58df50d9269a32da6673f.jpg,RRDataset,medium,0,0.431949645280838,0.4,1
0fb61b47bb729eade4e8abf180b3df4502b603884787dfa452960621f59315c2,autoannotated/images/0fb61b47bb729eade4e8abf180b3df4502b603884787dfa452960621f59315c2.jpg,ComplexDataLab/OpenFake,medium,0,0.14884212613105774,0.4,0
0fb6b36b89ab83f004de9cb59ddcb3e59eb7d21b4e2a615b3aa773bd571a5c6c,human_annotated/images/0fb6b36b89ab83f004de9cb59ddcb3e59eb7d21b4e2a615b3aa773bd571a5c6c.png,ComplexDataLab/OpenFake,medium,1,0.9701955914497375,0.4,1
0fe8a3aca679b2c8034507382c588c747656d4bde9b3a23f48f38d5150333cb9,human_annotated/images/0fe8a3aca679b2c8034507382c588c747656d4bde9b3a23f48f38d5150333cb9.jpg,RRDataset,medium,0,0.909349262714386,0.4,1
0feb07e2dea28e13b01b612c17f72cbc5afd27ae360cde119cb7afc9d1b377bf,autoannotated/images/0feb07e2dea28e13b01b612c17f72cbc5afd27ae360cde119cb7afc9d1b377bf.jpg,saberzl/SID_Set,medium,0,0.3485024571418762,0.4,0
0ff224bcab39341351bfa4b6f87a281302687892ab7a9958e783ee116a27adae,autoannotated/images/0ff224bcab39341351bfa4b6f87a281302687892ab7a9958e783ee116a27adae.png,saberzl/SID_Set,medium,1,0.9727472066879272,0.4,1
0ffe738612c5825e47c7c70df0902ce4577a92ef8ede19ec10e40d1b8cbff650,autoannotated/images/0ffe738612c5825e47c7c70df0902ce4577a92ef8ede19ec10e40d1b8cbff650.jpg,RRDataset,medium,0,0.9893669486045837,0.4,1
100b14dfeed83c07ecdc767d6b8f6f36fc28aab8f57575c6628ebabd47749476,autoannotated/images/100b14dfeed83c07ecdc767d6b8f6f36fc28aab8f57575c6628ebabd47749476.jpg,ComplexDataLab/OpenFake,medium,1,0.8612620830535889,0.4,1
10116d50fcf173f3533d2061e6b9e16bce2f9d6c51bdf2ea9223285a6f5635cb,autoannotated/images/10116d50fcf173f3533d2061e6b9e16bce2f9d6c51bdf2ea9223285a6f5635cb.png,ComplexDataLab/OpenFake,medium,1,0.9782349467277527,0.4,1
101efb0250eb3b4c830b89c117ceb7de5894862f69c281c8daf3160e1073fda7,autoannotated/images/101efb0250eb3b4c830b89c117ceb7de5894862f69c281c8daf3160e1073fda7.jpg,RRDataset,medium,0,0.9240102767944336,0.4,1
10245f45f0c67fe23a1a6899d4a990a81c403cca3059034b189ff9ba8dafda97,autoannotated/images/10245f45f0c67fe23a1a6899d4a990a81c403cca3059034b189ff9ba8dafda97.png,ComplexDataLab/OpenFake,medium,1,0.3366190493106842,0.4,0
103733339b37e2f8da3121679eb1fc941ca1f5bf1878995d326487b7202d7225,autoannotated/images/103733339b37e2f8da3121679eb1fc941ca1f5bf1878995d326487b7202d7225.png,RRDataset,medium,1,0.9702474474906921,0.4,1
104ae6ad23b9f79a6495f0336612cd717f72ee56bc44c8fdff29f7afdfd6078d,autoannotated/images/104ae6ad23b9f79a6495f0336612cd717f72ee56bc44c8fdff29f7afdfd6078d.png,saberzl/SID_Set,medium,1,0.9938631057739258,0.4,1
104cefa638a2fdb4f0a9cdeb0a427efbe2f96b6dd0d52e2fd68694b48d82b610,autoannotated/images/104cefa638a2fdb4f0a9cdeb0a427efbe2f96b6dd0d52e2fd68694b48d82b610.jpg,RRDataset,medium,0,0.9479846358299255,0.4,1
1071dc3db6ef183a84eaac9b3b5c9c3a0345407fcba6eebbd842ba61454c18de,autoannotated/images/1071dc3db6ef183a84eaac9b3b5c9c3a0345407fcba6eebbd842ba61454c18de.jpg,saberzl/SID_Set,medium,0,0.04642907902598381,0.4,0
10ac94092ec949920512cd6b2973037a9afea6931372e523d3620c8c327c522c,autoannotated/images/10ac94092ec949920512cd6b2973037a9afea6931372e523d3620c8c327c522c.jpg,ComplexDataLab/OpenFake,medium,0,0.6418929696083069,0.4,1
112eeef057d8e1656db29f809fa57dd4d995212a75bb59f3fcf8ac264694f48d,autoannotated/images/112eeef057d8e1656db29f809fa57dd4d995212a75bb59f3fcf8ac264694f48d.jpg,saberzl/SID_Set,medium,0,0.994681179523468,0.4,1
113526d056e358968ba7809871910a5c3b3848924f6c32e21bce8cf891f68d9b,human_annotated/images/113526d056e358968ba7809871910a5c3b3848924f6c32e21bce8cf891f68d9b.png,ComplexDataLab/OpenFake,medium,1,0.991486132144928,0.4,1
113f27d4356cd495539c60114392995c5861672caf833736732baf79eff07606,autoannotated/images/113f27d4356cd495539c60114392995c5861672caf833736732baf79eff07606.png,saberzl/SID_Set,medium,1,0.9301777482032776,0.4,1
115f9bbab3fa8043909de18ad980e8792323e3186fe559b7debc18b511b06f22,autoannotated/images/115f9bbab3fa8043909de18ad980e8792323e3186fe559b7debc18b511b06f22.png,RRDataset,medium,1,0.6153935790061951,0.4,1
116648816a9d870730937c1d01038b1c986e0b088fb38a12ecff5cdf35e4fb5f,human_annotated/images/116648816a9d870730937c1d01038b1c986e0b088fb38a12ecff5cdf35e4fb5f.jpg,RRDataset,medium,0,0.766120970249176,0.4,1
119e4fa9a3e0b436ac150ae11c3c00edb522a73b1b790fadb9869be8f5b9b16c,human_annotated/images/119e4fa9a3e0b436ac150ae11c3c00edb522a73b1b790fadb9869be8f5b9b16c.jpg,ComplexDataLab/OpenFake,medium,0,0.007047963794320822,0.4,0
11b521351ea60dde3a25c6c01f01652bfd5dc90fddd38d09ef96e697301325bc,autoannotated/images/11b521351ea60dde3a25c6c01f01652bfd5dc90fddd38d09ef96e697301325bc.png,saberzl/SID_Set,medium,1,0.9965108036994934,0.4,1
11c877264069f47e075d85f7c9c1e47722c4d69603176f65873ed8529748a687,autoannotated/images/11c877264069f47e075d85f7c9c1e47722c4d69603176f65873ed8529748a687.jpg,saberzl/SID_Set,medium,0,0.14270323514938354,0.4,0
11d65232580ed1aead1f0c2e1812e30d3d00ecd7c0dde17ca31c5eefc10e5ad9,autoannotated/images/11d65232580ed1aead1f0c2e1812e30d3d00ecd7c0dde17ca31c5eefc10e5ad9.png,ComplexDataLab/OpenFake,medium,1,0.9850030541419983,0.4,1
11d6de7dbb1bb88fc642caf4abd239e2cd53d345bc8f2a577a5d8f53f0ede5da,autoannotated/images/11d6de7dbb1bb88fc642caf4abd239e2cd53d345bc8f2a577a5d8f53f0ede5da.jpg,saberzl/SID_Set,medium,0,0.05121786892414093,0.4,0
11ddde3d0fe35d97f80c0421f63f84548d42eac7f94cfbfbe41454ed3e0b3ad0,autoannotated/images/11ddde3d0fe35d97f80c0421f63f84548d42eac7f94cfbfbe41454ed3e0b3ad0.jpg,saberzl/SID_Set,medium,0,0.19194185733795166,0.4,0
11ee9475a0c8354f7cd314dee30deac37f98116703c50aff475bf2998791ea1e,autoannotated/images/11ee9475a0c8354f7cd314dee30deac37f98116703c50aff475bf2998791ea1e.jpg,saberzl/SID_Set,medium,0,0.44109827280044556,0.4,1
121b6ed30186ced7a3f0e66d77b68696c710a069c60cf894274d17c574426878,autoannotated/images/121b6ed30186ced7a3f0e66d77b68696c710a069c60cf894274d17c574426878.jpg,saberzl/SID_Set,medium,0,0.9778203964233398,0.4,1
12409b2e442d88dedb40d0e16659e55bd624969679af1faf7f43aa857c5ee137,autoannotated/images/12409b2e442d88dedb40d0e16659e55bd624969679af1faf7f43aa857c5ee137.jpg,ComplexDataLab/OpenFake,medium,0,0.006654747296124697,0.4,0
12565dc391bab4e2bb6b21b5969d5da2ff6e767546940c4101bc9b95b59ea9d2,human_annotated/images/12565dc391bab4e2bb6b21b5969d5da2ff6e767546940c4101bc9b95b59ea9d2.png,ComplexDataLab/OpenFake,medium,1,0.9279565215110779,0.4,1
1256cabdff0d36d908ba739bd1feda661708e9a39160282d57c7300ad0e2eb6e,human_annotated/images/1256cabdff0d36d908ba739bd1feda661708e9a39160282d57c7300ad0e2eb6e.png,RRDataset,medium,1,0.9888415932655334,0.4,1
12668c58ce03cf73396bea3bad88b554c34a59f75df848ac985d9dd208d22c1f,autoannotated/images/12668c58ce03cf73396bea3bad88b554c34a59f75df848ac985d9dd208d22c1f.png,saberzl/SID_Set,medium,1,0.9919888377189636,0.4,1
127bf963d076b8d6815abcdb4c602309cf207abf868458998a683c98848783d5,autoannotated/images/127bf963d076b8d6815abcdb4c602309cf207abf868458998a683c98848783d5.png,ComplexDataLab/OpenFake,medium,1,0.9732015132904053,0.4,1
128bd40a51f84fd5c425d1bc64f40c2db9a763849ab1f880582b850aaa7656eb,human_annotated/images/128bd40a51f84fd5c425d1bc64f40c2db9a763849ab1f880582b850aaa7656eb.png,ComplexDataLab/OpenFake,medium,1,0.9378792643547058,0.4,1
12fc667c04d3c86d98d6d92ab221efa15d1aa8d3c094306e73e4f39006c13db2,autoannotated/images/12fc667c04d3c86d98d6d92ab221efa15d1aa8d3c094306e73e4f39006c13db2.jpg,saberzl/SID_Set,medium,0,0.16317351162433624,0.4,0
13513957a1004f275ffe7fad4229b4887ec082f30454027b0a6de7a9a088248d,autoannotated/images/13513957a1004f275ffe7fad4229b4887ec082f30454027b0a6de7a9a088248d.png,saberzl/SID_Set,medium,1,0.9981845021247864,0.4,1
13661344349b2a039123ef0e22a9afba63de0c3192f2a4e57a23107fb546c9c4,autoannotated/images/13661344349b2a039123ef0e22a9afba63de0c3192f2a4e57a23107fb546c9c4.jpg,ComplexDataLab/OpenFake,medium,0,0.1853245347738266,0.4,0
13667e7b59f8d594b3c71a2dc1f75b52cf896a28c5a1a7e1c3acdc97f0b4fc05,human_annotated/images/13667e7b59f8d594b3c71a2dc1f75b52cf896a28c5a1a7e1c3acdc97f0b4fc05.jpg,RRDataset,medium,0,0.22756564617156982,0.4,0
13684f8e594bc8abe6e107b11d53ff57abaf97b31f0ba317b475fb06a20f648e,autoannotated/images/13684f8e594bc8abe6e107b11d53ff57abaf97b31f0ba317b475fb06a20f648e.png,saberzl/SID_Set,medium,1,0.9987373948097229,0.4,1
13748c372ba00e7b8b3d79cfa1c311245c9324575e171f4b658ab352bd4507ad,autoannotated/images/13748c372ba00e7b8b3d79cfa1c311245c9324575e171f4b658ab352bd4507ad.jpg,ComplexDataLab/OpenFake,medium,0,0.02173154056072235,0.4,0
137f912e1d209ec96e1090b59233c0f56c03e1dca77428c41734f74575505993,autoannotated/images/137f912e1d209ec96e1090b59233c0f56c03e1dca77428c41734f74575505993.jpg,saberzl/SID_Set,medium,0,0.6461999416351318,0.4,1
13819db5f47508eeddad4594bd6da492486e99265a77decb3f9101d9fe1f399b,autoannotated/images/13819db5f47508eeddad4594bd6da492486e99265a77decb3f9101d9fe1f399b.jpg,RRDataset,medium,0,0.08716122806072235,0.4,0
13838bf0a4678bec86d689e821a3083c187b3f6bba6dad62435b035d6860e7d5,autoannotated/images/13838bf0a4678bec86d689e821a3083c187b3f6bba6dad62435b035d6860e7d5.jpg,saberzl/SID_Set,medium,0,0.8630631566047668,0.4,1
13944cfca8eeab3197cb8b8033e3d4db7a937d2448b0302e591572abe4b1f760,autoannotated/images/13944cfca8eeab3197cb8b8033e3d4db7a937d2448b0302e591572abe4b1f760.png,ComplexDataLab/OpenFake,medium,1,0.9962838292121887,0.4,1
13a61a92645231ea51ecd11e4fa1ee305bbf5ae44a865c59b6a2ac95eab7a72b,autoannotated/images/13a61a92645231ea51ecd11e4fa1ee305bbf5ae44a865c59b6a2ac95eab7a72b.jpg,ComplexDataLab/OpenFake,medium,0,0.003576956456527114,0.4,0
13b3ef4a125d6e68d27ceeb425ad84b5f596db1e4a84212bd55d1fcf87196c39,autoannotated/images/13b3ef4a125d6e68d27ceeb425ad84b5f596db1e4a84212bd55d1fcf87196c39.jpg,saberzl/SID_Set,medium,0,0.25633344054222107,0.4,0
13c45a75dad1960b9f9fc7a54a7b443e924b6e5851715d8f4e92325b7709e477,autoannotated/images/13c45a75dad1960b9f9fc7a54a7b443e924b6e5851715d8f4e92325b7709e477.png,saberzl/SID_Set,medium,1,0.9912760257720947,0.4,1
13c46897e41a98079999097ab568f660237999ae6283ac983e40c6fecc413c41,autoannotated/images/13c46897e41a98079999097ab568f660237999ae6283ac983e40c6fecc413c41.png,ComplexDataLab/OpenFake,medium,1,0.8928788900375366,0.4,1
13dd32f87ee26c1d81a03932949b00989b8b8b69d7e252296bb00365f5fef744,autoannotated/images/13dd32f87ee26c1d81a03932949b00989b8b8b69d7e252296bb00365f5fef744.jpg,ComplexDataLab/OpenFake,medium,1,0.9362194538116455,0.4,1
13eaf3f006a205859c056a62b1fbad814fc90a268bfd4129b442feffc38a4cec,human_annotated/images/13eaf3f006a205859c056a62b1fbad814fc90a268bfd4129b442feffc38a4cec.jpg,ComplexDataLab/OpenFake,medium,0,0.1836152821779251,0.4,0
14253a5bf9a0a88715e4f1863eaa4131e7360b298cf389b70cacaea09fcb7802,autoannotated/images/14253a5bf9a0a88715e4f1863eaa4131e7360b298cf389b70cacaea09fcb7802.jpg,saberzl/SID_Set,medium,0,0.026379507035017014,0.4,0
1434df2cec3248215c2ce1de789b53deeb7607de561b5f2ef8893702c0e5982d,autoannotated/images/1434df2cec3248215c2ce1de789b53deeb7607de561b5f2ef8893702c0e5982d.jpg,RRDataset,medium,0,0.7652220726013184,0.4,1
143d2239be8b27502ad928aa162a8a365bf620671e1fd748153dba217be7fc72,autoannotated/images/143d2239be8b27502ad928aa162a8a365bf620671e1fd748153dba217be7fc72.png,saberzl/SID_Set,medium,1,0.9408536553382874,0.4,1
1476ccacb2ca15cba18839c8b9e6262d91a7f366c4342717d45f05abc0aec035,autoannotated/images/1476ccacb2ca15cba18839c8b9e6262d91a7f366c4342717d45f05abc0aec035.png,RRDataset,medium,1,0.9993532299995422,0.4,1
14892f90843f64d05043a1fd060f02b14d8c22ada2a02d7bb12592c0015f5889,autoannotated/images/14892f90843f64d05043a1fd060f02b14d8c22ada2a02d7bb12592c0015f5889.jpg,ComplexDataLab/OpenFake,medium,0,0.08200089633464813,0.4,0
14a5dcec9e8bad994bf0de1540d26701337911842c94bdece8bd261aee51b25e,autoannotated/images/14a5dcec9e8bad994bf0de1540d26701337911842c94bdece8bd261aee51b25e.png,saberzl/SID_Set,medium,1,0.9972140192985535,0.4,1
14a664d7344658742b8d8c5a5190fa1abc61986cc90e7b186f163fad4011dfcc,autoannotated/images/14a664d7344658742b8d8c5a5190fa1abc61986cc90e7b186f163fad4011dfcc.png,saberzl/SID_Set,medium,1,0.9785798788070679,0.4,1
14aba19fca4ea1aae0d9fdd78da761b7bf6f2704ed20656235b4d24fc712bef2,autoannotated/images/14aba19fca4ea1aae0d9fdd78da761b7bf6f2704ed20656235b4d24fc712bef2.jpg,ComplexDataLab/OpenFake,medium,0,0.21495169401168823,0.4,0
14ac295e296b350bef7a22796d6dd6f962353f3b44b3239c331161d62100970c,autoannotated/images/14ac295e296b350bef7a22796d6dd6f962353f3b44b3239c331161d62100970c.jpg,saberzl/SID_Set,medium,0,0.14462941884994507,0.4,0
14acc8c0d89e4492d79d2b43068916e924ed4f629248e6ac2913528168425830,human_annotated/images/14acc8c0d89e4492d79d2b43068916e924ed4f629248e6ac2913528168425830.jpg,ComplexDataLab/OpenFake,medium,0,0.0012322007678449154,0.4,0
14bcd2ea8e468de15eb7ca9d16a3370caa8bb467f659b4043df2fcc1350f5628,autoannotated/images/14bcd2ea8e468de15eb7ca9d16a3370caa8bb467f659b4043df2fcc1350f5628.jpg,saberzl/SID_Set,medium,0,0.967743992805481,0.4,1
14c284b8e48774b91bcf9b744be94afbe4f187956fe77f13fa99357b3eee663a,autoannotated/images/14c284b8e48774b91bcf9b744be94afbe4f187956fe77f13fa99357b3eee663a.png,ComplexDataLab/OpenFake,medium,1,0.9345858693122864,0.4,1
14c3155a8eb37b344c101c2fb306ef4054ac1266510b7391b18f4483f8bae30b,human_annotated/images/14c3155a8eb37b344c101c2fb306ef4054ac1266510b7391b18f4483f8bae30b.png,RRDataset,medium,1,0.9943068623542786,0.4,1
14ccd22b4ff7a5370c5ac3f7bd8dad047c581e344bbd21f524df37ba4d077356,autoannotated/images/14ccd22b4ff7a5370c5ac3f7bd8dad047c581e344bbd21f524df37ba4d077356.jpg,saberzl/SID_Set,medium,0,0.9324080944061279,0.4,1
14df3a280afb698df7227ced3333c17a812c53cb601255b12fbe2a61ff021a75,human_annotated/images/14df3a280afb698df7227ced3333c17a812c53cb601255b12fbe2a61ff021a75.jpg,RRDataset,medium,0,0.8776184320449829,0.4,1
14f513fd84768fdc790b42c5ae5b665f2e2d4f96e33c469ca987b0d5a150ae11,autoannotated/images/14f513fd84768fdc790b42c5ae5b665f2e2d4f96e33c469ca987b0d5a150ae11.jpg,saberzl/SID_Set,medium,0,0.08284793049097061,0.4,0
150e252b157d1adc11b58a1487676d599e40aeb02a1f82cc61870eba77502bf3,autoannotated/images/150e252b157d1adc11b58a1487676d599e40aeb02a1f82cc61870eba77502bf3.png,RRDataset,medium,1,0.978286623954773,0.4,1
153ccd12c2ba1852d9b908a7595ceab2880fc0a5cc5bee099be1a2bd17523f78,autoannotated/images/153ccd12c2ba1852d9b908a7595ceab2880fc0a5cc5bee099be1a2bd17523f78.jpg,saberzl/SID_Set,medium,0,0.03990180417895317,0.4,0
15423dea4c2bd3c293712d2c6dcfc57e09f2de90f285f7fff1a8da7000fbac48,autoannotated/images/15423dea4c2bd3c293712d2c6dcfc57e09f2de90f285f7fff1a8da7000fbac48.png,saberzl/SID_Set,medium,1,0.9557675123214722,0.4,1
1564245bbd0aa7132fa0391258283c258e918d85f04ecb93564a3b29de3261ce,human_annotated/images/1564245bbd0aa7132fa0391258283c258e918d85f04ecb93564a3b29de3261ce.jpg,ComplexDataLab/OpenFake,medium,0,0.011436562053859234,0.4,0
1564c851846d5432623a866f7b3a5e24de764de4df025e4bfc903c331041ed38,autoannotated/images/1564c851846d5432623a866f7b3a5e24de764de4df025e4bfc903c331041ed38.png,ComplexDataLab/OpenFake,medium,1,0.28794196248054504,0.4,0
1589d1fd225b765173ac4cb7b458f48991a239f5085f9eaf8a1c1a2468ccb28c,human_annotated/images/1589d1fd225b765173ac4cb7b458f48991a239f5085f9eaf8a1c1a2468ccb28c.jpg,RRDataset,medium,0,0.9445534944534302,0.4,1
158f234e6953e5ceaa104536689f08922a74c65b05cfadd2ab4a7812b1fb084e,autoannotated/images/158f234e6953e5ceaa104536689f08922a74c65b05cfadd2ab4a7812b1fb084e.png,saberzl/SID_Set,medium,1,0.9686844944953918,0.4,1
159a60c15f074e98ab005b1028adbc2084536fe577df51646c0509ad936704ab,autoannotated/images/159a60c15f074e98ab005b1028adbc2084536fe577df51646c0509ad936704ab.png,ComplexDataLab/OpenFake,medium,1,0.9363215565681458,0.4,1
15ae8374438d5cc4db199621967bb1de849004e3e9b332e829a1596aed8ef51b,human_annotated/images/15ae8374438d5cc4db199621967bb1de849004e3e9b332e829a1596aed8ef51b.jpg,saberzl/SID_Set,medium,0,0.056176651269197464,0.4,0
15d3a422fe6d65815ca6cd46b2d8c98621c5be9f2c7a261f446052b2bd374959,autoannotated/images/15d3a422fe6d65815ca6cd46b2d8c98621c5be9f2c7a261f446052b2bd374959.jpg,RRDataset,medium,0,0.5620002746582031,0.4,1
15dddb8318d3d198e496fe3c8723d5d71a4c475c8e31094ffe788b851ed9aa1d,autoannotated/images/15dddb8318d3d198e496fe3c8723d5d71a4c475c8e31094ffe788b851ed9aa1d.png,ComplexDataLab/OpenFake,medium,1,0.8416568636894226,0.4,1
16085a68c11ec7e38156aeaf0c08eb5ba0e70a21ef0d8c5b6c8ba7743fa7c50e,autoannotated/images/16085a68c11ec7e38156aeaf0c08eb5ba0e70a21ef0d8c5b6c8ba7743fa7c50e.png,saberzl/SID_Set,medium,1,0.9724830985069275,0.4,1
160bc0bc57af8938379209b31d1ff76de80728422008d028098e7ce111465bc4,autoannotated/images/160bc0bc57af8938379209b31d1ff76de80728422008d028098e7ce111465bc4.png,ComplexDataLab/OpenFake,medium,1,0.7175657749176025,0.4,1
161a24d079a4cbaca93de55ee2af8a40aa1b60871e63a61e03dcef0f6d964310,human_annotated/images/161a24d079a4cbaca93de55ee2af8a40aa1b60871e63a61e03dcef0f6d964310.jpg,RRDataset,medium,0,0.98759925365448,0.4,1
161f0a7501ffd5d637fa5d4137dbe3b8f530c90666b2d8ee43147c11473c3b83,autoannotated/images/161f0a7501ffd5d637fa5d4137dbe3b8f530c90666b2d8ee43147c11473c3b83.jpg,saberzl/SID_Set,medium,0,0.013709566555917263,0.4,0
161f202bb986abd629905ea2fefd16a7679a0e38574e9efe1af8692090b7cad2,autoannotated/images/161f202bb986abd629905ea2fefd16a7679a0e38574e9efe1af8692090b7cad2.png,RRDataset,medium,1,0.9059655070304871,0.4,1
16203f9e3abbe615f54b91ff6a4d2adc7396e7f2d6456b8e72796337a2977498,human_annotated/images/16203f9e3abbe615f54b91ff6a4d2adc7396e7f2d6456b8e72796337a2977498.jpg,RRDataset,medium,0,0.036913152784109116,0.4,0
1649eac954d5a54d6419a76ce460b565d1afe9b052b78663aecadb88a4038f6d,human_annotated/images/1649eac954d5a54d6419a76ce460b565d1afe9b052b78663aecadb88a4038f6d.jpg,saberzl/SID_Set,medium,0,0.01978367567062378,0.4,0
1676bd5789897743587c9d3bca259c029a8760958b17e4e201840a8baf1af383,autoannotated/images/1676bd5789897743587c9d3bca259c029a8760958b17e4e201840a8baf1af383.jpg,saberzl/SID_Set,medium,0,0.42237088084220886,0.4,1
1679aa420705cac2a1bfea454041aacf32a615d1b8f68129d88b8c576f6f1db2,autoannotated/images/1679aa420705cac2a1bfea454041aacf32a615d1b8f68129d88b8c576f6f1db2.jpg,ComplexDataLab/OpenFake,medium,0,0.5175105333328247,0.4,1
167fc1a77539275649a700c0aa6567cd3b9649224808e7caf9c52f760f549d7e,autoannotated/images/167fc1a77539275649a700c0aa6567cd3b9649224808e7caf9c52f760f549d7e.jpg,ComplexDataLab/OpenFake,medium,0,0.022934861481189728,0.4,0
168676527b9659af3e21dfa26d798a0ae26054c0b00ce38bce57c2e5e2605212,autoannotated/images/168676527b9659af3e21dfa26d798a0ae26054c0b00ce38bce57c2e5e2605212.jpg,ComplexDataLab/OpenFake,medium,0,0.013266520574688911,0.4,0
16a2e8eae24a2a885aa33739b75543fed13358427ee3e023f7d3559f443a407c,autoannotated/images/16a2e8eae24a2a885aa33739b75543fed13358427ee3e023f7d3559f443a407c.png,saberzl/SID_Set,medium,1,0.9803928732872009,0.4,1
16aec872399be4e1ded155736a2104117e2663c55237b7d8afcc74e55fba5601,autoannotated/images/16aec872399be4e1ded155736a2104117e2663c55237b7d8afcc74e55fba5601.jpg,ComplexDataLab/OpenFake,medium,0,0.001048300415277481,0.4,0
16c14f1512289686074b3c869540122c654ed5b851f31b72dbb7dc6f861b78a6,human_annotated/images/16c14f1512289686074b3c869540122c654ed5b851f31b72dbb7dc6f861b78a6.jpg,saberzl/SID_Set,medium,0,0.8021886944770813,0.4,1
16c1b979972f6b2d2846de0545138c9051fdcce463834dc2d9e9c074efbdeb29,human_annotated/images/16c1b979972f6b2d2846de0545138c9051fdcce463834dc2d9e9c074efbdeb29.jpg,ComplexDataLab/OpenFake,medium,0,0.5544804334640503,0.4,1
175a0f865cdd2708d7d76342d9c750c303c811cee85de38e7e086a572959a796,autoannotated/images/175a0f865cdd2708d7d76342d9c750c303c811cee85de38e7e086a572959a796.jpg,saberzl/SID_Set,medium,0,0.4834461212158203,0.4,1
1771183626e16132371803c9122ea394f6647fb06f41e5268589dbe51fd1b596,autoannotated/images/1771183626e16132371803c9122ea394f6647fb06f41e5268589dbe51fd1b596.png,ComplexDataLab/OpenFake,medium,1,0.9723090529441833,0.4,1
17b16327b31e710e33099d5bbdf9b064a4a89740b4b52914cf275d148020f7e2,autoannotated/images/17b16327b31e710e33099d5bbdf9b064a4a89740b4b52914cf275d148020f7e2.png,ComplexDataLab/OpenFake,medium,1,0.9982592463493347,0.4,1
17b63058c685059cf8d116acde86a5177525309bd1b5208b68208ea6aef1e233,autoannotated/images/17b63058c685059cf8d116acde86a5177525309bd1b5208b68208ea6aef1e233.jpg,ComplexDataLab/OpenFake,medium,0,0.0052610523998737335,0.4,0
18481af923c1eb46606764eefe32ab02e679036b66ffe1827c876ad040795a7b,autoannotated/images/18481af923c1eb46606764eefe32ab02e679036b66ffe1827c876ad040795a7b.png,ComplexDataLab/OpenFake,medium,1,0.7975029349327087,0.4,1
1863f9968a510cd7ccce2a9ea0bf7689417bb78e044045decfccd6886d60b8f5,autoannotated/images/1863f9968a510cd7ccce2a9ea0bf7689417bb78e044045decfccd6886d60b8f5.jpg,RRDataset,medium,0,0.22232717275619507,0.4,0
18677039b1d14ceed604c80d4207873d1f48bd6b1510ceb1a6ff3836b1c67a22,autoannotated/images/18677039b1d14ceed604c80d4207873d1f48bd6b1510ceb1a6ff3836b1c67a22.jpg,RRDataset,medium,0,0.14678886532783508,0.4,0
186a7c729029dec4ee8964638fd861cd7152a392320d4928fd8ce5f21bcb317f,autoannotated/images/186a7c729029dec4ee8964638fd861cd7152a392320d4928fd8ce5f21bcb317f.png,RRDataset,medium,1,0.9434368014335632,0.4,1
18712211c1127285b224807fe7b06db51315ee990936fe20d52cf17934c56ef3,autoannotated/images/18712211c1127285b224807fe7b06db51315ee990936fe20d52cf17934c56ef3.png,saberzl/SID_Set,medium,1,0.9798034429550171,0.4,1
187508b0cba09aa5189880f37d155cf36dede087dda427f738197fbd2fd684c9,autoannotated/images/187508b0cba09aa5189880f37d155cf36dede087dda427f738197fbd2fd684c9.png,saberzl/SID_Set,medium,1,0.9696032404899597,0.4,1
18751ab204d7dc3c37bc1c5e23b749cc6b3c5c3eb014f1165a85421f1396070e,human_annotated/images/18751ab204d7dc3c37bc1c5e23b749cc6b3c5c3eb014f1165a85421f1396070e.jpg,ComplexDataLab/OpenFake,medium,0,0.0003289751475676894,0.4,0
187a6890f0e1601169e483821043f73f14473a907d7612c8d56c3d579a1e43a2,autoannotated/images/187a6890f0e1601169e483821043f73f14473a907d7612c8d56c3d579a1e43a2.png,RRDataset,medium,1,0.9880039691925049,0.4,1
1885de671383273149c2a1c998c85c6a5ccf488cf9a65175f9457ac1d6721d98,autoannotated/images/1885de671383273149c2a1c998c85c6a5ccf488cf9a65175f9457ac1d6721d98.png,ComplexDataLab/OpenFake,medium,1,0.9207774996757507,0.4,1
18a86c9bef8206bf37e3d41dd3d5df8fa34e06b299db11eaabf7cd2c004ddaa7,autoannotated/images/18a86c9bef8206bf37e3d41dd3d5df8fa34e06b299db11eaabf7cd2c004ddaa7.jpg,ComplexDataLab/OpenFake,medium,1,0.979158878326416,0.4,1
18b5a703fb533639ae5b1edecc8d97ec8a5e240275173b1f39f0aad59f6314c4,autoannotated/images/18b5a703fb533639ae5b1edecc8d97ec8a5e240275173b1f39f0aad59f6314c4.png,RRDataset,medium,1,0.9982709884643555,0.4,1
18cfb8b96af1cdc6c0a14f5034f65a2a05d906f88adab74d0952ddef8871bce6,human_annotated/images/18cfb8b96af1cdc6c0a14f5034f65a2a05d906f88adab74d0952ddef8871bce6.png,ComplexDataLab/OpenFake,medium,1,0.8902838826179504,0.4,1
18daf12aa2da356f48f91d94987db33d702523bcb6906b640d6a2e2bdf86b463,autoannotated/images/18daf12aa2da356f48f91d94987db33d702523bcb6906b640d6a2e2bdf86b463.jpg,ComplexDataLab/OpenFake,medium,0,0.02056269720196724,0.4,0
18ed85d1de33fd0780782337a9a228e54f0b191a7bf340a75cc8d390486674e5,autoannotated/images/18ed85d1de33fd0780782337a9a228e54f0b191a7bf340a75cc8d390486674e5.png,saberzl/SID_Set,medium,1,0.997423529624939,0.4,1
190e79c0a80f24d370bdc91d5b0ccc8ba26374e7029f86cef65fc3441ad1c466,autoannotated/images/190e79c0a80f24d370bdc91d5b0ccc8ba26374e7029f86cef65fc3441ad1c466.jpg,saberzl/SID_Set,medium,0,0.36846432089805603,0.4,0
191a8ba65ff5fae2d68837eb60590b97ddcc5b701c30c8ff7ca9b770e2f13ce8,autoannotated/images/191a8ba65ff5fae2d68837eb60590b97ddcc5b701c30c8ff7ca9b770e2f13ce8.png,saberzl/SID_Set,medium,1,0.9995286464691162,0.4,1
193a50148cdb4cb8b7e1d9e078f60e1913a69787b44221e4ae72be23ccefeca3,autoannotated/images/193a50148cdb4cb8b7e1d9e078f60e1913a69787b44221e4ae72be23ccefeca3.png,ComplexDataLab/OpenFake,medium,1,0.9945796728134155,0.4,1
19457c75e39c935c052e5dde70fa274c78a556c58547f9869871594bc9101387,autoannotated/images/19457c75e39c935c052e5dde70fa274c78a556c58547f9869871594bc9101387.png,saberzl/SID_Set,medium,1,0.9658785462379456,0.4,1
196c80108d6be6d6f4133298647e279118b7df27ce9cf55312b48774d9b07c0d,autoannotated/images/196c80108d6be6d6f4133298647e279118b7df27ce9cf55312b48774d9b07c0d.png,RRDataset,medium,1,0.8606728911399841,0.4,1
1982c891e00bd396f991e132074adcc3a15e939be57371ecc1b833522e1f72eb,autoannotated/images/1982c891e00bd396f991e132074adcc3a15e939be57371ecc1b833522e1f72eb.jpg,RRDataset,medium,0,0.873511791229248,0.4,1
198b4ee4455104444b096016a7f3071069f75c4fbfd3755f8d4ad8842bdde63e,autoannotated/images/198b4ee4455104444b096016a7f3071069f75c4fbfd3755f8d4ad8842bdde63e.jpg,RRDataset,medium,0,0.9259418249130249,0.4,1
1991834aa6ef561567cf37ce3ce5aadc0eecbaf46b75c6daf4b3261a07a3a0bc,autoannotated/images/1991834aa6ef561567cf37ce3ce5aadc0eecbaf46b75c6daf4b3261a07a3a0bc.jpg,RRDataset,medium,0,0.8406676650047302,0.4,1
19a5a634bd497453962877b07938da263d71755c511d16ba99aa4c759d92af09,autoannotated/images/19a5a634bd497453962877b07938da263d71755c511d16ba99aa4c759d92af09.jpg,RRDataset,medium,0,0.3452509641647339,0.4,0
19bf0fa724fffaf5ce31b3e1db8269548ab488537a8bdd608df390715fdedfb4,human_annotated/images/19bf0fa724fffaf5ce31b3e1db8269548ab488537a8bdd608df390715fdedfb4.jpg,RRDataset,medium,0,0.9096657037734985,0.4,1
19c530d2a60c0687844cc650389c43eaab499d15c6457ba593704a77a73a7007,human_annotated/images/19c530d2a60c0687844cc650389c43eaab499d15c6457ba593704a77a73a7007.png,ComplexDataLab/OpenFake,medium,1,0.6432943940162659,0.4,1
19c7f0bd5184a3e640b2bedec797ab6499ce7ffb93a2ebae088769536f25defc,autoannotated/images/19c7f0bd5184a3e640b2bedec797ab6499ce7ffb93a2ebae088769536f25defc.jpg,saberzl/SID_Set,medium,0,0.4408305287361145,0.4,1
19d9bd9b277b6425a04c31d3b9f7d993e62f9dd21766def9ccbaaa907bb217f0,autoannotated/images/19d9bd9b277b6425a04c31d3b9f7d993e62f9dd21766def9ccbaaa907bb217f0.jpg,saberzl/SID_Set,medium,0,0.007852633483707905,0.4,0
19f73e2621e310f4b83b9c81d451c5aaeb67a63b5cca858cdc435262e9beafb1,autoannotated/images/19f73e2621e310f4b83b9c81d451c5aaeb67a63b5cca858cdc435262e9beafb1.jpg,saberzl/SID_Set,medium,0,0.9505249261856079,0.4,1
19ff678e93f0e73e3253d9b50be407d464033e0f4171ef01db8fcc5ba58159af,autoannotated/images/19ff678e93f0e73e3253d9b50be407d464033e0f4171ef01db8fcc5ba58159af.jpg,ComplexDataLab/OpenFake,medium,0,0.20483553409576416,0.4,0
1a0f5cdf7ab03bd0a52e189ce65385a1763cd2669eae67037a9c4c1f9928621c,autoannotated/images/1a0f5cdf7ab03bd0a52e189ce65385a1763cd2669eae67037a9c4c1f9928621c.png,saberzl/SID_Set,medium,1,0.9906344413757324,0.4,1
1a10e13de0f7ba5709ede61ba4eae47b5f9837118f98f838e63d7277d9375e0d,autoannotated/images/1a10e13de0f7ba5709ede61ba4eae47b5f9837118f98f838e63d7277d9375e0d.jpg,ComplexDataLab/OpenFake,medium,0,0.1054299995303154,0.4,0
1a320a3d7d11e9e95f1faa9864c68518ab3829a7ce2f2649b68a1f41e0912dc7,autoannotated/images/1a320a3d7d11e9e95f1faa9864c68518ab3829a7ce2f2649b68a1f41e0912dc7.jpg,saberzl/SID_Set,medium,0,0.04294453561306,0.4,0
1a81b6718f52d4787777fdd0cc65ffd0f61a5311ea5bd20c73217381c5bc0c2e,autoannotated/images/1a81b6718f52d4787777fdd0cc65ffd0f61a5311ea5bd20c73217381c5bc0c2e.png,ComplexDataLab/OpenFake,medium,1,0.9785711169242859,0.4,1
1a8d02901738183f57a59a686fb847bcb003d46de5fd2fbf10ce889898f0d9b0,human_annotated/images/1a8d02901738183f57a59a686fb847bcb003d46de5fd2fbf10ce889898f0d9b0.jpg,saberzl/SID_Set,medium,0,0.04499993100762367,0.4,0
1ab16642b8f631407df60b9e51c0ef35140598ebe3c0cf17a3f03c42d8053484,human_annotated/images/1ab16642b8f631407df60b9e51c0ef35140598ebe3c0cf17a3f03c42d8053484.jpg,RRDataset,medium,0,0.6124315857887268,0.4,1
1abd06f1eb5a9190036995b314cb6eabc033b699e7c46b561b890862d2bccd5f,autoannotated/images/1abd06f1eb5a9190036995b314cb6eabc033b699e7c46b561b890862d2bccd5f.jpg,saberzl/SID_Set,medium,0,0.6063556671142578,0.4,1
1ae5f72c089dc309dbe0dc7157984efe19146c593839cf84dc434b6610a50ad9,autoannotated/images/1ae5f72c089dc309dbe0dc7157984efe19146c593839cf84dc434b6610a50ad9.jpg,ComplexDataLab/OpenFake,medium,0,0.4156169295310974,0.4,1
1ae640c6e6fa423867b305b25e8b382a5f065061f8ce101e6394b62717254a7a,autoannotated/images/1ae640c6e6fa423867b305b25e8b382a5f065061f8ce101e6394b62717254a7a.png,RRDataset,medium,0,0.9145846366882324,0.4,1
1aef516961e150465470a1132a4921b721dc9ba6c6b2fcfc2b376e62ad13499a,autoannotated/images/1aef516961e150465470a1132a4921b721dc9ba6c6b2fcfc2b376e62ad13499a.png,saberzl/SID_Set,medium,1,0.9781894087791443,0.4,1
1af942d8ab3e7d2518b12df29992ddf4cf3f2571489c3dbdbdf79f4a6efb3691,autoannotated/images/1af942d8ab3e7d2518b12df29992ddf4cf3f2571489c3dbdbdf79f4a6efb3691.jpg,ComplexDataLab/OpenFake,medium,0,0.00017242664762306958,0.4,0
1afe45d7505bc1fa8fe138c246670aa6839106b61cd4e5c991e74485cdb38dac,autoannotated/images/1afe45d7505bc1fa8fe138c246670aa6839106b61cd4e5c991e74485cdb38dac.jpg,saberzl/SID_Set,medium,0,0.8996776342391968,0.4,1
1b04a6b945ce39449a7cc7fbd80beafb7a3e5f441b16887746291fcfe5d5c461,autoannotated/images/1b04a6b945ce39449a7cc7fbd80beafb7a3e5f441b16887746291fcfe5d5c461.png,RRDataset,medium,1,0.9828240871429443,0.4,1
1b93918831c1bc80d2028ba2075cb32c50618be10daf2fcdaa4b305a48dcd0d8,autoannotated/images/1b93918831c1bc80d2028ba2075cb32c50618be10daf2fcdaa4b305a48dcd0d8.png,ComplexDataLab/OpenFake,medium,1,0.9516686797142029,0.4,1
1b9a156cda93a270a42c338aa7c29c2e8c20efa07a6fd4e2c3740dab83d5db10,autoannotated/images/1b9a156cda93a270a42c338aa7c29c2e8c20efa07a6fd4e2c3740dab83d5db10.jpg,saberzl/SID_Set,medium,0,0.9210389256477356,0.4,1
1b9e7c61734bbe03aee1ceabd294cabae982d0cb4cdd27604820a6eda101f702,autoannotated/images/1b9e7c61734bbe03aee1ceabd294cabae982d0cb4cdd27604820a6eda101f702.png,RRDataset,medium,1,0.9897449612617493,0.4,1
1ba6feb03afdb7ba7a2daed115e162f9a6c1f0422c20200d46fef00693ce27f8,autoannotated/images/1ba6feb03afdb7ba7a2daed115e162f9a6c1f0422c20200d46fef00693ce27f8.png,ComplexDataLab/OpenFake,medium,1,0.9654847979545593,0.4,1
1bb1589ed6e97df41ca7fc2d12f2b4d4d2b7d96ee5105d40271407bfe8741c91,autoannotated/images/1bb1589ed6e97df41ca7fc2d12f2b4d4d2b7d96ee5105d40271407bfe8741c91.png,saberzl/SID_Set,medium,1,0.9528629183769226,0.4,1
1bb9ab4aa45423831f71250ee8721029a432fa78fd0e52d1fa985cbe3b7556f1,autoannotated/images/1bb9ab4aa45423831f71250ee8721029a432fa78fd0e52d1fa985cbe3b7556f1.jpg,saberzl/SID_Set,medium,0,0.5607887506484985,0.4,1
1bc86717d2c636c94375ac7004f5d4f6e54bf18c27138c7dc48d8b06f69d0c2a,human_annotated/images/1bc86717d2c636c94375ac7004f5d4f6e54bf18c27138c7dc48d8b06f69d0c2a.png,RRDataset,medium,1,0.9838776588439941,0.4,1
1bcfce7cd8f0175b51ffe4ceae69da445a1484d04c9e8637c83a4506ca4fa2dd,autoannotated/images/1bcfce7cd8f0175b51ffe4ceae69da445a1484d04c9e8637c83a4506ca4fa2dd.webp,ComplexDataLab/OpenFake,medium,1,0.9159026145935059,0.4,1
1bd1d4f16b72cd3d16cbe1fedf769d4e1b859333ba5f4c8836688928a8e3d865,autoannotated/images/1bd1d4f16b72cd3d16cbe1fedf769d4e1b859333ba5f4c8836688928a8e3d865.png,ComplexDataLab/OpenFake,medium,1,0.9983331561088562,0.4,1
1be0ff7dd61bb40e9e21b15aeaa62d509f3b4d50e75e4471c9ffa4c96c308900,autoannotated/images/1be0ff7dd61bb40e9e21b15aeaa62d509f3b4d50e75e4471c9ffa4c96c308900.png,saberzl/SID_Set,medium,1,0.9390950202941895,0.4,1
1be2620cb340f2889a3779bd7091ed8c4e42131982d9a2b5534ad7a9aa7070ba,autoannotated/images/1be2620cb340f2889a3779bd7091ed8c4e42131982d9a2b5534ad7a9aa7070ba.png,saberzl/SID_Set,medium,1,0.9528967142105103,0.4,1
1be5e2d9927b3e26d7a9e783e3f14f70b721508011d9d4bb86de940c6a31001a,autoannotated/images/1be5e2d9927b3e26d7a9e783e3f14f70b721508011d9d4bb86de940c6a31001a.jpg,ComplexDataLab/OpenFake,medium,0,0.360822468996048,0.4,0
1bfa76f151ce782e2d59b37f2ceb3f07aad397bd581f3a1d058ac9a104d62ad4,human_annotated/images/1bfa76f151ce782e2d59b37f2ceb3f07aad397bd581f3a1d058ac9a104d62ad4.png,ComplexDataLab/OpenFake,medium,1,0.9750795960426331,0.4,1
1c2b8f1d874d78e86dec0ef527ab337b3cef94333f7ab22470384b99399dc225,human_annotated/images/1c2b8f1d874d78e86dec0ef527ab337b3cef94333f7ab22470384b99399dc225.jpg,ComplexDataLab/OpenFake,medium,0,0.17231881618499756,0.4,0
1c2bd7d8820532f8959f4e311a7a12dd1089a81c3e2a61f58fcd798574422470,autoannotated/images/1c2bd7d8820532f8959f4e311a7a12dd1089a81c3e2a61f58fcd798574422470.png,saberzl/SID_Set,medium,1,0.9799551367759705,0.4,1
1c332d5e8e126675bb473827e28520c1898f73a756a3df5d6cde9cfbd5787f6b,human_annotated/images/1c332d5e8e126675bb473827e28520c1898f73a756a3df5d6cde9cfbd5787f6b.png,ComplexDataLab/OpenFake,medium,1,0.9631333947181702,0.4,1
1c511eea248274819445d7738f5743951966fa609de309a52140e5b1857bbc1f,autoannotated/images/1c511eea248274819445d7738f5743951966fa609de309a52140e5b1857bbc1f.jpg,ComplexDataLab/OpenFake,medium,0,0.6921270489692688,0.4,1
1c6780a5229c865b623de88042515ee79e69e78d48023d9a74f589c469cf689e,autoannotated/images/1c6780a5229c865b623de88042515ee79e69e78d48023d9a74f589c469cf689e.png,ComplexDataLab/OpenFake,medium,1,0.899928867816925,0.4,1
1c7b3647bde78519d9252f668fabca747174238c881e148610097de71061d235,autoannotated/images/1c7b3647bde78519d9252f668fabca747174238c881e148610097de71061d235.jpg,saberzl/SID_Set,medium,0,0.9671740531921387,0.4,1
1c9f16e1d6d8cb404e2ab836ca927743e31c31f9dda8de0d408a028de3b92932,human_annotated/images/1c9f16e1d6d8cb404e2ab836ca927743e31c31f9dda8de0d408a028de3b92932.png,ComplexDataLab/OpenFake,medium,1,0.9456985592842102,0.4,1
1cd1dce733142672cd5255977a560ba779661f369b8f08b8e4f642a778f9f08a,autoannotated/images/1cd1dce733142672cd5255977a560ba779661f369b8f08b8e4f642a778f9f08a.jpg,ComplexDataLab/OpenFake,medium,0,0.13776414096355438,0.4,0
1ce02e67b5980d1a7a57a0f7673fa6b291b17545e72829a02ce7f203cd6dee8d,autoannotated/images/1ce02e67b5980d1a7a57a0f7673fa6b291b17545e72829a02ce7f203cd6dee8d.png,RRDataset,medium,1,0.8673150539398193,0.4,1
1ce5f20d7c4c95c0a6eeb3d912e2f63c98a1103d2636f9ad3b5d4999eea63d58,autoannotated/images/1ce5f20d7c4c95c0a6eeb3d912e2f63c98a1103d2636f9ad3b5d4999eea63d58.jpg,RRDataset,medium,0,0.9567857980728149,0.4,1
1ceebdbd8f8880e6fd354366bf72a797ed8b489b293345fb865514a68151d8aa,autoannotated/images/1ceebdbd8f8880e6fd354366bf72a797ed8b489b293345fb865514a68151d8aa.jpg,saberzl/SID_Set,medium,0,0.9082629680633545,0.4,1
1d1261608065a9ea83831a17f7caf671b1f5f8dd6681d440b2026ee28598bb8e,autoannotated/images/1d1261608065a9ea83831a17f7caf671b1f5f8dd6681d440b2026ee28598bb8e.png,RRDataset,medium,1,0.9873806238174438,0.4,1
1d2b01a82b5deb013e265141ffa79161b90ec884a25e3a740acf34fc758f29f7,human_annotated/images/1d2b01a82b5deb013e265141ffa79161b90ec884a25e3a740acf34fc758f29f7.jpg,RRDataset,medium,0,0.9088109731674194,0.4,1
1d38a1a5e788bbe0b72ab69b1f96a917dbb6d14a0dbee3a4ef4f1b868c3c42f6,autoannotated/images/1d38a1a5e788bbe0b72ab69b1f96a917dbb6d14a0dbee3a4ef4f1b868c3c42f6.png,RRDataset,medium,1,0.9961329698562622,0.4,1
1d416e0072a0de791cd53abd061c7dabbb4a98e6d390e7133f32597995e37c74,autoannotated/images/1d416e0072a0de791cd53abd061c7dabbb4a98e6d390e7133f32597995e37c74.jpg,RRDataset,medium,0,0.9219331741333008,0.4,1
1d4c9715c5236643c209c5b671dfba7f397ba025ed77f00d832897728017c69c,autoannotated/images/1d4c9715c5236643c209c5b671dfba7f397ba025ed77f00d832897728017c69c.png,RRDataset,medium,1,0.9966772794723511,0.4,1
1d5a25e27f0cfee2f925f703e34e2d41463b1bc819660fdfeff09233e9f063cb,autoannotated/images/1d5a25e27f0cfee2f925f703e34e2d41463b1bc819660fdfeff09233e9f063cb.webp,ComplexDataLab/OpenFake,medium,1,0.2139996588230133,0.4,0
1d81ec86b6a05e7dfbbf2409bc7978e1f3176df178958ffc83cf2469e112dadc,autoannotated/images/1d81ec86b6a05e7dfbbf2409bc7978e1f3176df178958ffc83cf2469e112dadc.jpg,saberzl/SID_Set,medium,0,0.8433620929718018,0.4,1
1db2cd6eb74b1ab30074042ca1d6628da91c25b99918d5e8fb0991c4732fe07e,autoannotated/images/1db2cd6eb74b1ab30074042ca1d6628da91c25b99918d5e8fb0991c4732fe07e.png,RRDataset,medium,1,0.9919008612632751,0.4,1
1dbb0316c9fdf94ae2b48543f4005940e52d5ad7dd8664a02c2294f1c5fd064a,human_annotated/images/1dbb0316c9fdf94ae2b48543f4005940e52d5ad7dd8664a02c2294f1c5fd064a.png,ComplexDataLab/OpenFake,medium,1,0.8741072416305542,0.4,1
1dbb0d6bf2cf47801bd23a8cb7495d2afb549a14c27a36c0dc6552c50c273dcf,autoannotated/images/1dbb0d6bf2cf47801bd23a8cb7495d2afb549a14c27a36c0dc6552c50c273dcf.png,RRDataset,medium,1,0.9587291479110718,0.4,1
1ddc677fcc78f68516a3331923ddfb017eaa07842db6921aecfb0845eaacdaf5,autoannotated/images/1ddc677fcc78f68516a3331923ddfb017eaa07842db6921aecfb0845eaacdaf5.png,ComplexDataLab/OpenFake,medium,1,0.9154585003852844,0.4,1
1e1815c3cf036b9a54d15506ee3edc36e925a2ed3a5afe65a0e63cc76c5b6956,autoannotated/images/1e1815c3cf036b9a54d15506ee3edc36e925a2ed3a5afe65a0e63cc76c5b6956.jpg,ComplexDataLab/OpenFake,medium,0,0.0027631064876914024,0.4,0
1e372c98cdb127e8d772bc13a52419c858bc3651ee512dfa36215b15ec4c3132,autoannotated/images/1e372c98cdb127e8d772bc13a52419c858bc3651ee512dfa36215b15ec4c3132.png,RRDataset,medium,1,0.9551034569740295,0.4,1
1e3be06384c93825b2826c82758a2e22895f1e8d13827e7c7b98ab44892b04a5,autoannotated/images/1e3be06384c93825b2826c82758a2e22895f1e8d13827e7c7b98ab44892b04a5.png,RRDataset,medium,1,0.9886854887008667,0.4,1
1e42e2aef08ddfe7d7325a55ac54fda825b3e5ba5131ec6d7e3edfb09bb70bcb,human_annotated/images/1e42e2aef08ddfe7d7325a55ac54fda825b3e5ba5131ec6d7e3edfb09bb70bcb.jpg,saberzl/SID_Set,medium,0,0.6102480888366699,0.4,1
1e5425fe731c255b04fae5cb0dfc5e8434f6186545852d234d033670d3c449f9,autoannotated/images/1e5425fe731c255b04fae5cb0dfc5e8434f6186545852d234d033670d3c449f9.jpg,saberzl/SID_Set,medium,0,0.9101457595825195,0.4,1
1e61be02e41e4e225d4ab7dac7c375150b1bf86a5f45a90c4616762e89849298,autoannotated/images/1e61be02e41e4e225d4ab7dac7c375150b1bf86a5f45a90c4616762e89849298.jpg,RRDataset,medium,0,0.8515183925628662,0.4,1
1e86aea4d75400d0ca1e174e2358bd0c239d76ffab6f356a64909ce0f17aeb17,autoannotated/images/1e86aea4d75400d0ca1e174e2358bd0c239d76ffab6f356a64909ce0f17aeb17.jpg,ComplexDataLab/OpenFake,medium,0,0.00025198221555911005,0.4,0
1ebd600fca149613da67c19fe286b7caa221c0afa35cc1be3d78efa8178ae71b,autoannotated/images/1ebd600fca149613da67c19fe286b7caa221c0afa35cc1be3d78efa8178ae71b.png,RRDataset,medium,1,0.9933890104293823,0.4,1
1ec60f4a00f16de352c4f1c64ad24f08abe579befc4f069b0734d924cda31113,autoannotated/images/1ec60f4a00f16de352c4f1c64ad24f08abe579befc4f069b0734d924cda31113.jpg,saberzl/SID_Set,medium,0,0.40541568398475647,0.4,1
1f138752111917dfb17d14f425105459ff243d47b4db1c8750e86b16c1ab75c4,autoannotated/images/1f138752111917dfb17d14f425105459ff243d47b4db1c8750e86b16c1ab75c4.jpg,saberzl/SID_Set,medium,0,0.02472556382417679,0.4,0
1f579705ff91e78cd07f4c5a37c21d74ca7ad1f7a931eb36f5c0dbea365617ec,autoannotated/images/1f579705ff91e78cd07f4c5a37c21d74ca7ad1f7a931eb36f5c0dbea365617ec.jpg,RRDataset,medium,0,0.5632189512252808,0.4,1
1f61805373af202b8f3a8bbb2b0dc65d9e686a36969feb72d8681ab9af86b406,autoannotated/images/1f61805373af202b8f3a8bbb2b0dc65d9e686a36969feb72d8681ab9af86b406.jpg,ComplexDataLab/OpenFake,medium,0,0.02979493886232376,0.4,0
1f61b2c9c066e8171d2a5173011654033789b4bb071a0e851f0c3b46e9292bd8,autoannotated/images/1f61b2c9c066e8171d2a5173011654033789b4bb071a0e851f0c3b46e9292bd8.jpg,ComplexDataLab/OpenFake,medium,1,0.9744462370872498,0.4,1
1f69e0ebfad23ce45ca1b6ec6f59195f7ffe6d774cb8c360bce54ee3341ca7e0,autoannotated/images/1f69e0ebfad23ce45ca1b6ec6f59195f7ffe6d774cb8c360bce54ee3341ca7e0.png,RRDataset,medium,1,0.912589430809021,0.4,1
1f6d787b0f4beab62e61c1386d9e4121d3485bc557181bf5027c89521c0bdbf0,autoannotated/images/1f6d787b0f4beab62e61c1386d9e4121d3485bc557181bf5027c89521c0bdbf0.jpg,ComplexDataLab/OpenFake,medium,0,0.00034479418536648154,0.4,0
1f96e0577e81ac6c855d00d6398136a507552cdeb4ad8cfbeb5b478fad80d62b,autoannotated/images/1f96e0577e81ac6c855d00d6398136a507552cdeb4ad8cfbeb5b478fad80d62b.png,saberzl/SID_Set,medium,1,0.9950183629989624,0.4,1
1fb12562bf72750061ae14c46388f494c7458e400fa33d3b4df37a4cef7d1c59,autoannotated/images/1fb12562bf72750061ae14c46388f494c7458e400fa33d3b4df37a4cef7d1c59.jpg,RRDataset,medium,0,0.027592573314905167,0.4,0
1fb6cab0fbcc6d47276a70ab57244452848733f6e2159bef8fffe04cf67720a4,human_annotated/images/1fb6cab0fbcc6d47276a70ab57244452848733f6e2159bef8fffe04cf67720a4.png,saberzl/SID_Set,medium,1,0.9927805066108704,0.4,1
1fbcc329ce2eca0a15ef45780971a900562688229df75884d1b35f598b44f36a,autoannotated/images/1fbcc329ce2eca0a15ef45780971a900562688229df75884d1b35f598b44f36a.png,saberzl/SID_Set,medium,1,0.9927489161491394,0.4,1
1fc9da9c6849fe1d80a2981815b897aeb8bc106286466266d28e01acc2aea7fc,autoannotated/images/1fc9da9c6849fe1d80a2981815b897aeb8bc106286466266d28e01acc2aea7fc.png,ComplexDataLab/OpenFake,medium,1,0.63112473487854,0.4,1
1ffbe318c71601c7e01c45b979b6d63eba2822c1168ddc599ad0cf24be1e116e,autoannotated/images/1ffbe318c71601c7e01c45b979b6d63eba2822c1168ddc599ad0cf24be1e116e.jpg,saberzl/SID_Set,medium,0,0.0007987683638930321,0.4,0
200a7a0052861e463d5f05ca2d582ce0304724531b964d437aeb3b11082f3c01,autoannotated/images/200a7a0052861e463d5f05ca2d582ce0304724531b964d437aeb3b11082f3c01.png,saberzl/SID_Set,medium,1,0.9721744060516357,0.4,1
201921e4a39180fb5e0f990275bd17e4c783a4adaa8365a2581fa879d1849062,human_annotated/images/201921e4a39180fb5e0f990275bd17e4c783a4adaa8365a2581fa879d1849062.png,RRDataset,medium,1,0.9994906187057495,0.4,1
201a3944a15f8277dc3252c87ea60a35d2c5dadf9bdf7cf6dba4829303b4d6c3,autoannotated/images/201a3944a15f8277dc3252c87ea60a35d2c5dadf9bdf7cf6dba4829303b4d6c3.png,saberzl/SID_Set,medium,1,0.9674662947654724,0.4,1
20417e1c26d98dbe985a4ab739e60dfb1330e340f3632d4b082f05e5d1bdc41d,autoannotated/images/20417e1c26d98dbe985a4ab739e60dfb1330e340f3632d4b082f05e5d1bdc41d.png,saberzl/SID_Set,medium,1,0.9773153066635132,0.4,1
204e2917f387ef3b3953f2993ad6e95a032eed89f66f267e2b209e3734446ace,human_annotated/images/204e2917f387ef3b3953f2993ad6e95a032eed89f66f267e2b209e3734446ace.png,ComplexDataLab/OpenFake,medium,1,0.026465659961104393,0.4,0
205618b191a6359f037868281a1d2080a198b0d6ca4c09d8db52c86d2dda4f5d,autoannotated/images/205618b191a6359f037868281a1d2080a198b0d6ca4c09d8db52c86d2dda4f5d.png,saberzl/SID_Set,medium,1,0.9772192239761353,0.4,1
206836d644b1161367c6085da37bf09881d3427c0f34e4d8857116e18cb453a1,autoannotated/images/206836d644b1161367c6085da37bf09881d3427c0f34e4d8857116e18cb453a1.png,saberzl/SID_Set,medium,1,0.9707645773887634,0.4,1
2095bd17fb54e13f0ba9966df4b8ef27a7ebc3e4117608a64ffaf6edc3c3e6f3,autoannotated/images/2095bd17fb54e13f0ba9966df4b8ef27a7ebc3e4117608a64ffaf6edc3c3e6f3.jpg,RRDataset,medium,0,0.0016316560795530677,0.4,0
2098e4c6f7f12cb9e27b62261770bb72ec17872bab7dbe9b21d636111db64581,autoannotated/images/2098e4c6f7f12cb9e27b62261770bb72ec17872bab7dbe9b21d636111db64581.png,saberzl/SID_Set,medium,1,0.8936164975166321,0.4,1
20bc833ac6a1884f8fca53f03d3e419bb4866fcb0287769333f9555c9051afef,human_annotated/images/20bc833ac6a1884f8fca53f03d3e419bb4866fcb0287769333f9555c9051afef.png,RRDataset,medium,1,0.9985162615776062,0.4,1
20bd466274c688abc8452f933269fa86ea7188256c2a3ff6e2edac11f965ffa2,autoannotated/images/20bd466274c688abc8452f933269fa86ea7188256c2a3ff6e2edac11f965ffa2.jpg,saberzl/SID_Set,medium,0,0.1255919188261032,0.4,0
20e030659e9887f1546479f72bcc243850b2286dee1c0047e270897dd9e2bffc,autoannotated/images/20e030659e9887f1546479f72bcc243850b2286dee1c0047e270897dd9e2bffc.jpg,saberzl/SID_Set,medium,0,0.013759210705757141,0.4,0
20eb12a89eaf1a8af0ac282c3dd6e89d1517fe082b608b3f3f333cdb279ab30f,autoannotated/images/20eb12a89eaf1a8af0ac282c3dd6e89d1517fe082b608b3f3f333cdb279ab30f.jpg,saberzl/SID_Set,medium,0,0.6285820603370667,0.4,1
20f40fc72b78a4fbcf36e9f31394da7a739e50d418754d37a81e616f20d3acb6,autoannotated/images/20f40fc72b78a4fbcf36e9f31394da7a739e50d418754d37a81e616f20d3acb6.jpg,ComplexDataLab/OpenFake,medium,0,0.10474499315023422,0.4,0
20fbee41667b5ee765ed2c62353a0885f4004570a92b191b60f7e249e3fe7343,autoannotated/images/20fbee41667b5ee765ed2c62353a0885f4004570a92b191b60f7e249e3fe7343.jpg,saberzl/SID_Set,medium,0,0.005991216283291578,0.4,0
20fd7dcb90c630ad7009a7ea6faa3d1b829d026c8c01618b1b981bd093d88e76,autoannotated/images/20fd7dcb90c630ad7009a7ea6faa3d1b829d026c8c01618b1b981bd093d88e76.png,RRDataset,medium,1,0.9943511486053467,0.4,1
2108c6cb939d1d8d6da6d656fb51268d443a28fbc212c81c1b370495becd3761,human_annotated/images/2108c6cb939d1d8d6da6d656fb51268d443a28fbc212c81c1b370495becd3761.jpg,RRDataset,medium,0,0.4851292669773102,0.4,1
210ab0f8fc6859fd37a4ebe1b0b9520505345730486821eedf5a4cb981c16da1,autoannotated/images/210ab0f8fc6859fd37a4ebe1b0b9520505345730486821eedf5a4cb981c16da1.webp,ComplexDataLab/OpenFake,medium,1,0.9747251868247986,0.4,1
210ad771646e8be549b79ee1fe5eccb64e24eabb8c53edfbf15292d52efb2c5c,autoannotated/images/210ad771646e8be549b79ee1fe5eccb64e24eabb8c53edfbf15292d52efb2c5c.jpg,saberzl/SID_Set,medium,0,0.013605417683720589,0.4,0
2120ab66203a98af3c9d88410ef4716e29ab37487b6e4823a7ced411aad21e88,human_annotated/images/2120ab66203a98af3c9d88410ef4716e29ab37487b6e4823a7ced411aad21e88.jpg,RRDataset,medium,0,0.3011198937892914,0.4,0
215fc319b724f92612b408c7c975f3148125687f75c1bd5cdfcb52cde613cab0,autoannotated/images/215fc319b724f92612b408c7c975f3148125687f75c1bd5cdfcb52cde613cab0.jpg,saberzl/SID_Set,medium,0,0.5084123015403748,0.4,1
216bcaf01f6a299af7afbfbee58ddd6605f07021873572a39cf69f66e956cb9c,autoannotated/images/216bcaf01f6a299af7afbfbee58ddd6605f07021873572a39cf69f66e956cb9c.webp,ComplexDataLab/OpenFake,medium,1,0.7629385590553284,0.4,1
21773b1538f82236655b407b03afb13c87ec27c054f703e4656333aaeb67bc82,autoannotated/images/21773b1538f82236655b407b03afb13c87ec27c054f703e4656333aaeb67bc82.jpg,ComplexDataLab/OpenFake,medium,0,0.927453875541687,0.4,1
219a080014e0bc6397e72dbb87a5479c0e1c8bd8b0ddcb9ca04f612ca76a6339,autoannotated/images/219a080014e0bc6397e72dbb87a5479c0e1c8bd8b0ddcb9ca04f612ca76a6339.png,RRDataset,medium,1,0.9934053421020508,0.4,1
21ab27fd4f26bc06653dda259fb604f1b23b4c95e2cad1f33f02ab3f7325697e,autoannotated/images/21ab27fd4f26bc06653dda259fb604f1b23b4c95e2cad1f33f02ab3f7325697e.jpg,RRDataset,medium,0,0.01798720471560955,0.4,0
21aee744ba7ffaa3ac5a4d4f8a1c7d4b50fd19b45ffe0d0f15b527bc96f4209b,human_annotated/images/21aee744ba7ffaa3ac5a4d4f8a1c7d4b50fd19b45ffe0d0f15b527bc96f4209b.jpg,ComplexDataLab/OpenFake,medium,0,0.0028147161938250065,0.4,0
21c59e3c8f2c33ff5b59b584dae4a18ab0c37c9fc1ba3149cfd0f59f18580dc7,autoannotated/images/21c59e3c8f2c33ff5b59b584dae4a18ab0c37c9fc1ba3149cfd0f59f18580dc7.png,ComplexDataLab/OpenFake,medium,1,0.992265522480011,0.4,1
21ea124c36f8366371fb905bd1cd4db4d9b96d3309003dab60772f6341d4392c,autoannotated/images/21ea124c36f8366371fb905bd1cd4db4d9b96d3309003dab60772f6341d4392c.png,ComplexDataLab/OpenFake,medium,1,0.9932419657707214,0.4,1
21fb82c8bef1d4e3c77ba14e05a1d3d5e5b0c1bf68c622220f89622f01d8ad42,autoannotated/images/21fb82c8bef1d4e3c77ba14e05a1d3d5e5b0c1bf68c622220f89622f01d8ad42.png,saberzl/SID_Set,medium,1,0.9934604167938232,0.4,1
2201cecdd3684bdf909ad8d9c444ac6cfe19aed34b6a0420298866273d70f02d,autoannotated/images/2201cecdd3684bdf909ad8d9c444ac6cfe19aed34b6a0420298866273d70f02d.png,RRDataset,medium,1,0.9599665403366089,0.4,1
22b239a0faf06fbd49ed094507986d70fd095a2dfdb6fb1ed7af39ad56e402f4,autoannotated/images/22b239a0faf06fbd49ed094507986d70fd095a2dfdb6fb1ed7af39ad56e402f4.jpg,ComplexDataLab/OpenFake,medium,0,0.0003499366284813732,0.4,0
22b32bafa7d23ac7ee065a75540bc3d8939c4ec413972be927c90a6d9eda6b40,autoannotated/images/22b32bafa7d23ac7ee065a75540bc3d8939c4ec413972be927c90a6d9eda6b40.png,ComplexDataLab/OpenFake,medium,1,0.8843321204185486,0.4,1
22b65e60c4f72e2154b8ed8816a1b979f87e36ce680d57dde8f550cade10efb3,autoannotated/images/22b65e60c4f72e2154b8ed8816a1b979f87e36ce680d57dde8f550cade10efb3.png,saberzl/SID_Set,medium,1,0.9794070720672607,0.4,1
22baa876d6617bc1d3e776486fe0d9c5c3a7d7c86c97bd7ded970b807e070bc5,human_annotated/images/22baa876d6617bc1d3e776486fe0d9c5c3a7d7c86c97bd7ded970b807e070bc5.png,RRDataset,medium,1,0.9997438788414001,0.4,1
22c62153792403ad5d7223c93ee68daa44da0bb2c7f5bbad9d6dc92212293a2e,autoannotated/images/22c62153792403ad5d7223c93ee68daa44da0bb2c7f5bbad9d6dc92212293a2e.jpg,saberzl/SID_Set,medium,0,0.379710853099823,0.4,0
2310020a213b01bf1670b613b67cdf54d9e078a63f232a388bb13df0d4522ee5,human_annotated/images/2310020a213b01bf1670b613b67cdf54d9e078a63f232a388bb13df0d4522ee5.png,ComplexDataLab/OpenFake,medium,1,0.9698169231414795,0.4,1
231b2eb5907718354a23a4ffe402eea77fd5ddb9b3954bb3e1acb887db9fb1e7,autoannotated/images/231b2eb5907718354a23a4ffe402eea77fd5ddb9b3954bb3e1acb887db9fb1e7.jpg,saberzl/SID_Set,medium,0,0.9886681437492371,0.4,1
23367e4b857d9d06a0326726543152a6109eb116b92f6b338ca9118bbf079759,autoannotated/images/23367e4b857d9d06a0326726543152a6109eb116b92f6b338ca9118bbf079759.png,saberzl/SID_Set,medium,1,0.9900902509689331,0.4,1
234591f69ed573280e146297f67a0ca4e9684628c61c615f18d590e48411ead1,autoannotated/images/234591f69ed573280e146297f67a0ca4e9684628c61c615f18d590e48411ead1.jpg,saberzl/SID_Set,medium,0,0.7032097578048706,0.4,1
235d9f65a8c97509cac0377ad675b47300331e576b4880821385f46069ad8af7,autoannotated/images/235d9f65a8c97509cac0377ad675b47300331e576b4880821385f46069ad8af7.jpg,saberzl/SID_Set,medium,0,0.7279922962188721,0.4,1
238f3f97f7aa7d51e8b51f42cf43558963d24bb428107062086cb1b43debe4df,autoannotated/images/238f3f97f7aa7d51e8b51f42cf43558963d24bb428107062086cb1b43debe4df.jpg,RRDataset,medium,0,0.48278552293777466,0.4,1
239befe410762a4de63d6ad9dc9d8f43d3472c1839a9f5a0cf380ae233c8a7a0,autoannotated/images/239befe410762a4de63d6ad9dc9d8f43d3472c1839a9f5a0cf380ae233c8a7a0.png,RRDataset,medium,1,0.9903665781021118,0.4,1
23b6fd5b96ea00ed7aa0d460ce7a12649b3020b1fc137200ce78353de630fa6e,human_annotated/images/23b6fd5b96ea00ed7aa0d460ce7a12649b3020b1fc137200ce78353de630fa6e.png,RRDataset,medium,1,0.998167872428894,0.4,1
23ce68dba52b13b525d1eecd7d7dd44bc386626a7e5280702bfc4d78829d02ce,autoannotated/images/23ce68dba52b13b525d1eecd7d7dd44bc386626a7e5280702bfc4d78829d02ce.png,RRDataset,medium,1,0.959932267665863,0.4,1
23e0f9c0fe7eac99d6b4ac0b15cacc3f4b41de3c447e01175c3c5c416196018d,human_annotated/images/23e0f9c0fe7eac99d6b4ac0b15cacc3f4b41de3c447e01175c3c5c416196018d.jpg,saberzl/SID_Set,medium,0,0.003683818271383643,0.4,0
23fc2a5e914f881f35d2ee2c6ae8d0e48b147e2645dc8f060bcf28b5cce2c155,human_annotated/images/23fc2a5e914f881f35d2ee2c6ae8d0e48b147e2645dc8f060bcf28b5cce2c155.png,RRDataset,medium,1,0.6706794500350952,0.4,1
240065ce4fb297a8aa6d9ed3b7b017531124c27050465cabdd751b7526f9d600,human_annotated/images/240065ce4fb297a8aa6d9ed3b7b017531124c27050465cabdd751b7526f9d600.png,RRDataset,medium,1,0.8941829800605774,0.4,1
2425df686c4ebb5e3e0b5434242f3bac26b9530f63ac0e3234a9c3d57c338a71,autoannotated/images/2425df686c4ebb5e3e0b5434242f3bac26b9530f63ac0e3234a9c3d57c338a71.png,RRDataset,medium,1,0.8267548680305481,0.4,1
242e086db920de3955a343d8eb63dad5ac3ba06e4106b2f68863761f4a72f0f3,autoannotated/images/242e086db920de3955a343d8eb63dad5ac3ba06e4106b2f68863761f4a72f0f3.jpg,RRDataset,medium,0,0.8556097745895386,0.4,1
2432540bf787360e4d81b58b71bf29c5c24dfa6a866bbba40e44ab7bb9df3fea,autoannotated/images/2432540bf787360e4d81b58b71bf29c5c24dfa6a866bbba40e44ab7bb9df3fea.png,ComplexDataLab/OpenFake,medium,1,0.3098345696926117,0.4,0
2432f6e46cb39daab2bed6d38a310b02606bab3d8c56a2d08e30a901e9cb5fc2,autoannotated/images/2432f6e46cb39daab2bed6d38a310b02606bab3d8c56a2d08e30a901e9cb5fc2.jpg,ComplexDataLab/OpenFake,medium,0,0.04016058146953583,0.4,0
244fa1c119c5f1ce6c620608b80d69fa37d770ac565d804261d32e5baade078f,autoannotated/images/244fa1c119c5f1ce6c620608b80d69fa37d770ac565d804261d32e5baade078f.png,ComplexDataLab/OpenFake,medium,1,0.970207691192627,0.4,1
245405dca9ff5ec91ce902a813c082c9eb32fc09f6b4e9f2e70f5834ab8c662c,autoannotated/images/245405dca9ff5ec91ce902a813c082c9eb32fc09f6b4e9f2e70f5834ab8c662c.png,saberzl/SID_Set,medium,1,0.9972416162490845,0.4,1
2457330713fd03ba2d0c72c7c5cf58c050a4202d08e558879a50b903af5e34a0,human_annotated/images/2457330713fd03ba2d0c72c7c5cf58c050a4202d08e558879a50b903af5e34a0.png,saberzl/SID_Set,medium,1,0.9961262345314026,0.4,1
245c6dbf7b290c17f7dff7707696369cfc7c789495d04c7ced51e038a728455d,autoannotated/images/245c6dbf7b290c17f7dff7707696369cfc7c789495d04c7ced51e038a728455d.jpg,ComplexDataLab/OpenFake,medium,0,0.0004472759610507637,0.4,0
24698cfc6224279dd379faacb358e313d713b54903239cc66ca5c7baaf848e42,autoannotated/images/24698cfc6224279dd379faacb358e313d713b54903239cc66ca5c7baaf848e42.jpg,saberzl/SID_Set,medium,0,0.012763314880430698,0.4,0
249bc76070d4b6dac7fe2d9cd4f9022791155cf53f40ac77a1f1a46824f25d0e,autoannotated/images/249bc76070d4b6dac7fe2d9cd4f9022791155cf53f40ac77a1f1a46824f25d0e.jpg,ComplexDataLab/OpenFake,medium,0,5.687319571734406e-05,0.4,0
249ed2311afff5c2337482ce2f19767ce5ee31877cc83e4b778e2818adb1ace0,autoannotated/images/249ed2311afff5c2337482ce2f19767ce5ee31877cc83e4b778e2818adb1ace0.png,RRDataset,medium,1,0.9951175451278687,0.4,1
24a696fb1a873bec98ee896ee42c155138585ae05fca68727e207fe9f4ace5d7,human_annotated/images/24a696fb1a873bec98ee896ee42c155138585ae05fca68727e207fe9f4ace5d7.png,ComplexDataLab/OpenFake,medium,1,0.9021698236465454,0.4,1
24b723f3555be4d0e4a65141ebfc7ffc990649e739d77443490d7dcffa29c9e5,autoannotated/images/24b723f3555be4d0e4a65141ebfc7ffc990649e739d77443490d7dcffa29c9e5.png,ComplexDataLab/OpenFake,medium,1,0.9055649042129517,0.4,1
24fc6ffd7b7d2feaf8e591a3c16222c41590ec0f286a478043c56992f7d52caa,human_annotated/images/24fc6ffd7b7d2feaf8e591a3c16222c41590ec0f286a478043c56992f7d52caa.jpg,RRDataset,medium,0,0.9689695835113525,0.4,1
25075697d21dec2a3be2c216625a8dc03306d1be27c3518210be1bcee7964c2b,autoannotated/images/25075697d21dec2a3be2c216625a8dc03306d1be27c3518210be1bcee7964c2b.png,RRDataset,medium,1,0.9623459577560425,0.4,1
25132420b6932c0a4cfd259d844dbcca97fd730286082f42486ebb93b5eeb8d7,autoannotated/images/25132420b6932c0a4cfd259d844dbcca97fd730286082f42486ebb93b5eeb8d7.jpg,ComplexDataLab/OpenFake,medium,0,0.8556895852088928,0.4,1
2537dad7ba2cdf047b3e22060a047e58bbb9d4e9e845b024530a813d49c02efc,human_annotated/images/2537dad7ba2cdf047b3e22060a047e58bbb9d4e9e845b024530a813d49c02efc.jpg,RRDataset,medium,0,0.9304541349411011,0.4,1
25451d167b7458ffd4c10e668935eba0a56bce9e11301b93e119b07321b358fd,human_annotated/images/25451d167b7458ffd4c10e668935eba0a56bce9e11301b93e119b07321b358fd.jpg,RRDataset,medium,0,0.145164355635643,0.4,0
2554b23bdf6bc5559f93bf1f6db54732700c6bbdabe57c77b283804122b213f4,human_annotated/images/2554b23bdf6bc5559f93bf1f6db54732700c6bbdabe57c77b283804122b213f4.jpg,ComplexDataLab/OpenFake,medium,0,0.029802832752466202,0.4,0
2561b5aef1af714dc2ad6572b1e0aa8307ee3c28307a41d41b707548d7b48049,autoannotated/images/2561b5aef1af714dc2ad6572b1e0aa8307ee3c28307a41d41b707548d7b48049.png,RRDataset,medium,1,0.9453722834587097,0.4,1
258a4fff7d57375204900017cb13fc6f61e4a297958d1c00f29a75e508b16283,autoannotated/images/258a4fff7d57375204900017cb13fc6f61e4a297958d1c00f29a75e508b16283.png,ComplexDataLab/OpenFake,medium,1,0.8384072184562683,0.4,1
259b62241565cbddbedef0871964e97143e41b4a1621eabb59f1ff8af137fd40,autoannotated/images/259b62241565cbddbedef0871964e97143e41b4a1621eabb59f1ff8af137fd40.png,saberzl/SID_Set,medium,1,0.9888797998428345,0.4,1
25a391bc2db5bf67c2da56c8dff03dea99a8770533c4bd0917c97eb299a39196,autoannotated/images/25a391bc2db5bf67c2da56c8dff03dea99a8770533c4bd0917c97eb299a39196.jpg,ComplexDataLab/OpenFake,medium,0,0.2515239417552948,0.4,0
25d07d57f81624369be866dcd8fecd85ad963fc948fab84d03b28fa6f66f087e,autoannotated/images/25d07d57f81624369be866dcd8fecd85ad963fc948fab84d03b28fa6f66f087e.png,RRDataset,medium,1,0.9776132702827454,0.4,1
25dbc9bb5f629818a89bffefe0d640280652b4cbef2fa34f02dc519dd1812618,autoannotated/images/25dbc9bb5f629818a89bffefe0d640280652b4cbef2fa34f02dc519dd1812618.jpg,RRDataset,medium,0,0.37698128819465637,0.4,0
25e0c5d9723a6e1bb4eecbfdcc74b7c73fa96b65655e623a63ae531b47b2a935,autoannotated/images/25e0c5d9723a6e1bb4eecbfdcc74b7c73fa96b65655e623a63ae531b47b2a935.png,RRDataset,medium,1,0.9636893272399902,0.4,1
25e41aa51dc6e739cf4e77ef570612af965e1a7c89de8b27a333a65ac05b1326,human_annotated/images/25e41aa51dc6e739cf4e77ef570612af965e1a7c89de8b27a333a65ac05b1326.webp,ComplexDataLab/OpenFake,medium,1,0.9801912307739258,0.4,1
2615f941b64aa628d24d16cdb7d1da7a2f9975815d49d3f8969eb4fc672b75d9,autoannotated/images/2615f941b64aa628d24d16cdb7d1da7a2f9975815d49d3f8969eb4fc672b75d9.jpg,ComplexDataLab/OpenFake,medium,0,0.007302653510123491,0.4,0
26554ec623d577e9f032586e09f08cd4b2fdcb872c8bffb65eaa0d6e0dba4a29,autoannotated/images/26554ec623d577e9f032586e09f08cd4b2fdcb872c8bffb65eaa0d6e0dba4a29.jpg,saberzl/SID_Set,medium,0,0.8958498239517212,0.4,1
26a0736a96d9e3dfa212abb09eb940a3fac70f6d1893d127d6211ca0ff4eed0e,autoannotated/images/26a0736a96d9e3dfa212abb09eb940a3fac70f6d1893d127d6211ca0ff4eed0e.png,RRDataset,medium,1,0.9982724189758301,0.4,1
26a57244bce0d8d73e339fb823acfc14134ed844ef1ea28d18826105599261ca,autoannotated/images/26a57244bce0d8d73e339fb823acfc14134ed844ef1ea28d18826105599261ca.jpg,saberzl/SID_Set,medium,0,0.9015119075775146,0.4,1
26d1386fe0f18bd55800603f8bc81c87b95c42438ab94de90088248282620a30,autoannotated/images/26d1386fe0f18bd55800603f8bc81c87b95c42438ab94de90088248282620a30.jpg,saberzl/SID_Set,medium,0,0.28911104798316956,0.4,0
270c5de8b1642e10e28105974382134caa9c631f7dce25554f24023dea8d8e6e,human_annotated/images/270c5de8b1642e10e28105974382134caa9c631f7dce25554f24023dea8d8e6e.jpg,saberzl/SID_Set,medium,0,0.3056612014770508,0.4,0
270f6736a2490a238b1a6ed9c97d76adc0a80fad88e3f3e47a9053db2fdc56f5,autoannotated/images/270f6736a2490a238b1a6ed9c97d76adc0a80fad88e3f3e47a9053db2fdc56f5.png,RRDataset,medium,1,0.8960787653923035,0.4,1
270fc41ca21933672cbe26c4a416c29ee77960dc6c1a7d517e4e35d0fa913ab4,autoannotated/images/270fc41ca21933672cbe26c4a416c29ee77960dc6c1a7d517e4e35d0fa913ab4.png,RRDataset,medium,1,0.9694530963897705,0.4,1
27181a257121302906ac0825fc5d0e30cd3dab312953c70192c3ebe202a31e68,human_annotated/images/27181a257121302906ac0825fc5d0e30cd3dab312953c70192c3ebe202a31e68.png,ComplexDataLab/OpenFake,medium,1,0.9850393533706665,0.4,1
273990b3d2312cbca678fc53171979ca5a1b19948f05d1647e9136091731c7d4,autoannotated/images/273990b3d2312cbca678fc53171979ca5a1b19948f05d1647e9136091731c7d4.png,ComplexDataLab/OpenFake,medium,1,0.9964786171913147,0.4,1
274bfe7ff8a246a7504670a9e62b7ded3b7c7355206da3bc8ddbd26fd1ec9f00,autoannotated/images/274bfe7ff8a246a7504670a9e62b7ded3b7c7355206da3bc8ddbd26fd1ec9f00.jpg,RRDataset,medium,0,0.8715513944625854,0.4,1
275d599c78b270ae7a59a921d94febffe3a86d55455897e09cb33a3e1346e8b7,autoannotated/images/275d599c78b270ae7a59a921d94febffe3a86d55455897e09cb33a3e1346e8b7.jpg,saberzl/SID_Set,medium,0,0.10027389973402023,0.4,0
27676cf12a8579e86c2903278ca9895b83138016d5de96f94183b0b0dd736a5f,autoannotated/images/27676cf12a8579e86c2903278ca9895b83138016d5de96f94183b0b0dd736a5f.jpg,ComplexDataLab/OpenFake,medium,0,0.8798498511314392,0.4,1
27958940f4f32e432400360f307197349233d84f18b01bcf7860c2d0b2db4966,human_annotated/images/27958940f4f32e432400360f307197349233d84f18b01bcf7860c2d0b2db4966.png,RRDataset,medium,1,0.9801060557365417,0.4,1
27959c275c42cb9bef4bb287672e84e13c39ac9bbe2e8cc2990133948315944a,autoannotated/images/27959c275c42cb9bef4bb287672e84e13c39ac9bbe2e8cc2990133948315944a.jpg,ComplexDataLab/OpenFake,medium,0,0.0317259207367897,0.4,0
279cc96aa5a815ac379898e3a41e9107cfbb9873b843654265e22cf576ada49f,autoannotated/images/279cc96aa5a815ac379898e3a41e9107cfbb9873b843654265e22cf576ada49f.jpg,RRDataset,medium,0,0.9896796941757202,0.4,1
27a8837396877f6e6c79abe739a969bbbed572cbab48a8ad372f4b3bec846b6e,human_annotated/images/27a8837396877f6e6c79abe739a969bbbed572cbab48a8ad372f4b3bec846b6e.png,ComplexDataLab/OpenFake,medium,1,0.9302253723144531,0.4,1
27a886a9c1db43eb8f36f42ac30d2024be1a476db0fc3e61cd4ecc06e36655fe,autoannotated/images/27a886a9c1db43eb8f36f42ac30d2024be1a476db0fc3e61cd4ecc06e36655fe.jpg,saberzl/SID_Set,medium,0,0.16305716335773468,0.4,0
27a8b2d173e69b062fed5ae9c96b8a439ec767cb7258a89255108a380acdd3ff,autoannotated/images/27a8b2d173e69b062fed5ae9c96b8a439ec767cb7258a89255108a380acdd3ff.jpg,ComplexDataLab/OpenFake,medium,0,0.002072761068120599,0.4,0
27bac3f84c7ce9a35e80c48e466ef30e4a5c0951f021a15f546c8f60d22cf429,autoannotated/images/27bac3f84c7ce9a35e80c48e466ef30e4a5c0951f021a15f546c8f60d22cf429.jpg,RRDataset,medium,0,0.9487547874450684,0.4,1
27bd2140e36ee16d66e0b0ee2aad1636b95331545b1f7484d50f278775a32719,human_annotated/images/27bd2140e36ee16d66e0b0ee2aad1636b95331545b1f7484d50f278775a32719.jpg,saberzl/SID_Set,medium,0,0.3396016061306,0.4,0
27c0c0973196a2d3c89f636e7b6068a17bd860804c862891d36284660d5d33b1,autoannotated/images/27c0c0973196a2d3c89f636e7b6068a17bd860804c862891d36284660d5d33b1.jpg,ComplexDataLab/OpenFake,medium,0,0.0032973375637084246,0.4,0
27dd2e18e8f1b1581c6fe5442368cec27738923f12cb891af27acda9d5d95d51,human_annotated/images/27dd2e18e8f1b1581c6fe5442368cec27738923f12cb891af27acda9d5d95d51.png,saberzl/SID_Set,medium,1,0.9810271263122559,0.4,1
27f6a88a65545ffb99a694d639ce6f5f1a582803a771d843303f34c15d8a3683,autoannotated/images/27f6a88a65545ffb99a694d639ce6f5f1a582803a771d843303f34c15d8a3683.jpg,saberzl/SID_Set,medium,0,0.17382530868053436,0.4,0
280c4f3c4b87f5c3ee9f8ecd8dcc11a17532719b311837d3c58cb06cf56ec39f,autoannotated/images/280c4f3c4b87f5c3ee9f8ecd8dcc11a17532719b311837d3c58cb06cf56ec39f.jpg,ComplexDataLab/OpenFake,medium,0,0.4063889980316162,0.4,1
281a4ff1e2fef3e13002c26c1821f6462729cef1ffdc184ce6538da338d82c0e,autoannotated/images/281a4ff1e2fef3e13002c26c1821f6462729cef1ffdc184ce6538da338d82c0e.jpg,ComplexDataLab/OpenFake,medium,0,0.9183257222175598,0.4,1
2823a509f7661ac9f4141e8e2a0a14219094c3b8acb571b1e1148fe48b6a26a2,autoannotated/images/2823a509f7661ac9f4141e8e2a0a14219094c3b8acb571b1e1148fe48b6a26a2.jpg,ComplexDataLab/OpenFake,medium,0,0.2398577183485031,0.4,0
286d9b91142b63d04c6fc188791f5548471277e634a32fad2c7fe907153b1fe3,human_annotated/images/286d9b91142b63d04c6fc188791f5548471277e634a32fad2c7fe907153b1fe3.png,RRDataset,medium,1,0.9868865609169006,0.4,1
2885a5072993bac19f66407d19c14f3f48b6bff88b6becaef4e2ddc51adcbc83,autoannotated/images/2885a5072993bac19f66407d19c14f3f48b6bff88b6becaef4e2ddc51adcbc83.jpg,RRDataset,medium,0,0.19301940500736237,0.4,0
2896e9ee6e0a02103f7c252ab54f66d6e699e4480e860083a15070c6bc5d4e0b,autoannotated/images/2896e9ee6e0a02103f7c252ab54f66d6e699e4480e860083a15070c6bc5d4e0b.png,RRDataset,medium,1,0.9971318244934082,0.4,1
289c3d2d731715a1afee54caeee6606ed2c97477fde31b85a3be275139ebcdc4,human_annotated/images/289c3d2d731715a1afee54caeee6606ed2c97477fde31b85a3be275139ebcdc4.jpg,ComplexDataLab/OpenFake,medium,0,0.0024800626561045647,0.4,0
28a686a50704ad0a58dd97a398bab0331751aad4a817904b7c7aaedd2dcd6d43,autoannotated/images/28a686a50704ad0a58dd97a398bab0331751aad4a817904b7c7aaedd2dcd6d43.png,ComplexDataLab/OpenFake,medium,0,0.7858666181564331,0.4,1
28a9df12939258b439a3fad4aefdc05fd09fb5bf4c9e4903658767cc06259477,autoannotated/images/28a9df12939258b439a3fad4aefdc05fd09fb5bf4c9e4903658767cc06259477.jpg,RRDataset,medium,1,0.8932428359985352,0.4,1
28aad55f47cc94fac797b797c40ef886632c61d770031b77ef253ee2f8f4cb75,autoannotated/images/28aad55f47cc94fac797b797c40ef886632c61d770031b77ef253ee2f8f4cb75.png,RRDataset,medium,1,0.9978525638580322,0.4,1
28cadb11b39940bceee2169f86611add06bed6126976518c32f40be142d8d695,autoannotated/images/28cadb11b39940bceee2169f86611add06bed6126976518c32f40be142d8d695.png,ComplexDataLab/OpenFake,medium,1,0.12106247246265411,0.4,0
28d7ce5200fff94bb0609a5486b19029014d00d9ced09de467c8b50b4f33a783,autoannotated/images/28d7ce5200fff94bb0609a5486b19029014d00d9ced09de467c8b50b4f33a783.png,ComplexDataLab/OpenFake,medium,1,0.9804348945617676,0.4,1
28e860fdcc4bdcd090b8760c9adb072c0ed63bb86d522cad1ab4be0e73af4e1b,autoannotated/images/28e860fdcc4bdcd090b8760c9adb072c0ed63bb86d522cad1ab4be0e73af4e1b.png,saberzl/SID_Set,medium,1,0.9993014335632324,0.4,1
28fa0466753ac97f41c7ae89a4e634aa2b63c6f5964a5c77d221cbf2277f4c8f,autoannotated/images/28fa0466753ac97f41c7ae89a4e634aa2b63c6f5964a5c77d221cbf2277f4c8f.webp,ComplexDataLab/OpenFake,medium,1,0.8777216672897339,0.4,1
28fc59b4391c8122a172865fc538818bb35aa55831a7ade2ef0b490659dcdb75,autoannotated/images/28fc59b4391c8122a172865fc538818bb35aa55831a7ade2ef0b490659dcdb75.jpg,saberzl/SID_Set,medium,0,0.5164221525192261,0.4,1
2900b6e799ecbab10ef1acbc88c6fdfa3f136118d16c22e816b7466b8fb012a9,autoannotated/images/2900b6e799ecbab10ef1acbc88c6fdfa3f136118d16c22e816b7466b8fb012a9.jpg,saberzl/SID_Set,medium,0,0.1534370481967926,0.4,0
291ed8d64a11d62e45c507d5c44add44d264f8b69dc07f32fec160aa91d51282,autoannotated/images/291ed8d64a11d62e45c507d5c44add44d264f8b69dc07f32fec160aa91d51282.png,RRDataset,medium,1,0.9806113243103027,0.4,1
292126a83a0b2418b772d4883d6f469e86e0dd1688dda27dfda6fe2785b5a35d,autoannotated/images/292126a83a0b2418b772d4883d6f469e86e0dd1688dda27dfda6fe2785b5a35d.png,saberzl/SID_Set,medium,1,0.9693189263343811,0.4,1
293860d0ddb530ae997fb95809ecf5c8c7d877e361073c65151a398e975eb541,autoannotated/images/293860d0ddb530ae997fb95809ecf5c8c7d877e361073c65151a398e975eb541.png,saberzl/SID_Set,medium,1,0.9239146113395691,0.4,1
2943a0b308a45d7150970bef160a0c67bf3768bf50ecb552e76ca85dd2716003,autoannotated/images/2943a0b308a45d7150970bef160a0c67bf3768bf50ecb552e76ca85dd2716003.jpg,ComplexDataLab/OpenFake,medium,0,7.053015724522993e-05,0.4,0
2947b67f7d93e8aafd3f99119d193d7af0042231e2c2246f1669297fd339c4a0,autoannotated/images/2947b67f7d93e8aafd3f99119d193d7af0042231e2c2246f1669297fd339c4a0.png,saberzl/SID_Set,medium,1,0.9579179286956787,0.4,1
29680b6392c2fe73c93b893367d55d0cdc9b6690b49086f115f9d1915d62b914,autoannotated/images/29680b6392c2fe73c93b893367d55d0cdc9b6690b49086f115f9d1915d62b914.jpg,ComplexDataLab/OpenFake,medium,0,0.048596303910017014,0.4,0
29681f1da9acdd16b0b32b6cfeecc3d85eddfb25563cdccaf141304e4265bf36,autoannotated/images/29681f1da9acdd16b0b32b6cfeecc3d85eddfb25563cdccaf141304e4265bf36.png,ComplexDataLab/OpenFake,medium,1,0.985220193862915,0.4,1
29773d60470655d4b32829ad4bb82577d9a9079c65a372d7a7eb927097648c69,autoannotated/images/29773d60470655d4b32829ad4bb82577d9a9079c65a372d7a7eb927097648c69.png,saberzl/SID_Set,medium,1,0.9811291098594666,0.4,1
29797f9829711b497c7836f9e3a87599dc76c68664bd14905af5ed3dfb020587,human_annotated/images/29797f9829711b497c7836f9e3a87599dc76c68664bd14905af5ed3dfb020587.png,saberzl/SID_Set,medium,1,0.9561300277709961,0.4,1
299e2de57f8371be987ea096817cd12342d020bb1bcc3c8d33d512133cd47d3f,human_annotated/images/299e2de57f8371be987ea096817cd12342d020bb1bcc3c8d33d512133cd47d3f.jpg,ComplexDataLab/OpenFake,medium,1,0.9859302639961243,0.4,1
299f3eee2127a6d5950cfeae126b9eb577848a570ecb4558a6376ef643c2847d,autoannotated/images/299f3eee2127a6d5950cfeae126b9eb577848a570ecb4558a6376ef643c2847d.png,saberzl/SID_Set,medium,1,0.9349494576454163,0.4,1
29a3654ae40ffb4317969610caa2668b26bf36abd97199a33d5c3a828a4012ea,autoannotated/images/29a3654ae40ffb4317969610caa2668b26bf36abd97199a33d5c3a828a4012ea.jpg,RRDataset,medium,0,0.866009533405304,0.4,1
29ba495ee9db933e84d3a5bb5aa1fc07cda00e1502bb6622175ac5d7b1226d2e,autoannotated/images/29ba495ee9db933e84d3a5bb5aa1fc07cda00e1502bb6622175ac5d7b1226d2e.jpg,saberzl/SID_Set,medium,0,0.0041556162759661674,0.4,0
2a0e686e53313dceb6234e6122ae9c81b27b54b473105674802669bc6250e0df,autoannotated/images/2a0e686e53313dceb6234e6122ae9c81b27b54b473105674802669bc6250e0df.png,saberzl/SID_Set,medium,1,0.9911337494850159,0.4,1
2a1ea8ce014057b6977a8b6bea9efcb4c26e81da93d5910c90a3095fd0b22c3e,human_annotated/images/2a1ea8ce014057b6977a8b6bea9efcb4c26e81da93d5910c90a3095fd0b22c3e.jpg,saberzl/SID_Set,medium,0,0.4691363573074341,0.4,1
2a2c78b2cbf7c7f2c35664165da446b51911fa59b41e825256c10b2ca3778197,autoannotated/images/2a2c78b2cbf7c7f2c35664165da446b51911fa59b41e825256c10b2ca3778197.jpg,saberzl/SID_Set,medium,0,0.987203061580658,0.4,1
2a2dae5c8c368a180bd5bb6a244b4ed579432e49aed447816fa23a95422791f0,autoannotated/images/2a2dae5c8c368a180bd5bb6a244b4ed579432e49aed447816fa23a95422791f0.jpg,RRDataset,medium,0,0.9025745391845703,0.4,1
2a5aeba114ea5646a874c71faa71890d3089d0770880c1be772c49ebca5bba2a,autoannotated/images/2a5aeba114ea5646a874c71faa71890d3089d0770880c1be772c49ebca5bba2a.jpg,saberzl/SID_Set,medium,0,0.07476045936346054,0.4,0
2a71416bd56fbf41e6477b2fb5e7fcaa7922a1cf10966c623f8cdcf35a504262,autoannotated/images/2a71416bd56fbf41e6477b2fb5e7fcaa7922a1cf10966c623f8cdcf35a504262.jpg,saberzl/SID_Set,medium,0,0.31563225388526917,0.4,0
2a99484982bb0adad44a10648158002e076573b230500276bee93350f6562505,human_annotated/images/2a99484982bb0adad44a10648158002e076573b230500276bee93350f6562505.png,ComplexDataLab/OpenFake,medium,1,0.37542077898979187,0.4,0
2aaceb0e8e00881cd6c05a1db9ff58605921a24b7e06ccc410645e00a45cf9e3,human_annotated/images/2aaceb0e8e00881cd6c05a1db9ff58605921a24b7e06ccc410645e00a45cf9e3.jpg,RRDataset,medium,0,0.8960126042366028,0.4,1
2ac9177444263973f36c8a885913841ac881cd7e43fa29fdd7c5fa0d051faf2b,autoannotated/images/2ac9177444263973f36c8a885913841ac881cd7e43fa29fdd7c5fa0d051faf2b.png,RRDataset,medium,1,0.8940790295600891,0.4,1
2afea4deb8302970fcd39a773ccee969ccf72f4b7cc54285663df7aa5cc65d64,autoannotated/images/2afea4deb8302970fcd39a773ccee969ccf72f4b7cc54285663df7aa5cc65d64.png,ComplexDataLab/OpenFake,medium,1,0.339852899312973,0.4,0
2b11cf7acaf1da939198187526f00d6d99d44a2905ae33d71d2d4b602bc5cd4c,autoannotated/images/2b11cf7acaf1da939198187526f00d6d99d44a2905ae33d71d2d4b602bc5cd4c.jpg,saberzl/SID_Set,medium,0,0.4451245367527008,0.4,1
2b1492034c8be174af5a505272a20e2507b001473567615d4c0b45d96284bb25,autoannotated/images/2b1492034c8be174af5a505272a20e2507b001473567615d4c0b45d96284bb25.jpg,RRDataset,medium,0,0.6944267153739929,0.4,1
2b2ac564e369183734573985705ff4560a97d7a45122d11d0782eb887169cb55,autoannotated/images/2b2ac564e369183734573985705ff4560a97d7a45122d11d0782eb887169cb55.png,RRDataset,medium,1,0.9828284382820129,0.4,1
2b2c58d58c1dea1f4517af7c9ba93c1762c35420f903eea52fd9038873c847dc,autoannotated/images/2b2c58d58c1dea1f4517af7c9ba93c1762c35420f903eea52fd9038873c847dc.jpg,RRDataset,medium,0,0.13367187976837158,0.4,0
2b2c9cbf3fd0894ab127c7fa493d8252d3cda0c007b76f565452d02a369fb1e5,autoannotated/images/2b2c9cbf3fd0894ab127c7fa493d8252d3cda0c007b76f565452d02a369fb1e5.png,ComplexDataLab/OpenFake,medium,1,0.6189417839050293,0.4,1
2b7d8068b766410a483dd8946aad2d30415b70b34c352d99bdf591007e66bee3,autoannotated/images/2b7d8068b766410a483dd8946aad2d30415b70b34c352d99bdf591007e66bee3.jpg,saberzl/SID_Set,medium,0,0.00123998848721385,0.4,0
2b894bff7e5ab3ef0fa03c9d2358f96c36f26780a62e8da2afbcb04483c0086d,autoannotated/images/2b894bff7e5ab3ef0fa03c9d2358f96c36f26780a62e8da2afbcb04483c0086d.png,saberzl/SID_Set,medium,1,0.9899999499320984,0.4,1
2b9e888aedeba4bfebc80a21a81d25423bc5b5d3117d8c31efa5f2db4c136962,human_annotated/images/2b9e888aedeba4bfebc80a21a81d25423bc5b5d3117d8c31efa5f2db4c136962.jpg,ComplexDataLab/OpenFake,medium,0,0.09076383709907532,0.4,0
2ba9f2ad281358c669664fd53ba16a4b0f73780b37184c4831ecec07d96c9464,autoannotated/images/2ba9f2ad281358c669664fd53ba16a4b0f73780b37184c4831ecec07d96c9464.png,saberzl/SID_Set,medium,1,0.9919074773788452,0.4,1
2bbc439f793138b7c3b99e9457d3c2ff7e8a57274760e565bbc549763475b626,autoannotated/images/2bbc439f793138b7c3b99e9457d3c2ff7e8a57274760e565bbc549763475b626.jpg,ComplexDataLab/OpenFake,medium,0,0.7740800976753235,0.4,1
2bec92a2edfe95c1ad52b61f043b094a0865aeb26cf4c6df677155d2a7193591,autoannotated/images/2bec92a2edfe95c1ad52b61f043b094a0865aeb26cf4c6df677155d2a7193591.jpg,RRDataset,medium,0,0.08336260169744492,0.4,0
2c1575eac884ba672c6e56bc30672b7087ac1ed956c1b48cd1bad16326331981,human_annotated/images/2c1575eac884ba672c6e56bc30672b7087ac1ed956c1b48cd1bad16326331981.jpg,saberzl/SID_Set,medium,0,0.1733711212873459,0.4,0
2c16f8e7e37401d5e6b43dc529c8358f1178a46082940c92713cd07a1a8b4b33,autoannotated/images/2c16f8e7e37401d5e6b43dc529c8358f1178a46082940c92713cd07a1a8b4b33.jpg,RRDataset,medium,0,0.6195088624954224,0.4,1
2c1e2af504ffce84a1527da7070ca92b08b16444a1bbbcbe6fbc874dc143e7ea,autoannotated/images/2c1e2af504ffce84a1527da7070ca92b08b16444a1bbbcbe6fbc874dc143e7ea.jpg,RRDataset,medium,1,0.2375655323266983,0.4,0
2c2d40c41e091183540f595a9f2703cd977ace11415a13e25a04ab566186af59,autoannotated/images/2c2d40c41e091183540f595a9f2703cd977ace11415a13e25a04ab566186af59.png,ComplexDataLab/OpenFake,medium,1,0.8671110272407532,0.4,1
2c4046be54a5534553c2d07ea0529fe42cf5be8448756c7a37e4e29e154d020e,autoannotated/images/2c4046be54a5534553c2d07ea0529fe42cf5be8448756c7a37e4e29e154d020e.png,saberzl/SID_Set,medium,1,0.9732598066329956,0.4,1
2c61e5a2ad87942c11036759b40c98692c7b6cf06ab3b2a3c771f31dea5a73e8,autoannotated/images/2c61e5a2ad87942c11036759b40c98692c7b6cf06ab3b2a3c771f31dea5a73e8.jpg,ComplexDataLab/OpenFake,medium,0,0.009571701288223267,0.4,0
2c75550c7fa6507e0090ee20fc830929209a972eec8fa22df5e5c13b21d5c513,human_annotated/images/2c75550c7fa6507e0090ee20fc830929209a972eec8fa22df5e5c13b21d5c513.png,RRDataset,medium,1,0.9887930750846863,0.4,1
2c78191d83992e731b62b547939e68e30de8c9850fcdf39181aa10039ae73c84,autoannotated/images/2c78191d83992e731b62b547939e68e30de8c9850fcdf39181aa10039ae73c84.jpg,RRDataset,medium,0,0.912220299243927,0.4,1
2cc8811be7a4f5ac03f084dba2944a54924d1aa807ad1308375f88768cd78836,autoannotated/images/2cc8811be7a4f5ac03f084dba2944a54924d1aa807ad1308375f88768cd78836.png,saberzl/SID_Set,medium,1,0.9757649302482605,0.4,1
2cd302268bcb1b5470907211340d97c0a808cd4f5079925826838b61938bb96b,autoannotated/images/2cd302268bcb1b5470907211340d97c0a808cd4f5079925826838b61938bb96b.jpg,RRDataset,medium,0,0.9032297134399414,0.4,1
2cedd046a1bf6aa83ead3528de882b12bfb8b3cdb79ff6f812e7621ae43e7619,autoannotated/images/2cedd046a1bf6aa83ead3528de882b12bfb8b3cdb79ff6f812e7621ae43e7619.jpg,saberzl/SID_Set,medium,0,0.04464516416192055,0.4,0
2cf956554468751388825ab0845762abd0791056e3279437e24ff687fec05205,human_annotated/images/2cf956554468751388825ab0845762abd0791056e3279437e24ff687fec05205.jpg,RRDataset,medium,0,0.9806244969367981,0.4,1
2cff00c7f79e9711c904a2810e7d2585f60fc08d107e2c7c944363dbf12eb878,autoannotated/images/2cff00c7f79e9711c904a2810e7d2585f60fc08d107e2c7c944363dbf12eb878.jpg,saberzl/SID_Set,medium,0,0.745479941368103,0.4,1
2d1d1b0034d983c3552cd0a6842080e0a0ffa8e45bc3974cf4d593da53f44825,autoannotated/images/2d1d1b0034d983c3552cd0a6842080e0a0ffa8e45bc3974cf4d593da53f44825.png,RRDataset,medium,1,0.897673487663269,0.4,1
2d370f2b6637915b92b4404a7387767a4cd63c6591df555c1364293d5a5e49ee,autoannotated/images/2d370f2b6637915b92b4404a7387767a4cd63c6591df555c1364293d5a5e49ee.jpg,ComplexDataLab/OpenFake,medium,0,0.0589265450835228,0.4,0
2d391874f9fae7303f4aaee54b5b880e68f208c0f037c52a5f0d9e6154a6cf9d,autoannotated/images/2d391874f9fae7303f4aaee54b5b880e68f208c0f037c52a5f0d9e6154a6cf9d.png,ComplexDataLab/OpenFake,medium,1,0.5322939157485962,0.4,1
2d3e0bcb39625517cf44b44331d16741371ffc034f129b397e5efdb585ec9017,human_annotated/images/2d3e0bcb39625517cf44b44331d16741371ffc034f129b397e5efdb585ec9017.jpg,ComplexDataLab/OpenFake,medium,0,0.025558730587363243,0.4,0
2d406380fa01bb0f69caf279087582f0bffb617b2c0de877a9ec75611c83ea26,human_annotated/images/2d406380fa01bb0f69caf279087582f0bffb617b2c0de877a9ec75611c83ea26.png,ComplexDataLab/OpenFake,medium,1,0.8856143355369568,0.4,1
2d800df5b0525264f52afee0d9f9701da09977e0f7eed066e5d11cba87bbc468,autoannotated/images/2d800df5b0525264f52afee0d9f9701da09977e0f7eed066e5d11cba87bbc468.jpg,saberzl/SID_Set,medium,0,0.022715162485837936,0.4,0
2db046ead02ac566454f46dbfe20fe49c834c11f1c86c43d8d8087a986adb3cd,autoannotated/images/2db046ead02ac566454f46dbfe20fe49c834c11f1c86c43d8d8087a986adb3cd.png,ComplexDataLab/OpenFake,medium,1,0.9965646862983704,0.4,1
2db98325232bb7d6cf4f996a8ca09365ddd8052a76f7fc1fe1bf7c6c47588201,human_annotated/images/2db98325232bb7d6cf4f996a8ca09365ddd8052a76f7fc1fe1bf7c6c47588201.png,ComplexDataLab/OpenFake,medium,1,0.09393706172704697,0.4,0
2dd0c282b1fe3810860bbb5ff5e4868336e1f444f91377231a1794ac123c6c84,autoannotated/images/2dd0c282b1fe3810860bbb5ff5e4868336e1f444f91377231a1794ac123c6c84.jpg,ComplexDataLab/OpenFake,medium,0,0.007227499969303608,0.4,0
2e025f6d395309f0b4c489a4efddaf3467ed23518bad3e1468d3f190155bf7c3,autoannotated/images/2e025f6d395309f0b4c489a4efddaf3467ed23518bad3e1468d3f190155bf7c3.jpg,RRDataset,medium,0,0.5678932666778564,0.4,1
2e1914ab09691e55c6f49ca4d481b0e36265b74f98c8737ca432288d202c5bae,autoannotated/images/2e1914ab09691e55c6f49ca4d481b0e36265b74f98c8737ca432288d202c5bae.jpg,RRDataset,medium,0,0.9880373477935791,0.4,1
2e1ff99c1f4cd9306a6fa9255334eb54cc2e68f796c7144549435fd5a1008ca7,autoannotated/images/2e1ff99c1f4cd9306a6fa9255334eb54cc2e68f796c7144549435fd5a1008ca7.png,RRDataset,medium,1,0.8560684323310852,0.4,1
2e2057104c6913d55bf44b57479bd6126bcf6c33eb4ccd8469787b4587efeb84,autoannotated/images/2e2057104c6913d55bf44b57479bd6126bcf6c33eb4ccd8469787b4587efeb84.jpg,RRDataset,medium,0,0.2913542091846466,0.4,0
2e34205327010e31e5a4d55e4b66d2aa9715990701c62d60e4b204cb8948901f,autoannotated/images/2e34205327010e31e5a4d55e4b66d2aa9715990701c62d60e4b204cb8948901f.jpg,RRDataset,medium,0,0.9458597898483276,0.4,1
2e4a8c113c6474337f27b6c3dfb0800d5528fdcc2e4677aae8915313f84fba07,autoannotated/images/2e4a8c113c6474337f27b6c3dfb0800d5528fdcc2e4677aae8915313f84fba07.jpg,saberzl/SID_Set,medium,0,0.0064741396345198154,0.4,0
2e58e17899ace162ae471cb588b7b18bb0061b5399224604528778d0da05356f,human_annotated/images/2e58e17899ace162ae471cb588b7b18bb0061b5399224604528778d0da05356f.png,ComplexDataLab/OpenFake,medium,1,0.8868252635002136,0.4,1
2e5ed0702d36f5e3126b4537917f0da662da540a6b6108a896572d2cfa8600c5,autoannotated/images/2e5ed0702d36f5e3126b4537917f0da662da540a6b6108a896572d2cfa8600c5.png,saberzl/SID_Set,medium,1,0.924750030040741,0.4,1
2e6cbae2a2050133a6acff458b9af36dc4192eb027c039456ca248484fbf607b,human_annotated/images/2e6cbae2a2050133a6acff458b9af36dc4192eb027c039456ca248484fbf607b.jpg,ComplexDataLab/OpenFake,medium,0,0.3690923750400543,0.4,0
2e87e0b4c29bb18868b31a4cc57a4bc3eac10c7f8f11df578edd49811f9e2375,autoannotated/images/2e87e0b4c29bb18868b31a4cc57a4bc3eac10c7f8f11df578edd49811f9e2375.png,ComplexDataLab/OpenFake,medium,1,0.9980669617652893,0.4,1
2e97f4ff303aa19c9485a9def34289bb6314b012d91941f8b06aa34b2310c2a9,human_annotated/images/2e97f4ff303aa19c9485a9def34289bb6314b012d91941f8b06aa34b2310c2a9.jpg,RRDataset,medium,0,0.23625785112380981,0.4,0
2e9ad884489c58699a677369db209666bad59fff1c92a84a500db311e12af6ea,autoannotated/images/2e9ad884489c58699a677369db209666bad59fff1c92a84a500db311e12af6ea.jpg,saberzl/SID_Set,medium,0,0.3578898310661316,0.4,0
2edfd530ede74b54ea89d8c6cc0336937263d8ac737be19114a0c4775b19ecc3,human_annotated/images/2edfd530ede74b54ea89d8c6cc0336937263d8ac737be19114a0c4775b19ecc3.jpg,RRDataset,medium,0,0.9748552441596985,0.4,1
2ee27d64dd6abc8757b5352bba40781b20e981690c2db22cd649af8c831cb2fc,autoannotated/images/2ee27d64dd6abc8757b5352bba40781b20e981690c2db22cd649af8c831cb2fc.png,ComplexDataLab/OpenFake,medium,1,0.7054792642593384,0.4,1
2ef9deb9e5df67e7051de34343e46a1724872bbb050445255ffa4922b3b5429b,autoannotated/images/2ef9deb9e5df67e7051de34343e46a1724872bbb050445255ffa4922b3b5429b.jpg,ComplexDataLab/OpenFake,medium,0,0.16017168760299683,0.4,0
2f078c8010aef235e6d0fcff95dfa218956c8a4ab0ee1c472b6c33f6a2d51bc2,autoannotated/images/2f078c8010aef235e6d0fcff95dfa218956c8a4ab0ee1c472b6c33f6a2d51bc2.png,RRDataset,medium,1,0.9334834218025208,0.4,1
2f4e52767856766db3b8c93ba96a98cc7caa6117fdbdb472e6cc2e12628e4707,autoannotated/images/2f4e52767856766db3b8c93ba96a98cc7caa6117fdbdb472e6cc2e12628e4707.jpg,ComplexDataLab/OpenFake,medium,0,0.12261135876178741,0.4,0
2f50e5b10e7942a4a438ac4d35a041ec8125effcf600625abd80bcc10568615f,autoannotated/images/2f50e5b10e7942a4a438ac4d35a041ec8125effcf600625abd80bcc10568615f.jpg,RRDataset,medium,0,0.8478325605392456,0.4,1
2f6710bfbad7a6464ab7122d444c68191b2827aa2736bf8cc8879843591d82e3,autoannotated/images/2f6710bfbad7a6464ab7122d444c68191b2827aa2736bf8cc8879843591d82e3.jpg,RRDataset,medium,0,0.9978698492050171,0.4,1
2f715c1d6a6e245d4319a4eb351947e23088146f2d9ee7648404082989056fa3,autoannotated/images/2f715c1d6a6e245d4319a4eb351947e23088146f2d9ee7648404082989056fa3.jpg,RRDataset,medium,0,0.2490270435810089,0.4,0
2f7b11bca7fa597d82b033ce7b2e54ae82eef87ca7e7d2282ad961378243a816,autoannotated/images/2f7b11bca7fa597d82b033ce7b2e54ae82eef87ca7e7d2282ad961378243a816.jpg,ComplexDataLab/OpenFake,medium,0,0.015190716832876205,0.4,0
2f7c27920584d66703b0b302e3a6e3b5be13339bddf6c606ba2390a3d86bae8a,human_annotated/images/2f7c27920584d66703b0b302e3a6e3b5be13339bddf6c606ba2390a3d86bae8a.jpg,ComplexDataLab/OpenFake,medium,0,0.12940290570259094,0.4,0
2f9270b47fb2c46f51e204d1d3fc260ab3628d1b52fa23d9257859ffe8f09402,autoannotated/images/2f9270b47fb2c46f51e204d1d3fc260ab3628d1b52fa23d9257859ffe8f09402.jpg,RRDataset,medium,0,0.020609287545084953,0.4,0
2fd7dfeae360c67b95d7a9982208c144694ed52458bf7b75efc49252daf31c80,human_annotated/images/2fd7dfeae360c67b95d7a9982208c144694ed52458bf7b75efc49252daf31c80.png,saberzl/SID_Set,medium,1,0.967965841293335,0.4,1
2fe3883bbe00030fd767436de847d1acdce36792aaf6cd0fbb054e1b72689b41,human_annotated/images/2fe3883bbe00030fd767436de847d1acdce36792aaf6cd0fbb054e1b72689b41.png,ComplexDataLab/OpenFake,medium,1,0.9638365507125854,0.4,1
3016cfebab5dc44162cff763c92c92bec977880b0740f30fe3cecc63cfaa4343,human_annotated/images/3016cfebab5dc44162cff763c92c92bec977880b0740f30fe3cecc63cfaa4343.png,ComplexDataLab/OpenFake,medium,1,0.8055248260498047,0.4,1
3043d6f4f21d52ab39952f9e5c5384481be9704fd689be3d9674c97bf9d38ec1,autoannotated/images/3043d6f4f21d52ab39952f9e5c5384481be9704fd689be3d9674c97bf9d38ec1.png,saberzl/SID_Set,medium,1,0.9924830794334412,0.4,1
3045d43673a6b95835d6974a70e31012d125e97b49c4c43484732c70a645caff,autoannotated/images/3045d43673a6b95835d6974a70e31012d125e97b49c4c43484732c70a645caff.png,saberzl/SID_Set,medium,1,0.868391752243042,0.4,1
304ac65815c86f645739662978efea6b32456385c59ce1c1418d76729da13bbc,human_annotated/images/304ac65815c86f645739662978efea6b32456385c59ce1c1418d76729da13bbc.jpg,RRDataset,medium,0,0.781314492225647,0.4,1
30568b4bdba0c59f5ce767b4f0fde65d74b8ce92093bdd7619d19777e72c4500,autoannotated/images/30568b4bdba0c59f5ce767b4f0fde65d74b8ce92093bdd7619d19777e72c4500.png,saberzl/SID_Set,medium,1,0.9863077998161316,0.4,1
30b9eccbf9c76256a014540d505719d96380de0c54951bbb3d50da2a985c7619,autoannotated/images/30b9eccbf9c76256a014540d505719d96380de0c54951bbb3d50da2a985c7619.jpg,ComplexDataLab/OpenFake,medium,0,0.8699480295181274,0.4,1
30bbeeebf2154d6e1244199bee24ffd07f687dee3e8d19bdccad83455b3f3281,autoannotated/images/30bbeeebf2154d6e1244199bee24ffd07f687dee3e8d19bdccad83455b3f3281.png,RRDataset,medium,1,0.6021822094917297,0.4,1
30d7352552aced17ab1270f1ed38a611e87bb75a007aa03bf80c995b56c365e5,autoannotated/images/30d7352552aced17ab1270f1ed38a611e87bb75a007aa03bf80c995b56c365e5.png,ComplexDataLab/OpenFake,medium,1,0.9780554175376892,0.4,1
312180e2c05a28ed1b8efd668b452bba2fb14024a7b0183c8d75b556a28c147a,autoannotated/images/312180e2c05a28ed1b8efd668b452bba2fb14024a7b0183c8d75b556a28c147a.png,ComplexDataLab/OpenFake,medium,1,0.9352256059646606,0.4,1
312fe8f53e69ddc14b7eeb707b15f62a616584013eea24046fed732d05d7dd6f,human_annotated/images/312fe8f53e69ddc14b7eeb707b15f62a616584013eea24046fed732d05d7dd6f.jpg,ComplexDataLab/OpenFake,medium,0,0.31880831718444824,0.4,0
313cce82f3c03c637047ef4b59efd76e69a9baf6729b30d971da75fe60bce2ea,autoannotated/images/313cce82f3c03c637047ef4b59efd76e69a9baf6729b30d971da75fe60bce2ea.png,RRDataset,medium,1,0.9339361786842346,0.4,1
31615e31a6ee25d01f678556dd0d4b637b40db890e6e52ac307dc3469de7da21,autoannotated/images/31615e31a6ee25d01f678556dd0d4b637b40db890e6e52ac307dc3469de7da21.png,saberzl/SID_Set,medium,1,0.9947522878646851,0.4,1
3174fe2a4ab8ef6794a39c7b22ae3419bd9b03fff2ee7b3fd9af5af54957fa2a,human_annotated/images/3174fe2a4ab8ef6794a39c7b22ae3419bd9b03fff2ee7b3fd9af5af54957fa2a.jpg,RRDataset,medium,0,0.6673516631126404,0.4,1
317960cdb93ed395e34cdaac6e99ced6e792b82eec15462e64fcef9ebc97756e,human_annotated/images/317960cdb93ed395e34cdaac6e99ced6e792b82eec15462e64fcef9ebc97756e.jpg,saberzl/SID_Set,medium,0,0.16111427545547485,0.4,0
31b3713409f03cafa12d0ae7de7778fc25b3816441998997c04a8a3758bbee35,human_annotated/images/31b3713409f03cafa12d0ae7de7778fc25b3816441998997c04a8a3758bbee35.jpg,saberzl/SID_Set,medium,0,0.004093768075108528,0.4,0
31c96ec1c4d00cee1f5cf7e973062c9d4197222a845d4c2ec606d5179b0037f6,autoannotated/images/31c96ec1c4d00cee1f5cf7e973062c9d4197222a845d4c2ec606d5179b0037f6.jpg,ComplexDataLab/OpenFake,medium,0,0.00028453883714973927,0.4,0
31e667fc7f286991cc50729f201ce5e6c0c8a7c36e1e2512648976e54e7bc7da,human_annotated/images/31e667fc7f286991cc50729f201ce5e6c0c8a7c36e1e2512648976e54e7bc7da.png,ComplexDataLab/OpenFake,medium,1,0.9967023730278015,0.4,1
32065675afc7fb5b8a8196675c978130f00681b9f2b64cdf977f6508e49da7d0,autoannotated/images/32065675afc7fb5b8a8196675c978130f00681b9f2b64cdf977f6508e49da7d0.png,RRDataset,medium,1,0.9814857840538025,0.4,1
323ada0deac835aa02eb5d023c1cb59fce4ba68cc6d85fb3193bfbf8ea74d924,autoannotated/images/323ada0deac835aa02eb5d023c1cb59fce4ba68cc6d85fb3193bfbf8ea74d924.png,saberzl/SID_Set,medium,1,0.981010377407074,0.4,1
323bb2fadc70a402c9fd59d98726fa5612b37ae5ff9f63613af0d331e376e845,autoannotated/images/323bb2fadc70a402c9fd59d98726fa5612b37ae5ff9f63613af0d331e376e845.jpg,saberzl/SID_Set,medium,0,0.019719703122973442,0.4,0
3285e4e9e8222149709364d29c0c19254347a33752e46edf527345c3c919fac4,autoannotated/images/3285e4e9e8222149709364d29c0c19254347a33752e46edf527345c3c919fac4.png,ComplexDataLab/OpenFake,medium,1,0.37417563796043396,0.4,0
3295f87206de31aa4b97ad0feef9b9eccfccccec5209545c7efbb6fa5418d82a,autoannotated/images/3295f87206de31aa4b97ad0feef9b9eccfccccec5209545c7efbb6fa5418d82a.png,saberzl/SID_Set,medium,1,0.9236053824424744,0.4,1
32a03e436e2a458b0389c064e63bcbc15843742342626dd674c574261c47c6d6,human_annotated/images/32a03e436e2a458b0389c064e63bcbc15843742342626dd674c574261c47c6d6.jpg,ComplexDataLab/OpenFake,medium,0,0.006685443688184023,0.4,0
32f4c3813e9ed8c16bbff628ffe3becfd1bb6320d5a3f7488150d9baa4cf2896,human_annotated/images/32f4c3813e9ed8c16bbff628ffe3becfd1bb6320d5a3f7488150d9baa4cf2896.png,RRDataset,medium,1,0.9377949833869934,0.4,1
330f404ffd3d6dbec9f8dd5ad04355854da70cb19b3a16cb390be41f72c51dca,autoannotated/images/330f404ffd3d6dbec9f8dd5ad04355854da70cb19b3a16cb390be41f72c51dca.jpg,RRDataset,medium,0,0.134303018450737,0.4,0
3326ce9d8557a3531d3eeae239a4692bf8db0cbb5c34161ff6e94a3f57f98c11,autoannotated/images/3326ce9d8557a3531d3eeae239a4692bf8db0cbb5c34161ff6e94a3f57f98c11.jpg,saberzl/SID_Set,medium,0,0.5333387851715088,0.4,1
33484880eed1968cd54d18e9b4a61c7b98cde871241563e9f97d2864043eb09c,autoannotated/images/33484880eed1968cd54d18e9b4a61c7b98cde871241563e9f97d2864043eb09c.png,ComplexDataLab/OpenFake,medium,1,0.9943706393241882,0.4,1
3351fd00977d9b9b7141a2c75e71c9762d81f8d3ec1b29c1d20f6910f2f0108c,autoannotated/images/3351fd00977d9b9b7141a2c75e71c9762d81f8d3ec1b29c1d20f6910f2f0108c.png,ComplexDataLab/OpenFake,medium,1,0.9324409365653992,0.4,1
3357298b6233ebb421b74d603162697dfa22e0306554ccc22efa9b0e0e61b93d,autoannotated/images/3357298b6233ebb421b74d603162697dfa22e0306554ccc22efa9b0e0e61b93d.png,saberzl/SID_Set,medium,1,0.7593372464179993,0.4,1
335fe38c59ae1f845cabd5d063d20f4c9019f19f78de4cfa3779a644f0d8f462,autoannotated/images/335fe38c59ae1f845cabd5d063d20f4c9019f19f78de4cfa3779a644f0d8f462.jpg,RRDataset,medium,0,0.9603253602981567,0.4,1
33752ff4140bba5607f4567fa8b4a0c34cf8a2dcb26b8d0b576f035437891a30,human_annotated/images/33752ff4140bba5607f4567fa8b4a0c34cf8a2dcb26b8d0b576f035437891a30.png,RRDataset,medium,1,0.9878102540969849,0.4,1
339f4941d4aacda4a4133de2c0caac004f7c23e3c5671dfbff8523128e11d053,human_annotated/images/339f4941d4aacda4a4133de2c0caac004f7c23e3c5671dfbff8523128e11d053.png,RRDataset,medium,1,0.5742543339729309,0.4,1
33a1b26d3485cfc9f23634a7026fb65523fbf5e4a1a73f407c7c4abad9947c9d,autoannotated/images/33a1b26d3485cfc9f23634a7026fb65523fbf5e4a1a73f407c7c4abad9947c9d.jpg,RRDataset,medium,0,0.4682577848434448,0.4,1
33a3792dac9ca3840412daeaed4fcd6f798e92893bed317a5b2dd7f7ed79b002,human_annotated/images/33a3792dac9ca3840412daeaed4fcd6f798e92893bed317a5b2dd7f7ed79b002.webp,ComplexDataLab/OpenFake,medium,1,0.06511839479207993,0.4,0
33ec00f664817cab50c1ba97732b7214d71400e7fd474fcc9eb729ccb9d015d9,autoannotated/images/33ec00f664817cab50c1ba97732b7214d71400e7fd474fcc9eb729ccb9d015d9.png,ComplexDataLab/OpenFake,medium,1,0.9645047187805176,0.4,1
33ef181b98b1c81f18e6db7b805686d0441fbe009c6ac97b53479dab03909a23,human_annotated/images/33ef181b98b1c81f18e6db7b805686d0441fbe009c6ac97b53479dab03909a23.png,RRDataset,medium,1,0.9969774484634399,0.4,1
33f63c292351a238a642fabcbfafb9a33048e51593fa413d6b8d3345a16c2cb1,autoannotated/images/33f63c292351a238a642fabcbfafb9a33048e51593fa413d6b8d3345a16c2cb1.png,RRDataset,medium,1,0.9637495279312134,0.4,1
340dc663c9acd9d0107fab659067e9289d4ec8a60de1d82570424711d4c835b9,autoannotated/images/340dc663c9acd9d0107fab659067e9289d4ec8a60de1d82570424711d4c835b9.png,saberzl/SID_Set,medium,1,0.9575964212417603,0.4,1
341cbb369afb44c8cc8786689b7845ad2d124417b6025370089bab3b0bf336de,autoannotated/images/341cbb369afb44c8cc8786689b7845ad2d124417b6025370089bab3b0bf336de.png,ComplexDataLab/OpenFake,medium,1,0.6514939665794373,0.4,1
344f699e4b73aafdda3a8bc284655662bfb26cdd0ad172b8d67b9b4950b00dda,autoannotated/images/344f699e4b73aafdda3a8bc284655662bfb26cdd0ad172b8d67b9b4950b00dda.jpg,RRDataset,medium,0,0.011374968104064465,0.4,0
3472b378ba5684e266307c1be123518115fd738e276e5433f150126696832555,autoannotated/images/3472b378ba5684e266307c1be123518115fd738e276e5433f150126696832555.png,RRDataset,medium,1,0.7738934755325317,0.4,1
3482eda7e6b9737bb23222fb54bb318c125396f7bc6312dc796dcd8938df532e,autoannotated/images/3482eda7e6b9737bb23222fb54bb318c125396f7bc6312dc796dcd8938df532e.jpg,RRDataset,medium,0,0.7597078084945679,0.4,1
349ce5ac4f6f4fe39518c678d347053a76da7ba1407a21c44250d7f3bb9d1d17,human_annotated/images/349ce5ac4f6f4fe39518c678d347053a76da7ba1407a21c44250d7f3bb9d1d17.png,RRDataset,medium,1,0.9992204904556274,0.4,1
34cddedfccad61fd9ba9b7b6ac4dac8d90f965a0035d2f31e01099418ecfd721,autoannotated/images/34cddedfccad61fd9ba9b7b6ac4dac8d90f965a0035d2f31e01099418ecfd721.png,saberzl/SID_Set,medium,1,0.9966183304786682,0.4,1
34e838ac1f8a3a49aced48cbe85d63cd99d8e4a87c7ea6aa1db09f385d65fcee,autoannotated/images/34e838ac1f8a3a49aced48cbe85d63cd99d8e4a87c7ea6aa1db09f385d65fcee.jpg,ComplexDataLab/OpenFake,medium,0,0.07157021760940552,0.4,0
34f29c4d2bc8fa7ac099cf1731789539b265cee378973f73f06968be4a856849,autoannotated/images/34f29c4d2bc8fa7ac099cf1731789539b265cee378973f73f06968be4a856849.png,saberzl/SID_Set,medium,1,0.9421187043190002,0.4,1
3517163d14c3c662ab2da3b198a5098e4c2ecdfcee95c7ec41de64e6e3d56828,autoannotated/images/3517163d14c3c662ab2da3b198a5098e4c2ecdfcee95c7ec41de64e6e3d56828.png,saberzl/SID_Set,medium,1,0.9878514409065247,0.4,1
3545ed27cb87eedeb0c43dc62b3aed8e3cc4a96b9d49de3f19b792c15a37e715,autoannotated/images/3545ed27cb87eedeb0c43dc62b3aed8e3cc4a96b9d49de3f19b792c15a37e715.jpg,saberzl/SID_Set,medium,0,0.2853570878505707,0.4,0
355bccd9c4f2cf6796736e5aa0a7e97d72f5c45d472ce9b536d607d03dad5130,autoannotated/images/355bccd9c4f2cf6796736e5aa0a7e97d72f5c45d472ce9b536d607d03dad5130.png,saberzl/SID_Set,medium,1,0.979629635810852,0.4,1
35764b7184e822678846f5ad28dfe2de8ce85b509ad4fd38d3afbab4b55de1f8,human_annotated/images/35764b7184e822678846f5ad28dfe2de8ce85b509ad4fd38d3afbab4b55de1f8.jpg,ComplexDataLab/OpenFake,medium,0,0.2042655646800995,0.4,0
35af12cdc0bd48b7628ec4ee4b4abec71d180e5c135de340e60c5aa8d0f843c4,autoannotated/images/35af12cdc0bd48b7628ec4ee4b4abec71d180e5c135de340e60c5aa8d0f843c4.jpg,saberzl/SID_Set,medium,0,0.6503910422325134,0.4,1
35b5a9fc3add522d90627e19483b78f717aa18ce97c387f0b8db0db6970eeb63,autoannotated/images/35b5a9fc3add522d90627e19483b78f717aa18ce97c387f0b8db0db6970eeb63.jpg,ComplexDataLab/OpenFake,medium,0,0.47739240527153015,0.4,1
35bcb38d922e561044f97ddb10f228cfb7990f9fff03e8ea0e5c79d35bf2ea2d,autoannotated/images/35bcb38d922e561044f97ddb10f228cfb7990f9fff03e8ea0e5c79d35bf2ea2d.jpg,saberzl/SID_Set,medium,0,0.06591790169477463,0.4,0
35c0c4b2a38ed247e44d7ce9281a1baff42728935be482557e37104936a61bc1,autoannotated/images/35c0c4b2a38ed247e44d7ce9281a1baff42728935be482557e37104936a61bc1.jpg,saberzl/SID_Set,medium,0,0.00671848189085722,0.4,0
35d5fa6f62864bdcf5b419a707642e65924e89bd73f97c9a1d70860aa4b7fb2f,autoannotated/images/35d5fa6f62864bdcf5b419a707642e65924e89bd73f97c9a1d70860aa4b7fb2f.png,RRDataset,medium,1,0.9870785474777222,0.4,1
35e05afb2d0f36b7595d6b570c830f732b9920d8e8678960c31f3c03b1c874c4,autoannotated/images/35e05afb2d0f36b7595d6b570c830f732b9920d8e8678960c31f3c03b1c874c4.jpg,ComplexDataLab/OpenFake,medium,0,0.20305638015270233,0.4,0
36160460a3c5425e1fd8bf8266c88c8cb7e19080529f688cee3c2b813834c2e7,autoannotated/images/36160460a3c5425e1fd8bf8266c88c8cb7e19080529f688cee3c2b813834c2e7.png,saberzl/SID_Set,medium,1,0.9865078926086426,0.4,1
36169fe47a6bf1078b7aca697a1b63085c2df2bee3125b79e487da1c9f44c35d,autoannotated/images/36169fe47a6bf1078b7aca697a1b63085c2df2bee3125b79e487da1c9f44c35d.webp,ComplexDataLab/OpenFake,medium,1,0.9062274098396301,0.4,1
363a3906f7b9ed934457d80d8a13b8ad2e1415a55b5fa98d3d95a6717470d1bf,autoannotated/images/363a3906f7b9ed934457d80d8a13b8ad2e1415a55b5fa98d3d95a6717470d1bf.png,RRDataset,medium,1,0.9796665906906128,0.4,1
36973c6888ff61b56438b9a2ab7c3e58c6f69c662c969a1c2f43d57d65c0135a,autoannotated/images/36973c6888ff61b56438b9a2ab7c3e58c6f69c662c969a1c2f43d57d65c0135a.png,ComplexDataLab/OpenFake,medium,1,0.21374039351940155,0.4,0
36a60d1bef20412ba0262653d9023d0a75745a5219eb869af11e04cba0eaf57b,autoannotated/images/36a60d1bef20412ba0262653d9023d0a75745a5219eb869af11e04cba0eaf57b.png,ComplexDataLab/OpenFake,medium,1,0.9914660453796387,0.4,1
36a84c21d2cdf83dd233ac19a4387d815d8585f5abac716e4cabef29bad69b8a,autoannotated/images/36a84c21d2cdf83dd233ac19a4387d815d8585f5abac716e4cabef29bad69b8a.jpg,ComplexDataLab/OpenFake,medium,0,0.8127847909927368,0.4,1
36e0dc9c69064061c9d2a65143649387d19759b578fe345d12bf11f6b8d841d2,autoannotated/images/36e0dc9c69064061c9d2a65143649387d19759b578fe345d12bf11f6b8d841d2.jpg,ComplexDataLab/OpenFake,medium,0,0.02007557824254036,0.4,0
3717eba290a5a66c03d6b112da2468c3396e891857427408d8d1dce024d3ceee,autoannotated/images/3717eba290a5a66c03d6b112da2468c3396e891857427408d8d1dce024d3ceee.jpg,ComplexDataLab/OpenFake,medium,0,0.7052221894264221,0.4,1
3720995f1c964d3a7b9a39f5b11c23a29b4775030b60b56f428e7e1571c82df1,autoannotated/images/3720995f1c964d3a7b9a39f5b11c23a29b4775030b60b56f428e7e1571c82df1.jpg,RRDataset,medium,0,0.564530611038208,0.4,1
372412aefdfd367d33f4b0a84521b69f34696966514b5b45e749e8f44aa8b5b1,human_annotated/images/372412aefdfd367d33f4b0a84521b69f34696966514b5b45e749e8f44aa8b5b1.jpg,ComplexDataLab/OpenFake,medium,0,0.0005081839044578373,0.4,0
3732205d474dd6f2933b51987e5ce4046c4c6208ef2c80560495cbbea76e7c4b,autoannotated/images/3732205d474dd6f2933b51987e5ce4046c4c6208ef2c80560495cbbea76e7c4b.png,RRDataset,medium,1,0.9430958032608032,0.4,1
374643d03ad94a428e3f1463985c6847736bbc2b63dfd5936e5efb6aa59ebc28,autoannotated/images/374643d03ad94a428e3f1463985c6847736bbc2b63dfd5936e5efb6aa59ebc28.png,ComplexDataLab/OpenFake,medium,1,0.9771263003349304,0.4,1
374e45ebd3ecc4c43b76b05ff0088e54d00a0c1a6bfe658bc8e1b3f0fe8d3acc,human_annotated/images/374e45ebd3ecc4c43b76b05ff0088e54d00a0c1a6bfe658bc8e1b3f0fe8d3acc.jpg,ComplexDataLab/OpenFake,medium,0,0.08222506940364838,0.4,0
37596894c097c2a159eb352076c6330fa91d2e490d4e92aa7661ff20d5c64ae2,autoannotated/images/37596894c097c2a159eb352076c6330fa91d2e490d4e92aa7661ff20d5c64ae2.jpg,ComplexDataLab/OpenFake,medium,0,0.7847055792808533,0.4,1
376726dbd6ac636b3892c10992533e57d1e350c130733149d53af19474156d5f,autoannotated/images/376726dbd6ac636b3892c10992533e57d1e350c130733149d53af19474156d5f.jpg,ComplexDataLab/OpenFake,medium,0,0.0794864222407341,0.4,0
376ad66069d09ede4f8581fd2da1383225539bf1dccfe2f73986c59864dba314,autoannotated/images/376ad66069d09ede4f8581fd2da1383225539bf1dccfe2f73986c59864dba314.jpg,ComplexDataLab/OpenFake,medium,0,0.6177040338516235,0.4,1
376f971ef3139a5a57b5a3d0610604e9763fcd477dedf935e319a18125b86d72,autoannotated/images/376f971ef3139a5a57b5a3d0610604e9763fcd477dedf935e319a18125b86d72.png,saberzl/SID_Set,medium,1,0.986854076385498,0.4,1
3785aa39a5ec31bac9ce1a02a4c1defe531faf964166d772af69dd30d2538e93,autoannotated/images/3785aa39a5ec31bac9ce1a02a4c1defe531faf964166d772af69dd30d2538e93.jpg,RRDataset,medium,0,0.7605261206626892,0.4,1
3799eacf28997d3de78cc6da17d1a2d803ba38d4079ebd8ce2ef223264e74e01,human_annotated/images/3799eacf28997d3de78cc6da17d1a2d803ba38d4079ebd8ce2ef223264e74e01.png,RRDataset,medium,1,0.36118876934051514,0.4,0
37a97dbde990ab7d8a069d5d5948a739442a5f6a8a4b7a3469e07b44169777a7,human_annotated/images/37a97dbde990ab7d8a069d5d5948a739442a5f6a8a4b7a3469e07b44169777a7.jpg,saberzl/SID_Set,medium,0,0.014415040612220764,0.4,0
37caed36371bdc48c09399735739eaeb37eef0f98e5c2551352bc03472caaa00,human_annotated/images/37caed36371bdc48c09399735739eaeb37eef0f98e5c2551352bc03472caaa00.png,saberzl/SID_Set,medium,1,0.9501808285713196,0.4,1
37d3a785d7a51d92f688e37f116f4b27c355fe13bd820955867bd0d72dc2afbb,autoannotated/images/37d3a785d7a51d92f688e37f116f4b27c355fe13bd820955867bd0d72dc2afbb.jpg,ComplexDataLab/OpenFake,medium,0,0.09968133270740509,0.4,0
37e25093290509888141ba06d2b4f0df262689fbc347bf549c2cfabc1b883e7f,autoannotated/images/37e25093290509888141ba06d2b4f0df262689fbc347bf549c2cfabc1b883e7f.png,ComplexDataLab/OpenFake,medium,1,0.8903369903564453,0.4,1
37ef0036c7bab9cec0cd515c4c0361785649ebff79305d176811a1c7a0e39770,autoannotated/images/37ef0036c7bab9cec0cd515c4c0361785649ebff79305d176811a1c7a0e39770.png,ComplexDataLab/OpenFake,medium,1,0.8388622403144836,0.4,1
3803e149d44a82a78efbbd96fd67e7c8293627a89898337312c742ef5fbf5ef0,human_annotated/images/3803e149d44a82a78efbbd96fd67e7c8293627a89898337312c742ef5fbf5ef0.jpg,ComplexDataLab/OpenFake,medium,0,0.23247097432613373,0.4,0
380672c314f71e9e19c884f55add6650694d8d9e6c8136b6bf4b69b1c528b81b,human_annotated/images/380672c314f71e9e19c884f55add6650694d8d9e6c8136b6bf4b69b1c528b81b.png,RRDataset,medium,1,0.9982759952545166,0.4,1
3807a5a64f279e119f2d349ab5e9f681d678609764fe2be0f9d5479a408da515,autoannotated/images/3807a5a64f279e119f2d349ab5e9f681d678609764fe2be0f9d5479a408da515.jpg,RRDataset,medium,0,0.9151381850242615,0.4,1
384017e7c90e09a745bd2b5fc0bae6561d7a2fc27e0d26ece34e9aa3a7ccb6bf,autoannotated/images/384017e7c90e09a745bd2b5fc0bae6561d7a2fc27e0d26ece34e9aa3a7ccb6bf.jpg,saberzl/SID_Set,medium,0,0.2580272853374481,0.4,0
38408b71ae34dfdcf428f75a5e9b985db4e420c13f9436612999b6014de676b6,human_annotated/images/38408b71ae34dfdcf428f75a5e9b985db4e420c13f9436612999b6014de676b6.jpg,RRDataset,medium,0,0.8496145606040955,0.4,1
38653f34c83b8f742e0114c93ee7b29bffb2fbaf1f78b9393cb06c9afe90082a,autoannotated/images/38653f34c83b8f742e0114c93ee7b29bffb2fbaf1f78b9393cb06c9afe90082a.png,RRDataset,medium,1,0.9849335551261902,0.4,1
3889ae8cb8aa66f857a5e230e0931c0f3147f33726c8b8e2b9e08144a1c448ec,autoannotated/images/3889ae8cb8aa66f857a5e230e0931c0f3147f33726c8b8e2b9e08144a1c448ec.png,saberzl/SID_Set,medium,1,0.9912987351417542,0.4,1
389c2b70b36389ee81aca3334a24dbd4ccb1687fe3807ca48b5120e90f473647,autoannotated/images/389c2b70b36389ee81aca3334a24dbd4ccb1687fe3807ca48b5120e90f473647.jpg,saberzl/SID_Set,medium,0,0.12706363201141357,0.4,0
38ba1962126b50a828b34daf2c1982f0b68cc223903950bca70d2d93c6ac888b,autoannotated/images/38ba1962126b50a828b34daf2c1982f0b68cc223903950bca70d2d93c6ac888b.jpg,RRDataset,medium,0,0.6040018796920776,0.4,1
38d4033ad01e549f999d36aad37fb039478ee2d95f1f4a4b939d39f09c877b86,autoannotated/images/38d4033ad01e549f999d36aad37fb039478ee2d95f1f4a4b939d39f09c877b86.png,RRDataset,medium,1,0.9390772581100464,0.4,1
38f6032a7df32c8af63114dd4f0d2ba4474cad6c9d4b242efdd31b6114e4635e,autoannotated/images/38f6032a7df32c8af63114dd4f0d2ba4474cad6c9d4b242efdd31b6114e4635e.jpg,ComplexDataLab/OpenFake,medium,0,0.012120986357331276,0.4,0
38fb6a733da658d0b7098204def683619672dbad203731296f22f7d4b6743226,autoannotated/images/38fb6a733da658d0b7098204def683619672dbad203731296f22f7d4b6743226.png,RRDataset,medium,1,0.9963679313659668,0.4,1
38fdc3119e8f7724ed1fa21314e18ddafc40080e19a7065d7dcbe6af06fb2072,autoannotated/images/38fdc3119e8f7724ed1fa21314e18ddafc40080e19a7065d7dcbe6af06fb2072.png,ComplexDataLab/OpenFake,medium,1,0.2582961618900299,0.4,0
3928bbdde33f7eed19df8a9c444db2cc42c1743d6599a09e536304e889fb7f43,autoannotated/images/3928bbdde33f7eed19df8a9c444db2cc42c1743d6599a09e536304e889fb7f43.jpg,ComplexDataLab/OpenFake,medium,0,0.4969671666622162,0.4,1
393f5a40f06ba0ffe95e4f84ba79ad6f307fe28b4b33cec74585b172ca45a393,autoannotated/images/393f5a40f06ba0ffe95e4f84ba79ad6f307fe28b4b33cec74585b172ca45a393.png,ComplexDataLab/OpenFake,medium,1,0.5966668128967285,0.4,1
394f7b0c0b0f90d2d8c2308a543ce64b2d5a407c62518c71231b2b9e1294bb1d,autoannotated/images/394f7b0c0b0f90d2d8c2308a543ce64b2d5a407c62518c71231b2b9e1294bb1d.jpg,RRDataset,medium,0,0.8236952424049377,0.4,1
3996aac320a00a68a5e5fea1c056d5cffd9d4e218e882e69acf3ff09fb4f56eb,autoannotated/images/3996aac320a00a68a5e5fea1c056d5cffd9d4e218e882e69acf3ff09fb4f56eb.jpg,ComplexDataLab/OpenFake,medium,0,0.04932473227381706,0.4,0
39a5ed9742cb015033ebb852d73df8c349653ed2ab6ee0c5d5c608da55627ed9,autoannotated/images/39a5ed9742cb015033ebb852d73df8c349653ed2ab6ee0c5d5c608da55627ed9.jpg,saberzl/SID_Set,medium,0,0.5536808967590332,0.4,1
39ec16041769b6a7b68ad08b8c382f4d9086f549fdd5f747bc23f0abf1ed456b,autoannotated/images/39ec16041769b6a7b68ad08b8c382f4d9086f549fdd5f747bc23f0abf1ed456b.jpg,RRDataset,medium,0,0.3614376187324524,0.4,0
3a0876444087f277c112436701d1019610b3dcd4719a9123c09833921c42d567,autoannotated/images/3a0876444087f277c112436701d1019610b3dcd4719a9123c09833921c42d567.png,ComplexDataLab/OpenFake,medium,1,0.9709718227386475,0.4,1
3a10e2a35e5ac0a621f3ab1d7901378d4e3fb01b2ec50ca91d79b68e10a284e6,autoannotated/images/3a10e2a35e5ac0a621f3ab1d7901378d4e3fb01b2ec50ca91d79b68e10a284e6.jpg,RRDataset,medium,0,0.5410067439079285,0.4,1
3a1b5fa6c10324ac43dbfd6604f13d94b13be03b6b537ad3c5ab7cb26f294fe3,human_annotated/images/3a1b5fa6c10324ac43dbfd6604f13d94b13be03b6b537ad3c5ab7cb26f294fe3.jpg,ComplexDataLab/OpenFake,medium,0,0.0057515366934239864,0.4,0
3a36954b3c87b356a943b12a8121c75cfdac0a7153bfefa176585a2fc89b6a22,autoannotated/images/3a36954b3c87b356a943b12a8121c75cfdac0a7153bfefa176585a2fc89b6a22.jpg,RRDataset,medium,0,0.05242275446653366,0.4,0
3a4267d842682460378b15ebcabe1af4c7925b3ff08e70ad79674f26af578100,autoannotated/images/3a4267d842682460378b15ebcabe1af4c7925b3ff08e70ad79674f26af578100.png,ComplexDataLab/OpenFake,medium,1,0.9820667505264282,0.4,1
3a468808c81deb8a1d0578061640035bd166c657d1740388c2da954b2214122d,human_annotated/images/3a468808c81deb8a1d0578061640035bd166c657d1740388c2da954b2214122d.png,ComplexDataLab/OpenFake,medium,1,0.9868306517601013,0.4,1
3a50717b05f390c160398cbc3caffe9b32240b8c721fef28a05e43bbd3adaafe,autoannotated/images/3a50717b05f390c160398cbc3caffe9b32240b8c721fef28a05e43bbd3adaafe.jpg,RRDataset,medium,0,0.2557411193847656,0.4,0
3a51feb366a0274427191e1d4b284a1cdacfe446a1f9ac43046d1012251f2f67,human_annotated/images/3a51feb366a0274427191e1d4b284a1cdacfe446a1f9ac43046d1012251f2f67.png,RRDataset,medium,1,0.9824326038360596,0.4,1
3a609a65ec97ccc88b8b67cb777cc18c6418c0373c4b3cca2165c1ed1f07ae4c,autoannotated/images/3a609a65ec97ccc88b8b67cb777cc18c6418c0373c4b3cca2165c1ed1f07ae4c.jpg,RRDataset,medium,0,0.9810567498207092,0.4,1
3a60e0997db63ebdda3decb6329a01ccbe79d8deda3cb886993d7f513fc3808f,autoannotated/images/3a60e0997db63ebdda3decb6329a01ccbe79d8deda3cb886993d7f513fc3808f.jpg,saberzl/SID_Set,medium,0,0.0019327665213495493,0.4,0
3a666e59cac7c62bebcefae78b0099f48e248df6e7618418dfa6a3def488adab,human_annotated/images/3a666e59cac7c62bebcefae78b0099f48e248df6e7618418dfa6a3def488adab.png,RRDataset,medium,1,0.8451348543167114,0.4,1
3a706702e73297c6fdeeaa0dd0d1c4ff3f18a7c1042a3d9a074eac6a9beaf1f9,autoannotated/images/3a706702e73297c6fdeeaa0dd0d1c4ff3f18a7c1042a3d9a074eac6a9beaf1f9.png,saberzl/SID_Set,medium,1,0.9957435727119446,0.4,1
3a8328d25bb7c33618c01b92b5246c0adeffcc11a4d0b63a200c8544d892a85f,autoannotated/images/3a8328d25bb7c33618c01b92b5246c0adeffcc11a4d0b63a200c8544d892a85f.jpg,saberzl/SID_Set,medium,0,0.7076857089996338,0.4,1
3a85c40850ef850bf45da422482fc1b1c0bd4e20b64495e25a799043127e82d8,autoannotated/images/3a85c40850ef850bf45da422482fc1b1c0bd4e20b64495e25a799043127e82d8.png,saberzl/SID_Set,medium,1,0.9637399315834045,0.4,1
3a98c87359896e9499d9212614376e24ab97d33f774eb6bf547da84ddcd720c0,autoannotated/images/3a98c87359896e9499d9212614376e24ab97d33f774eb6bf547da84ddcd720c0.jpg,RRDataset,medium,0,0.9672372937202454,0.4,1
3a9ceb553eff6f25cfd4bbe782172756842460b30e4b46207f9a6b2a5b6fcb35,autoannotated/images/3a9ceb553eff6f25cfd4bbe782172756842460b30e4b46207f9a6b2a5b6fcb35.jpg,RRDataset,medium,0,0.8750693202018738,0.4,1
3ab106a4613d13eb76b2e5738a2be03271f19b546e4710f7a748aa1e0c82da2b,autoannotated/images/3ab106a4613d13eb76b2e5738a2be03271f19b546e4710f7a748aa1e0c82da2b.png,saberzl/SID_Set,medium,1,0.9986497759819031,0.4,1
3ab58063bd82668979a3cbdd0de0e27ec5bf9387fc63d16b1df27aff72c44137,autoannotated/images/3ab58063bd82668979a3cbdd0de0e27ec5bf9387fc63d16b1df27aff72c44137.png,saberzl/SID_Set,medium,1,0.940048336982727,0.4,1
3ac853c567da6b4a080d3e6ff6d07224a15acf8ad4aaee91c10b44f331e76ee5,human_annotated/images/3ac853c567da6b4a080d3e6ff6d07224a15acf8ad4aaee91c10b44f331e76ee5.jpg,RRDataset,medium,0,0.8846743702888489,0.4,1
3acac594a2a9404d62f1b546d5b93311f64caf40363a6f75a416cda54cfab5eb,autoannotated/images/3acac594a2a9404d62f1b546d5b93311f64caf40363a6f75a416cda54cfab5eb.png,RRDataset,medium,1,0.9938424825668335,0.4,1
3ad61a2362cf80257a1eccacac502e543a40ddf506890db42d59ab60db770c32,autoannotated/images/3ad61a2362cf80257a1eccacac502e543a40ddf506890db42d59ab60db770c32.jpg,ComplexDataLab/OpenFake,medium,0,0.6914657354354858,0.4,1
3ae707a5631cd7064a1dd52cae70a13ce79106164cf45fc80bf159328915fadc,autoannotated/images/3ae707a5631cd7064a1dd52cae70a13ce79106164cf45fc80bf159328915fadc.png,saberzl/SID_Set,medium,1,0.998241662979126,0.4,1
3b00e6e96bd04214ae3cdb4a0d8870d4a16d09a0f423ebdde2bc23205b787560,human_annotated/images/3b00e6e96bd04214ae3cdb4a0d8870d4a16d09a0f423ebdde2bc23205b787560.png,ComplexDataLab/OpenFake,medium,1,0.7825817465782166,0.4,1
3b035e1cf47fbd78226b371679a9decd767dcbb3aa2ee564ab404c12aa0b3ffa,autoannotated/images/3b035e1cf47fbd78226b371679a9decd767dcbb3aa2ee564ab404c12aa0b3ffa.jpg,ComplexDataLab/OpenFake,medium,0,0.4797259569168091,0.4,1
3b1904dc46d012d1d6cc0e3d7e387b55c443decf20d12de9f1d2e005139d7f69,autoannotated/images/3b1904dc46d012d1d6cc0e3d7e387b55c443decf20d12de9f1d2e005139d7f69.jpg,ComplexDataLab/OpenFake,medium,0,0.45104074478149414,0.4,1
3b28a7de3f4ddc101d925414d510391fb0b95f4a69baeb16b5a65a0f582a4beb,autoannotated/images/3b28a7de3f4ddc101d925414d510391fb0b95f4a69baeb16b5a65a0f582a4beb.png,saberzl/SID_Set,medium,1,0.9906732439994812,0.4,1
3b39d9bed2394b3d40e7a20c6011f03a0e45658a8f6c97bd41a77af002735230,human_annotated/images/3b39d9bed2394b3d40e7a20c6011f03a0e45658a8f6c97bd41a77af002735230.png,saberzl/SID_Set,medium,1,0.24427254498004913,0.4,0
3b50ae7635e7145389bf8f03e9ba9ed885347e767dbaa7365a4ecbf95cac99ba,autoannotated/images/3b50ae7635e7145389bf8f03e9ba9ed885347e767dbaa7365a4ecbf95cac99ba.png,RRDataset,medium,1,0.9930922985076904,0.4,1
3b551d511809f1f4e30c83687c5d779ec09a00e9995eb7c2bbae7ad56585fe1d,autoannotated/images/3b551d511809f1f4e30c83687c5d779ec09a00e9995eb7c2bbae7ad56585fe1d.jpg,ComplexDataLab/OpenFake,medium,0,0.5606974959373474,0.4,1
3b62f6aba7765a06e8ddb2a49357aadabccb569c339c0f559d889ade5023aa2c,autoannotated/images/3b62f6aba7765a06e8ddb2a49357aadabccb569c339c0f559d889ade5023aa2c.png,RRDataset,medium,1,0.4806469976902008,0.4,1
3b6d7c90db39de1924f8670e706a9f9abbe1ec55ccf9d1563c908b10c92c48a4,human_annotated/images/3b6d7c90db39de1924f8670e706a9f9abbe1ec55ccf9d1563c908b10c92c48a4.png,RRDataset,medium,1,0.977944552898407,0.4,1
3b8158e65aa15623e3d19186ff59e7be26a80fe6b28ec5a71be85e23498bb3f1,human_annotated/images/3b8158e65aa15623e3d19186ff59e7be26a80fe6b28ec5a71be85e23498bb3f1.jpg,saberzl/SID_Set,medium,0,0.06391531229019165,0.4,0
3b858f1b1e84a6637e8bd7c3035cf576f2605c93dcd3b38ae8b51764808ebaf1,autoannotated/images/3b858f1b1e84a6637e8bd7c3035cf576f2605c93dcd3b38ae8b51764808ebaf1.jpg,ComplexDataLab/OpenFake,medium,0,0.004557506646960974,0.4,0
3bbd3c773ade6c603ccfffc3f506a6752d55db2b09507307594247b79609a44f,autoannotated/images/3bbd3c773ade6c603ccfffc3f506a6752d55db2b09507307594247b79609a44f.jpg,RRDataset,medium,0,0.5206893086433411,0.4,1
3bd33a78c770bc431e2bef9ff5a13311524ac8d20dac5b42f490bdb29a21a50d,autoannotated/images/3bd33a78c770bc431e2bef9ff5a13311524ac8d20dac5b42f490bdb29a21a50d.jpg,ComplexDataLab/OpenFake,medium,0,0.8684002161026001,0.4,1
3bd56fe2e940dee5a6635bbc97077cad061542085f39c705d8b2f7b7c94607ed,autoannotated/images/3bd56fe2e940dee5a6635bbc97077cad061542085f39c705d8b2f7b7c94607ed.png,ComplexDataLab/OpenFake,medium,1,0.9980941414833069,0.4,1
3bf71364e40b4dbb5c42d1ef2a49c17fdd9d062aca717e694ac367e6d26f8c98,autoannotated/images/3bf71364e40b4dbb5c42d1ef2a49c17fdd9d062aca717e694ac367e6d26f8c98.jpg,ComplexDataLab/OpenFake,medium,0,0.00110831658821553,0.4,0
3c01fb7c07552f0533396a0eeb6914c2a1015c26a1ce82899db3643b638daa0c,human_annotated/images/3c01fb7c07552f0533396a0eeb6914c2a1015c26a1ce82899db3643b638daa0c.jpg,RRDataset,medium,0,0.8806647062301636,0.4,1
3c3ca36c23da06bb17c80b73d93bf1edb095537f53b0298584e6e5367b985ae2,autoannotated/images/3c3ca36c23da06bb17c80b73d93bf1edb095537f53b0298584e6e5367b985ae2.png,RRDataset,medium,1,0.9581027030944824,0.4,1
3c5fd88664a4ab56874d3b4061a100fcf9e35d05867ceff5ce70f4f070d6cc19,human_annotated/images/3c5fd88664a4ab56874d3b4061a100fcf9e35d05867ceff5ce70f4f070d6cc19.png,ComplexDataLab/OpenFake,medium,1,0.9952261447906494,0.4,1
3c7d3dfec87b51c6a55ecb35fc2c02c85c09568a46584fc001cdf0463ed96748,autoannotated/images/3c7d3dfec87b51c6a55ecb35fc2c02c85c09568a46584fc001cdf0463ed96748.jpg,saberzl/SID_Set,medium,0,0.0027347682043910027,0.4,0
3c8fce2c6181b58ca591f2138609c070d7e3b1b9683a327a8927aab9ab6f9e91,autoannotated/images/3c8fce2c6181b58ca591f2138609c070d7e3b1b9683a327a8927aab9ab6f9e91.png,saberzl/SID_Set,medium,1,0.9952996969223022,0.4,1
3caf43ab59094c5bd21b167fda8193ffc6f07b45de67ddbd04cf4307b0f19aff,human_annotated/images/3caf43ab59094c5bd21b167fda8193ffc6f07b45de67ddbd04cf4307b0f19aff.png,RRDataset,medium,1,0.9120709896087646,0.4,1
3cbf495c9c52092a8524cf0c401d7f23fc626fd701116d48b58cb8d95e3a165a,autoannotated/images/3cbf495c9c52092a8524cf0c401d7f23fc626fd701116d48b58cb8d95e3a165a.jpg,ComplexDataLab/OpenFake,medium,0,0.6583506464958191,0.4,1
3cdaf4057c187fe3e038786bcc72ac6107d49a8710f76794ebf192bd76ad50ab,autoannotated/images/3cdaf4057c187fe3e038786bcc72ac6107d49a8710f76794ebf192bd76ad50ab.jpg,ComplexDataLab/OpenFake,medium,0,0.0006927767535671592,0.4,0
3ced37de20490498c2b0fedd148ae1f13782d24872b858753f7811e1626a7892,autoannotated/images/3ced37de20490498c2b0fedd148ae1f13782d24872b858753f7811e1626a7892.png,RRDataset,medium,1,0.9775156378746033,0.4,1
3d0e796532d57db452912631983175a4d388fb908f794b1cdc6ac1a80b6f8ebb,human_annotated/images/3d0e796532d57db452912631983175a4d388fb908f794b1cdc6ac1a80b6f8ebb.png,RRDataset,medium,1,0.9973393082618713,0.4,1
3d167265c4ac8da86a746360e3409fcbe324a6e66b49c8b838883010970623a0,autoannotated/images/3d167265c4ac8da86a746360e3409fcbe324a6e66b49c8b838883010970623a0.png,ComplexDataLab/OpenFake,medium,1,0.43457266688346863,0.4,1
3d1b2e3dfefa5fa16f7b2668cd357afe880a90fa1c84120d0a3a873ba6eef782,autoannotated/images/3d1b2e3dfefa5fa16f7b2668cd357afe880a90fa1c84120d0a3a873ba6eef782.jpg,RRDataset,medium,0,0.4989028573036194,0.4,1
3d25750c572dad08b4e09dca9c9979014e3eda7362ba5c4b59e34d6197d91646,autoannotated/images/3d25750c572dad08b4e09dca9c9979014e3eda7362ba5c4b59e34d6197d91646.png,ComplexDataLab/OpenFake,medium,1,0.9803549647331238,0.4,1
3d332ac21be146054fa5c9aace0e2f72e9753100cafb1e8c6e68bf8a3684475d,autoannotated/images/3d332ac21be146054fa5c9aace0e2f72e9753100cafb1e8c6e68bf8a3684475d.png,RRDataset,medium,1,0.9942122101783752,0.4,1
3d3bd6b5a771625beaacc2deddd4baee956cc5427673d788409de50460a02972,autoannotated/images/3d3bd6b5a771625beaacc2deddd4baee956cc5427673d788409de50460a02972.jpg,RRDataset,medium,0,0.9968644976615906,0.4,1
3d85681430eec9cbbe738f468ab3d7dcfe073659f315d128f2255f012790b030,autoannotated/images/3d85681430eec9cbbe738f468ab3d7dcfe073659f315d128f2255f012790b030.jpg,RRDataset,medium,0,0.6973397731781006,0.4,1
3d9934197fd1eea69d880cb2648008ac5895fe853d15d0d37839b51efea63ff6,autoannotated/images/3d9934197fd1eea69d880cb2648008ac5895fe853d15d0d37839b51efea63ff6.png,saberzl/SID_Set,medium,1,0.9711872935295105,0.4,1
3dba674c8565bd206c954d4a98d36b55263848ddf14ca6d760c5fa171a16e295,autoannotated/images/3dba674c8565bd206c954d4a98d36b55263848ddf14ca6d760c5fa171a16e295.jpg,saberzl/SID_Set,medium,0,0.08489035815000534,0.4,0
3dd87daa696501c1548a28ff90d620d81226e1ecca146d7fc9e4d41a47adacc0,human_annotated/images/3dd87daa696501c1548a28ff90d620d81226e1ecca146d7fc9e4d41a47adacc0.png,saberzl/SID_Set,medium,1,0.9877598881721497,0.4,1
3ddf923c917028c2052a20b706be97b4862b0098458e0915590d40c965645ca5,autoannotated/images/3ddf923c917028c2052a20b706be97b4862b0098458e0915590d40c965645ca5.jpg,saberzl/SID_Set,medium,0,0.09455209225416183,0.4,0
3de18d4974abb97a789e3b512a3375defbbc352a44d047c8f484b2dc222841c4,autoannotated/images/3de18d4974abb97a789e3b512a3375defbbc352a44d047c8f484b2dc222841c4.png,ComplexDataLab/OpenFake,medium,1,0.15864130854606628,0.4,0
3dec42caecc52c65f795f4b4922f6234f1e99e8c0647f4ca15002ca54f0a3dd8,autoannotated/images/3dec42caecc52c65f795f4b4922f6234f1e99e8c0647f4ca15002ca54f0a3dd8.jpg,RRDataset,medium,0,0.971362829208374,0.4,1
3dee7775e211413a6247f6b5ab30b52fcb279f67cf3df94caf9d8735139a5fb8,human_annotated/images/3dee7775e211413a6247f6b5ab30b52fcb279f67cf3df94caf9d8735139a5fb8.jpg,ComplexDataLab/OpenFake,medium,0,0.017061205580830574,0.4,0
3df7861925443b286387cf5776b7cd81ceb944dc9a4b91e912f5722e72b193d6,autoannotated/images/3df7861925443b286387cf5776b7cd81ceb944dc9a4b91e912f5722e72b193d6.jpg,RRDataset,medium,0,0.018956495448946953,0.4,0
3e026befa08942199f999b939e6beeacc17d6f07e1454432ff52f3cffc41e46a,autoannotated/images/3e026befa08942199f999b939e6beeacc17d6f07e1454432ff52f3cffc41e46a.jpg,ComplexDataLab/OpenFake,medium,0,0.00298974453471601,0.4,0
3e1bfc9f191163416c02cfe64485706387fa338460157f056b7f7986d736c561,autoannotated/images/3e1bfc9f191163416c02cfe64485706387fa338460157f056b7f7986d736c561.png,RRDataset,medium,1,0.9979937076568604,0.4,1
3e43427faeafdfdf7a1c3abb382bc7c926339a997375512e4a4e9b46ca140c0c,human_annotated/images/3e43427faeafdfdf7a1c3abb382bc7c926339a997375512e4a4e9b46ca140c0c.png,ComplexDataLab/OpenFake,medium,1,0.959850013256073,0.4,1
3e460e4bf2c751320ed902d6b6eec7c3d2aa9c54fdb211ec9f22351054b760dc,human_annotated/images/3e460e4bf2c751320ed902d6b6eec7c3d2aa9c54fdb211ec9f22351054b760dc.png,ComplexDataLab/OpenFake,medium,1,0.29918918013572693,0.4,0
3e48d7980e451d77033d474815c2fc5ecd20a928eb2fdac40b8f14d82791ba00,human_annotated/images/3e48d7980e451d77033d474815c2fc5ecd20a928eb2fdac40b8f14d82791ba00.jpg,ComplexDataLab/OpenFake,medium,0,0.701807975769043,0.4,1
3e51220c56bebcbd6e1f40f1e0ddbe32eb4fe4261e8c06b64572a55ae28f9642,autoannotated/images/3e51220c56bebcbd6e1f40f1e0ddbe32eb4fe4261e8c06b64572a55ae28f9642.jpg,RRDataset,medium,0,0.10084637999534607,0.4,0
3e5fa0214545b084f1e2636c475562b72e5f642a9ade41be20a9b5f3ff7a37b8,autoannotated/images/3e5fa0214545b084f1e2636c475562b72e5f642a9ade41be20a9b5f3ff7a37b8.png,saberzl/SID_Set,medium,1,0.9846906065940857,0.4,1
3e60e122a3883f64ce3bbd5d62904799860118d08abdcb024d19a9a9b481b134,autoannotated/images/3e60e122a3883f64ce3bbd5d62904799860118d08abdcb024d19a9a9b481b134.jpg,ComplexDataLab/OpenFake,medium,0,0.00942921917885542,0.4,0
3e614a8bc503a2eeb4da765c0a1260f1fda8beb9ec93f46af041d7d41ad9d93b,human_annotated/images/3e614a8bc503a2eeb4da765c0a1260f1fda8beb9ec93f46af041d7d41ad9d93b.jpg,RRDataset,medium,0,0.7598347067832947,0.4,1
3e8389003484b3c69c0bd892d43d36391a48143bf01c3715c9109cb29249f7b8,human_annotated/images/3e8389003484b3c69c0bd892d43d36391a48143bf01c3715c9109cb29249f7b8.jpg,RRDataset,medium,0,0.41614076495170593,0.4,1
3ed40b63111d48ea5999b8f022c75de58d30ece4bc35c3b614e94ef771de12f7,human_annotated/images/3ed40b63111d48ea5999b8f022c75de58d30ece4bc35c3b614e94ef771de12f7.png,ComplexDataLab/OpenFake,medium,1,0.9719792008399963,0.4,1
3ee5841bf1e8877db11276d47008eb1411c1de46bc3606034292ffbd9e7d5847,autoannotated/images/3ee5841bf1e8877db11276d47008eb1411c1de46bc3606034292ffbd9e7d5847.jpg,RRDataset,medium,0,0.8163978457450867,0.4,1
3efaf7aaf9a1329e5b2886ab64ddbccd0535464314590121d94b9640d0dbaf03,autoannotated/images/3efaf7aaf9a1329e5b2886ab64ddbccd0535464314590121d94b9640d0dbaf03.jpg,RRDataset,medium,0,0.7809438705444336,0.4,1
3f28ac1b52c26e58ca9501bde36234920c8114fe22466375699c39046d55a233,autoannotated/images/3f28ac1b52c26e58ca9501bde36234920c8114fe22466375699c39046d55a233.png,saberzl/SID_Set,medium,1,0.9971283078193665,0.4,1
3f4119d90c1af68cae24f106cbe02e4be7234616e75034e07d1fa842cb85b197,autoannotated/images/3f4119d90c1af68cae24f106cbe02e4be7234616e75034e07d1fa842cb85b197.png,RRDataset,medium,1,0.9789607524871826,0.4,1
3f4dbf2689855d27e14b8c3495b9d01acb3e1e6b50e4c637bfd64360b3168f4e,autoannotated/images/3f4dbf2689855d27e14b8c3495b9d01acb3e1e6b50e4c637bfd64360b3168f4e.jpg,ComplexDataLab/OpenFake,medium,0,0.09715600311756134,0.4,0
3f4e9306a74e2ef9916b23060a3877f84708d3dab0f3dfa02d270e161834a0ba,human_annotated/images/3f4e9306a74e2ef9916b23060a3877f84708d3dab0f3dfa02d270e161834a0ba.jpg,saberzl/SID_Set,medium,0,0.042015302926301956,0.4,0
3f682c5fe722340dd1f619667a080efa2978e9b36f5ac1d9a3ec7460931eba55,human_annotated/images/3f682c5fe722340dd1f619667a080efa2978e9b36f5ac1d9a3ec7460931eba55.jpg,RRDataset,medium,0,0.9376161694526672,0.4,1
3f729b582f929355d177079a7595d68475fa817a8c199a960d9fae9f3135673d,autoannotated/images/3f729b582f929355d177079a7595d68475fa817a8c199a960d9fae9f3135673d.jpg,RRDataset,medium,0,0.7749626636505127,0.4,1
3fb4f3ac5b257b23040b2c8e2fafc7419e5688788048b20ccb7808698e71fef5,autoannotated/images/3fb4f3ac5b257b23040b2c8e2fafc7419e5688788048b20ccb7808698e71fef5.jpg,saberzl/SID_Set,medium,0,0.11555378139019012,0.4,0
3fc7182c486cfaa460311c36560ae046cbc0395da2160327f5ef5935568f399f,autoannotated/images/3fc7182c486cfaa460311c36560ae046cbc0395da2160327f5ef5935568f399f.png,saberzl/SID_Set,medium,1,0.5833643078804016,0.4,1
3fdd46e137354cb31443fffe5e29fa5cea9a5700c4bad7470d5c9ccb3574ce39,autoannotated/images/3fdd46e137354cb31443fffe5e29fa5cea9a5700c4bad7470d5c9ccb3574ce39.jpg,saberzl/SID_Set,medium,0,0.00027688767295330763,0.4,0
3feeee91e424ea4140b2f6f8a89a83f055f369610e11edf3734adb8ae4547123,autoannotated/images/3feeee91e424ea4140b2f6f8a89a83f055f369610e11edf3734adb8ae4547123.png,ComplexDataLab/OpenFake,medium,1,0.9892966151237488,0.4,1
406e65d5aa3446fc84575e2d4010cccd865c5cf72d0fb49ad5fe930794251787,autoannotated/images/406e65d5aa3446fc84575e2d4010cccd865c5cf72d0fb49ad5fe930794251787.jpg,ComplexDataLab/OpenFake,medium,0,0.00020227153436280787,0.4,0
408f7858e2e075b582f0e24d32cd8de157073b48308c8f252e6003d87aa22e2d,human_annotated/images/408f7858e2e075b582f0e24d32cd8de157073b48308c8f252e6003d87aa22e2d.jpg,ComplexDataLab/OpenFake,medium,0,0.051525089889764786,0.4,0
40a4f24635818f5c1e95007b871d99b019e82c69389628fe7497fe93537bf975,autoannotated/images/40a4f24635818f5c1e95007b871d99b019e82c69389628fe7497fe93537bf975.jpg,RRDataset,medium,0,0.06885784864425659,0.4,0
40a815f9343995feb724b4a5b44c00e04dd3a7e4519d6fc27fb883d27ce76299,autoannotated/images/40a815f9343995feb724b4a5b44c00e04dd3a7e4519d6fc27fb883d27ce76299.png,saberzl/SID_Set,medium,1,0.7723807692527771,0.4,1
40bacbe9365bb8aa11d2f150cbbca113942a89ed0534add3db00da642d89f3d9,autoannotated/images/40bacbe9365bb8aa11d2f150cbbca113942a89ed0534add3db00da642d89f3d9.png,RRDataset,medium,1,0.9946185350418091,0.4,1
40d750b7e16b3608e7e277ffb400c5388bc8775e7489dc817d756f5c4e3cc21f,autoannotated/images/40d750b7e16b3608e7e277ffb400c5388bc8775e7489dc817d756f5c4e3cc21f.png,saberzl/SID_Set,medium,1,0.9720242023468018,0.4,1
40e6a57b5a1466bebd89380ee295fe8ea7ab00930de94f983ed00106501f9dbc,autoannotated/images/40e6a57b5a1466bebd89380ee295fe8ea7ab00930de94f983ed00106501f9dbc.png,saberzl/SID_Set,medium,1,0.9954366087913513,0.4,1
40ef24663e71666361bdcc10e622cc58bc7418f0ff900171eadeb8e4657ae9c7,autoannotated/images/40ef24663e71666361bdcc10e622cc58bc7418f0ff900171eadeb8e4657ae9c7.jpg,ComplexDataLab/OpenFake,medium,0,0.0023083381820470095,0.4,0
40f15738fe7aeca4b0017f0a56e9410268a6868dcfe90ab9e548e1b0cab91513,autoannotated/images/40f15738fe7aeca4b0017f0a56e9410268a6868dcfe90ab9e548e1b0cab91513.png,saberzl/SID_Set,medium,1,0.970748782157898,0.4,1
410a01960cbeedd82eae13942a50ea90a27f28305ab5760b8b396e621e053cb6,autoannotated/images/410a01960cbeedd82eae13942a50ea90a27f28305ab5760b8b396e621e053cb6.png,saberzl/SID_Set,medium,1,0.9933213591575623,0.4,1
41153daf55f37ed9667e2c31d9e66c719e1e857fd92021854bea63761b79b402,autoannotated/images/41153daf55f37ed9667e2c31d9e66c719e1e857fd92021854bea63761b79b402.jpg,saberzl/SID_Set,medium,0,0.024986371397972107,0.4,0
4123300be20248b20c174b9b2ac932bd5c9e28d689673b046783f1c389cfa5e3,autoannotated/images/4123300be20248b20c174b9b2ac932bd5c9e28d689673b046783f1c389cfa5e3.png,RRDataset,medium,1,0.8969449996948242,0.4,1
4128ac2fb8a8b0b6f23879dab8e0fa369db84daaa33f85b23e1c55efa8132a3b,autoannotated/images/4128ac2fb8a8b0b6f23879dab8e0fa369db84daaa33f85b23e1c55efa8132a3b.png,RRDataset,medium,1,0.9445171356201172,0.4,1
412ccea9882261a40077329f8dc0944cfa881d1208239cb74dd8e16736c59400,human_annotated/images/412ccea9882261a40077329f8dc0944cfa881d1208239cb74dd8e16736c59400.jpg,ComplexDataLab/OpenFake,medium,0,0.019007181748747826,0.4,0
4131869931744a8e0addcfcf67e22b5c7272abbd8de5d984877eea5aec4e4ee8,autoannotated/images/4131869931744a8e0addcfcf67e22b5c7272abbd8de5d984877eea5aec4e4ee8.png,saberzl/SID_Set,medium,1,0.9800161719322205,0.4,1
413cf10b1dd0cf15bf18752eee6949c7baa0e35b1e1ef040e82e86582c795967,autoannotated/images/413cf10b1dd0cf15bf18752eee6949c7baa0e35b1e1ef040e82e86582c795967.png,saberzl/SID_Set,medium,1,0.955203115940094,0.4,1
4146a09c6775e77558b499134b0d44f1b8237e92932d90b253f384973c138b7d,autoannotated/images/4146a09c6775e77558b499134b0d44f1b8237e92932d90b253f384973c138b7d.png,saberzl/SID_Set,medium,1,0.8527605533599854,0.4,1
4165cf9084a716e0652d1a095af09267027d4ec1108d8ace7889e6fd6e49a35d,autoannotated/images/4165cf9084a716e0652d1a095af09267027d4ec1108d8ace7889e6fd6e49a35d.png,saberzl/SID_Set,medium,1,0.29960495233535767,0.4,0
4167a551fc197015b25d188aad40adca4f759a2425255ea8818cfc729c7b705a,autoannotated/images/4167a551fc197015b25d188aad40adca4f759a2425255ea8818cfc729c7b705a.jpg,saberzl/SID_Set,medium,0,0.9340639710426331,0.4,1
4174d4c3d19cabda413f6c5c91eba76182a20754bc685ed35b5de8eb11dc9242,autoannotated/images/4174d4c3d19cabda413f6c5c91eba76182a20754bc685ed35b5de8eb11dc9242.png,RRDataset,medium,1,0.9528182148933411,0.4,1
418f40a4438ca9b9627656071a7896af6ee3de4ac19548239ad0946c3ceecb1c,autoannotated/images/418f40a4438ca9b9627656071a7896af6ee3de4ac19548239ad0946c3ceecb1c.png,saberzl/SID_Set,medium,1,0.9665626883506775,0.4,1
419657173bd94a33db8cc1df617ee80f8e341d754bc774876e63875651b5abe3,human_annotated/images/419657173bd94a33db8cc1df617ee80f8e341d754bc774876e63875651b5abe3.jpg,RRDataset,medium,0,0.9224655032157898,0.4,1
41d8978c1466df92cf50585a2bf5c299a2bfc4190aa46e120061db394d402f98,autoannotated/images/41d8978c1466df92cf50585a2bf5c299a2bfc4190aa46e120061db394d402f98.jpg,saberzl/SID_Set,medium,0,0.502393901348114,0.4,1
41e3ecf25835bb9d18060df8a1493b59d9f334f021ffccd30c53f6eb3d1ad80b,autoannotated/images/41e3ecf25835bb9d18060df8a1493b59d9f334f021ffccd30c53f6eb3d1ad80b.png,saberzl/SID_Set,medium,1,0.9475840330123901,0.4,1
4206b2b1ad9357771272805d0e209e1a975111bdd53bebf07139c9adde2f9bdf,autoannotated/images/4206b2b1ad9357771272805d0e209e1a975111bdd53bebf07139c9adde2f9bdf.png,saberzl/SID_Set,medium,1,0.978383481502533,0.4,1
423244a617b1b1cdd5ec17bf9fccbcae9cc2db76e26f4f0aefc2f5a52da178ce,autoannotated/images/423244a617b1b1cdd5ec17bf9fccbcae9cc2db76e26f4f0aefc2f5a52da178ce.jpg,RRDataset,medium,0,0.8429478406906128,0.4,1
4235575d1e77a4ae1bf21e25d9089b945e82798977c0121392c01364145bfa26,autoannotated/images/4235575d1e77a4ae1bf21e25d9089b945e82798977c0121392c01364145bfa26.jpg,saberzl/SID_Set,medium,0,0.11039205640554428,0.4,0
424199a0f1d2f39ce3a263d965ce9bf318c43efd4ebcca6c9e71b233cc278bf3,autoannotated/images/424199a0f1d2f39ce3a263d965ce9bf318c43efd4ebcca6c9e71b233cc278bf3.png,ComplexDataLab/OpenFake,medium,1,0.9575232863426208,0.4,1
424b3c596299ad1dcba9dfef0a254d2055a6bd866d1fb1ea0a7000785dd9aa4d,autoannotated/images/424b3c596299ad1dcba9dfef0a254d2055a6bd866d1fb1ea0a7000785dd9aa4d.jpg,saberzl/SID_Set,medium,0,0.01354430615901947,0.4,0
42613f61f8f4c5e11acafaa94ecb094b27d77ab10b42c0d028e028610c7d9163,autoannotated/images/42613f61f8f4c5e11acafaa94ecb094b27d77ab10b42c0d028e028610c7d9163.png,RRDataset,medium,1,0.9245647192001343,0.4,1
4266dfa817608e6bc5a4f372b03ffccd9b73a8ba0478fee63452ffe81b5dbd8e,human_annotated/images/4266dfa817608e6bc5a4f372b03ffccd9b73a8ba0478fee63452ffe81b5dbd8e.jpg,RRDataset,medium,0,0.6989220976829529,0.4,1
426c2e9862876b98d255de55fad0fec2f7901a507c2e29de92f1e094faef06d1,autoannotated/images/426c2e9862876b98d255de55fad0fec2f7901a507c2e29de92f1e094faef06d1.png,saberzl/SID_Set,medium,1,0.8317475914955139,0.4,1
426e9be24f0e038bfa61e1aa0a8cf8501e18921c506a1e9cabfe4bcc148b83d7,autoannotated/images/426e9be24f0e038bfa61e1aa0a8cf8501e18921c506a1e9cabfe4bcc148b83d7.png,RRDataset,medium,1,0.9599093794822693,0.4,1
4273c48a13b70f0adc5d682c7c5eb9c53f1a8070bf9811fd5a035fa95c4b162a,human_annotated/images/4273c48a13b70f0adc5d682c7c5eb9c53f1a8070bf9811fd5a035fa95c4b162a.png,saberzl/SID_Set,medium,1,0.9922383427619934,0.4,1
4287fdb03589b70cd85407dabacd5bf750731ad5f3da6c067fc195e713dd5a9d,autoannotated/images/4287fdb03589b70cd85407dabacd5bf750731ad5f3da6c067fc195e713dd5a9d.png,ComplexDataLab/OpenFake,medium,1,0.6520166993141174,0.4,1
428a1ecd1b542c2890bb7334543e9f8daa6458554da9eb9c35782ba5bd91335b,autoannotated/images/428a1ecd1b542c2890bb7334543e9f8daa6458554da9eb9c35782ba5bd91335b.png,ComplexDataLab/OpenFake,medium,1,0.9583156108856201,0.4,1
428a9d7a92546bc0dd2c38029cf5d4cc9bc54cd5bab03b1815ba7a6c59215a8b,autoannotated/images/428a9d7a92546bc0dd2c38029cf5d4cc9bc54cd5bab03b1815ba7a6c59215a8b.jpg,saberzl/SID_Set,medium,0,0.0024817632511258125,0.4,0
42962d1cae2eeaf382c8cd751523b2add2658a49f00e32631278d4ed63b2d1fb,human_annotated/images/42962d1cae2eeaf382c8cd751523b2add2658a49f00e32631278d4ed63b2d1fb.jpg,RRDataset,medium,0,0.7184386849403381,0.4,1
42997c5a8200ac7cfa2fe08bef72925b256e376ff5c0df180c4f5874e0603107,autoannotated/images/42997c5a8200ac7cfa2fe08bef72925b256e376ff5c0df180c4f5874e0603107.jpg,RRDataset,medium,0,0.9873184561729431,0.4,1
429b40a5698280ddfa0b3a2ef576fed922c3626c4cc8c20473988018a02a9de5,autoannotated/images/429b40a5698280ddfa0b3a2ef576fed922c3626c4cc8c20473988018a02a9de5.jpg,saberzl/SID_Set,medium,0,0.9854000210762024,0.4,1
42ac5c88083cc769c51fed2a6a6e1ca5dd64be3a792e9d357d21ea00f638fa42,autoannotated/images/42ac5c88083cc769c51fed2a6a6e1ca5dd64be3a792e9d357d21ea00f638fa42.png,RRDataset,medium,1,0.9200199246406555,0.4,1
42ad326fc684530d2e7d86cd52c9bd38b54af77a6dd3d4acd13f938afcb16c08,autoannotated/images/42ad326fc684530d2e7d86cd52c9bd38b54af77a6dd3d4acd13f938afcb16c08.png,RRDataset,medium,1,0.986977756023407,0.4,1
42b45b6ea9a4f43023017f782e8f732ec4779100f0df7b1f5dc71bfc112924a8,autoannotated/images/42b45b6ea9a4f43023017f782e8f732ec4779100f0df7b1f5dc71bfc112924a8.jpg,RRDataset,medium,0,0.9489269256591797,0.4,1
42cd2a96d784190526146334d1c1e5b3993915cc8064529fe7275af9876d0361,human_annotated/images/42cd2a96d784190526146334d1c1e5b3993915cc8064529fe7275af9876d0361.jpg,ComplexDataLab/OpenFake,medium,0,0.3223860561847687,0.4,0
42f9a03ad2bc280eda6af17c5ceb54fa96f677a214e23cf2ef56faf99b185a24,autoannotated/images/42f9a03ad2bc280eda6af17c5ceb54fa96f677a214e23cf2ef56faf99b185a24.png,RRDataset,medium,1,0.870074987411499,0.4,1
42fe11fc8fd5c15bb01532996a5a6a8387933d1aa1ce6a47d493f5ae64cb1476,human_annotated/images/42fe11fc8fd5c15bb01532996a5a6a8387933d1aa1ce6a47d493f5ae64cb1476.jpg,RRDataset,medium,0,0.9433648586273193,0.4,1
4335650a6f492c8d3274cce4bcc03faf3afb461c10afa9ce58ae7b6ff4d01552,human_annotated/images/4335650a6f492c8d3274cce4bcc03faf3afb461c10afa9ce58ae7b6ff4d01552.png,RRDataset,medium,1,0.9804018139839172,0.4,1
435ee8accb9895472d6b248b4e9902190824cc173ca8f7907a6ce49eb95c1873,autoannotated/images/435ee8accb9895472d6b248b4e9902190824cc173ca8f7907a6ce49eb95c1873.png,ComplexDataLab/OpenFake,medium,1,0.778703510761261,0.4,1
4391c7ccb7649fe9a3e3ed3782e98cdf0901ada84a2c35c8ffad9405fce06cf9,autoannotated/images/4391c7ccb7649fe9a3e3ed3782e98cdf0901ada84a2c35c8ffad9405fce06cf9.jpg,RRDataset,medium,0,0.8503056764602661,0.4,1
4397b113401b6da75d4890c85e36d0b53ec19ebfe9a62e8eb2f0ca8bf4e4b0b9,autoannotated/images/4397b113401b6da75d4890c85e36d0b53ec19ebfe9a62e8eb2f0ca8bf4e4b0b9.jpg,saberzl/SID_Set,medium,0,0.7792931795120239,0.4,1
439a17e889ce2ee9a6f38f52fb9f839457fe275c681246be2f3dc6f90e019c4c,autoannotated/images/439a17e889ce2ee9a6f38f52fb9f839457fe275c681246be2f3dc6f90e019c4c.png,saberzl/SID_Set,medium,1,0.9944878220558167,0.4,1
43a7b439ef8fa21744e89c30159e6f897eaf017e3b9a3b84a62351ce888c4b1e,human_annotated/images/43a7b439ef8fa21744e89c30159e6f897eaf017e3b9a3b84a62351ce888c4b1e.jpg,ComplexDataLab/OpenFake,medium,0,0.2096758931875229,0.4,0
43bc8176fb1aa535f139a1646d29469a8b54f6f14ba6e9efd8d5a34cddf3befa,autoannotated/images/43bc8176fb1aa535f139a1646d29469a8b54f6f14ba6e9efd8d5a34cddf3befa.jpg,RRDataset,medium,0,0.21979938447475433,0.4,0
43bec3b587510fe3c73842ad4c306e38805809dccdf2aca383933e9b8890072e,autoannotated/images/43bec3b587510fe3c73842ad4c306e38805809dccdf2aca383933e9b8890072e.png,ComplexDataLab/OpenFake,medium,1,0.22955045104026794,0.4,0
43cfed9e3d2ab40c29cf04319bdcb54e80016a2086dca9b0eafc15f42680079a,autoannotated/images/43cfed9e3d2ab40c29cf04319bdcb54e80016a2086dca9b0eafc15f42680079a.jpg,saberzl/SID_Set,medium,0,0.9739406108856201,0.4,1
43d4634a01b344cdfc742c9bab279c2ad83018988c39ece1baacd768c33a448a,human_annotated/images/43d4634a01b344cdfc742c9bab279c2ad83018988c39ece1baacd768c33a448a.png,RRDataset,medium,1,0.9710997343063354,0.4,1
43d8cce2be906df1dfcf3628ca5d1e0aea40857f064e9a8166779c47d8b0b873,autoannotated/images/43d8cce2be906df1dfcf3628ca5d1e0aea40857f064e9a8166779c47d8b0b873.jpg,saberzl/SID_Set,medium,0,0.18395677208900452,0.4,0
43de6804b6e253bba24e76ec8ee718aa339284c9b42a8d2caaaffa8e154d3545,human_annotated/images/43de6804b6e253bba24e76ec8ee718aa339284c9b42a8d2caaaffa8e154d3545.jpg,ComplexDataLab/OpenFake,medium,0,0.9808087348937988,0.4,1
440325bbac7f25cfe5a8495ba91e686236ea9fe82d6f07f7d2dfeea83c8aa575,autoannotated/images/440325bbac7f25cfe5a8495ba91e686236ea9fe82d6f07f7d2dfeea83c8aa575.png,RRDataset,medium,1,0.9444090723991394,0.4,1
4418e5afbbabbf76b28362d46143389848e8c40e3b8b6c21b4371bd24a731c13,autoannotated/images/4418e5afbbabbf76b28362d46143389848e8c40e3b8b6c21b4371bd24a731c13.jpg,saberzl/SID_Set,medium,0,0.5385913252830505,0.4,1
44304926e81e388cf345add7e789e59feb26e25be2217dc0b05cd03055340a5c,autoannotated/images/44304926e81e388cf345add7e789e59feb26e25be2217dc0b05cd03055340a5c.jpg,ComplexDataLab/OpenFake,medium,0,0.0068686483427882195,0.4,0
446b2aeac9db27c02eb12b94074272142c5302607581fcf2a157d0e65f129415,human_annotated/images/446b2aeac9db27c02eb12b94074272142c5302607581fcf2a157d0e65f129415.jpg,ComplexDataLab/OpenFake,medium,0,0.9640969038009644,0.4,1
4472ea174ac44f4b9ba13c283c2360ea187511bbe379b4a5e1c58f371ef2fe88,autoannotated/images/4472ea174ac44f4b9ba13c283c2360ea187511bbe379b4a5e1c58f371ef2fe88.jpg,ComplexDataLab/OpenFake,medium,0,0.03513766825199127,0.4,0
44b5c025fa5cc27c01325d6859ae1fd3896af79d9ef45007f2bd6b732d0f9820,human_annotated/images/44b5c025fa5cc27c01325d6859ae1fd3896af79d9ef45007f2bd6b732d0f9820.jpg,ComplexDataLab/OpenFake,medium,0,0.03207821771502495,0.4,0
44f6f72ab117ac83f9d77d8719766b089f315fa364739215aa85d0f3a2cb19a4,autoannotated/images/44f6f72ab117ac83f9d77d8719766b089f315fa364739215aa85d0f3a2cb19a4.png,saberzl/SID_Set,medium,1,0.9237222671508789,0.4,1
451a8a668c7badfb3c69e93f8280da41358f21a978444a5288be36e0830fe67a,human_annotated/images/451a8a668c7badfb3c69e93f8280da41358f21a978444a5288be36e0830fe67a.jpg,RRDataset,medium,0,0.9846924543380737,0.4,1
4522ede7e8dd2ca56aa866bef2fabc4c40927cffcc9abb2b176b8c63a03a74d3,autoannotated/images/4522ede7e8dd2ca56aa866bef2fabc4c40927cffcc9abb2b176b8c63a03a74d3.png,ComplexDataLab/OpenFake,medium,1,0.8179664015769958,0.4,1
455dbfd101ed8f7578e1e6d4a25e4006c24979c2d8c8b929cde7835ee16a0cf9,autoannotated/images/455dbfd101ed8f7578e1e6d4a25e4006c24979c2d8c8b929cde7835ee16a0cf9.png,saberzl/SID_Set,medium,1,0.9946459531784058,0.4,1
456ce8a65656b6ac7283488a96f14df94ee76ec5d9d496ef46066f38ae527e36,autoannotated/images/456ce8a65656b6ac7283488a96f14df94ee76ec5d9d496ef46066f38ae527e36.png,ComplexDataLab/OpenFake,medium,1,0.47416752576828003,0.4,1
459a05953f07edb82e8836b40a370cb24c5de6a84b8504d424ff164bacbc7f26,autoannotated/images/459a05953f07edb82e8836b40a370cb24c5de6a84b8504d424ff164bacbc7f26.jpg,ComplexDataLab/OpenFake,medium,0,0.0022641648538410664,0.4,0
45b2c96cfa998963bdf090de4f67feff094da87786a13be5b17a66030e1fe12b,autoannotated/images/45b2c96cfa998963bdf090de4f67feff094da87786a13be5b17a66030e1fe12b.jpg,saberzl/SID_Set,medium,0,0.9179606437683105,0.4,1
45d695342ff282f88aa757731a17bd7ad77a414c5fc3af93b049656c6ff198de,autoannotated/images/45d695342ff282f88aa757731a17bd7ad77a414c5fc3af93b049656c6ff198de.png,ComplexDataLab/OpenFake,medium,1,0.589597225189209,0.4,1
45edaf4f1ffdd09020d6b8f6ee1aa14f75d569ec10a2493f66e3527c93c4de45,human_annotated/images/45edaf4f1ffdd09020d6b8f6ee1aa14f75d569ec10a2493f66e3527c93c4de45.jpg,RRDataset,medium,0,0.3428524434566498,0.4,0
45f11e2788f9f3eedeea270437b9996e7e14006e9432526448cef3df13e324c0,autoannotated/images/45f11e2788f9f3eedeea270437b9996e7e14006e9432526448cef3df13e324c0.png,RRDataset,medium,1,0.9959267377853394,0.4,1
4609c56e827d93101d3c599f87c387ca195f712eab07c56f15978cda9aa2333f,autoannotated/images/4609c56e827d93101d3c599f87c387ca195f712eab07c56f15978cda9aa2333f.jpg,saberzl/SID_Set,medium,0,0.9963313937187195,0.4,1
46421c8368d2782aa0253366d610cacab620fca828b29a87e106e1b48a16ab09,autoannotated/images/46421c8368d2782aa0253366d610cacab620fca828b29a87e106e1b48a16ab09.jpg,RRDataset,medium,0,0.9997106194496155,0.4,1
4643b257e9bb09a0d74a39a8f4bc47603b9aae013f7301d3662db10cd80a0ebb,autoannotated/images/4643b257e9bb09a0d74a39a8f4bc47603b9aae013f7301d3662db10cd80a0ebb.png,RRDataset,medium,1,0.9906774759292603,0.4,1
464cdfacf6c9ea19386ed17f195377e81b958ee8ca80d3b7d6e4dfcef369c74d,autoannotated/images/464cdfacf6c9ea19386ed17f195377e81b958ee8ca80d3b7d6e4dfcef369c74d.png,RRDataset,medium,1,0.9960777163505554,0.4,1
4654735cea8b6e773b754fb0600b539720630d44561edfccf7206c13764c7235,autoannotated/images/4654735cea8b6e773b754fb0600b539720630d44561edfccf7206c13764c7235.png,RRDataset,medium,1,0.9584778547286987,0.4,1
466892248af839aa29bca381f410192e78bd53a96fc9725ca03fd75eb2bb5691,autoannotated/images/466892248af839aa29bca381f410192e78bd53a96fc9725ca03fd75eb2bb5691.jpg,saberzl/SID_Set,medium,0,0.32964956760406494,0.4,0
467976be761ba63029456ab880f0fe98d17f68ed31c398e04f994ec78e7dbbf3,human_annotated/images/467976be761ba63029456ab880f0fe98d17f68ed31c398e04f994ec78e7dbbf3.jpg,RRDataset,medium,0,0.165202796459198,0.4,0
468f397b531c25599986112fff8f7107530e1ea94083ae6ecd8aaeae4fe1c659,autoannotated/images/468f397b531c25599986112fff8f7107530e1ea94083ae6ecd8aaeae4fe1c659.jpg,saberzl/SID_Set,medium,0,0.00042631328688003123,0.4,0
469fa294f56e88fb68b73529b0ef4ae2ceee6238527684a3acf5da8ccd30f47c,autoannotated/images/469fa294f56e88fb68b73529b0ef4ae2ceee6238527684a3acf5da8ccd30f47c.png,ComplexDataLab/OpenFake,medium,1,0.832877516746521,0.4,1
46aa5b92bb78839089629b67908556ce6b2186844184ef5e5cc25be0275b82ae,autoannotated/images/46aa5b92bb78839089629b67908556ce6b2186844184ef5e5cc25be0275b82ae.png,saberzl/SID_Set,medium,1,0.992340087890625,0.4,1
46aa8e6787989eee74c8d19a17b2f106968374f6155d863815fe5733a0d330ac,autoannotated/images/46aa8e6787989eee74c8d19a17b2f106968374f6155d863815fe5733a0d330ac.jpg,saberzl/SID_Set,medium,0,0.0022784736938774586,0.4,0
46c2b0a96536c21e98fc9863f81cbfe0647362388ab0fdf62b82a93a3356cbd5,autoannotated/images/46c2b0a96536c21e98fc9863f81cbfe0647362388ab0fdf62b82a93a3356cbd5.jpg,saberzl/SID_Set,medium,0,0.09288236498832703,0.4,0
46d39e83098490d85af0437a349819a0eadc87faa1289a863312dbb2f72b7c23,autoannotated/images/46d39e83098490d85af0437a349819a0eadc87faa1289a863312dbb2f72b7c23.png,saberzl/SID_Set,medium,1,0.9507038593292236,0.4,1
46dae22331edbeec8d376a5f4b49b47f84f84cb006a9cfb486a168e19a642f1d,human_annotated/images/46dae22331edbeec8d376a5f4b49b47f84f84cb006a9cfb486a168e19a642f1d.png,RRDataset,medium,1,0.9971776008605957,0.4,1
46fbb6b983bbe1e5d1817de94d38b4d658492d0aae9400f8cdf82030ef66c123,autoannotated/images/46fbb6b983bbe1e5d1817de94d38b4d658492d0aae9400f8cdf82030ef66c123.png,saberzl/SID_Set,medium,1,0.8475992679595947,0.4,1
470afb541c53680655c5270fd16135a0f38f87887c43f1cf05860dbd31a32554,autoannotated/images/470afb541c53680655c5270fd16135a0f38f87887c43f1cf05860dbd31a32554.jpg,saberzl/SID_Set,medium,0,0.1349625587463379,0.4,0
4713435243a272e77f55d35de5000281cf308f452a8f113eb71f727f455d6bdb,autoannotated/images/4713435243a272e77f55d35de5000281cf308f452a8f113eb71f727f455d6bdb.png,RRDataset,medium,1,0.9931477904319763,0.4,1
472afb192d0021023efa5eaf203c5a53c4b7fe256df388c1fbb04553eebe2ae4,autoannotated/images/472afb192d0021023efa5eaf203c5a53c4b7fe256df388c1fbb04553eebe2ae4.png,RRDataset,medium,1,0.993675172328949,0.4,1
4745060cafee2937b9ac9c4cf554c2e024bc8f7c1e9f79d63e66b6fdf53ad149,autoannotated/images/4745060cafee2937b9ac9c4cf554c2e024bc8f7c1e9f79d63e66b6fdf53ad149.jpg,saberzl/SID_Set,medium,0,0.5065730214118958,0.4,1
4782f0d7bfe9d760f36a3001c9e1d658952fa8d4a0551b436aa312858d7e90b4,autoannotated/images/4782f0d7bfe9d760f36a3001c9e1d658952fa8d4a0551b436aa312858d7e90b4.png,RRDataset,medium,1,0.9196221828460693,0.4,1
4784907b79c4681e79abc74ca063a1a3893cf7aaf640fe022e014434feb78b51,human_annotated/images/4784907b79c4681e79abc74ca063a1a3893cf7aaf640fe022e014434feb78b51.png,saberzl/SID_Set,medium,1,0.9699429869651794,0.4,1
479bcadec0e113a237bba009a4202b631d142a52a410d4046f667c0c9d7a5886,autoannotated/images/479bcadec0e113a237bba009a4202b631d142a52a410d4046f667c0c9d7a5886.png,ComplexDataLab/OpenFake,medium,1,0.8420609831809998,0.4,1
47f8089b9f4aa54a48b0e79e84a3214ea7116c2f879d044662bf9741418d4855,autoannotated/images/47f8089b9f4aa54a48b0e79e84a3214ea7116c2f879d044662bf9741418d4855.jpg,RRDataset,medium,0,0.13664081692695618,0.4,0
4803f7e88f7bc9b12d4e1ea8a13ea3c3fe17a8c7a3f4de5cd282be6edc33a503,autoannotated/images/4803f7e88f7bc9b12d4e1ea8a13ea3c3fe17a8c7a3f4de5cd282be6edc33a503.jpg,ComplexDataLab/OpenFake,medium,0,0.030737008899450302,0.4,0
48121b25827fe6a8a4a889e2e3d8f7b08f32507f723865eada1ebe5162d2a769,autoannotated/images/48121b25827fe6a8a4a889e2e3d8f7b08f32507f723865eada1ebe5162d2a769.png,saberzl/SID_Set,medium,1,0.8509353995323181,0.4,1
48179f6e885daddff6722f664eaaddd6015fa393ac25d6ed6df87b06da08d07c,human_annotated/images/48179f6e885daddff6722f664eaaddd6015fa393ac25d6ed6df87b06da08d07c.png,RRDataset,medium,1,0.9344022870063782,0.4,1
48384cc5d7aa2f5dc39dd96e326d283bea6c1e2f525faa4b072800a7efb467e3,human_annotated/images/48384cc5d7aa2f5dc39dd96e326d283bea6c1e2f525faa4b072800a7efb467e3.webp,ComplexDataLab/OpenFake,medium,1,0.36975860595703125,0.4,0
486bef56210c32f3dc965e5cb7117ba1afeec61f3908aedf607e7bbfd8d9e9a3,autoannotated/images/486bef56210c32f3dc965e5cb7117ba1afeec61f3908aedf607e7bbfd8d9e9a3.jpg,ComplexDataLab/OpenFake,medium,0,0.014889786019921303,0.4,0
48a67a84d155309de77ee56bc4d2fa7e49bd691ccaffbdc87487f8e04640baf4,human_annotated/images/48a67a84d155309de77ee56bc4d2fa7e49bd691ccaffbdc87487f8e04640baf4.png,ComplexDataLab/OpenFake,medium,1,0.5172191262245178,0.4,1
48b7a71d356bd71b2d4237c623c0c156fabae96ba03ad473f37b267763b11633,human_annotated/images/48b7a71d356bd71b2d4237c623c0c156fabae96ba03ad473f37b267763b11633.png,ComplexDataLab/OpenFake,medium,1,0.22940851747989655,0.4,0
48baf326ee028b000b92936d8abcf15e84ab89a13b882f5bd4476d923e5ec5ae,autoannotated/images/48baf326ee028b000b92936d8abcf15e84ab89a13b882f5bd4476d923e5ec5ae.png,ComplexDataLab/OpenFake,medium,1,0.9312742948532104,0.4,1
48f89d2ce2ab9e0c21591f9d62f5602687f5c6020baaf397fff7fb4f0d5c443b,autoannotated/images/48f89d2ce2ab9e0c21591f9d62f5602687f5c6020baaf397fff7fb4f0d5c443b.jpg,saberzl/SID_Set,medium,0,0.07905566692352295,0.4,0
490781fc653df043f7150f564b0b16cb838b3de7d2162bf5e118d805d8da7fea,autoannotated/images/490781fc653df043f7150f564b0b16cb838b3de7d2162bf5e118d805d8da7fea.png,ComplexDataLab/OpenFake,medium,1,0.9099762439727783,0.4,1
490e0afdc79cfa11bb9b1a5030d9db43c1385a0cf6b82d452223068f6f295329,autoannotated/images/490e0afdc79cfa11bb9b1a5030d9db43c1385a0cf6b82d452223068f6f295329.jpg,RRDataset,medium,0,0.6730575561523438,0.4,1
4939a017439fe2a1a52769f15fabea5fd4a111b98f01e8961fa36bb5625d47fe,autoannotated/images/4939a017439fe2a1a52769f15fabea5fd4a111b98f01e8961fa36bb5625d47fe.png,saberzl/SID_Set,medium,1,0.6502365469932556,0.4,1
4939e8d6ea3b6d2271b18668401b373c6a991b82b419463cd29f637fdfa2745d,autoannotated/images/4939e8d6ea3b6d2271b18668401b373c6a991b82b419463cd29f637fdfa2745d.png,ComplexDataLab/OpenFake,medium,1,0.9360785484313965,0.4,1
493e7d380af21afff596672dce5c3dd5a60efec2d2a06583ce35a9747666eca2,human_annotated/images/493e7d380af21afff596672dce5c3dd5a60efec2d2a06583ce35a9747666eca2.jpg,saberzl/SID_Set,medium,0,0.0421178825199604,0.4,0
495f62b411289d1abdf3973c4ce83aa8534d72bd76072f8af75f9f660224aea7,autoannotated/images/495f62b411289d1abdf3973c4ce83aa8534d72bd76072f8af75f9f660224aea7.png,ComplexDataLab/OpenFake,medium,1,0.9908359050750732,0.4,1
496d44cf24c7e64b7780272bab89ea677b5a53cbeefada24d2b0e5e6732a83ee,autoannotated/images/496d44cf24c7e64b7780272bab89ea677b5a53cbeefada24d2b0e5e6732a83ee.jpg,ComplexDataLab/OpenFake,medium,0,0.06936018913984299,0.4,0
49718f5912571b65419367db4a90700e5a40bdeb059febeb9f9809fe6f275c53,autoannotated/images/49718f5912571b65419367db4a90700e5a40bdeb059febeb9f9809fe6f275c53.jpg,RRDataset,medium,0,0.7918825149536133,0.4,1
4973691b125c0d346855d2a769df2405781ecbca495dc428f1162849b22f22a3,autoannotated/images/4973691b125c0d346855d2a769df2405781ecbca495dc428f1162849b22f22a3.jpg,ComplexDataLab/OpenFake,medium,0,0.004307303112000227,0.4,0
49bf4e4f64baa58f982fc25105923a7b6838b2b796c7b99a3bc8ecc0a5c18a22,autoannotated/images/49bf4e4f64baa58f982fc25105923a7b6838b2b796c7b99a3bc8ecc0a5c18a22.jpg,saberzl/SID_Set,medium,0,0.002690827241167426,0.4,0
49bfa7279c3d32e7a1db762a9aac22cc3ef3378f72e8c39a1db89c4685ca9a79,autoannotated/images/49bfa7279c3d32e7a1db762a9aac22cc3ef3378f72e8c39a1db89c4685ca9a79.png,ComplexDataLab/OpenFake,medium,1,0.9931017160415649,0.4,1
49d8bfa20b71153f17032767e01651b8a1ac3755e502c165e794a3940a1314b3,autoannotated/images/49d8bfa20b71153f17032767e01651b8a1ac3755e502c165e794a3940a1314b3.png,saberzl/SID_Set,medium,1,0.9622018933296204,0.4,1
49de00b712948044a523daa78eba28ed3bbfff1029a89368fd1f0fc0014248ee,human_annotated/images/49de00b712948044a523daa78eba28ed3bbfff1029a89368fd1f0fc0014248ee.png,saberzl/SID_Set,medium,1,0.8471001386642456,0.4,1
49eed0dca63365128918a899970661b0e147b64254730d2ed4d85fc5b356093e,human_annotated/images/49eed0dca63365128918a899970661b0e147b64254730d2ed4d85fc5b356093e.png,ComplexDataLab/OpenFake,medium,1,0.793685793876648,0.4,1
49f4addb464ccad840b38abb5b51255e277c200805c380cb9d6fecff58dcc374,autoannotated/images/49f4addb464ccad840b38abb5b51255e277c200805c380cb9d6fecff58dcc374.png,RRDataset,medium,1,0.9966356158256531,0.4,1
4a10fc14f8d8785dcaed7df86a715d4cdf5782f3ecd0e67da1b0541fc2316cfd,autoannotated/images/4a10fc14f8d8785dcaed7df86a715d4cdf5782f3ecd0e67da1b0541fc2316cfd.jpg,ComplexDataLab/OpenFake,medium,0,0.017114201560616493,0.4,0
4a5d78223439769570399be6204e0573ef29c23e01ed12ba4a9952d67069ba22,autoannotated/images/4a5d78223439769570399be6204e0573ef29c23e01ed12ba4a9952d67069ba22.png,saberzl/SID_Set,medium,1,0.9596011638641357,0.4,1
4a6adb1589f8b9e3609a46777d2325c959074a6d6e2f532a8383dd304b14180a,autoannotated/images/4a6adb1589f8b9e3609a46777d2325c959074a6d6e2f532a8383dd304b14180a.jpg,saberzl/SID_Set,medium,0,0.03030521422624588,0.4,0
4a765c28c05a8ee986f2221fc02dde57a05657b25ab3693164b6a309bd816d8d,autoannotated/images/4a765c28c05a8ee986f2221fc02dde57a05657b25ab3693164b6a309bd816d8d.png,saberzl/SID_Set,medium,1,0.8630809187889099,0.4,1
4a81a49d9b9a9c19689e94baef69e250dc9f38f35f124e48bec23f7a2f3bcc86,autoannotated/images/4a81a49d9b9a9c19689e94baef69e250dc9f38f35f124e48bec23f7a2f3bcc86.png,RRDataset,medium,1,0.9319515824317932,0.4,1
4a885a4b225d1c2859d9128d61b0f90579d6983bacfbbe8bb4b43f3586a210f4,autoannotated/images/4a885a4b225d1c2859d9128d61b0f90579d6983bacfbbe8bb4b43f3586a210f4.jpg,RRDataset,medium,0,0.4913204610347748,0.4,1
4a91debc330eaebc7f510716332845282b8be49d7015dfd0cd12ef4d7cdda0d4,autoannotated/images/4a91debc330eaebc7f510716332845282b8be49d7015dfd0cd12ef4d7cdda0d4.png,RRDataset,medium,1,0.8740090131759644,0.4,1
4a970d0872b966f622500aa3b3a84854ef8f2b48990bb28424a0c6cf85e0e515,autoannotated/images/4a970d0872b966f622500aa3b3a84854ef8f2b48990bb28424a0c6cf85e0e515.jpg,saberzl/SID_Set,medium,0,0.005731029901653528,0.4,0
4aa1875e8ff01140b45ea267f64bd1ef8bafb883a66af5a264614d8d00aa5225,autoannotated/images/4aa1875e8ff01140b45ea267f64bd1ef8bafb883a66af5a264614d8d00aa5225.jpg,RRDataset,medium,0,0.9580876231193542,0.4,1
4abcacc017bfce04aed4726653569922a6f30b0b4d2c89969c71dbdd931c7189,autoannotated/images/4abcacc017bfce04aed4726653569922a6f30b0b4d2c89969c71dbdd931c7189.png,saberzl/SID_Set,medium,1,0.9898645281791687,0.4,1
4ac407d4db2cf9e45507bd81511e86cc7876be378e6efa53f810b6d966772e2b,autoannotated/images/4ac407d4db2cf9e45507bd81511e86cc7876be378e6efa53f810b6d966772e2b.png,saberzl/SID_Set,medium,1,0.9974930286407471,0.4,1
4ad63ac1d5a04010b2ec8337bc6da311dc95a75ace24119dbcd3ea8e8c0f8818,autoannotated/images/4ad63ac1d5a04010b2ec8337bc6da311dc95a75ace24119dbcd3ea8e8c0f8818.jpg,RRDataset,medium,0,0.9608622193336487,0.4,1
4aec263de4c723d0816290080a21c231a7b83a23273123e0690cb598c927c564,autoannotated/images/4aec263de4c723d0816290080a21c231a7b83a23273123e0690cb598c927c564.png,saberzl/SID_Set,medium,1,0.9138180017471313,0.4,1
4af66822abbdf36f464235867b1451427041363201aedee22d2e123c1d00f205,autoannotated/images/4af66822abbdf36f464235867b1451427041363201aedee22d2e123c1d00f205.png,ComplexDataLab/OpenFake,medium,1,0.9956951141357422,0.4,1
4b182e261ef7c70c3f4be4a5bff9dba360f72153b0796b2ebf89ee8bddc62212,autoannotated/images/4b182e261ef7c70c3f4be4a5bff9dba360f72153b0796b2ebf89ee8bddc62212.png,saberzl/SID_Set,medium,1,0.9517815113067627,0.4,1
4b3ea374e121b01509cf8baf3dd3956f0748dece256346d872c94e3bb02e9f3d,autoannotated/images/4b3ea374e121b01509cf8baf3dd3956f0748dece256346d872c94e3bb02e9f3d.png,RRDataset,medium,1,0.9646579623222351,0.4,1
4b463814d4ef9592cc0d7b5dd1932f03529158b872ec8f8e840a11d7ec037bc2,autoannotated/images/4b463814d4ef9592cc0d7b5dd1932f03529158b872ec8f8e840a11d7ec037bc2.png,ComplexDataLab/OpenFake,medium,1,0.8183292746543884,0.4,1
4b46898a8685499eb15524f1bcd1d1bed8536cb3fc821d141b9f996de69551f4,autoannotated/images/4b46898a8685499eb15524f1bcd1d1bed8536cb3fc821d141b9f996de69551f4.jpg,RRDataset,medium,0,0.9288142323493958,0.4,1
4b56499445de4bcd8077da03e2c411496488dd2dc092002c9fe8d6d486869dde,autoannotated/images/4b56499445de4bcd8077da03e2c411496488dd2dc092002c9fe8d6d486869dde.jpg,RRDataset,medium,0,0.9387073516845703,0.4,1
4b57ac10add5de22fe235baef3ba95832a153bc4f667b56bd2a0fdcec825911e,autoannotated/images/4b57ac10add5de22fe235baef3ba95832a153bc4f667b56bd2a0fdcec825911e.jpg,ComplexDataLab/OpenFake,medium,0,0.44397592544555664,0.4,1
4b7680ba1ae32bb4cef72e27ee8aaa1ec29502e4e384240d242d979db928678d,autoannotated/images/4b7680ba1ae32bb4cef72e27ee8aaa1ec29502e4e384240d242d979db928678d.png,RRDataset,medium,1,0.9427478313446045,0.4,1
4b78e21d9feb56864a935fa777559480b5506639aea4390e068b38bb0f0c2b81,autoannotated/images/4b78e21d9feb56864a935fa777559480b5506639aea4390e068b38bb0f0c2b81.jpg,RRDataset,medium,0,0.8826161623001099,0.4,1
4b7dc20191b9043343b98650f5773bb7acc53113801bf61e7e43b51dc795f336,autoannotated/images/4b7dc20191b9043343b98650f5773bb7acc53113801bf61e7e43b51dc795f336.jpg,RRDataset,medium,0,0.940696120262146,0.4,1
4b80df1bd7d0b59e89108c3de34c41b481798b7dab52c83e2ec1def86a8d9bff,autoannotated/images/4b80df1bd7d0b59e89108c3de34c41b481798b7dab52c83e2ec1def86a8d9bff.png,ComplexDataLab/OpenFake,medium,1,0.6980685591697693,0.4,1
4b8eec7ad9acfb670f05fbeccbb69be2b10def5ad649433906d2e51bfebfabc6,autoannotated/images/4b8eec7ad9acfb670f05fbeccbb69be2b10def5ad649433906d2e51bfebfabc6.png,RRDataset,medium,1,0.9330071210861206,0.4,1
4ba7331b6b838a868b885ea4c6683ea18c2cde380c0bac1cf8028a409e97d23a,autoannotated/images/4ba7331b6b838a868b885ea4c6683ea18c2cde380c0bac1cf8028a409e97d23a.png,ComplexDataLab/OpenFake,medium,1,0.9973968267440796,0.4,1
4bbc18e9e79c6d0bdb761c547e18341592379e1c696a2fcfab2534cf4097d4c3,autoannotated/images/4bbc18e9e79c6d0bdb761c547e18341592379e1c696a2fcfab2534cf4097d4c3.png,ComplexDataLab/OpenFake,medium,1,0.9813387393951416,0.4,1
4bdbbcd24e4c697c788565cec9a2bb5ca7b1ecde868142e3356cf1c1927be2ce,autoannotated/images/4bdbbcd24e4c697c788565cec9a2bb5ca7b1ecde868142e3356cf1c1927be2ce.jpg,RRDataset,medium,0,0.9828960299491882,0.4,1
4be03b0f1b6da05197314fe0f47586bf43d6dbec7153038767dde96318e62595,autoannotated/images/4be03b0f1b6da05197314fe0f47586bf43d6dbec7153038767dde96318e62595.png,ComplexDataLab/OpenFake,medium,1,0.7898139357566833,0.4,1
4be0a3e6de13da8bbf735935a6a76f252f0a5f316fb92f720b884575162b192c,autoannotated/images/4be0a3e6de13da8bbf735935a6a76f252f0a5f316fb92f720b884575162b192c.png,ComplexDataLab/OpenFake,medium,1,0.34911563992500305,0.4,0
4c382db23d391f84020421fa50d674659307c69fdab71af5ef348f3ca147eb8b,autoannotated/images/4c382db23d391f84020421fa50d674659307c69fdab71af5ef348f3ca147eb8b.jpg,saberzl/SID_Set,medium,0,0.01317248959094286,0.4,0
4c6d93bf5f4e799fb4e9b2f1fdb07356e6787f993c986783e0e111a90bad4928,autoannotated/images/4c6d93bf5f4e799fb4e9b2f1fdb07356e6787f993c986783e0e111a90bad4928.png,saberzl/SID_Set,medium,1,0.9846238493919373,0.4,1
4c6fc9842ca174d4c9604b7e68bd8735b82d09236608968e780ce73c8655577c,human_annotated/images/4c6fc9842ca174d4c9604b7e68bd8735b82d09236608968e780ce73c8655577c.png,RRDataset,medium,1,0.9872683882713318,0.4,1
4c72a880038c6e9c0a03286284fc669a7696e09ff49fb7e6653c9ad822f7b0b8,autoannotated/images/4c72a880038c6e9c0a03286284fc669a7696e09ff49fb7e6653c9ad822f7b0b8.jpg,ComplexDataLab/OpenFake,medium,0,0.46475666761398315,0.4,1
4c819829b501601c7884178cbabe6c0688fb0ae5c2a912d43878b05ec94cccd2,autoannotated/images/4c819829b501601c7884178cbabe6c0688fb0ae5c2a912d43878b05ec94cccd2.png,saberzl/SID_Set,medium,1,0.9611160159111023,0.4,1
4c8c368518e267b9f6c62619ae5fbfea9f40572dbe557bec70235be228583cbc,autoannotated/images/4c8c368518e267b9f6c62619ae5fbfea9f40572dbe557bec70235be228583cbc.jpg,ComplexDataLab/OpenFake,medium,0,0.17271022498607635,0.4,0
4c940ae5a629c93c32344264cec793bc23f3f91d0358be0fc598416b63026507,human_annotated/images/4c940ae5a629c93c32344264cec793bc23f3f91d0358be0fc598416b63026507.png,ComplexDataLab/OpenFake,medium,1,0.7887495756149292,0.4,1
4cb61c62d80e382c47e40c22923366ff0f55fbe746fa36d54561647a72cadc6c,autoannotated/images/4cb61c62d80e382c47e40c22923366ff0f55fbe746fa36d54561647a72cadc6c.jpg,ComplexDataLab/OpenFake,medium,0,7.727859156148043e-06,0.4,0
4cd4df40fab1ead22ed12490f6641be1f1d1fad8e2fff1ef40226ad14d19e115,human_annotated/images/4cd4df40fab1ead22ed12490f6641be1f1d1fad8e2fff1ef40226ad14d19e115.jpg,ComplexDataLab/OpenFake,medium,0,0.09735243022441864,0.4,0
4ce6947946bb9b28a3e511db91f9e7efd8a7773ec77af612e1d30909294e6b40,autoannotated/images/4ce6947946bb9b28a3e511db91f9e7efd8a7773ec77af612e1d30909294e6b40.jpg,saberzl/SID_Set,medium,0,0.5531988143920898,0.4,1
4d0089efc4df6ab6db49dbb0a9a8dff807ff7a331a05b7874ce334655ad61e5b,autoannotated/images/4d0089efc4df6ab6db49dbb0a9a8dff807ff7a331a05b7874ce334655ad61e5b.jpg,RRDataset,medium,0,0.6017971634864807,0.4,1
4d33d291b4094571623f839d1e6237a493ca78b8e1808386a6779b1401c5ee5e,autoannotated/images/4d33d291b4094571623f839d1e6237a493ca78b8e1808386a6779b1401c5ee5e.png,ComplexDataLab/OpenFake,medium,1,0.7860159277915955,0.4,1
4d346d2bd7542efc9e2c2384a8d2255fd76ea23706a03859bff81113b3cbd374,autoannotated/images/4d346d2bd7542efc9e2c2384a8d2255fd76ea23706a03859bff81113b3cbd374.jpg,saberzl/SID_Set,medium,0,0.9851593375205994,0.4,1
4d74beb663738b31aabb2a58bf0c84eb0c15a734bac4aea93ef831af1a124474,human_annotated/images/4d74beb663738b31aabb2a58bf0c84eb0c15a734bac4aea93ef831af1a124474.png,RRDataset,medium,1,0.9800264835357666,0.4,1
4d8bebf58ce5cbe71095e04e030b529dc639fce0ed1894df273d6ec8415779f9,autoannotated/images/4d8bebf58ce5cbe71095e04e030b529dc639fce0ed1894df273d6ec8415779f9.png,saberzl/SID_Set,medium,1,0.8980879187583923,0.4,1
4de1503ccec655c6d8e198af453eeb5889ac76c409f269b1a99301a9957d5e57,human_annotated/images/4de1503ccec655c6d8e198af453eeb5889ac76c409f269b1a99301a9957d5e57.jpg,RRDataset,medium,0,0.9456232786178589,0.4,1
4de3d99cbfa7a20cbf9db941faf22eee49e65723f0ad37d63f3b2bf455797699,autoannotated/images/4de3d99cbfa7a20cbf9db941faf22eee49e65723f0ad37d63f3b2bf455797699.png,saberzl/SID_Set,medium,1,0.9822313189506531,0.4,1
4de90417a051be8e858e688b2730e3cf619bea650f95c8d7c2166ec36cabf2d4,human_annotated/images/4de90417a051be8e858e688b2730e3cf619bea650f95c8d7c2166ec36cabf2d4.jpg,saberzl/SID_Set,medium,0,0.673083484172821,0.4,1
4df879527c292351f90ac0403cd573982fac279864c602f3ef315394c5b174bf,autoannotated/images/4df879527c292351f90ac0403cd573982fac279864c602f3ef315394c5b174bf.jpg,RRDataset,medium,0,0.9680420160293579,0.4,1
4e0fbb6434c1808a9ae4e53fde33e06a515cf84e20df04f3fc0d3d68a71ec70c,human_annotated/images/4e0fbb6434c1808a9ae4e53fde33e06a515cf84e20df04f3fc0d3d68a71ec70c.jpg,RRDataset,medium,0,0.2661401033401489,0.4,0
4e1337d599180611b20ff5202c67329a6b216f326300cfc7c91ceb6957d0f43b,human_annotated/images/4e1337d599180611b20ff5202c67329a6b216f326300cfc7c91ceb6957d0f43b.jpg,RRDataset,medium,0,0.9509618878364563,0.4,1
4e2c1acd5c9da45629e22a94157ff0d82fe18116725d29f5adf892bcc43c3304,human_annotated/images/4e2c1acd5c9da45629e22a94157ff0d82fe18116725d29f5adf892bcc43c3304.jpg,ComplexDataLab/OpenFake,medium,0,0.00010405028297100216,0.4,0
4e43dfbfb7910a73a1b0f66b78f3344bdce91528492954ae21d71af697480f39,autoannotated/images/4e43dfbfb7910a73a1b0f66b78f3344bdce91528492954ae21d71af697480f39.jpg,saberzl/SID_Set,medium,0,0.016207585111260414,0.4,0
4e57edcd4e7dadd56525dd1e607af22822b809cad0ca981779479e561e76f355,autoannotated/images/4e57edcd4e7dadd56525dd1e607af22822b809cad0ca981779479e561e76f355.jpg,saberzl/SID_Set,medium,0,0.0001521838566986844,0.4,0
4e5e796c28a3b22e3326b42503dbcc52dc2d8a059197ca0ce2d47ee38e3c4090,human_annotated/images/4e5e796c28a3b22e3326b42503dbcc52dc2d8a059197ca0ce2d47ee38e3c4090.png,ComplexDataLab/OpenFake,medium,1,0.4832485318183899,0.4,1
4e5e8830f312a2409c32d5aefa75433860f3c05162ebde6c75de9942c790e352,autoannotated/images/4e5e8830f312a2409c32d5aefa75433860f3c05162ebde6c75de9942c790e352.png,RRDataset,medium,1,0.9634297490119934,0.4,1
4e834f6804dae3220488acfd58dea1c87fd39361883d9d19e89a1f4d83471d3e,autoannotated/images/4e834f6804dae3220488acfd58dea1c87fd39361883d9d19e89a1f4d83471d3e.jpg,ComplexDataLab/OpenFake,medium,0,0.00024916836991906166,0.4,0
4e9ab0fbf799a985bf1b92557a3219f36e33a5c1d79aadb8808990f04ed7d382,human_annotated/images/4e9ab0fbf799a985bf1b92557a3219f36e33a5c1d79aadb8808990f04ed7d382.png,ComplexDataLab/OpenFake,medium,1,0.9471312761306763,0.4,1
4ea402e4f95e3a3b275b418cbc35f8667bdb99633fdc6cd7084e04b5cbf94e12,autoannotated/images/4ea402e4f95e3a3b275b418cbc35f8667bdb99633fdc6cd7084e04b5cbf94e12.jpg,RRDataset,medium,0,0.08159204572439194,0.4,0
4eaa42fe3a8cd756b514e972c213ee7f06e7c363d17c4240f8f6743d993c76c7,autoannotated/images/4eaa42fe3a8cd756b514e972c213ee7f06e7c363d17c4240f8f6743d993c76c7.jpg,ComplexDataLab/OpenFake,medium,1,0.9153763651847839,0.4,1
4ec9f1bb6af31f482308ce900416941a6f2f7b79a9f948166b22b1c794d5af3e,autoannotated/images/4ec9f1bb6af31f482308ce900416941a6f2f7b79a9f948166b22b1c794d5af3e.png,RRDataset,medium,1,0.9885838031768799,0.4,1
4ecaaa7fdab39708ddc407cc74c3da73dcd2a6375e060bd171ea0ff59e31b6f0,autoannotated/images/4ecaaa7fdab39708ddc407cc74c3da73dcd2a6375e060bd171ea0ff59e31b6f0.jpg,saberzl/SID_Set,medium,0,0.14213916659355164,0.4,0
4ed43b7c8aead172c0d7a9bb3212ed20ca6e8c26c8d05c10b367a0fa3a383390,autoannotated/images/4ed43b7c8aead172c0d7a9bb3212ed20ca6e8c26c8d05c10b367a0fa3a383390.jpg,RRDataset,medium,0,0.47082817554473877,0.4,1
4ee3877a5ed71311aff8a457db513d1ae611ba9d820f5299d448920b6693b07d,autoannotated/images/4ee3877a5ed71311aff8a457db513d1ae611ba9d820f5299d448920b6693b07d.jpg,ComplexDataLab/OpenFake,medium,0,0.0007700399728491902,0.4,0
4f1941ab02b7dd231f59f22faf97dfb1e2cca65fe6f7e58fd9c94e1b2194ef47,autoannotated/images/4f1941ab02b7dd231f59f22faf97dfb1e2cca65fe6f7e58fd9c94e1b2194ef47.png,RRDataset,medium,1,0.9928613305091858,0.4,1
4f1e971d79406d5bb22f91226913baeb27403b9e2908092cc606463d356b4229,autoannotated/images/4f1e971d79406d5bb22f91226913baeb27403b9e2908092cc606463d356b4229.png,ComplexDataLab/OpenFake,medium,1,0.9575401544570923,0.4,1
4f23d8869144a535c2834e28d21a141924e80a9de86162d7a4c3400a2a5e8d75,autoannotated/images/4f23d8869144a535c2834e28d21a141924e80a9de86162d7a4c3400a2a5e8d75.jpg,ComplexDataLab/OpenFake,medium,0,0.05507204681634903,0.4,0
4f467d6cae43e08cf690f53f044a6fd357fb26e6c216a7e37dc513d6a001a0e9,autoannotated/images/4f467d6cae43e08cf690f53f044a6fd357fb26e6c216a7e37dc513d6a001a0e9.png,ComplexDataLab/OpenFake,medium,1,0.916869044303894,0.4,1
4f82b801e264b8e37a2f01cd76f10366a7eb82420196e28c69f875885072cc0f,autoannotated/images/4f82b801e264b8e37a2f01cd76f10366a7eb82420196e28c69f875885072cc0f.png,saberzl/SID_Set,medium,1,0.8197992444038391,0.4,1
4f928cdfcc8e18724628b283d2b19a588df526248e33f4d59e266fd3e811bdc1,autoannotated/images/4f928cdfcc8e18724628b283d2b19a588df526248e33f4d59e266fd3e811bdc1.png,ComplexDataLab/OpenFake,medium,1,0.9799505472183228,0.4,1
4fad2f768d1b0c3a6f5125e4c7ae7e59ac085dff0a709053692418226487c441,human_annotated/images/4fad2f768d1b0c3a6f5125e4c7ae7e59ac085dff0a709053692418226487c441.png,saberzl/SID_Set,medium,1,0.982355535030365,0.4,1
4fad66fae2f320b99c4092f4f5158e6e27a334c8bc6732682e1ad84a5a31d45b,autoannotated/images/4fad66fae2f320b99c4092f4f5158e6e27a334c8bc6732682e1ad84a5a31d45b.png,ComplexDataLab/OpenFake,medium,1,0.451728492975235,0.4,1
4fb30a82b184c99194299bc733451e0f1db88c1c7205506532ef002866d56cb2,autoannotated/images/4fb30a82b184c99194299bc733451e0f1db88c1c7205506532ef002866d56cb2.png,ComplexDataLab/OpenFake,medium,1,0.09161047637462616,0.4,0
4fb4d69abc625e5811837d7ecb45b095e7228c72a89ab009e69d9021ab81aa24,autoannotated/images/4fb4d69abc625e5811837d7ecb45b095e7228c72a89ab009e69d9021ab81aa24.png,ComplexDataLab/OpenFake,medium,1,0.993477463722229,0.4,1
4fb931462b0f6f0fd5d528c3659ee3bb192359886b85b94887a4b33f07cd8c81,autoannotated/images/4fb931462b0f6f0fd5d528c3659ee3bb192359886b85b94887a4b33f07cd8c81.jpg,RRDataset,medium,0,0.2036491483449936,0.4,0
4fe56bbb4fe79682cde0354e1d77d21bd71900ca1eb5c60b1662aeb1922d1767,human_annotated/images/4fe56bbb4fe79682cde0354e1d77d21bd71900ca1eb5c60b1662aeb1922d1767.jpg,ComplexDataLab/OpenFake,medium,0,0.40667077898979187,0.4,1
502a499f410a57e99a220665684228decd287b9644591f90db46d6b88056090b,autoannotated/images/502a499f410a57e99a220665684228decd287b9644591f90db46d6b88056090b.jpg,RRDataset,medium,0,0.5317212343215942,0.4,1
50320b95a2fd247b0ca876c609c3294e470da2e5a80cd657b8c6696cec998016,human_annotated/images/50320b95a2fd247b0ca876c609c3294e470da2e5a80cd657b8c6696cec998016.png,ComplexDataLab/OpenFake,medium,1,0.7302247881889343,0.4,1
506477a138ecad09106ba55c2109ce17f5996bf4ba598a8c7280545c16564670,human_annotated/images/506477a138ecad09106ba55c2109ce17f5996bf4ba598a8c7280545c16564670.jpg,RRDataset,medium,0,0.976107120513916,0.4,1
5083277655cacd203853b2af948a7b6f90faa190df5677b6b7872288132abf9e,autoannotated/images/5083277655cacd203853b2af948a7b6f90faa190df5677b6b7872288132abf9e.jpg,saberzl/SID_Set,medium,0,0.16879776120185852,0.4,0
50a1a7e2d04ccdb22c4bc36bde4a80d9b770889bf024bac8585814c846dd1d58,autoannotated/images/50a1a7e2d04ccdb22c4bc36bde4a80d9b770889bf024bac8585814c846dd1d58.jpg,ComplexDataLab/OpenFake,medium,0,0.21681566536426544,0.4,0
50cd4789c22fa8d32d6db2946632af1ef31216b0d010f8a0b9af1bc33bf6f096,autoannotated/images/50cd4789c22fa8d32d6db2946632af1ef31216b0d010f8a0b9af1bc33bf6f096.jpg,ComplexDataLab/OpenFake,medium,0,0.00014646143245045096,0.4,0
50fa8870fc269dabec40c6cf77ec57d37e57c48c37bd2752b894a50d4582989c,human_annotated/images/50fa8870fc269dabec40c6cf77ec57d37e57c48c37bd2752b894a50d4582989c.png,RRDataset,medium,1,0.9554705619812012,0.4,1
510676466d0c8a59a8335b58595b26373fc39d6770107eb0374d6590de6fe0dc,autoannotated/images/510676466d0c8a59a8335b58595b26373fc39d6770107eb0374d6590de6fe0dc.png,saberzl/SID_Set,medium,1,0.9979404807090759,0.4,1
51124bf8da03ecf6ba29e7a6faa6316df4654c2ff21253fbc228aa9c18a51ae1,autoannotated/images/51124bf8da03ecf6ba29e7a6faa6316df4654c2ff21253fbc228aa9c18a51ae1.png,ComplexDataLab/OpenFake,medium,1,0.9836957454681396,0.4,1
514314dbe520b48d3ae46eddbd9b43205c535f14c626742ed99d626bbc9b3cc0,autoannotated/images/514314dbe520b48d3ae46eddbd9b43205c535f14c626742ed99d626bbc9b3cc0.jpg,saberzl/SID_Set,medium,0,0.7005782723426819,0.4,1
514f247e0acdf03fa6c5912c39c891ccffe8dd285e15f19c9fdab9b26b09ae57,autoannotated/images/514f247e0acdf03fa6c5912c39c891ccffe8dd285e15f19c9fdab9b26b09ae57.png,RRDataset,medium,1,0.9802989363670349,0.4,1
51813e7bfe1bc937c32edae57134a4684debd792c3bdf19958ff40f6193050c5,human_annotated/images/51813e7bfe1bc937c32edae57134a4684debd792c3bdf19958ff40f6193050c5.png,RRDataset,medium,1,0.99880051612854,0.4,1
518140655b54180bf07d447e944b554feb08752e882071f39021f87484d95165,autoannotated/images/518140655b54180bf07d447e944b554feb08752e882071f39021f87484d95165.jpg,ComplexDataLab/OpenFake,medium,0,0.4609054923057556,0.4,1
518c1f93709f44b66cf5b198884e17019d01917938b77e0c6ea48c0e226efc17,autoannotated/images/518c1f93709f44b66cf5b198884e17019d01917938b77e0c6ea48c0e226efc17.png,ComplexDataLab/OpenFake,medium,1,0.9939549565315247,0.4,1
5198231bbccb3f3fea22fca0e3e4fbb4aab9de0e749fc409b9a41fb7153e0adb,autoannotated/images/5198231bbccb3f3fea22fca0e3e4fbb4aab9de0e749fc409b9a41fb7153e0adb.png,saberzl/SID_Set,medium,1,0.989669144153595,0.4,1
51ab75c0238ade1d70f6b7ac5efa6dee40d328072584573ac4740120fb037d20,autoannotated/images/51ab75c0238ade1d70f6b7ac5efa6dee40d328072584573ac4740120fb037d20.png,RRDataset,medium,1,0.9900262355804443,0.4,1
51bd4d558939415e61f852baaa0ff8630d9d7c2854ab4634ced94807b045166c,autoannotated/images/51bd4d558939415e61f852baaa0ff8630d9d7c2854ab4634ced94807b045166c.jpg,ComplexDataLab/OpenFake,medium,0,0.0006732867914251983,0.4,0
51df077eb79e4f969a1e9424b7281a33d8215a062619b570e3160a4aa24f2a57,human_annotated/images/51df077eb79e4f969a1e9424b7281a33d8215a062619b570e3160a4aa24f2a57.jpg,RRDataset,medium,0,0.5587195754051208,0.4,1
51fe05f90ff6d0769e0f78b7fe29857b715059e3acd8d3d74c2403181927bef1,human_annotated/images/51fe05f90ff6d0769e0f78b7fe29857b715059e3acd8d3d74c2403181927bef1.jpg,ComplexDataLab/OpenFake,medium,0,0.6532922387123108,0.4,1
5205ddf23881c553c106da4ef1cb91c96a8320515d872fbd525af840dcfd4025,autoannotated/images/5205ddf23881c553c106da4ef1cb91c96a8320515d872fbd525af840dcfd4025.png,saberzl/SID_Set,medium,1,0.9847874045372009,0.4,1
520cccf45b5116ee5b2054d3c2182fe476e4ea55e3a1e8e2a14cc05450870267,autoannotated/images/520cccf45b5116ee5b2054d3c2182fe476e4ea55e3a1e8e2a14cc05450870267.jpg,RRDataset,medium,0,0.20215150713920593,0.4,0
523a7bfe085df05b414627b2e6596acfa628862fc6925a652cbfce70d99e764a,autoannotated/images/523a7bfe085df05b414627b2e6596acfa628862fc6925a652cbfce70d99e764a.png,ComplexDataLab/OpenFake,medium,1,0.777212917804718,0.4,1
523c8668e8a7053bf1c23bb26f27418e60f5447d5052810ef521d4abd44c0174,autoannotated/images/523c8668e8a7053bf1c23bb26f27418e60f5447d5052810ef521d4abd44c0174.jpg,ComplexDataLab/OpenFake,medium,0,0.6719602346420288,0.4,1
524eb8ff2aee64a9c1c268d7ec7e10d385f9226712637cffc97255d39c6b180d,autoannotated/images/524eb8ff2aee64a9c1c268d7ec7e10d385f9226712637cffc97255d39c6b180d.jpg,RRDataset,medium,0,0.9475482702255249,0.4,1
5259276f0f0d645e8e11afa32a2bdf7e5862c5443d0d584d12364825c69decc1,human_annotated/images/5259276f0f0d645e8e11afa32a2bdf7e5862c5443d0d584d12364825c69decc1.jpg,RRDataset,medium,0,0.5175142288208008,0.4,1
525d2ebf5fbd42a02d0dea8d2cc6e0e621a0aab5fdac87daa3d3533be8499547,autoannotated/images/525d2ebf5fbd42a02d0dea8d2cc6e0e621a0aab5fdac87daa3d3533be8499547.jpg,saberzl/SID_Set,medium,0,0.10372330993413925,0.4,0
5268fc996e656c31b01d65f96f05954584e5ee9ccaa526c47a639968df0a6e40,autoannotated/images/5268fc996e656c31b01d65f96f05954584e5ee9ccaa526c47a639968df0a6e40.jpg,ComplexDataLab/OpenFake,medium,0,0.114085853099823,0.4,0
52974c179cd77ae5cbf40099bd02c04f300de64b85a5ebd2777529e6db9aeac8,autoannotated/images/52974c179cd77ae5cbf40099bd02c04f300de64b85a5ebd2777529e6db9aeac8.png,ComplexDataLab/OpenFake,medium,1,0.9964556694030762,0.4,1
529ee0d4242aa24a8725aacef8485cb3d32063f08c659ae050697cad3b72763b,autoannotated/images/529ee0d4242aa24a8725aacef8485cb3d32063f08c659ae050697cad3b72763b.jpg,ComplexDataLab/OpenFake,medium,0,0.022458037361502647,0.4,0
52a8ea174d6f3034b4bafbde5b5c8f577cd61d2e2dc16e7b058816a11f2c47c3,human_annotated/images/52a8ea174d6f3034b4bafbde5b5c8f577cd61d2e2dc16e7b058816a11f2c47c3.png,RRDataset,medium,1,0.9849154949188232,0.4,1
52e7d3dfd3010bc8ad92834760c443ae58faf8042119c265d11fdd0196109e5c,autoannotated/images/52e7d3dfd3010bc8ad92834760c443ae58faf8042119c265d11fdd0196109e5c.jpg,ComplexDataLab/OpenFake,medium,0,0.00024400587426498532,0.4,0
52fae2b4c4f07411ffeb08e24bffa2c5aff57bf0e7472dc727da7c55f7a3fc57,human_annotated/images/52fae2b4c4f07411ffeb08e24bffa2c5aff57bf0e7472dc727da7c55f7a3fc57.png,ComplexDataLab/OpenFake,medium,1,0.5782375931739807,0.4,1
531d2fecea1326acbb7e9b3ea8c9ed74fc3b0344779af5f695c5418a76911f44,autoannotated/images/531d2fecea1326acbb7e9b3ea8c9ed74fc3b0344779af5f695c5418a76911f44.jpg,RRDataset,medium,0,0.5177193284034729,0.4,1
534b8c403c5b8a55a2b2be1d4fb04dd1a74d39bf1f8dcf8dbe2dd4ad375d9d95,autoannotated/images/534b8c403c5b8a55a2b2be1d4fb04dd1a74d39bf1f8dcf8dbe2dd4ad375d9d95.jpg,saberzl/SID_Set,medium,0,0.988997757434845,0.4,1
53572dbaa686a1bf166eff67ecef1a8ded44646071cd6165c4141ee1294b5cce,autoannotated/images/53572dbaa686a1bf166eff67ecef1a8ded44646071cd6165c4141ee1294b5cce.png,RRDataset,medium,1,0.9628344178199768,0.4,1
53639ce3e88d8bf5a8cefc4144f261b5be9c04ed16059ddb6fa426f17db200ab,autoannotated/images/53639ce3e88d8bf5a8cefc4144f261b5be9c04ed16059ddb6fa426f17db200ab.jpg,RRDataset,medium,0,0.8970599174499512,0.4,1
536fe23fd219f35c818b46e399bba10941db769c026dd8fb6f94dcc4d1324d7f,autoannotated/images/536fe23fd219f35c818b46e399bba10941db769c026dd8fb6f94dcc4d1324d7f.jpg,saberzl/SID_Set,medium,0,0.12532448768615723,0.4,0
5372aceef0626a7bba926dd39f362a9bfca655ec0cdb4204ce11e4d0eb572732,human_annotated/images/5372aceef0626a7bba926dd39f362a9bfca655ec0cdb4204ce11e4d0eb572732.png,RRDataset,medium,1,0.9364477396011353,0.4,1
538680eba07a3cd07413398b874ac2e3c7f91a9deb29a19447a8160c773d78b0,autoannotated/images/538680eba07a3cd07413398b874ac2e3c7f91a9deb29a19447a8160c773d78b0.png,saberzl/SID_Set,medium,1,0.9769371747970581,0.4,1
538c6c7ae38d4f27dd6867ed4774f1d8388ca3519366f86ab89417cf2f180238,human_annotated/images/538c6c7ae38d4f27dd6867ed4774f1d8388ca3519366f86ab89417cf2f180238.png,RRDataset,medium,1,0.985207200050354,0.4,1
538f483df822501d95d31e9e9fc80a5f133e35984f6174cca521f692e2d4ca0b,autoannotated/images/538f483df822501d95d31e9e9fc80a5f133e35984f6174cca521f692e2d4ca0b.jpg,RRDataset,medium,0,0.09542488306760788,0.4,0
539e840ae7f2b3bebadcd5b29056e1040523351deac982637a3d2a34691a69d6,human_annotated/images/539e840ae7f2b3bebadcd5b29056e1040523351deac982637a3d2a34691a69d6.jpg,RRDataset,medium,0,0.07080936431884766,0.4,0
53bd451f9936af70981561e90a32736e9cb30bd592e02ed0cb21def6134f7604,autoannotated/images/53bd451f9936af70981561e90a32736e9cb30bd592e02ed0cb21def6134f7604.png,ComplexDataLab/OpenFake,medium,1,0.8459948301315308,0.4,1
53e303e2ffec0bbe10bb9995a0b9b1e95dad6ccc155671ff72624285fdce8cb1,autoannotated/images/53e303e2ffec0bbe10bb9995a0b9b1e95dad6ccc155671ff72624285fdce8cb1.png,saberzl/SID_Set,medium,1,0.997313916683197,0.4,1
53eba60c4598acb6f22825a467cca71bbe2af660aab7015ad602ca5126d2dc7a,human_annotated/images/53eba60c4598acb6f22825a467cca71bbe2af660aab7015ad602ca5126d2dc7a.jpg,RRDataset,medium,0,0.4496265947818756,0.4,1
53eeb11d322439498d6316f6bab1d28b69847e72ab2bdb614e88a638a56695c3,human_annotated/images/53eeb11d322439498d6316f6bab1d28b69847e72ab2bdb614e88a638a56695c3.png,RRDataset,medium,1,0.9920254349708557,0.4,1
53f30ce7c894b9c8eee5fd8c46779c2da1c16811c098748836f756edd700974c,autoannotated/images/53f30ce7c894b9c8eee5fd8c46779c2da1c16811c098748836f756edd700974c.png,RRDataset,medium,1,0.9974338412284851,0.4,1
53f37f7e59acb0ef712a2d48fb159d234880086ddeb82b3f309afdf15f9743f8,autoannotated/images/53f37f7e59acb0ef712a2d48fb159d234880086ddeb82b3f309afdf15f9743f8.png,saberzl/SID_Set,medium,1,0.9921016097068787,0.4,1
542723ce3ea39844fc0c4e15c945358a34d1d001b3e96266d0a9590db8237aef,autoannotated/images/542723ce3ea39844fc0c4e15c945358a34d1d001b3e96266d0a9590db8237aef.jpg,RRDataset,medium,0,0.8397067189216614,0.4,1
54283907be65bc971df39a7671edfd38acb6eca65a3c2e4bcc7fc2bca78b1d81,autoannotated/images/54283907be65bc971df39a7671edfd38acb6eca65a3c2e4bcc7fc2bca78b1d81.jpg,ComplexDataLab/OpenFake,medium,0,0.34115803241729736,0.4,0
54460b59a59a6db6c401ebe14446b811b9fccde311f4544d05b6428be9a14306,autoannotated/images/54460b59a59a6db6c401ebe14446b811b9fccde311f4544d05b6428be9a14306.webp,ComplexDataLab/OpenFake,medium,1,0.8717025518417358,0.4,1
545cbc951c31a08766fdf010a7cc199b8b237302837c64ca01a659ca3701f54d,autoannotated/images/545cbc951c31a08766fdf010a7cc199b8b237302837c64ca01a659ca3701f54d.jpg,saberzl/SID_Set,medium,0,0.9058813452720642,0.4,1
54624aed0c459e67c3e2ebab1b7b1ea8164896d975d4f2703059431c4927b013,autoannotated/images/54624aed0c459e67c3e2ebab1b7b1ea8164896d975d4f2703059431c4927b013.jpg,RRDataset,medium,0,0.9088428616523743,0.4,1
5463ee1163a0715d19106aa0972f356b03e4da9d5f40bb6dde0cb8925566582c,autoannotated/images/5463ee1163a0715d19106aa0972f356b03e4da9d5f40bb6dde0cb8925566582c.png,saberzl/SID_Set,medium,1,0.9960950016975403,0.4,1
5478623763bc92a58ee63a60df702325c86f2537b89803308bffda23af903c33,autoannotated/images/5478623763bc92a58ee63a60df702325c86f2537b89803308bffda23af903c33.jpg,ComplexDataLab/OpenFake,medium,0,0.020580703392624855,0.4,0
54829ca0a6de394d2b1c3220e69a9ee6ab9cc47cb5744d61c5199a7801d6a171,human_annotated/images/54829ca0a6de394d2b1c3220e69a9ee6ab9cc47cb5744d61c5199a7801d6a171.webp,ComplexDataLab/OpenFake,medium,1,0.9080202579498291,0.4,1
5492e2a67dc32dbe282da8b02a1b91163a1599a6027bcdabd70c6a1f579efa25,autoannotated/images/5492e2a67dc32dbe282da8b02a1b91163a1599a6027bcdabd70c6a1f579efa25.jpg,ComplexDataLab/OpenFake,medium,0,0.15026143193244934,0.4,0
54dc7eec19d134ec7a79d17e313378c150ae1a1d9f5e106cc51e5a1b3f8e6b69,autoannotated/images/54dc7eec19d134ec7a79d17e313378c150ae1a1d9f5e106cc51e5a1b3f8e6b69.jpg,RRDataset,medium,0,0.9883149862289429,0.4,1
5504e3ffc491cf064add22fdc3faed0d8fbf2923197f8130213046dca62931a4,autoannotated/images/5504e3ffc491cf064add22fdc3faed0d8fbf2923197f8130213046dca62931a4.jpg,saberzl/SID_Set,medium,0,0.7108577489852905,0.4,1
551ea976360d9a1389d4737f8bcce371ef48fa61471239bc4d2960c2ca0aa08b,autoannotated/images/551ea976360d9a1389d4737f8bcce371ef48fa61471239bc4d2960c2ca0aa08b.jpg,saberzl/SID_Set,medium,0,0.8523076772689819,0.4,1
5542a7dba8e3f242d54d2d190dc9c74f9180b3fa0d97486bffaf99729c3da0c5,autoannotated/images/5542a7dba8e3f242d54d2d190dc9c74f9180b3fa0d97486bffaf99729c3da0c5.jpg,ComplexDataLab/OpenFake,medium,0,0.726229190826416,0.4,1
556e9ff6b6b9be59df13a596048f4fe458a9995505c80028ada7677afa2a074d,human_annotated/images/556e9ff6b6b9be59df13a596048f4fe458a9995505c80028ada7677afa2a074d.png,RRDataset,medium,1,0.9680675268173218,0.4,1
558409f857639f7220d0004cdc487f9add713b6a16d044a6e9936523100adc88,autoannotated/images/558409f857639f7220d0004cdc487f9add713b6a16d044a6e9936523100adc88.jpg,saberzl/SID_Set,medium,0,0.09778974950313568,0.4,0
558b1128b969dc8af61dd26749900ef99baa549b8e1ee9fd320f9616aa5e1b97,autoannotated/images/558b1128b969dc8af61dd26749900ef99baa549b8e1ee9fd320f9616aa5e1b97.jpg,RRDataset,medium,0,0.4178658127784729,0.4,1
55ab819a02dccef709cb166cfe66db94820ff18d6ddd8edb9e5e6eaf52f72926,autoannotated/images/55ab819a02dccef709cb166cfe66db94820ff18d6ddd8edb9e5e6eaf52f72926.png,saberzl/SID_Set,medium,1,0.9908832907676697,0.4,1
5601590a4682fd0e17fbdcbab445fd0925bedeb8559b5fa79c3cc24fa9036c50,autoannotated/images/5601590a4682fd0e17fbdcbab445fd0925bedeb8559b5fa79c3cc24fa9036c50.jpg,RRDataset,medium,0,0.6408220529556274,0.4,1
560916b2623f679bbd66fd17c16d07c0961b584a80dd3b251b6f578bcdd16757,autoannotated/images/560916b2623f679bbd66fd17c16d07c0961b584a80dd3b251b6f578bcdd16757.jpg,RRDataset,medium,0,0.1403544396162033,0.4,0
560ca1ed3ae38681f2ef9297852a2e981c132fabcca6754edf2462ad800d7689,autoannotated/images/560ca1ed3ae38681f2ef9297852a2e981c132fabcca6754edf2462ad800d7689.jpg,RRDataset,medium,0,0.8435418605804443,0.4,1
5610e8f69473d4608a03968fc2b8de8372b500b7cf494a111af0fb7b29c7d416,autoannotated/images/5610e8f69473d4608a03968fc2b8de8372b500b7cf494a111af0fb7b29c7d416.png,RRDataset,medium,1,0.998116135597229,0.4,1
56129ab07db592a745279ddb4050d01b90eac666c7aaae7f88b9d1d7aecf13ce,autoannotated/images/56129ab07db592a745279ddb4050d01b90eac666c7aaae7f88b9d1d7aecf13ce.jpg,RRDataset,medium,0,0.5823825001716614,0.4,1
561dcf3fd6fc39bade95182cade0e311cb40627aa9f72230ed9a9bce6891967c,autoannotated/images/561dcf3fd6fc39bade95182cade0e311cb40627aa9f72230ed9a9bce6891967c.png,RRDataset,medium,1,0.9994055032730103,0.4,1
5620e447d4f0608a4368b548917a10748006292454fdb9104a5046f8c1cf2e38,human_annotated/images/5620e447d4f0608a4368b548917a10748006292454fdb9104a5046f8c1cf2e38.jpg,ComplexDataLab/OpenFake,medium,0,0.4641185998916626,0.4,1
56232e07993c4a389a2a8c69f6c755839bb785f30b4cbacf5073f275d935db3d,autoannotated/images/56232e07993c4a389a2a8c69f6c755839bb785f30b4cbacf5073f275d935db3d.png,RRDataset,medium,1,0.9800658226013184,0.4,1
562f23a2f3eac586718eec1a3ea5bff7b856fa76c02ce9d235e96f3db17597d3,autoannotated/images/562f23a2f3eac586718eec1a3ea5bff7b856fa76c02ce9d235e96f3db17597d3.jpg,saberzl/SID_Set,medium,0,0.8252101540565491,0.4,1
563d735fc629a0326781d4b1279dbd69dba1df7ce8d0ce0ee6eaa0bae57b4295,human_annotated/images/563d735fc629a0326781d4b1279dbd69dba1df7ce8d0ce0ee6eaa0bae57b4295.jpg,saberzl/SID_Set,medium,0,0.0013476547319442034,0.4,0
5668dc794f486a9662782cfec9380bfdd6a2c5a65a54682fed03be1b04bb8b00,human_annotated/images/5668dc794f486a9662782cfec9380bfdd6a2c5a65a54682fed03be1b04bb8b00.png,RRDataset,medium,1,0.5986248254776001,0.4,1
5671f93a9489fe8953270ad1bac1f94a3eae6a4d53b99e1d13eca521c2f861a3,autoannotated/images/5671f93a9489fe8953270ad1bac1f94a3eae6a4d53b99e1d13eca521c2f861a3.jpg,ComplexDataLab/OpenFake,medium,0,0.7148033976554871,0.4,1
567795f86b738339082b123c61808d9875326a5c07cf6c5e26d4d651dbb5393b,autoannotated/images/567795f86b738339082b123c61808d9875326a5c07cf6c5e26d4d651dbb5393b.jpg,ComplexDataLab/OpenFake,medium,0,0.00046836314140819013,0.4,0
568f828b4cd5cb434eaf501ba50fd1c834077009feef7796c7fcabf082792a26,autoannotated/images/568f828b4cd5cb434eaf501ba50fd1c834077009feef7796c7fcabf082792a26.jpg,ComplexDataLab/OpenFake,medium,0,0.2134188711643219,0.4,0
56c19c0ac399f6e74eeff4b6e2ce73ed3b32c4d09b7206270ded912997cca808,human_annotated/images/56c19c0ac399f6e74eeff4b6e2ce73ed3b32c4d09b7206270ded912997cca808.png,ComplexDataLab/OpenFake,medium,1,0.94387286901474,0.4,1
56dd7e2fb881f8d55015e54358303e66089b26fd210f6bbad1523bf066385ffc,autoannotated/images/56dd7e2fb881f8d55015e54358303e66089b26fd210f6bbad1523bf066385ffc.png,saberzl/SID_Set,medium,1,0.9901667833328247,0.4,1
56de53fd05e26aed9e2d69d32334d1f2a987b93b77ba360b02568c487435f27b,autoannotated/images/56de53fd05e26aed9e2d69d32334d1f2a987b93b77ba360b02568c487435f27b.png,RRDataset,medium,1,0.8885722160339355,0.4,1
56f1d36e4e3ea32d9bf32e67c0df3199e10eeb4d13559636c4b6866abe165990,human_annotated/images/56f1d36e4e3ea32d9bf32e67c0df3199e10eeb4d13559636c4b6866abe165990.png,ComplexDataLab/OpenFake,medium,1,0.2499636560678482,0.4,0
5702bcd1ecb58b0f01a3d0a651c742c389e805de29cad92a9a3efdd79d5deb9c,autoannotated/images/5702bcd1ecb58b0f01a3d0a651c742c389e805de29cad92a9a3efdd79d5deb9c.png,saberzl/SID_Set,medium,1,0.9959041476249695,0.4,1
57070ac3f9a4a41939bb5208db8f8017bd1c122df2ee863913452294602ee7aa,autoannotated/images/57070ac3f9a4a41939bb5208db8f8017bd1c122df2ee863913452294602ee7aa.jpg,RRDataset,medium,0,0.36746689677238464,0.4,0
571846ee17bc74fcd0c83f1f91b0785ed574dab464497cbdef89c4211c046bdd,autoannotated/images/571846ee17bc74fcd0c83f1f91b0785ed574dab464497cbdef89c4211c046bdd.jpg,ComplexDataLab/OpenFake,medium,0,0.015979263931512833,0.4,0
571fd554df05a7bf1736fcf48d5bd65ca19858c09fa2eedd2f93e7a519ed86e9,autoannotated/images/571fd554df05a7bf1736fcf48d5bd65ca19858c09fa2eedd2f93e7a519ed86e9.png,ComplexDataLab/OpenFake,medium,1,0.4332387447357178,0.4,1
572d3c1b811eb7bd804ade56057873e0425227fb4c592f6cc8567636ccca21a8,autoannotated/images/572d3c1b811eb7bd804ade56057873e0425227fb4c592f6cc8567636ccca21a8.jpg,saberzl/SID_Set,medium,0,0.5573683381080627,0.4,1
5734721aecf77adcfe04917a418dd4cfd64e9457f5fbc73287452bd81dc7eecc,autoannotated/images/5734721aecf77adcfe04917a418dd4cfd64e9457f5fbc73287452bd81dc7eecc.png,ComplexDataLab/OpenFake,medium,1,0.525111973285675,0.4,1
5736e9f75d8ba603d0d6598e799945387b1e73f803d4ad034f931b32a30b99bf,autoannotated/images/5736e9f75d8ba603d0d6598e799945387b1e73f803d4ad034f931b32a30b99bf.jpg,saberzl/SID_Set,medium,0,0.0025399194564670324,0.4,0
573bfb6a4d9fa7e7029469d9127037184fdc7d3fba56918593e838e42d73f631,autoannotated/images/573bfb6a4d9fa7e7029469d9127037184fdc7d3fba56918593e838e42d73f631.jpg,RRDataset,medium,0,0.8015831708908081,0.4,1
573d5e0c91dc49b79f5d68a487ddd6996cd36bc5a8d2ce56684d5c1c5452b133,human_annotated/images/573d5e0c91dc49b79f5d68a487ddd6996cd36bc5a8d2ce56684d5c1c5452b133.jpg,RRDataset,medium,0,0.501887321472168,0.4,1
5768474a00cf1a635341319a1d5303941d3580b11c7484292c6837a697a2116b,autoannotated/images/5768474a00cf1a635341319a1d5303941d3580b11c7484292c6837a697a2116b.jpg,ComplexDataLab/OpenFake,medium,0,0.40863627195358276,0.4,1
576c13a5ef7add172a7d97f738853738fb06b8c71bdff581f49953cedcf3bb5a,autoannotated/images/576c13a5ef7add172a7d97f738853738fb06b8c71bdff581f49953cedcf3bb5a.png,RRDataset,medium,1,0.9924196600914001,0.4,1
5796c29ad2086c48eaed9d64ae7611b403437238aea46b133c2e2390560a4c26,autoannotated/images/5796c29ad2086c48eaed9d64ae7611b403437238aea46b133c2e2390560a4c26.png,ComplexDataLab/OpenFake,medium,1,0.9114186763763428,0.4,1
57b5b701ac4a415dce4cfa6ad892cbfc2d8bc96c3765c03ce46ab0d86a2f74a2,autoannotated/images/57b5b701ac4a415dce4cfa6ad892cbfc2d8bc96c3765c03ce46ab0d86a2f74a2.webp,ComplexDataLab/OpenFake,medium,1,0.8143758773803711,0.4,1
57dff5ed75cc9930c4dae24cb118fc4855f5bc01903687b0f2933356efc6a4ea,human_annotated/images/57dff5ed75cc9930c4dae24cb118fc4855f5bc01903687b0f2933356efc6a4ea.jpg,ComplexDataLab/OpenFake,medium,0,0.044639792293310165,0.4,0
5806039a1258ee05270c69fc635dbe70b94fc4fb7919bb5c6eb0f77af1b06b54,autoannotated/images/5806039a1258ee05270c69fc635dbe70b94fc4fb7919bb5c6eb0f77af1b06b54.png,saberzl/SID_Set,medium,1,0.9956062436103821,0.4,1
582e7439ef8ccb71f364654ea16068a33ecdbdd9116a4a5834da3cd3e2f87399,autoannotated/images/582e7439ef8ccb71f364654ea16068a33ecdbdd9116a4a5834da3cd3e2f87399.jpg,saberzl/SID_Set,medium,0,0.7014827132225037,0.4,1
5833fa5393e77433f9a753654f0d3c0894a549a269b2e921703a8ed3320ab3ce,autoannotated/images/5833fa5393e77433f9a753654f0d3c0894a549a269b2e921703a8ed3320ab3ce.jpg,ComplexDataLab/OpenFake,medium,0,0.1191553920507431,0.4,0
587598ebb65d9237db80454ba32c6ac757337b0adfa622b38156d49c8eac5613,autoannotated/images/587598ebb65d9237db80454ba32c6ac757337b0adfa622b38156d49c8eac5613.png,ComplexDataLab/OpenFake,medium,1,0.7855844497680664,0.4,1
58834e2017e4a4e3ef277707c82b29c72a92201ad3123738049b5c0e17c319cc,autoannotated/images/58834e2017e4a4e3ef277707c82b29c72a92201ad3123738049b5c0e17c319cc.png,ComplexDataLab/OpenFake,medium,1,0.6821056008338928,0.4,1
58ac3c299e89dcbcd173cb979ba44eeae0529a0177a34d4d446889f407ef0462,autoannotated/images/58ac3c299e89dcbcd173cb979ba44eeae0529a0177a34d4d446889f407ef0462.png,ComplexDataLab/OpenFake,medium,1,0.9971043467521667,0.4,1
58c71740878465589b199ffb46cf8ecfbcd867a94518b1f0332ac429b71c8107,autoannotated/images/58c71740878465589b199ffb46cf8ecfbcd867a94518b1f0332ac429b71c8107.jpg,saberzl/SID_Set,medium,0,0.0003837281547021121,0.4,0
58cf0ea9f9c133175c5a63ca770e6491b4e36ca5f4d1b72b85c65554858c470d,autoannotated/images/58cf0ea9f9c133175c5a63ca770e6491b4e36ca5f4d1b72b85c65554858c470d.jpg,ComplexDataLab/OpenFake,medium,0,0.7724891304969788,0.4,1
58d7a302a72e7a36af8cf81d616935989994694744d8b10b35233c306f3140a0,autoannotated/images/58d7a302a72e7a36af8cf81d616935989994694744d8b10b35233c306f3140a0.png,RRDataset,medium,1,0.9919479489326477,0.4,1
58d979ea736daef7b31149fd953bd867f3d5a1b5abe04abf918899f9f36fe7d5,autoannotated/images/58d979ea736daef7b31149fd953bd867f3d5a1b5abe04abf918899f9f36fe7d5.png,saberzl/SID_Set,medium,1,0.9978787899017334,0.4,1
58da6885aeb73c46ceedab0824d3af64a9f746ae59bbc1c3c38e0e67c3bc8574,autoannotated/images/58da6885aeb73c46ceedab0824d3af64a9f746ae59bbc1c3c38e0e67c3bc8574.png,saberzl/SID_Set,medium,1,0.9770207405090332,0.4,1
58e70370ea2877cb7d53ff1640547ef5fc5f0e684dd538ecaf4f618b88e8a494,autoannotated/images/58e70370ea2877cb7d53ff1640547ef5fc5f0e684dd538ecaf4f618b88e8a494.jpg,ComplexDataLab/OpenFake,medium,0,0.14993995428085327,0.4,0
59142bf9fcfdfd90190b7924c589f3bf3aea945d2e4908db9accbfe17eb80f69,autoannotated/images/59142bf9fcfdfd90190b7924c589f3bf3aea945d2e4908db9accbfe17eb80f69.jpg,saberzl/SID_Set,medium,0,0.0037097898311913013,0.4,0
59366b2e91d465033d94e740ad1fc5a4ed71f520cbe985cb57a54475c9caa6f0,autoannotated/images/59366b2e91d465033d94e740ad1fc5a4ed71f520cbe985cb57a54475c9caa6f0.png,RRDataset,medium,1,0.9750558137893677,0.4,1
5939cdb6d71c6ff1aef123149bf7bfa19a9a37d26112d9f9eb8ae3beb9ac7668,autoannotated/images/5939cdb6d71c6ff1aef123149bf7bfa19a9a37d26112d9f9eb8ae3beb9ac7668.png,ComplexDataLab/OpenFake,medium,1,0.46523886919021606,0.4,1
593b9336dd895b1c2a597ad59a86ca7e6235f69ec876d2dbea692ec28789d039,autoannotated/images/593b9336dd895b1c2a597ad59a86ca7e6235f69ec876d2dbea692ec28789d039.jpg,RRDataset,medium,0,0.9065046310424805,0.4,1
5950343b177c7db3e722d0bf62b46451bc608263ddb87ff600aa2680a69d8662,autoannotated/images/5950343b177c7db3e722d0bf62b46451bc608263ddb87ff600aa2680a69d8662.png,saberzl/SID_Set,medium,1,0.9075250625610352,0.4,1
596282bbfe113a20fb4b4ee0a5401006205cf09b9c91cf03cf4083a4a33cc129,human_annotated/images/596282bbfe113a20fb4b4ee0a5401006205cf09b9c91cf03cf4083a4a33cc129.png,saberzl/SID_Set,medium,1,0.991587221622467,0.4,1
59717c34e433bd3d8178fe6c687c69c2c2dc30dd6410ccf68d41825a1271d32f,human_annotated/images/59717c34e433bd3d8178fe6c687c69c2c2dc30dd6410ccf68d41825a1271d32f.png,RRDataset,medium,1,0.9760562181472778,0.4,1
59776cc07a43ab637ec3f4d9fea796c872c67e7d3f21a4aec619e8b937315312,autoannotated/images/59776cc07a43ab637ec3f4d9fea796c872c67e7d3f21a4aec619e8b937315312.jpg,ComplexDataLab/OpenFake,medium,0,0.9318960905075073,0.4,1
598183bfef0274941e47ae42216302dd161b011e9da64b07493cb8a641cdd2dd,autoannotated/images/598183bfef0274941e47ae42216302dd161b011e9da64b07493cb8a641cdd2dd.png,saberzl/SID_Set,medium,1,0.9870213866233826,0.4,1
59a0fb27e2ea646e48ed30d2a2cfbee2b97626568037b69ee1b941c86a2fa5f0,autoannotated/images/59a0fb27e2ea646e48ed30d2a2cfbee2b97626568037b69ee1b941c86a2fa5f0.png,saberzl/SID_Set,medium,1,0.984887957572937,0.4,1
59a97a4b94b6ca276fb86ac25b83b833e0aa96414192f77f2e84cf3e3ccc759a,autoannotated/images/59a97a4b94b6ca276fb86ac25b83b833e0aa96414192f77f2e84cf3e3ccc759a.jpg,RRDataset,medium,0,0.9726009368896484,0.4,1
59b616692e0d7acad673c41c34977ce1d83d4e82ab366064cce17ee955954a0e,autoannotated/images/59b616692e0d7acad673c41c34977ce1d83d4e82ab366064cce17ee955954a0e.jpg,ComplexDataLab/OpenFake,medium,0,0.6249179244041443,0.4,1
59ea4008fe56dc2e3aa358ae7ab654d294e63ba8c35e68accfcab11f03972846,autoannotated/images/59ea4008fe56dc2e3aa358ae7ab654d294e63ba8c35e68accfcab11f03972846.png,ComplexDataLab/OpenFake,medium,1,0.12060656398534775,0.4,0
59f351a12e2d48483e06f0dfc3bf1aa0c8a0544c73408e6a51063da92894960b,autoannotated/images/59f351a12e2d48483e06f0dfc3bf1aa0c8a0544c73408e6a51063da92894960b.jpg,ComplexDataLab/OpenFake,medium,1,0.9776091575622559,0.4,1
5a008e204b2f80043f17b8cbdf545e1d29a19d6147b7b4b09c83dfad0f264123,autoannotated/images/5a008e204b2f80043f17b8cbdf545e1d29a19d6147b7b4b09c83dfad0f264123.jpg,saberzl/SID_Set,medium,0,0.16441215574741364,0.4,0
5a137a43c13ba94d8b578f5ca7e78179f078f96cc35df834118ac5dd48507a7b,autoannotated/images/5a137a43c13ba94d8b578f5ca7e78179f078f96cc35df834118ac5dd48507a7b.jpg,RRDataset,medium,0,0.9629716873168945,0.4,1
5a14416e4a432264074136edfeeef4f78a34839480f30aece854106d82bfb3ba,autoannotated/images/5a14416e4a432264074136edfeeef4f78a34839480f30aece854106d82bfb3ba.png,saberzl/SID_Set,medium,1,0.8676468729972839,0.4,1
5a5011515f37f5446fd97444d68f27cf252040b7dbb3598b222e42e78fc664b8,autoannotated/images/5a5011515f37f5446fd97444d68f27cf252040b7dbb3598b222e42e78fc664b8.png,RRDataset,medium,1,0.9819245338439941,0.4,1
5a59f322c876ae58314db34e0d0c151f07b4ff1fae4227afc2e2cd5403d65b27,autoannotated/images/5a59f322c876ae58314db34e0d0c151f07b4ff1fae4227afc2e2cd5403d65b27.jpg,ComplexDataLab/OpenFake,medium,0,0.11375491321086884,0.4,0
5a6a19c4f24683a219765990cf78a25a458d0c8be021b9d03f491f425a2bef89,autoannotated/images/5a6a19c4f24683a219765990cf78a25a458d0c8be021b9d03f491f425a2bef89.jpg,RRDataset,medium,0,0.30411672592163086,0.4,0
5a7ea67f2ef925d6f3be883ca0e101d777570089fc333ef822c87ee1983b9863,autoannotated/images/5a7ea67f2ef925d6f3be883ca0e101d777570089fc333ef822c87ee1983b9863.jpg,ComplexDataLab/OpenFake,medium,0,0.177717387676239,0.4,0
5a80b6aa144308674bda1f1bb261274ae9118013c4b44b4a98ea22ea5d134efa,autoannotated/images/5a80b6aa144308674bda1f1bb261274ae9118013c4b44b4a98ea22ea5d134efa.jpg,ComplexDataLab/OpenFake,medium,0,0.012899970635771751,0.4,0
5a8efcb8af621c654e459ab6d0db6889c5c8238e4718359334788b9fda8978ac,autoannotated/images/5a8efcb8af621c654e459ab6d0db6889c5c8238e4718359334788b9fda8978ac.png,ComplexDataLab/OpenFake,medium,1,0.7226734161376953,0.4,1
5a9e2ec41f18608d292eed6101884027f77a2ee51e5084207cd8e2213b1aae25,autoannotated/images/5a9e2ec41f18608d292eed6101884027f77a2ee51e5084207cd8e2213b1aae25.jpg,saberzl/SID_Set,medium,0,0.4314022362232208,0.4,1
5ab45ff0b0c8954bfef48f86ff22c300928fae3e98a7976f04c144e3e31f2c2e,autoannotated/images/5ab45ff0b0c8954bfef48f86ff22c300928fae3e98a7976f04c144e3e31f2c2e.png,ComplexDataLab/OpenFake,medium,1,0.990486204624176,0.4,1
5ae6be53395820c9d7d49ca1a5047c85fae7019b9c70efaef95c0974760ce97e,autoannotated/images/5ae6be53395820c9d7d49ca1a5047c85fae7019b9c70efaef95c0974760ce97e.jpg,saberzl/SID_Set,medium,0,0.0046114232391119,0.4,0
5b37681261d067f5e354de7d6e84b20cf5ca2b05fe6ab8a685f1704819ae4d2a,human_annotated/images/5b37681261d067f5e354de7d6e84b20cf5ca2b05fe6ab8a685f1704819ae4d2a.jpg,saberzl/SID_Set,medium,0,0.012913785874843597,0.4,0
5b3ec6e2479e4831a758fe06d7be841e3f5481d88b255ac0f9c56f3e3990155c,autoannotated/images/5b3ec6e2479e4831a758fe06d7be841e3f5481d88b255ac0f9c56f3e3990155c.jpg,saberzl/SID_Set,medium,0,0.08067002147436142,0.4,0
5b618322d727d8a206499a375dbe62b6d78d0bebdf16d28ddb44d65c25659558,human_annotated/images/5b618322d727d8a206499a375dbe62b6d78d0bebdf16d28ddb44d65c25659558.png,saberzl/SID_Set,medium,1,0.9707636833190918,0.4,1
5b636773049aa592846f5ef93c12af0e25c95a3bede4582f17143a297f47f131,human_annotated/images/5b636773049aa592846f5ef93c12af0e25c95a3bede4582f17143a297f47f131.png,ComplexDataLab/OpenFake,medium,1,0.8988506197929382,0.4,1
5b75695d3e9d041c42c49cdfed94c8e9698fb8d2931e81aa59498f9758cc663d,autoannotated/images/5b75695d3e9d041c42c49cdfed94c8e9698fb8d2931e81aa59498f9758cc663d.jpg,ComplexDataLab/OpenFake,medium,0,0.47028544545173645,0.4,1
5b83f86ed3a765c93b7dc581fa9caadf6b56db3d536e57918cda483b2a3ddb5d,autoannotated/images/5b83f86ed3a765c93b7dc581fa9caadf6b56db3d536e57918cda483b2a3ddb5d.png,saberzl/SID_Set,medium,1,0.9763637781143188,0.4,1
5b99433135dc96fedfaaefa6a9eb2f10c62cfe86c2237cebe6333d887c894b3c,autoannotated/images/5b99433135dc96fedfaaefa6a9eb2f10c62cfe86c2237cebe6333d887c894b3c.jpg,ComplexDataLab/OpenFake,medium,0,0.3106710612773895,0.4,0
5bad4c24ed8c90de7b2c045687c44ed4e6f191055efa6c3e5b4e220a2a48d239,human_annotated/images/5bad4c24ed8c90de7b2c045687c44ed4e6f191055efa6c3e5b4e220a2a48d239.png,saberzl/SID_Set,medium,1,0.9588409662246704,0.4,1
5bbf6be563a9fc36c637c13d630d04f89028b0527129fbbe7f6fa73b96bf0931,autoannotated/images/5bbf6be563a9fc36c637c13d630d04f89028b0527129fbbe7f6fa73b96bf0931.jpg,saberzl/SID_Set,medium,0,0.0015716023044660687,0.4,0
5bc0016c9583ab2272825ad427f2acc1abb069034b91a0fa3a77f60e05f6dac3,autoannotated/images/5bc0016c9583ab2272825ad427f2acc1abb069034b91a0fa3a77f60e05f6dac3.png,RRDataset,medium,1,0.8949272036552429,0.4,1
5bcdc1ac3ebf28593953e04e97b957f9765ca4d1830094d8bbf17c9feedf17ab,autoannotated/images/5bcdc1ac3ebf28593953e04e97b957f9765ca4d1830094d8bbf17c9feedf17ab.webp,ComplexDataLab/OpenFake,medium,1,0.9711403250694275,0.4,1
5bed6b61dfb4b3cbc0ad6fc881d1fefee657327445a21e1da5e344eb5fce4d52,autoannotated/images/5bed6b61dfb4b3cbc0ad6fc881d1fefee657327445a21e1da5e344eb5fce4d52.png,saberzl/SID_Set,medium,1,0.9715064167976379,0.4,1
5c061a7f7651c2081f8dc408f61d8ad00ffa741f85741fad2f2c7f0ae5a8bbd7,autoannotated/images/5c061a7f7651c2081f8dc408f61d8ad00ffa741f85741fad2f2c7f0ae5a8bbd7.jpg,saberzl/SID_Set,medium,0,0.1732228547334671,0.4,0
5c32335ecc2a185d2e3f77e3698dd4f4592beb2459a31a4364f1b8efccf3f058,autoannotated/images/5c32335ecc2a185d2e3f77e3698dd4f4592beb2459a31a4364f1b8efccf3f058.jpg,RRDataset,medium,0,0.4592010974884033,0.4,1
5c403e6f916091b5dd069a7d1c81674dc85aeb32d6beeb7948f9bcf3697f0fed,human_annotated/images/5c403e6f916091b5dd069a7d1c81674dc85aeb32d6beeb7948f9bcf3697f0fed.png,RRDataset,medium,1,0.9930258989334106,0.4,1
5c9e668642cc880f400506fa10510136ef1334bd6b6a9a2320eec4c7ca240c48,autoannotated/images/5c9e668642cc880f400506fa10510136ef1334bd6b6a9a2320eec4c7ca240c48.jpg,ComplexDataLab/OpenFake,medium,0,0.12015362083911896,0.4,0
5ca94d8f9a88b2d264ad08098bb49a19bca654b3338ab1d8a3de90560113cc10,autoannotated/images/5ca94d8f9a88b2d264ad08098bb49a19bca654b3338ab1d8a3de90560113cc10.png,ComplexDataLab/OpenFake,medium,1,0.9606860876083374,0.4,1
5cc1e37ea190936b40c7bb7b6fee4a1d1a9fd12cd7c17ec95fcb3647291ce07e,human_annotated/images/5cc1e37ea190936b40c7bb7b6fee4a1d1a9fd12cd7c17ec95fcb3647291ce07e.jpg,saberzl/SID_Set,medium,0,0.9740877747535706,0.4,1
5ce07ba3c15f803ed9b856e36377f8b4a45f413180519cfa8def8d891f482e01,autoannotated/images/5ce07ba3c15f803ed9b856e36377f8b4a45f413180519cfa8def8d891f482e01.png,ComplexDataLab/OpenFake,medium,1,0.8399520516395569,0.4,1
5d0587e2d07c1aaaa82a3b70b58b3f435b64823fd4e1d2721c38020b590ecd5e,autoannotated/images/5d0587e2d07c1aaaa82a3b70b58b3f435b64823fd4e1d2721c38020b590ecd5e.jpg,RRDataset,medium,0,0.7160291075706482,0.4,1
5d255f93568bb585f6a2b01c9d9512cadf162326ca0784aee4462a7a930e83a3,autoannotated/images/5d255f93568bb585f6a2b01c9d9512cadf162326ca0784aee4462a7a930e83a3.jpg,RRDataset,medium,0,0.00870518572628498,0.4,0
5d56b1e9792895d70c9a33974af2c11f9d8ab5a2f54aeea14ff44461a55f70f0,autoannotated/images/5d56b1e9792895d70c9a33974af2c11f9d8ab5a2f54aeea14ff44461a55f70f0.jpg,ComplexDataLab/OpenFake,medium,0,0.05885634943842888,0.4,0
5d6277307f8b594dd63c77dc4b78252084efdbfa55f6c5900b33992d7507aeaa,autoannotated/images/5d6277307f8b594dd63c77dc4b78252084efdbfa55f6c5900b33992d7507aeaa.png,RRDataset,medium,1,0.9873720407485962,0.4,1
5d6476bcf232392a62e824ddd2ac3a1cc32cae40c2b8ab004150e3479fdd1afc,human_annotated/images/5d6476bcf232392a62e824ddd2ac3a1cc32cae40c2b8ab004150e3479fdd1afc.jpg,ComplexDataLab/OpenFake,medium,0,0.6387877464294434,0.4,1
5d680e860d975bc682a40a2529fc9e30cb32960b91b05dfbb2e9ca57d038c262,autoannotated/images/5d680e860d975bc682a40a2529fc9e30cb32960b91b05dfbb2e9ca57d038c262.png,RRDataset,medium,1,0.7771843671798706,0.4,1
5d6bc3b8e9b39d065b34b4f6bbb3214c1367577b4cb1b57bba33a78dc323ed50,autoannotated/images/5d6bc3b8e9b39d065b34b4f6bbb3214c1367577b4cb1b57bba33a78dc323ed50.jpg,ComplexDataLab/OpenFake,medium,0,0.0003282148391008377,0.4,0
5d6beaa1c22e1cf92c8835233a9f7fc91184f3d334d8bac4af479642690a7d05,autoannotated/images/5d6beaa1c22e1cf92c8835233a9f7fc91184f3d334d8bac4af479642690a7d05.png,ComplexDataLab/OpenFake,medium,1,0.9146499037742615,0.4,1
5d7f679b9113bc0d3ee84f48f6329c2ff4bd63386d440ace3729bfe8edca4fb8,autoannotated/images/5d7f679b9113bc0d3ee84f48f6329c2ff4bd63386d440ace3729bfe8edca4fb8.png,RRDataset,medium,1,0.9098563194274902,0.4,1
5d85226dd0f511f035feb81877cfe6c1671bb1fcb851485cac2a781be68e1d18,autoannotated/images/5d85226dd0f511f035feb81877cfe6c1671bb1fcb851485cac2a781be68e1d18.jpg,ComplexDataLab/OpenFake,medium,0,0.0009874127572402358,0.4,0
5d85b69c4e49d5e0b419964a085891c8bba13ca22a0b33f878284c64a89af1b6,autoannotated/images/5d85b69c4e49d5e0b419964a085891c8bba13ca22a0b33f878284c64a89af1b6.jpg,ComplexDataLab/OpenFake,medium,1,0.4012375473976135,0.4,1
5d8b101dd32d031b1b720d211ae31be6d0be0a1acfeda97c61f9bbce0bb63218,autoannotated/images/5d8b101dd32d031b1b720d211ae31be6d0be0a1acfeda97c61f9bbce0bb63218.png,saberzl/SID_Set,medium,1,0.9925922155380249,0.4,1
5da22bdd0697c9f2324b06e4fe04c320460f0cb06429e5fb562837d9552a2959,human_annotated/images/5da22bdd0697c9f2324b06e4fe04c320460f0cb06429e5fb562837d9552a2959.jpg,saberzl/SID_Set,medium,0,0.04651563987135887,0.4,0
5db733a02dbbb335bc759185ad9583a6750cbdb8601611d6278f6a964b0f144d,autoannotated/images/5db733a02dbbb335bc759185ad9583a6750cbdb8601611d6278f6a964b0f144d.jpg,saberzl/SID_Set,medium,0,0.2305845320224762,0.4,0
5db9757d6f5339a1daa591c1140a5307fa676d461ac5af4bd350f8982a75238e,autoannotated/images/5db9757d6f5339a1daa591c1140a5307fa676d461ac5af4bd350f8982a75238e.png,RRDataset,medium,1,0.9327138066291809,0.4,1
5e40b7f3bebcd0cffcf5683cdb3cdaef30a88ea9203f2d8a8e87ad4a4ac077c9,autoannotated/images/5e40b7f3bebcd0cffcf5683cdb3cdaef30a88ea9203f2d8a8e87ad4a4ac077c9.png,ComplexDataLab/OpenFake,medium,1,0.8823128342628479,0.4,1
5e4a143614b9dc517453aa94f1189a8173d17f61454c78c9fdb4f368cc3ca1bf,autoannotated/images/5e4a143614b9dc517453aa94f1189a8173d17f61454c78c9fdb4f368cc3ca1bf.png,ComplexDataLab/OpenFake,medium,1,0.983738899230957,0.4,1
5ec7507706c214806876fcb48a0655335ec1bfce83b9706e11742a8af596a761,autoannotated/images/5ec7507706c214806876fcb48a0655335ec1bfce83b9706e11742a8af596a761.png,ComplexDataLab/OpenFake,medium,1,0.9162282347679138,0.4,1
5ed0fb025fef1934945dcf9c02abdf052778da49c9f303c8c04cf416783c9d8a,autoannotated/images/5ed0fb025fef1934945dcf9c02abdf052778da49c9f303c8c04cf416783c9d8a.png,RRDataset,medium,1,0.967596173286438,0.4,1
5ed754ae4a356c5afd2a3c2c323c92114388ab10e39a7990ea8b9f35b31a824e,human_annotated/images/5ed754ae4a356c5afd2a3c2c323c92114388ab10e39a7990ea8b9f35b31a824e.png,saberzl/SID_Set,medium,1,0.7864272594451904,0.4,1
5ee9ad8c13c7038227e3cc8e531897c144ab4264e67f4bc3a46c24142d6ac5dd,autoannotated/images/5ee9ad8c13c7038227e3cc8e531897c144ab4264e67f4bc3a46c24142d6ac5dd.jpg,saberzl/SID_Set,medium,0,0.6704292297363281,0.4,1
5eeb1d72bcd0f99b3869a07a3f1f655e21365430a5d720f017768954cb0a3e30,autoannotated/images/5eeb1d72bcd0f99b3869a07a3f1f655e21365430a5d720f017768954cb0a3e30.jpg,saberzl/SID_Set,medium,0,0.003213756252080202,0.4,0
5f068e29623548de237844d57e4432059b21f556049147b3aa258c68778b6393,autoannotated/images/5f068e29623548de237844d57e4432059b21f556049147b3aa258c68778b6393.png,ComplexDataLab/OpenFake,medium,1,0.9717881083488464,0.4,1
5f64ab8c32132b1dd64073cbb0df16e838563d4ed34efc29a84be16bd06dda74,autoannotated/images/5f64ab8c32132b1dd64073cbb0df16e838563d4ed34efc29a84be16bd06dda74.jpg,saberzl/SID_Set,medium,0,0.08264192938804626,0.4,0
5f69b7d55356ddd6d631232e7016b73ff5b69629404fed4bc79727b8aced496d,autoannotated/images/5f69b7d55356ddd6d631232e7016b73ff5b69629404fed4bc79727b8aced496d.jpg,saberzl/SID_Set,medium,0,0.3372457027435303,0.4,0
5f8a4a4fa9957c5775f538f6d083bc8bd5d8862245a0f80fdd1f9326b643a8ce,autoannotated/images/5f8a4a4fa9957c5775f538f6d083bc8bd5d8862245a0f80fdd1f9326b643a8ce.png,ComplexDataLab/OpenFake,medium,1,0.9732632040977478,0.4,1
5f9e5f4d099b8094dc3f72206c0e9f3b57890c0967c7fb1d7f467616c1d8c65e,autoannotated/images/5f9e5f4d099b8094dc3f72206c0e9f3b57890c0967c7fb1d7f467616c1d8c65e.png,ComplexDataLab/OpenFake,medium,1,0.9875829815864563,0.4,1
5fad4b8db531276b73263edc137e35e9177d34890b0cb4332c52cc97ad62c310,autoannotated/images/5fad4b8db531276b73263edc137e35e9177d34890b0cb4332c52cc97ad62c310.jpg,RRDataset,medium,0,0.9511786103248596,0.4,1
5fb33107ac59bef1fcf69c1f95e57db4e0863ac5c36139d66fdc1ae0a383d449,autoannotated/images/5fb33107ac59bef1fcf69c1f95e57db4e0863ac5c36139d66fdc1ae0a383d449.png,ComplexDataLab/OpenFake,medium,1,0.4952729046344757,0.4,1
5ffd28ec43fd2c0d2113f106e36297db49b076050cf088443d7af8cebcc46fba,autoannotated/images/5ffd28ec43fd2c0d2113f106e36297db49b076050cf088443d7af8cebcc46fba.jpg,RRDataset,medium,0,0.8801596760749817,0.4,1
603dd1302b2fb5cf5a47499e1bcb0ff47de5646afca2f758c81e0acd653e01c5,human_annotated/images/603dd1302b2fb5cf5a47499e1bcb0ff47de5646afca2f758c81e0acd653e01c5.jpg,ComplexDataLab/OpenFake,medium,0,0.25657108426094055,0.4,0
60634c9a29034a59bb6e943ac372c396e222af38120c8f2d71b83c720165a834,autoannotated/images/60634c9a29034a59bb6e943ac372c396e222af38120c8f2d71b83c720165a834.jpg,ComplexDataLab/OpenFake,medium,0,0.9127486944198608,0.4,1
60846da2b60eb5caa454ac73a8daaab0ba5f5760909341e24f7f5130a6479967,autoannotated/images/60846da2b60eb5caa454ac73a8daaab0ba5f5760909341e24f7f5130a6479967.jpg,RRDataset,medium,0,0.7272287011146545,0.4,1
609cc40185e765073712c92dc3c58e363eb4c683ff5cd2658fc1f481ca930789,autoannotated/images/609cc40185e765073712c92dc3c58e363eb4c683ff5cd2658fc1f481ca930789.png,saberzl/SID_Set,medium,1,0.960859477519989,0.4,1
609eda2155b05800513ca2221d237437c4fd17d8106b56a642c540736c1935ce,autoannotated/images/609eda2155b05800513ca2221d237437c4fd17d8106b56a642c540736c1935ce.png,saberzl/SID_Set,medium,1,0.8312978148460388,0.4,1
6109fc8aa8891dbc6bb37be63ea216d99c1cfa49f4dbcff78586274cccab45c7,autoannotated/images/6109fc8aa8891dbc6bb37be63ea216d99c1cfa49f4dbcff78586274cccab45c7.png,RRDataset,medium,1,0.9996180534362793,0.4,1
610bb04f5cc17bc394a8bd56ae5299c8351ef50a31762d1a12d3ed00834ec2a2,human_annotated/images/610bb04f5cc17bc394a8bd56ae5299c8351ef50a31762d1a12d3ed00834ec2a2.png,RRDataset,medium,1,0.9805489182472229,0.4,1
6116c903f45c0499d52181a737eae6167d8781453da3ed62cfdd0740ca79807f,autoannotated/images/6116c903f45c0499d52181a737eae6167d8781453da3ed62cfdd0740ca79807f.png,saberzl/SID_Set,medium,1,0.8895223140716553,0.4,1
61247ee55e4488a5d0addd7258703161e593fafae19fb971e0b7bc5715bff317,human_annotated/images/61247ee55e4488a5d0addd7258703161e593fafae19fb971e0b7bc5715bff317.png,ComplexDataLab/OpenFake,medium,1,0.9971939325332642,0.4,1
612a346113d6db642be0adcd7daeefcd79c927a13968b250d5cf64f8f627cc3c,autoannotated/images/612a346113d6db642be0adcd7daeefcd79c927a13968b250d5cf64f8f627cc3c.png,RRDataset,medium,1,0.838387668132782,0.4,1
612aa162b72a7896cb41c6cda8313a9ae45dbcb5a22135ab9addcaa979f5e6a6,autoannotated/images/612aa162b72a7896cb41c6cda8313a9ae45dbcb5a22135ab9addcaa979f5e6a6.png,ComplexDataLab/OpenFake,medium,1,0.9619325399398804,0.4,1
6131789657343a90a364bc780e1680ced89ee792b92a5215fed0c51008c264bb,autoannotated/images/6131789657343a90a364bc780e1680ced89ee792b92a5215fed0c51008c264bb.png,saberzl/SID_Set,medium,1,0.9743459224700928,0.4,1
6138e8d7e64e65ad401ba3d5715c30512a4f889567050a9de4c7197459568b2a,autoannotated/images/6138e8d7e64e65ad401ba3d5715c30512a4f889567050a9de4c7197459568b2a.png,saberzl/SID_Set,medium,1,0.9297287464141846,0.4,1
613918085d28a4d0e51a50ec0da8db2265a16e15718d48ca233d2c027379c6ce,autoannotated/images/613918085d28a4d0e51a50ec0da8db2265a16e15718d48ca233d2c027379c6ce.jpg,saberzl/SID_Set,medium,0,0.052276622503995895,0.4,0
613a64fcec133ac62d3086f33d31d7d132dc9d004c2572fc94917073e75e823f,human_annotated/images/613a64fcec133ac62d3086f33d31d7d132dc9d004c2572fc94917073e75e823f.png,RRDataset,medium,1,0.9918859004974365,0.4,1
614409660d7bc480a716ba5548b6514c7a9db5ffdd7e938e34dea6e007ff32cd,autoannotated/images/614409660d7bc480a716ba5548b6514c7a9db5ffdd7e938e34dea6e007ff32cd.jpg,ComplexDataLab/OpenFake,medium,0,0.5222145318984985,0.4,1
6146a2b2a8107c10a1e30896ddc04be24699473f1e4523531609b3ee8e85287f,autoannotated/images/6146a2b2a8107c10a1e30896ddc04be24699473f1e4523531609b3ee8e85287f.jpg,saberzl/SID_Set,medium,0,0.05202662944793701,0.4,0
614a50c1242f57701db2051e9734db8a1d53cdd47c413de0591eceb5b8b8bc33,human_annotated/images/614a50c1242f57701db2051e9734db8a1d53cdd47c413de0591eceb5b8b8bc33.jpg,RRDataset,medium,0,0.9690840840339661,0.4,1
61505a6e89778e40bb1e6828f5fa9a2545b8406ca97fbf3e45e0b4c68f720b23,autoannotated/images/61505a6e89778e40bb1e6828f5fa9a2545b8406ca97fbf3e45e0b4c68f720b23.jpg,ComplexDataLab/OpenFake,medium,0,0.461137980222702,0.4,1
615e300f9cafcb2ba83520e279f4cea5412663893d740b24919aae1aa8c2c939,autoannotated/images/615e300f9cafcb2ba83520e279f4cea5412663893d740b24919aae1aa8c2c939.jpg,RRDataset,medium,0,0.11110758781433105,0.4,0
6199200986325e5fc448796786739d393a23a95be3c7084fa735f7565592f389,human_annotated/images/6199200986325e5fc448796786739d393a23a95be3c7084fa735f7565592f389.png,saberzl/SID_Set,medium,1,0.9830856323242188,0.4,1
61a8146c4e21d0998b1801e85166aaa050c009ca6e05500200e10e7cfbd639e8,autoannotated/images/61a8146c4e21d0998b1801e85166aaa050c009ca6e05500200e10e7cfbd639e8.png,RRDataset,medium,1,0.997703492641449,0.4,1
61a8df1641bf64796e73420f2245f5a75f38230d995a7b00fd1305069ab09bcc,human_annotated/images/61a8df1641bf64796e73420f2245f5a75f38230d995a7b00fd1305069ab09bcc.png,saberzl/SID_Set,medium,1,0.9918135404586792,0.4,1
61d4ab018d80da20aff78137a9d4987c27fb9792d6c14d53fe9ec8778715051f,autoannotated/images/61d4ab018d80da20aff78137a9d4987c27fb9792d6c14d53fe9ec8778715051f.png,ComplexDataLab/OpenFake,medium,1,0.9227657914161682,0.4,1
61e0332946ff38a35a3fdb6830ec096bfe5ae49e8ab6e8a04355730730701b82,autoannotated/images/61e0332946ff38a35a3fdb6830ec096bfe5ae49e8ab6e8a04355730730701b82.jpg,saberzl/SID_Set,medium,0,0.8744800090789795,0.4,1
61f3d0ee0f0a347146006c71f380deb2a92fdbf3028176338dfb2c8c42db839d,human_annotated/images/61f3d0ee0f0a347146006c71f380deb2a92fdbf3028176338dfb2c8c42db839d.png,saberzl/SID_Set,medium,1,0.993417501449585,0.4,1
61f909b06febecc48f4fe174c45f462125dc383bb777051fcf03639d4e9f7ac7,human_annotated/images/61f909b06febecc48f4fe174c45f462125dc383bb777051fcf03639d4e9f7ac7.png,ComplexDataLab/OpenFake,medium,1,0.9773774743080139,0.4,1
620eb343068463d85204241abf4a94a59cca9afc23b283245d7a10a4dbca5582,human_annotated/images/620eb343068463d85204241abf4a94a59cca9afc23b283245d7a10a4dbca5582.png,RRDataset,medium,1,0.9997243285179138,0.4,1
62124b13e24ef0ddbafa7b0f65ecac525333daa5b0ebe4f6f2d13897e633c47e,autoannotated/images/62124b13e24ef0ddbafa7b0f65ecac525333daa5b0ebe4f6f2d13897e633c47e.png,ComplexDataLab/OpenFake,medium,1,0.9932447075843811,0.4,1
6218b395e0d1888bad7f627be967b4c5bb80456a3950ee6c2d6db67c1151191b,autoannotated/images/6218b395e0d1888bad7f627be967b4c5bb80456a3950ee6c2d6db67c1151191b.png,RRDataset,medium,1,0.8827800154685974,0.4,1
621abc25f1e83b40b1148f220db6c562c7f938bbf8daa9b1898bd9d5c68d0954,autoannotated/images/621abc25f1e83b40b1148f220db6c562c7f938bbf8daa9b1898bd9d5c68d0954.png,RRDataset,medium,1,0.8205240368843079,0.4,1
622cff069a36d5da6b4061157cf155e4058c9ed7066a5323ebd957abe9c0e2d9,autoannotated/images/622cff069a36d5da6b4061157cf155e4058c9ed7066a5323ebd957abe9c0e2d9.png,RRDataset,medium,1,0.9894910454750061,0.4,1
6240e55e9e4e580691a1c593729c39303aa984e723dc3ee7d2cb11b599ea5dc4,autoannotated/images/6240e55e9e4e580691a1c593729c39303aa984e723dc3ee7d2cb11b599ea5dc4.png,ComplexDataLab/OpenFake,medium,1,0.9892471432685852,0.4,1
62437e31b5098984f70eef1d8dbd2820695d6fcf182fe54572cce2d859251dad,autoannotated/images/62437e31b5098984f70eef1d8dbd2820695d6fcf182fe54572cce2d859251dad.jpg,saberzl/SID_Set,medium,0,0.11047045141458511,0.4,0
626b732637ed5859a1eb394609f82d4de50d262722b7664dd463087b3e3a7ccb,autoannotated/images/626b732637ed5859a1eb394609f82d4de50d262722b7664dd463087b3e3a7ccb.jpg,RRDataset,medium,0,0.9800959825515747,0.4,1
62795a2b1cbe271bf97399a28ad4fac3bfc23f8f38707773ce1438374182d797,human_annotated/images/62795a2b1cbe271bf97399a28ad4fac3bfc23f8f38707773ce1438374182d797.png,saberzl/SID_Set,medium,1,0.9980483055114746,0.4,1
627b081df829f25880c792373ffdd1dfad46a7556b1c160a28c816d14443f2f2,autoannotated/images/627b081df829f25880c792373ffdd1dfad46a7556b1c160a28c816d14443f2f2.png,saberzl/SID_Set,medium,1,0.9723868370056152,0.4,1
62ec2e602797e8a18f3ebd78a3b7f77c2e12e08bdf38762d025634e3a90114d0,autoannotated/images/62ec2e602797e8a18f3ebd78a3b7f77c2e12e08bdf38762d025634e3a90114d0.jpg,saberzl/SID_Set,medium,0,0.15895991027355194,0.4,0
62f6354648b188669ebabba50eb48c70fac940910db0c3db86ea32d61e7eb978,autoannotated/images/62f6354648b188669ebabba50eb48c70fac940910db0c3db86ea32d61e7eb978.png,ComplexDataLab/OpenFake,medium,1,0.8580120801925659,0.4,1
634189c5987c5e5f68775d5b5df219b6eb58e6b8a59fe9f9361afd232dbfe042,human_annotated/images/634189c5987c5e5f68775d5b5df219b6eb58e6b8a59fe9f9361afd232dbfe042.jpg,RRDataset,medium,0,0.4179476201534271,0.4,1
634d46bf724f7672a188dbf23db4e3fc3d789700da13e628e9a118284241fb64,autoannotated/images/634d46bf724f7672a188dbf23db4e3fc3d789700da13e628e9a118284241fb64.png,RRDataset,medium,1,0.9605520963668823,0.4,1
6365d1822f2cba2cb9c8b2b1123aa42fd64cdd3c553ac87a2cab94cbb51b6470,autoannotated/images/6365d1822f2cba2cb9c8b2b1123aa42fd64cdd3c553ac87a2cab94cbb51b6470.png,ComplexDataLab/OpenFake,medium,1,0.8064250946044922,0.4,1
637e651b042584eb87d4b61bd7104b194b5c52d7e3684d34197e95b73cda54cf,autoannotated/images/637e651b042584eb87d4b61bd7104b194b5c52d7e3684d34197e95b73cda54cf.jpg,ComplexDataLab/OpenFake,medium,0,0.22801059484481812,0.4,0
639eb577226be3612ee2444fff43f5d1ecd8ef1cc9a8c9dfea51ad79f86d2efe,autoannotated/images/639eb577226be3612ee2444fff43f5d1ecd8ef1cc9a8c9dfea51ad79f86d2efe.jpg,saberzl/SID_Set,medium,0,0.2841154932975769,0.4,0
63d2dfe772f2266863c7b943c781ba67154e71b40c91568a275417947f8ead18,human_annotated/images/63d2dfe772f2266863c7b943c781ba67154e71b40c91568a275417947f8ead18.png,saberzl/SID_Set,medium,1,0.9890923500061035,0.4,1
63e1abeeacdff9bb27a7246ca0d46680094b71ef2d3c810b83483d90b81ba421,autoannotated/images/63e1abeeacdff9bb27a7246ca0d46680094b71ef2d3c810b83483d90b81ba421.png,ComplexDataLab/OpenFake,medium,1,0.6585785150527954,0.4,1
63e243d8dd7d79235f2350208fd044a798d20674ce7382af0e1f6d61e43f4606,autoannotated/images/63e243d8dd7d79235f2350208fd044a798d20674ce7382af0e1f6d61e43f4606.jpg,saberzl/SID_Set,medium,0,0.4509069323539734,0.4,1
63fa6303271aca3f50865c41e8bae8414a1c2ff8c7591ae8a7cf848ca9a85247,autoannotated/images/63fa6303271aca3f50865c41e8bae8414a1c2ff8c7591ae8a7cf848ca9a85247.png,RRDataset,medium,1,0.8604087829589844,0.4,1
6432259a10bbb88bac20f3b4d92616098c8690983a217d4d3ee770272b2cc8ed,autoannotated/images/6432259a10bbb88bac20f3b4d92616098c8690983a217d4d3ee770272b2cc8ed.jpg,saberzl/SID_Set,medium,0,0.00339384819380939,0.4,0
6433af075246cd9dd88b6f87958cc18deb2d1f520881f31e1d8798d88bad4309,autoannotated/images/6433af075246cd9dd88b6f87958cc18deb2d1f520881f31e1d8798d88bad4309.jpg,RRDataset,medium,0,0.9135210514068604,0.4,1
644cb1e4bdf5e2b796cc40679a4540f428622b55c31dd4a30b706eab3a0bfa27,autoannotated/images/644cb1e4bdf5e2b796cc40679a4540f428622b55c31dd4a30b706eab3a0bfa27.jpg,ComplexDataLab/OpenFake,medium,0,0.00754837691783905,0.4,0
649340a3e2fe07e951ceba421ed6d5ac10a5af0a311ad7cbc7d5c5dccad03a14,autoannotated/images/649340a3e2fe07e951ceba421ed6d5ac10a5af0a311ad7cbc7d5c5dccad03a14.jpg,saberzl/SID_Set,medium,0,0.19611452519893646,0.4,0
64a073c77cad3cabf5d89d4dcad69564015ffa10b9e2871792aa67628556084e,autoannotated/images/64a073c77cad3cabf5d89d4dcad69564015ffa10b9e2871792aa67628556084e.png,RRDataset,medium,1,0.8637680411338806,0.4,1
64b2b8fd05d23d9e3c78636435ae821aa4b87b280394a5959dbdc087dd86566d,autoannotated/images/64b2b8fd05d23d9e3c78636435ae821aa4b87b280394a5959dbdc087dd86566d.png,saberzl/SID_Set,medium,1,0.9796546101570129,0.4,1
64b8981cad627b8a4ea522fd7f9b4665a2e7ac294ee7c603d493de48c23de7a4,human_annotated/images/64b8981cad627b8a4ea522fd7f9b4665a2e7ac294ee7c603d493de48c23de7a4.png,saberzl/SID_Set,medium,1,0.9821630120277405,0.4,1
64c1e49318dbd47326d32114af2fd3a8c145a06cf18ce67a763027e17239db4e,autoannotated/images/64c1e49318dbd47326d32114af2fd3a8c145a06cf18ce67a763027e17239db4e.jpg,ComplexDataLab/OpenFake,medium,0,0.00010701044811867177,0.4,0
64cfc18eb94db8fcb01419115e6348cd744f8ac4fcc48404fd9c764cd38b9ae7,human_annotated/images/64cfc18eb94db8fcb01419115e6348cd744f8ac4fcc48404fd9c764cd38b9ae7.jpg,RRDataset,medium,0,0.3840908110141754,0.4,0
64d72d545eb2792a0ef1ef8c54ecbcd1f088d124a8eeb7e1fadc10978118eca4,human_annotated/images/64d72d545eb2792a0ef1ef8c54ecbcd1f088d124a8eeb7e1fadc10978118eca4.jpg,ComplexDataLab/OpenFake,medium,0,0.020345265045762062,0.4,0
653d89253da6c1f1dbd9cd55fc20c99dbdbfa2a2dfdaf3ce2cc7d5bb6c657f2d,autoannotated/images/653d89253da6c1f1dbd9cd55fc20c99dbdbfa2a2dfdaf3ce2cc7d5bb6c657f2d.png,saberzl/SID_Set,medium,1,0.9899196624755859,0.4,1
6541e738c03aca6839224b03fc23392e8bdd223e8913fe0444b3f8c4a5a761f8,human_annotated/images/6541e738c03aca6839224b03fc23392e8bdd223e8913fe0444b3f8c4a5a761f8.jpg,RRDataset,medium,0,0.21092632412910461,0.4,0
655179587453dbf9a4f3b7bd1772a599fa9727354a420be67b41b72790cab024,autoannotated/images/655179587453dbf9a4f3b7bd1772a599fa9727354a420be67b41b72790cab024.jpg,ComplexDataLab/OpenFake,medium,0,0.02852700650691986,0.4,0
6573a05e0f042ff897860af408a1e852567e14ff1b7861647f3f69c6a03a8017,autoannotated/images/6573a05e0f042ff897860af408a1e852567e14ff1b7861647f3f69c6a03a8017.png,saberzl/SID_Set,medium,1,0.9914430975914001,0.4,1
65aec9aa0fa6f174f645b5f3cb80d651b1f323e862175b92f3efb564c00a4764,autoannotated/images/65aec9aa0fa6f174f645b5f3cb80d651b1f323e862175b92f3efb564c00a4764.jpg,ComplexDataLab/OpenFake,medium,0,0.8985382914543152,0.4,1
65b4bc7009465d98a62eebac022758cbb0e459618c64ad52b0e37efebb10f877,autoannotated/images/65b4bc7009465d98a62eebac022758cbb0e459618c64ad52b0e37efebb10f877.png,ComplexDataLab/OpenFake,medium,1,0.8713095188140869,0.4,1
65c12e6f65cba368dcecfc2a931c42980ade56a7018555ca9e1a3561be5cac6c,autoannotated/images/65c12e6f65cba368dcecfc2a931c42980ade56a7018555ca9e1a3561be5cac6c.jpg,ComplexDataLab/OpenFake,medium,0,0.40049314498901367,0.4,1
65c77270a9ed29a7db33664374c0f6911fac6097b12da4fca47f42c7c05beeca,autoannotated/images/65c77270a9ed29a7db33664374c0f6911fac6097b12da4fca47f42c7c05beeca.png,RRDataset,medium,1,0.969353437423706,0.4,1
65e22c1aebb70755cf0889923750dd3e349ca0bdc313c542d1efce2067d95c58,autoannotated/images/65e22c1aebb70755cf0889923750dd3e349ca0bdc313c542d1efce2067d95c58.jpg,saberzl/SID_Set,medium,0,0.7966927289962769,0.4,1
65edb2b5d37d8f107c692d52733dbc66b5f25f692052d2726b99765e822b0f2c,autoannotated/images/65edb2b5d37d8f107c692d52733dbc66b5f25f692052d2726b99765e822b0f2c.jpg,saberzl/SID_Set,medium,0,0.5119175314903259,0.4,1
661d168ccaf6ba46979ec6d2f28d667a56b700f0ca434210cb5eeee11e94723e,autoannotated/images/661d168ccaf6ba46979ec6d2f28d667a56b700f0ca434210cb5eeee11e94723e.png,ComplexDataLab/OpenFake,medium,1,0.7964344024658203,0.4,1
6640cfd285f46c44334c6956c11d0fc9d84d0606c10e6f014d678eb386d34f16,human_annotated/images/6640cfd285f46c44334c6956c11d0fc9d84d0606c10e6f014d678eb386d34f16.png,ComplexDataLab/OpenFake,medium,1,0.7220524549484253,0.4,1
66454cda10666ba074a74a6d4f396f6fea518319816d6ff6c0fe2769dd49a2cf,autoannotated/images/66454cda10666ba074a74a6d4f396f6fea518319816d6ff6c0fe2769dd49a2cf.png,saberzl/SID_Set,medium,1,0.9615723490715027,0.4,1
664878a4f78a74d56043eb9e097cdfe007457c001e8a881a1778becdae4106fe,autoannotated/images/664878a4f78a74d56043eb9e097cdfe007457c001e8a881a1778becdae4106fe.png,saberzl/SID_Set,medium,1,0.9879949688911438,0.4,1
664ebbfcfde81849303f05d41709140352ee89f7a8bad475c74f574ec766ab99,autoannotated/images/664ebbfcfde81849303f05d41709140352ee89f7a8bad475c74f574ec766ab99.jpg,saberzl/SID_Set,medium,0,0.4271741509437561,0.4,1
66634d87c33103bc19f04b1eed51aff1ace7153a01d936eaa6bea4b35536d131,autoannotated/images/66634d87c33103bc19f04b1eed51aff1ace7153a01d936eaa6bea4b35536d131.jpg,saberzl/SID_Set,medium,0,0.5517230033874512,0.4,1
6676f8daa910bdaef79ecb280bb21b4a001490a775fbb6916ce05ee1db348d01,autoannotated/images/6676f8daa910bdaef79ecb280bb21b4a001490a775fbb6916ce05ee1db348d01.png,RRDataset,medium,1,0.9724108576774597,0.4,1
66784fcab41816cbe9a87974b6f0a3f7cbea10ef5797201144498f03bd1acb93,autoannotated/images/66784fcab41816cbe9a87974b6f0a3f7cbea10ef5797201144498f03bd1acb93.png,ComplexDataLab/OpenFake,medium,1,0.6957513689994812,0.4,1
6684783d39370cad62e35792b5b8501a22969d42224f9803a88e849ece0969fc,autoannotated/images/6684783d39370cad62e35792b5b8501a22969d42224f9803a88e849ece0969fc.jpg,ComplexDataLab/OpenFake,medium,0,0.17314857244491577,0.4,0
6686802ad82bdcfe8836fcbf97be5304612ca655919f5bf4fec51ce98c8193c0,autoannotated/images/6686802ad82bdcfe8836fcbf97be5304612ca655919f5bf4fec51ce98c8193c0.png,ComplexDataLab/OpenFake,medium,1,0.9785112738609314,0.4,1
6688f2e87b7938130440b335d728330bd18901634606a831d07306ce6c11a7ca,autoannotated/images/6688f2e87b7938130440b335d728330bd18901634606a831d07306ce6c11a7ca.jpg,ComplexDataLab/OpenFake,medium,0,0.07950369268655777,0.4,0
66bf7434d7333de2c74758090af8b4464566795679dadfaeb437f68d09c0865b,autoannotated/images/66bf7434d7333de2c74758090af8b4464566795679dadfaeb437f68d09c0865b.jpg,saberzl/SID_Set,medium,0,0.09747041761875153,0.4,0
66d1c75663ae34ad18d2851f9f84f8ea3d30d2db53494ff60c49e84435e3a26c,human_annotated/images/66d1c75663ae34ad18d2851f9f84f8ea3d30d2db53494ff60c49e84435e3a26c.jpg,saberzl/SID_Set,medium,0,0.002823822433128953,0.4,0
66d53afefd8f37af30c4eacf5dc27b5759d0bb9880395d25f02ad7c0ea84c2db,autoannotated/images/66d53afefd8f37af30c4eacf5dc27b5759d0bb9880395d25f02ad7c0ea84c2db.png,saberzl/SID_Set,medium,1,0.9767416715621948,0.4,1
66ebebfe61092a58fefab8a3403ac3e8d0a4c79b08258d28f82f1bc20f5593c1,autoannotated/images/66ebebfe61092a58fefab8a3403ac3e8d0a4c79b08258d28f82f1bc20f5593c1.png,saberzl/SID_Set,medium,1,0.9464896321296692,0.4,1
66ebf6d15a78cfa7574b15fbaf9098911e684929eb06f95692d39ef2138c9b5c,autoannotated/images/66ebf6d15a78cfa7574b15fbaf9098911e684929eb06f95692d39ef2138c9b5c.jpg,ComplexDataLab/OpenFake,medium,0,0.9669732451438904,0.4,1
66ec07f3268afb98181f2731532e73529c0f8f5063b1b1031364da558e81340b,autoannotated/images/66ec07f3268afb98181f2731532e73529c0f8f5063b1b1031364da558e81340b.jpg,saberzl/SID_Set,medium,0,0.05110027268528938,0.4,0
66fa8781915ddfc34d1e12e2d4861664c6b79be980548c93f8ef45fdb324adad,autoannotated/images/66fa8781915ddfc34d1e12e2d4861664c6b79be980548c93f8ef45fdb324adad.jpg,RRDataset,medium,0,0.08988551050424576,0.4,0
67103560b7f48a342fcf54f428c4c0de9cc23370208290138e7c3aa46ceee49f,autoannotated/images/67103560b7f48a342fcf54f428c4c0de9cc23370208290138e7c3aa46ceee49f.jpg,saberzl/SID_Set,medium,0,0.03212177753448486,0.4,0
671898b909b5469641f2b38722cde001fa6d1d96572ea1bf279c1736d6ed4021,autoannotated/images/671898b909b5469641f2b38722cde001fa6d1d96572ea1bf279c1736d6ed4021.jpg,RRDataset,medium,0,0.02794492430984974,0.4,0
6721c9afd2cdf9b930c1cc850b87224dcb850ca829d50e2ac2c04ee4afe1ecfb,autoannotated/images/6721c9afd2cdf9b930c1cc850b87224dcb850ca829d50e2ac2c04ee4afe1ecfb.png,saberzl/SID_Set,medium,1,0.9526663422584534,0.4,1
673a6e5cd26212a92e80c3e6b718005138ccb6f731bc10f1e00d7cd26410ce91,autoannotated/images/673a6e5cd26212a92e80c3e6b718005138ccb6f731bc10f1e00d7cd26410ce91.jpg,ComplexDataLab/OpenFake,medium,0,6.51496957289055e-05,0.4,0
6768aaecbdbb990bcf9544f30e0b066769d630ef6e1242621762520c3eefafc8,autoannotated/images/6768aaecbdbb990bcf9544f30e0b066769d630ef6e1242621762520c3eefafc8.jpg,ComplexDataLab/OpenFake,medium,1,0.847773015499115,0.4,1
6769a6b4ac533d4eb8d12c4d29790c7e409fe2cfd982bec91e8690c220d3e8f9,autoannotated/images/6769a6b4ac533d4eb8d12c4d29790c7e409fe2cfd982bec91e8690c220d3e8f9.jpg,RRDataset,medium,0,0.6037880182266235,0.4,1
67713c1f9fbdc01790fb8bcc69c25f1e5e44485c1788f2939cee4e758c44fa17,autoannotated/images/67713c1f9fbdc01790fb8bcc69c25f1e5e44485c1788f2939cee4e758c44fa17.jpg,RRDataset,medium,0,0.9998133778572083,0.4,1
679bb9a6a297c82d449849e2b18096083d645586cec4d48eb012ec03cd11f92a,autoannotated/images/679bb9a6a297c82d449849e2b18096083d645586cec4d48eb012ec03cd11f92a.png,saberzl/SID_Set,medium,1,0.9816170930862427,0.4,1
679edc2def87f6cdcada973bb75f79a9e07a4d3e11067c183308ee9dbdc453bc,human_annotated/images/679edc2def87f6cdcada973bb75f79a9e07a4d3e11067c183308ee9dbdc453bc.png,ComplexDataLab/OpenFake,medium,1,0.9561832547187805,0.4,1
67de5aa21677d23c0030c30f9da077dfd66f44b3646c8a8ae6a128c2e9c8e64b,human_annotated/images/67de5aa21677d23c0030c30f9da077dfd66f44b3646c8a8ae6a128c2e9c8e64b.jpg,RRDataset,medium,0,0.9578680396080017,0.4,1
6835897ccb9f02871a2d62d05430193dff627471e4e6769f98b3aee91f32e2fc,autoannotated/images/6835897ccb9f02871a2d62d05430193dff627471e4e6769f98b3aee91f32e2fc.jpg,saberzl/SID_Set,medium,0,0.04963904991745949,0.4,0
684a33b52966bed97e330ad9aa667d823625561c4d7aaa830e25bf5b993f9ec4,autoannotated/images/684a33b52966bed97e330ad9aa667d823625561c4d7aaa830e25bf5b993f9ec4.jpg,saberzl/SID_Set,medium,0,0.005543283652514219,0.4,0
685e75a856fc0c25228841d7263a8e5b505a5a1364f212dd2f846ea8bf6ce91f,autoannotated/images/685e75a856fc0c25228841d7263a8e5b505a5a1364f212dd2f846ea8bf6ce91f.jpg,saberzl/SID_Set,medium,0,0.38530153036117554,0.4,0
6863ced20abed1eb154ab61072e2fab6b9a65d839186d9c3e783a9f0335a6f4f,autoannotated/images/6863ced20abed1eb154ab61072e2fab6b9a65d839186d9c3e783a9f0335a6f4f.jpg,RRDataset,medium,0,0.8799686431884766,0.4,1
68a3d31d164fc543cea2978b63173f0a26d29e9deb5749f138aeb4c15f8c25eb,autoannotated/images/68a3d31d164fc543cea2978b63173f0a26d29e9deb5749f138aeb4c15f8c25eb.jpg,ComplexDataLab/OpenFake,medium,0,0.0013748635537922382,0.4,0
68a81f61491f9612bd71c160b1625648045423e05b1efe53da14472a1931bc05,autoannotated/images/68a81f61491f9612bd71c160b1625648045423e05b1efe53da14472a1931bc05.jpg,ComplexDataLab/OpenFake,medium,0,0.08831015974283218,0.4,0
68dfa19f9c378552dc703fdc4d3f3e02c5719c98ccc79494439c9ccbe5a54d6f,autoannotated/images/68dfa19f9c378552dc703fdc4d3f3e02c5719c98ccc79494439c9ccbe5a54d6f.png,saberzl/SID_Set,medium,1,0.924394965171814,0.4,1
68ebf76b0fc0bd06e3d72f2f08a935d04eeb0d93e558ae0b3d6273b7cdf5bde9,autoannotated/images/68ebf76b0fc0bd06e3d72f2f08a935d04eeb0d93e558ae0b3d6273b7cdf5bde9.jpg,saberzl/SID_Set,medium,0,0.011074751615524292,0.4,0
6923ba4b7a9c1fd0c09aa48d11ef0ce72084c5f911b13144b5397011c8dd65d0,autoannotated/images/6923ba4b7a9c1fd0c09aa48d11ef0ce72084c5f911b13144b5397011c8dd65d0.jpg,RRDataset,medium,0,0.5686882138252258,0.4,1
6938e3d8070de85a2d2d9e1d62136902dd0050c035d70441eacbd97ecc0b89a0,autoannotated/images/6938e3d8070de85a2d2d9e1d62136902dd0050c035d70441eacbd97ecc0b89a0.jpg,RRDataset,medium,0,0.9834166765213013,0.4,1
693a20425091c33eb3d9aa7f59c534700dd686af26257509a27e473b620eb3e4,human_annotated/images/693a20425091c33eb3d9aa7f59c534700dd686af26257509a27e473b620eb3e4.jpg,ComplexDataLab/OpenFake,medium,0,0.5875377655029297,0.4,1
6965fa89e9f7103ca53d09b3c5a65bad7d21c5c0b88f4f7b83811e3213844d0f,autoannotated/images/6965fa89e9f7103ca53d09b3c5a65bad7d21c5c0b88f4f7b83811e3213844d0f.png,saberzl/SID_Set,medium,1,0.931665301322937,0.4,1
696de1498a10e4eca3fd3f9771b5cc83775673df5d10a9a2044c25a119e300dc,autoannotated/images/696de1498a10e4eca3fd3f9771b5cc83775673df5d10a9a2044c25a119e300dc.jpg,saberzl/SID_Set,medium,0,0.13941581547260284,0.4,0
6997e7f523b94a6363c5ae6fbaf4034aac6959923186e8ad00ecfc97175a67c2,autoannotated/images/6997e7f523b94a6363c5ae6fbaf4034aac6959923186e8ad00ecfc97175a67c2.png,RRDataset,medium,1,0.9991177916526794,0.4,1
69c641c9511ac4273bae9542588a910deded38aca885f41b00b51305d1e08cb7,autoannotated/images/69c641c9511ac4273bae9542588a910deded38aca885f41b00b51305d1e08cb7.png,ComplexDataLab/OpenFake,medium,1,0.9516782760620117,0.4,1
69e079abad5f5170d7d23c699b174ab94212190dcb0d6d01e99403923520d3e3,autoannotated/images/69e079abad5f5170d7d23c699b174ab94212190dcb0d6d01e99403923520d3e3.png,ComplexDataLab/OpenFake,medium,1,0.800220787525177,0.4,1
69ee5e572ac48f529d8b5d4be293cdffe65d8692f86ac792a8e6c22d49e0ebf3,autoannotated/images/69ee5e572ac48f529d8b5d4be293cdffe65d8692f86ac792a8e6c22d49e0ebf3.jpg,saberzl/SID_Set,medium,0,0.15345165133476257,0.4,0
69f7ef7c05de9c25355e5fa54ab129d2e56b6ce866f2c37bf48303b6228bc556,autoannotated/images/69f7ef7c05de9c25355e5fa54ab129d2e56b6ce866f2c37bf48303b6228bc556.jpg,RRDataset,medium,0,0.9947015643119812,0.4,1
6a1447dd0b7267baa02f9f397f73de891cff8dfe44a1fae17356c9056d5c935d,autoannotated/images/6a1447dd0b7267baa02f9f397f73de891cff8dfe44a1fae17356c9056d5c935d.jpg,ComplexDataLab/OpenFake,medium,0,0.951661229133606,0.4,1
6a38965d7ba54be6ed4be5b544918a37280a7469e4b87b75f1ebe6d554d9ffda,human_annotated/images/6a38965d7ba54be6ed4be5b544918a37280a7469e4b87b75f1ebe6d554d9ffda.jpg,ComplexDataLab/OpenFake,medium,0,0.00598694896325469,0.4,0
6a4b688424ac4ae534366c3458edce650c975d0a8b4eb12c2fef740769e9e465,autoannotated/images/6a4b688424ac4ae534366c3458edce650c975d0a8b4eb12c2fef740769e9e465.png,saberzl/SID_Set,medium,1,0.9195567965507507,0.4,1
6a4f8a6c3d50a4e80192ba96671ae34cc494c968758eddd3b84e385e043190e0,autoannotated/images/6a4f8a6c3d50a4e80192ba96671ae34cc494c968758eddd3b84e385e043190e0.jpg,saberzl/SID_Set,medium,0,0.01932739093899727,0.4,0
6a60e18fca7f61f3043640451826a74cf3d838591fc8b1e8f16e0c018dc629ef,autoannotated/images/6a60e18fca7f61f3043640451826a74cf3d838591fc8b1e8f16e0c018dc629ef.png,ComplexDataLab/OpenFake,medium,1,0.4533096253871918,0.4,1
6adef498610766a4153723e0101578303b6f7638fdc6ed204edba2266d0414ea,human_annotated/images/6adef498610766a4153723e0101578303b6f7638fdc6ed204edba2266d0414ea.jpg,RRDataset,medium,0,0.006219029426574707,0.4,0
6b020f3bb6915f4dc9a2be68a4160df0c247a2a742643ce6ba616882b27eae35,autoannotated/images/6b020f3bb6915f4dc9a2be68a4160df0c247a2a742643ce6ba616882b27eae35.jpg,ComplexDataLab/OpenFake,medium,0,0.04717130959033966,0.4,0
6b1440b888d54654d443b70b1bd4410c4eebca72089fd9b0502bb6bb72cf7d83,autoannotated/images/6b1440b888d54654d443b70b1bd4410c4eebca72089fd9b0502bb6bb72cf7d83.png,saberzl/SID_Set,medium,1,0.8652244210243225,0.4,1
6b14c74f3bd6103ead4041936eabb638aec06ce7a167c63d69ce462bb8a45bac,human_annotated/images/6b14c74f3bd6103ead4041936eabb638aec06ce7a167c63d69ce462bb8a45bac.jpg,ComplexDataLab/OpenFake,medium,0,0.09076067805290222,0.4,0
6b1a6da6ffa5d74df6ff0534735cd7c8fc584ed989ae0370ff9824fa2e27acb8,autoannotated/images/6b1a6da6ffa5d74df6ff0534735cd7c8fc584ed989ae0370ff9824fa2e27acb8.png,ComplexDataLab/OpenFake,medium,1,0.8699100613594055,0.4,1
6b45fc8929661a521ecdc114325bdfd24d6ba9a11a995a75bc876229652407c8,autoannotated/images/6b45fc8929661a521ecdc114325bdfd24d6ba9a11a995a75bc876229652407c8.jpg,saberzl/SID_Set,medium,0,0.9989290833473206,0.4,1
6b544cb858e7eb367417f4d4989f0c8b1e77f688751d78a5ecc42ec42b070409,human_annotated/images/6b544cb858e7eb367417f4d4989f0c8b1e77f688751d78a5ecc42ec42b070409.png,saberzl/SID_Set,medium,1,0.9792786836624146,0.4,1
6b5c4caa9f8c827cf1ac9b6e2501e0dc1b3490f37b3200bdc311c1fe537f298d,autoannotated/images/6b5c4caa9f8c827cf1ac9b6e2501e0dc1b3490f37b3200bdc311c1fe537f298d.jpg,saberzl/SID_Set,medium,0,0.952121913433075,0.4,1
6b6a431123b4e99848b9496dc11a8bafb2173fcc511a76b4d746629656e88e51,autoannotated/images/6b6a431123b4e99848b9496dc11a8bafb2173fcc511a76b4d746629656e88e51.png,saberzl/SID_Set,medium,1,0.879123866558075,0.4,1
6b93fd69341ce012a80c23320f635341df277026130a4323ef7b1a4b54b2a241,autoannotated/images/6b93fd69341ce012a80c23320f635341df277026130a4323ef7b1a4b54b2a241.jpg,ComplexDataLab/OpenFake,medium,0,0.06465157121419907,0.4,0
6ba601f562c0167929f36be1969e771119bdd80d6bd786616a52306da167ee87,autoannotated/images/6ba601f562c0167929f36be1969e771119bdd80d6bd786616a52306da167ee87.jpg,ComplexDataLab/OpenFake,medium,1,0.9381952285766602,0.4,1
6bcee2ec451bdf8c856a06be11bd0c4714a73d278f2a7e0615af1efb6aeaa17d,human_annotated/images/6bcee2ec451bdf8c856a06be11bd0c4714a73d278f2a7e0615af1efb6aeaa17d.png,RRDataset,medium,1,0.9755443334579468,0.4,1
6be8736f3c08ed8fc8eec1d31992235b6f3f24f2d18f6ec213b0105ab4e3fd2d,autoannotated/images/6be8736f3c08ed8fc8eec1d31992235b6f3f24f2d18f6ec213b0105ab4e3fd2d.jpg,saberzl/SID_Set,medium,0,0.831712543964386,0.4,1
6c0f2ed8f2953a45e3b7068c3d7ab17a876081920fcb5981f726a6836cec60fc,autoannotated/images/6c0f2ed8f2953a45e3b7068c3d7ab17a876081920fcb5981f726a6836cec60fc.jpg,RRDataset,medium,0,0.9171393513679504,0.4,1
6c1aa3919335fa9bbfcbe8366a2e716f31b726f6bb9115c5dd43d6396b271984,autoannotated/images/6c1aa3919335fa9bbfcbe8366a2e716f31b726f6bb9115c5dd43d6396b271984.jpg,ComplexDataLab/OpenFake,medium,0,0.10917584598064423,0.4,0
6c214f9227f769046bb878374ab6f349dd3c4d336a519d0a0b97988beb67422e,autoannotated/images/6c214f9227f769046bb878374ab6f349dd3c4d336a519d0a0b97988beb67422e.png,ComplexDataLab/OpenFake,medium,1,0.9915221929550171,0.4,1
6c35d8194182547646f5565dabc5f1f7ab04bdee7eece4ad083c32a1cd5d90b8,autoannotated/images/6c35d8194182547646f5565dabc5f1f7ab04bdee7eece4ad083c32a1cd5d90b8.jpg,saberzl/SID_Set,medium,0,0.24858629703521729,0.4,0
6c35ff429686aaa64588e89aa36c79d1e0e6d5efb4c2100c73cf77b08586e16e,autoannotated/images/6c35ff429686aaa64588e89aa36c79d1e0e6d5efb4c2100c73cf77b08586e16e.png,RRDataset,medium,1,0.9391005039215088,0.4,1
6c857503ce267cbc4313de2db31286bd5a89370d6723cbdbdb6384f4296fe8b6,autoannotated/images/6c857503ce267cbc4313de2db31286bd5a89370d6723cbdbdb6384f4296fe8b6.png,saberzl/SID_Set,medium,1,0.9266678690910339,0.4,1
6cbf056d63b08ec45e64ba7bdfe787d9340586fb91a0a2c12299d7b416009e90,autoannotated/images/6cbf056d63b08ec45e64ba7bdfe787d9340586fb91a0a2c12299d7b416009e90.jpg,ComplexDataLab/OpenFake,medium,0,0.011033080518245697,0.4,0
6d0bdedde6b0b83fdeffa49d2c2a731d531f9dca10ad30cca301e626cc3a06bf,autoannotated/images/6d0bdedde6b0b83fdeffa49d2c2a731d531f9dca10ad30cca301e626cc3a06bf.png,saberzl/SID_Set,medium,1,0.9606101512908936,0.4,1
6d120d09228578f1f213a629b1b9d736d63dd2bff9975d5e92a91913fec9f58e,autoannotated/images/6d120d09228578f1f213a629b1b9d736d63dd2bff9975d5e92a91913fec9f58e.jpg,saberzl/SID_Set,medium,0,0.34882012009620667,0.4,0
6d1dd26c722324045c9d3e5fcec6d6f1b9576ea46744db4b0fcf630d1758cf99,autoannotated/images/6d1dd26c722324045c9d3e5fcec6d6f1b9576ea46744db4b0fcf630d1758cf99.png,RRDataset,medium,1,0.8702701330184937,0.4,1
6d3485970ff3d94b7010c9e9f8154d180a2628f4f16e5e5c9a47caf05baade07,autoannotated/images/6d3485970ff3d94b7010c9e9f8154d180a2628f4f16e5e5c9a47caf05baade07.jpg,saberzl/SID_Set,medium,0,0.07131480425596237,0.4,0
6d39a889cb7d73eb72f7aa1cef2bfba7ff430779b31ea861b528a106d6353a87,autoannotated/images/6d39a889cb7d73eb72f7aa1cef2bfba7ff430779b31ea861b528a106d6353a87.jpg,RRDataset,medium,0,0.4713330566883087,0.4,1
6d45587509dbd1840be7e37b12d8595efdd47553b64ce98c9742376c311c8dc4,human_annotated/images/6d45587509dbd1840be7e37b12d8595efdd47553b64ce98c9742376c311c8dc4.png,RRDataset,medium,1,0.9434845447540283,0.4,1
6d490936989a28fff2930ebc5ea5f8ff2bb02a8c0c61fff1e591037a01f6cb8c,autoannotated/images/6d490936989a28fff2930ebc5ea5f8ff2bb02a8c0c61fff1e591037a01f6cb8c.jpg,ComplexDataLab/OpenFake,medium,0,0.1992965191602707,0.4,0
6d6f2b26cfd5da01ae1a97c067afa6c8d5ca52f9ee17f2f7a487b1790fd7f737,autoannotated/images/6d6f2b26cfd5da01ae1a97c067afa6c8d5ca52f9ee17f2f7a487b1790fd7f737.png,saberzl/SID_Set,medium,1,0.9848247170448303,0.4,1
6d857834f94e59341e09429ba1dc66d1aa6c04b4ae2675c1bdf24989b0e7f298,autoannotated/images/6d857834f94e59341e09429ba1dc66d1aa6c04b4ae2675c1bdf24989b0e7f298.png,RRDataset,medium,1,0.9901089668273926,0.4,1
6d907b94a64bd6c32b0dcdb8e8df84fbd341b0c7504629157b541724db8b90e9,autoannotated/images/6d907b94a64bd6c32b0dcdb8e8df84fbd341b0c7504629157b541724db8b90e9.png,saberzl/SID_Set,medium,1,0.9795921444892883,0.4,1
6dd977ad5e664d3eeee021fa2e5daa9ff5cd24df75dcf709c66633194c70df48,autoannotated/images/6dd977ad5e664d3eeee021fa2e5daa9ff5cd24df75dcf709c66633194c70df48.jpg,ComplexDataLab/OpenFake,medium,0,0.2553609311580658,0.4,0
6dee5a0541187e17e1b2c80edac69c9deb3da97c1b7e1e7a44d089a9a8498491,autoannotated/images/6dee5a0541187e17e1b2c80edac69c9deb3da97c1b7e1e7a44d089a9a8498491.png,ComplexDataLab/OpenFake,medium,1,0.966405987739563,0.4,1
6e01e5a9e67156c9a8d1eeba104b985d8d9b801a8317c11e430916ba01372c5d,autoannotated/images/6e01e5a9e67156c9a8d1eeba104b985d8d9b801a8317c11e430916ba01372c5d.jpg,RRDataset,medium,0,0.8161472082138062,0.4,1
6e2fc3b916425d91196d59e0a0882568ca5a65022cd5e456da5bbca575a6885d,autoannotated/images/6e2fc3b916425d91196d59e0a0882568ca5a65022cd5e456da5bbca575a6885d.jpg,RRDataset,medium,0,0.8290249705314636,0.4,1
6e338dca86ab6929ba2f196ae5fdca76045571e76825285b2f4178716f25b085,autoannotated/images/6e338dca86ab6929ba2f196ae5fdca76045571e76825285b2f4178716f25b085.jpg,RRDataset,medium,0,0.9662153124809265,0.4,1
6e6c841fa6a4474109ba708a69bc19610f590e0a58eafe593082bc234db98b97,autoannotated/images/6e6c841fa6a4474109ba708a69bc19610f590e0a58eafe593082bc234db98b97.jpg,RRDataset,medium,0,0.9896953105926514,0.4,1
6e7e935d673fa401faa1f8c00d1d4fa7aea959d1d2b5e9768fd86876bc311721,autoannotated/images/6e7e935d673fa401faa1f8c00d1d4fa7aea959d1d2b5e9768fd86876bc311721.jpg,RRDataset,medium,1,0.33682045340538025,0.4,0
6e994ab59887bdd227ec307832c32f565d4df693a61b83654395d455ff682dc9,autoannotated/images/6e994ab59887bdd227ec307832c32f565d4df693a61b83654395d455ff682dc9.jpg,ComplexDataLab/OpenFake,medium,1,0.7596787214279175,0.4,1
6e9dde5952b5a038c37ceb20f8670471b190048508ef7b93e4282f9887f5ce89,autoannotated/images/6e9dde5952b5a038c37ceb20f8670471b190048508ef7b93e4282f9887f5ce89.png,saberzl/SID_Set,medium,1,0.9529732465744019,0.4,1
6ead2a18fa4f67a73f3c505b05ade4b49f19a49e7c2ed04117516f7b1705901c,autoannotated/images/6ead2a18fa4f67a73f3c505b05ade4b49f19a49e7c2ed04117516f7b1705901c.jpg,RRDataset,medium,0,0.8578332662582397,0.4,1
6eba3ccf3bedda664d1c8422a4d54f4818ac7e8f1ce2f4f7ab558a86281d4179,autoannotated/images/6eba3ccf3bedda664d1c8422a4d54f4818ac7e8f1ce2f4f7ab558a86281d4179.png,saberzl/SID_Set,medium,1,0.9826535582542419,0.4,1
6edf3ff0f54eedc0717a1ada4e2023e6ed169b37f21dd36787bad5df102ad49b,autoannotated/images/6edf3ff0f54eedc0717a1ada4e2023e6ed169b37f21dd36787bad5df102ad49b.jpg,ComplexDataLab/OpenFake,medium,0,0.25010931491851807,0.4,0
6f2b511fb82c458f812576cfa1bd987f9dfe998b2881d634c918e95176caa95a,autoannotated/images/6f2b511fb82c458f812576cfa1bd987f9dfe998b2881d634c918e95176caa95a.jpg,ComplexDataLab/OpenFake,medium,0,0.10098584741353989,0.4,0
6f4aa8043f842929f56dfc497c898bdbe151fa705fed4149776aba752c38e990,autoannotated/images/6f4aa8043f842929f56dfc497c898bdbe151fa705fed4149776aba752c38e990.png,RRDataset,medium,1,0.8512837290763855,0.4,1
6f4b0d6f94f8e97b057ef70c466cbb3404f243811c669db14030bc756cf1324e,autoannotated/images/6f4b0d6f94f8e97b057ef70c466cbb3404f243811c669db14030bc756cf1324e.jpg,saberzl/SID_Set,medium,0,0.2763808071613312,0.4,0
6f605da3eed2d0984ac459361672be6f85c06deda2f3d2d98ec1b7c184d44152,autoannotated/images/6f605da3eed2d0984ac459361672be6f85c06deda2f3d2d98ec1b7c184d44152.jpg,saberzl/SID_Set,medium,0,0.2640568017959595,0.4,0
6f7cf272200c1fec49af30d26e3f37cdb4d4eb270fcda88e03367f23ed64f7c1,autoannotated/images/6f7cf272200c1fec49af30d26e3f37cdb4d4eb270fcda88e03367f23ed64f7c1.jpg,RRDataset,medium,0,0.9532502293586731,0.4,1
6f7f984ed2ea50137063456dbbcfd0e6ba5bc8311bac8e263856ae5b52f9fbcd,autoannotated/images/6f7f984ed2ea50137063456dbbcfd0e6ba5bc8311bac8e263856ae5b52f9fbcd.jpg,saberzl/SID_Set,medium,0,0.02838931605219841,0.4,0
6f92dede2a7387c227c02727d114874f88763cc8389ecc60cdface70aa258bd6,autoannotated/images/6f92dede2a7387c227c02727d114874f88763cc8389ecc60cdface70aa258bd6.png,ComplexDataLab/OpenFake,medium,1,0.9994351267814636,0.4,1
6f984ac5e1a5c53c8008ba6979c8014443482b850830fe48c6a2647439b5ffb5,human_annotated/images/6f984ac5e1a5c53c8008ba6979c8014443482b850830fe48c6a2647439b5ffb5.jpg,RRDataset,medium,0,0.9920381307601929,0.4,1
6f9a207483fdb543bb81eefdef526f069a0800455cdd4a0563f425ee3f6db2ce,autoannotated/images/6f9a207483fdb543bb81eefdef526f069a0800455cdd4a0563f425ee3f6db2ce.png,RRDataset,medium,1,0.7680456042289734,0.4,1
6fd28a5382295822b7458b012d390e2378edf60cb4db5163550e4892c24db641,autoannotated/images/6fd28a5382295822b7458b012d390e2378edf60cb4db5163550e4892c24db641.jpg,ComplexDataLab/OpenFake,medium,0,0.2789273262023926,0.4,0
6fef88a481af9792a4b340247bb67969229738a0d77c0869a91bf5c8ab068227,autoannotated/images/6fef88a481af9792a4b340247bb67969229738a0d77c0869a91bf5c8ab068227.png,saberzl/SID_Set,medium,1,0.9483555555343628,0.4,1
6ff0b6c64e4ef01dc983d36657c55a14631621298bf944a74e19af935451afbf,autoannotated/images/6ff0b6c64e4ef01dc983d36657c55a14631621298bf944a74e19af935451afbf.jpg,saberzl/SID_Set,medium,0,0.5614816546440125,0.4,1
6ffc049108776487bd3ae4b1f29b4eec0d3d92ad8d9e0e05077221103f7a0a67,autoannotated/images/6ffc049108776487bd3ae4b1f29b4eec0d3d92ad8d9e0e05077221103f7a0a67.jpg,RRDataset,medium,0,0.2839664816856384,0.4,0
70079649bb5e67374a9504c7666249903f9ccd2b8088b8c6768dcbcda5553c6e,autoannotated/images/70079649bb5e67374a9504c7666249903f9ccd2b8088b8c6768dcbcda5553c6e.jpg,ComplexDataLab/OpenFake,medium,0,0.6578634977340698,0.4,1
702a4890b4c6269bc5ac82e4ce37f73e2ca03adf9c9ab23b73a73fce3db09c65,autoannotated/images/702a4890b4c6269bc5ac82e4ce37f73e2ca03adf9c9ab23b73a73fce3db09c65.jpg,saberzl/SID_Set,medium,0,0.01476124208420515,0.4,0
704c761b4ff6595e24387a4a06ed42512208793e84682efe20cf955a4aa12e37,autoannotated/images/704c761b4ff6595e24387a4a06ed42512208793e84682efe20cf955a4aa12e37.png,ComplexDataLab/OpenFake,medium,1,0.8766413331031799,0.4,1
705d9ea6b21a5061464aca3d81d2c3bca975ceaa042565eba5bd86c5ea1aafbc,autoannotated/images/705d9ea6b21a5061464aca3d81d2c3bca975ceaa042565eba5bd86c5ea1aafbc.jpg,ComplexDataLab/OpenFake,medium,0,0.3302476704120636,0.4,0
708be2cfc6657cbf143798e549f880b8475105db3737113adf7e03e645d6774b,autoannotated/images/708be2cfc6657cbf143798e549f880b8475105db3737113adf7e03e645d6774b.png,RRDataset,medium,1,0.9092587232589722,0.4,1
7092f64372de916345e95a1ed03bd16e489c331ea6dcac6ea861ad5d8a1b5762,autoannotated/images/7092f64372de916345e95a1ed03bd16e489c331ea6dcac6ea861ad5d8a1b5762.jpg,RRDataset,medium,0,0.2785574793815613,0.4,0
70a22a5f0552ba2ccba497633a00aa8e833fcc797e69bddc96631bad79843ad9,autoannotated/images/70a22a5f0552ba2ccba497633a00aa8e833fcc797e69bddc96631bad79843ad9.jpg,RRDataset,medium,0,0.7772599458694458,0.4,1
70a64e55cdc0c88d17d39d05263a38188dc0c601db04346c480f9f1c40d9406d,autoannotated/images/70a64e55cdc0c88d17d39d05263a38188dc0c601db04346c480f9f1c40d9406d.png,ComplexDataLab/OpenFake,medium,1,0.908083975315094,0.4,1
70a6c75bfc03d9f519c34e7ad04b608826d703e5f0981581e046051d9123beab,autoannotated/images/70a6c75bfc03d9f519c34e7ad04b608826d703e5f0981581e046051d9123beab.jpg,RRDataset,medium,0,0.907596230506897,0.4,1
70aa7f6a58066c4fd93d05ed5b03228385aa7250a9caebc468fa8be34f71e2e4,autoannotated/images/70aa7f6a58066c4fd93d05ed5b03228385aa7250a9caebc468fa8be34f71e2e4.jpg,RRDataset,medium,0,0.678731381893158,0.4,1
70ac850399a2df17397e20c572beb7f260679ead16a799c735e45129b1ae083a,autoannotated/images/70ac850399a2df17397e20c572beb7f260679ead16a799c735e45129b1ae083a.jpg,saberzl/SID_Set,medium,0,0.0035749482922255993,0.4,0
70b7f8eaffc28921e961fcd17c4950ce4b44910393e26d68b4ebaa16d3dae069,autoannotated/images/70b7f8eaffc28921e961fcd17c4950ce4b44910393e26d68b4ebaa16d3dae069.png,ComplexDataLab/OpenFake,medium,1,0.998272180557251,0.4,1
70c4d7e09c93702424470328ad73ab01ff0612e83998c65f91f0493d64244b6f,autoannotated/images/70c4d7e09c93702424470328ad73ab01ff0612e83998c65f91f0493d64244b6f.jpg,saberzl/SID_Set,medium,0,0.9099873900413513,0.4,1
70c8e4f7ea3d7048f2f4aefb0254d160e6b1da3de252c0e058b2467438c6bba9,autoannotated/images/70c8e4f7ea3d7048f2f4aefb0254d160e6b1da3de252c0e058b2467438c6bba9.jpg,saberzl/SID_Set,medium,0,0.4241805076599121,0.4,1
70dee36e3cd7795914a79f14f343f28175e5b56fe46ccf74df290346a5ea1ce4,human_annotated/images/70dee36e3cd7795914a79f14f343f28175e5b56fe46ccf74df290346a5ea1ce4.jpg,ComplexDataLab/OpenFake,medium,0,0.0020867823623120785,0.4,0
7141da06945d58660ab8e5bae63a5dc98127f05aa881f070171dd34bd132d834,autoannotated/images/7141da06945d58660ab8e5bae63a5dc98127f05aa881f070171dd34bd132d834.jpg,ComplexDataLab/OpenFake,medium,1,0.12680818140506744,0.4,0
71455c055e395f9a915cc06f11f4a0b10ab8ff8771cef47e298d06bf8cafd1a5,autoannotated/images/71455c055e395f9a915cc06f11f4a0b10ab8ff8771cef47e298d06bf8cafd1a5.png,saberzl/SID_Set,medium,1,0.9073606133460999,0.4,1
716d6a1f3d05c298a01385b8b24963d388687b9644516d26eafccfe0157886e1,autoannotated/images/716d6a1f3d05c298a01385b8b24963d388687b9644516d26eafccfe0157886e1.jpg,RRDataset,medium,0,0.9626353979110718,0.4,1
71a1d5308b5f77a3fa38e7399411f7a1d26939a2066888c3e85ce5bd90610f94,autoannotated/images/71a1d5308b5f77a3fa38e7399411f7a1d26939a2066888c3e85ce5bd90610f94.jpg,ComplexDataLab/OpenFake,medium,0,0.8024352788925171,0.4,1
71b3e0fb2143150992de2e41112f6e2e28ec28a1f60c5492bddc3fa36004088c,autoannotated/images/71b3e0fb2143150992de2e41112f6e2e28ec28a1f60c5492bddc3fa36004088c.jpg,ComplexDataLab/OpenFake,medium,0,0.1881559193134308,0.4,0
71dd542d7c9d6642adb7ee44f289c195689ebf363f3e3725bd339663032eab5f,autoannotated/images/71dd542d7c9d6642adb7ee44f289c195689ebf363f3e3725bd339663032eab5f.png,RRDataset,medium,1,0.9364956021308899,0.4,1
71ed52186c729ebce1f08353e0e4f575cca0ab092cc4e77438d2cacf9a1f385f,autoannotated/images/71ed52186c729ebce1f08353e0e4f575cca0ab092cc4e77438d2cacf9a1f385f.png,RRDataset,medium,1,0.9753283262252808,0.4,1
7206bff6d13bd68031218da561c6d54fc49b5afea8dde33b72621a7e1271b618,autoannotated/images/7206bff6d13bd68031218da561c6d54fc49b5afea8dde33b72621a7e1271b618.jpg,saberzl/SID_Set,medium,0,0.8058066368103027,0.4,1
721948175c89508b6dd52529ab42e0d0c97f3765ecf2966ed6d8b22299b447af,autoannotated/images/721948175c89508b6dd52529ab42e0d0c97f3765ecf2966ed6d8b22299b447af.jpg,RRDataset,medium,0,0.23433466255664825,0.4,0
725a705daf5a3488c5b13269bfbd714aa721a4c7116dbf7ed36887b475df7ae7,autoannotated/images/725a705daf5a3488c5b13269bfbd714aa721a4c7116dbf7ed36887b475df7ae7.jpg,RRDataset,medium,0,0.8731358051300049,0.4,1
725d45040546098cb0c130fe43a9411979efad6dcb8b864732761f97e4dd40e3,autoannotated/images/725d45040546098cb0c130fe43a9411979efad6dcb8b864732761f97e4dd40e3.jpg,ComplexDataLab/OpenFake,medium,0,0.16190527379512787,0.4,0
72730d105c3c7013c8f2f058afe5f6883aa8b61c5d654f5616688c77a56c5514,autoannotated/images/72730d105c3c7013c8f2f058afe5f6883aa8b61c5d654f5616688c77a56c5514.png,ComplexDataLab/OpenFake,medium,1,0.9611151218414307,0.4,1
727dd53588295e102f4b493b9381fb05268c52ac225be618d46f2c18a6c47980,human_annotated/images/727dd53588295e102f4b493b9381fb05268c52ac225be618d46f2c18a6c47980.png,saberzl/SID_Set,medium,1,0.984308660030365,0.4,1
72a8e3c675623c1587f80372aa19d9c043848b602044d984faacf469da344d0f,autoannotated/images/72a8e3c675623c1587f80372aa19d9c043848b602044d984faacf469da344d0f.png,saberzl/SID_Set,medium,1,0.649396538734436,0.4,1
72aa195d63299e96c9ce6e1094df89330a6d1847aeda7700296a6878d50c7e0f,autoannotated/images/72aa195d63299e96c9ce6e1094df89330a6d1847aeda7700296a6878d50c7e0f.jpg,RRDataset,medium,0,0.4719020128250122,0.4,1
72e5bdcd0e437f4f32fc5f7ec74e012281fbab9b80202198e938908ce9acbb36,autoannotated/images/72e5bdcd0e437f4f32fc5f7ec74e012281fbab9b80202198e938908ce9acbb36.jpg,saberzl/SID_Set,medium,0,0.07923763990402222,0.4,0
7308ea67065725303bd75c72fdf9b022dc3b9a63d60f6eac557f171983fcfdeb,human_annotated/images/7308ea67065725303bd75c72fdf9b022dc3b9a63d60f6eac557f171983fcfdeb.jpg,ComplexDataLab/OpenFake,medium,0,0.00018267550331074744,0.4,0
732a9f7422f09fe4103246c4f4ddceb70ed2c1dd835b3e78a844e7c511327b75,autoannotated/images/732a9f7422f09fe4103246c4f4ddceb70ed2c1dd835b3e78a844e7c511327b75.png,ComplexDataLab/OpenFake,medium,1,0.9951666593551636,0.4,1
732bee5fab7e0c778df9df01b4eb359f0f5ce6c59c096eba9497e339fe89d519,autoannotated/images/732bee5fab7e0c778df9df01b4eb359f0f5ce6c59c096eba9497e339fe89d519.png,RRDataset,medium,1,0.9201363325119019,0.4,1
7342d93bf98dfc21dbc15d636bedcf03b68e92ecd1c6f876cc075f508d26ac8a,autoannotated/images/7342d93bf98dfc21dbc15d636bedcf03b68e92ecd1c6f876cc075f508d26ac8a.jpg,RRDataset,medium,0,0.034308046102523804,0.4,0
735986b1226ec088e657663e2e83677dbaed4e83fb9dded44ceef2b916a7431d,autoannotated/images/735986b1226ec088e657663e2e83677dbaed4e83fb9dded44ceef2b916a7431d.png,RRDataset,medium,1,0.9042373299598694,0.4,1
7373a545a7d4299bbaba9a8bfb71f8ec36c0ea58cde0b16b55bc12da62c15122,autoannotated/images/7373a545a7d4299bbaba9a8bfb71f8ec36c0ea58cde0b16b55bc12da62c15122.png,ComplexDataLab/OpenFake,medium,1,0.38162341713905334,0.4,0
7378d0f734f4421b7b295f8556a2d67fd32a5316eb7532e9a0678289fe0c5439,autoannotated/images/7378d0f734f4421b7b295f8556a2d67fd32a5316eb7532e9a0678289fe0c5439.jpg,RRDataset,medium,0,0.14607729017734528,0.4,0
738652d0d05b975d9ea9b268144514a1378626df6afa982ddace2885d9abc496,autoannotated/images/738652d0d05b975d9ea9b268144514a1378626df6afa982ddace2885d9abc496.png,saberzl/SID_Set,medium,1,0.9955087900161743,0.4,1
73a204e8592e8de513bcb6383fd11e0991a6b87ece8735b00e867d89e5aa8456,autoannotated/images/73a204e8592e8de513bcb6383fd11e0991a6b87ece8735b00e867d89e5aa8456.jpg,saberzl/SID_Set,medium,0,0.7965391874313354,0.4,1
73d1c6b02e363db41e92897e97f6d9aa5389313c4a1530aa0828d67927fac5c5,autoannotated/images/73d1c6b02e363db41e92897e97f6d9aa5389313c4a1530aa0828d67927fac5c5.jpg,RRDataset,medium,0,0.5629266500473022,0.4,1
73fe48cc20b16b518e7d8fc9d3537981f5dddd79da4248f075e00144ea638d06,autoannotated/images/73fe48cc20b16b518e7d8fc9d3537981f5dddd79da4248f075e00144ea638d06.jpg,saberzl/SID_Set,medium,0,0.5575246810913086,0.4,1
740293eb0bf739810e862b297714cafda2b5cbb47862884f9ab4e004d0cf7094,autoannotated/images/740293eb0bf739810e862b297714cafda2b5cbb47862884f9ab4e004d0cf7094.png,RRDataset,medium,1,0.9969730377197266,0.4,1
74087cb9c3457ed9b7ac915122f2e7be33432744eca9843b530ae30506e75b6f,autoannotated/images/74087cb9c3457ed9b7ac915122f2e7be33432744eca9843b530ae30506e75b6f.png,RRDataset,medium,1,0.955621600151062,0.4,1
74125b0e5af4ec68a88f987573f0fdfa2d067556c010d33d3601cb79247327d0,autoannotated/images/74125b0e5af4ec68a88f987573f0fdfa2d067556c010d33d3601cb79247327d0.png,ComplexDataLab/OpenFake,medium,1,0.9493308067321777,0.4,1
742d0d08ca7253bd39793f915d738e80b6af835f8228f2b7b58e007ccfc6ea39,human_annotated/images/742d0d08ca7253bd39793f915d738e80b6af835f8228f2b7b58e007ccfc6ea39.png,saberzl/SID_Set,medium,1,0.9355891942977905,0.4,1
742e44b76da063bac0a7230548bd0ef4ba08ba8726f45805578516d731559ef3,human_annotated/images/742e44b76da063bac0a7230548bd0ef4ba08ba8726f45805578516d731559ef3.png,RRDataset,medium,1,0.9951562881469727,0.4,1
7438e104ee9ac7c0f1805afa7aa14902abf969ec84163e243abd81d6c8816086,autoannotated/images/7438e104ee9ac7c0f1805afa7aa14902abf969ec84163e243abd81d6c8816086.jpg,RRDataset,medium,0,0.22126510739326477,0.4,0
743f88d7c27236c555f848eb2745796d45329db9256c5d0e5020a2e630b9e93a,autoannotated/images/743f88d7c27236c555f848eb2745796d45329db9256c5d0e5020a2e630b9e93a.png,RRDataset,medium,1,0.9915387034416199,0.4,1
74593cb78a00ce9967848087379b601ec5ebf3498e47781f5991e9955dcba0a6,human_annotated/images/74593cb78a00ce9967848087379b601ec5ebf3498e47781f5991e9955dcba0a6.jpg,RRDataset,medium,0,0.9755631685256958,0.4,1
7479c44b9db36a9a7b435f885286d6b08fd6350f5f5cffc898e9a8a2e1c4e468,autoannotated/images/7479c44b9db36a9a7b435f885286d6b08fd6350f5f5cffc898e9a8a2e1c4e468.png,RRDataset,medium,1,0.6248245239257812,0.4,1
74b8a598ad6d727a5a89894bc04b4042a5d86e4fa82a78b2647fc23b26081475,autoannotated/images/74b8a598ad6d727a5a89894bc04b4042a5d86e4fa82a78b2647fc23b26081475.jpg,saberzl/SID_Set,medium,0,0.23255661129951477,0.4,0
74cdc10cac55834f7a069a7b4d5403e51dd14167abd0a2d574acaef2af711115,autoannotated/images/74cdc10cac55834f7a069a7b4d5403e51dd14167abd0a2d574acaef2af711115.png,saberzl/SID_Set,medium,1,0.9794819951057434,0.4,1
74ded0d233e03cd707b27df87d5e11df0b983a824d72849e7ab9ac6ec36194a5,human_annotated/images/74ded0d233e03cd707b27df87d5e11df0b983a824d72849e7ab9ac6ec36194a5.png,RRDataset,medium,1,0.9416732788085938,0.4,1
750b1786b6d55bdb8600aff43d0e793bf73a833005b8313b7ab446d11907d797,autoannotated/images/750b1786b6d55bdb8600aff43d0e793bf73a833005b8313b7ab446d11907d797.png,ComplexDataLab/OpenFake,medium,1,0.9976422190666199,0.4,1
750da4c4929cf25c6150baaed9856cd871a3ada180c5f8148677037b61c9e32a,autoannotated/images/750da4c4929cf25c6150baaed9856cd871a3ada180c5f8148677037b61c9e32a.jpg,ComplexDataLab/OpenFake,medium,0,0.3417275547981262,0.4,0
7515b6800b681eb21faccb88df3708211e39aa9668eb5cd3bc62cbad8064f1ac,human_annotated/images/7515b6800b681eb21faccb88df3708211e39aa9668eb5cd3bc62cbad8064f1ac.jpg,saberzl/SID_Set,medium,0,0.00980647373944521,0.4,0
752314720c1eed19fd95ce1e0b4a6232295985587782ecd2ba1bff58326b2f3b,autoannotated/images/752314720c1eed19fd95ce1e0b4a6232295985587782ecd2ba1bff58326b2f3b.png,ComplexDataLab/OpenFake,medium,1,0.7404829263687134,0.4,1
7529ebe99e8724293170a85bbf2c805d8a5b3421be0818e5f79a16d0d7bef0c9,autoannotated/images/7529ebe99e8724293170a85bbf2c805d8a5b3421be0818e5f79a16d0d7bef0c9.png,ComplexDataLab/OpenFake,medium,1,0.9947525262832642,0.4,1
754ec0479e61d701421b63a5d9beeba1f574c8b750d29f6c036672e406afbd50,autoannotated/images/754ec0479e61d701421b63a5d9beeba1f574c8b750d29f6c036672e406afbd50.jpg,ComplexDataLab/OpenFake,medium,0,0.001040444360114634,0.4,0
755da03f844bcfc466e159fafbb9fc301cf1951ab6799f4267c98528adf96e58,autoannotated/images/755da03f844bcfc466e159fafbb9fc301cf1951ab6799f4267c98528adf96e58.png,ComplexDataLab/OpenFake,medium,1,0.7498739957809448,0.4,1
75973646b12ef7dfdb84b39df8afe41f8d4ebaafb62d0c27a3be2e0571e98392,autoannotated/images/75973646b12ef7dfdb84b39df8afe41f8d4ebaafb62d0c27a3be2e0571e98392.png,RRDataset,medium,1,0.9941868782043457,0.4,1
75aafe072ef9cb3cf54dc5d16d5c156b6a58895316972f4df8418ecf1eade992,human_annotated/images/75aafe072ef9cb3cf54dc5d16d5c156b6a58895316972f4df8418ecf1eade992.png,ComplexDataLab/OpenFake,medium,1,0.9861236810684204,0.4,1
75c4f3b91f19e3dac3002506e67b6b48d084b9041c56e982493380269381b154,autoannotated/images/75c4f3b91f19e3dac3002506e67b6b48d084b9041c56e982493380269381b154.png,RRDataset,medium,1,0.8226941823959351,0.4,1
75c97689c4126590e2eabb5af3201262e9db4bcfa2512c07017f7abed13d25e6,autoannotated/images/75c97689c4126590e2eabb5af3201262e9db4bcfa2512c07017f7abed13d25e6.jpg,saberzl/SID_Set,medium,0,0.06788818538188934,0.4,0
75d907ee6cebc52bcfdf5934a01ba83e8b2cfb711b1b5355b1eee22baa42c330,human_annotated/images/75d907ee6cebc52bcfdf5934a01ba83e8b2cfb711b1b5355b1eee22baa42c330.png,RRDataset,medium,1,0.963625431060791,0.4,1
75e47b4cd903f2d21bc96f1252b319dbc004b8351fa9a12232c5b8661e922e4d,autoannotated/images/75e47b4cd903f2d21bc96f1252b319dbc004b8351fa9a12232c5b8661e922e4d.jpg,ComplexDataLab/OpenFake,medium,0,8.505563164362684e-05,0.4,0
75f2e76e96ed27918f7ff5c684eab249a518a3c318719f2e87846f50f67efc1b,autoannotated/images/75f2e76e96ed27918f7ff5c684eab249a518a3c318719f2e87846f50f67efc1b.png,ComplexDataLab/OpenFake,medium,1,0.9580610394477844,0.4,1
75feee742e9b8e0bcb6f06ec52bdbf72fab911c82c183c752b0eb7800794f318,human_annotated/images/75feee742e9b8e0bcb6f06ec52bdbf72fab911c82c183c752b0eb7800794f318.png,saberzl/SID_Set,medium,1,0.994721531867981,0.4,1
76204b4f620c5a32f2e1a649adb9147b1e3c7990a4c81b9a33a42e1b3738a3d9,human_annotated/images/76204b4f620c5a32f2e1a649adb9147b1e3c7990a4c81b9a33a42e1b3738a3d9.png,RRDataset,medium,1,0.9778690934181213,0.4,1
7652f7d972c008a40b88c9a67fdd5bd0395863aa9bff14d81717a5a156b2f87a,human_annotated/images/7652f7d972c008a40b88c9a67fdd5bd0395863aa9bff14d81717a5a156b2f87a.jpg,saberzl/SID_Set,medium,0,0.008514957502484322,0.4,0
7677c2739a85bba3ab01202196061fa2c0cf2ab6b98ec6e297ee0e9cd1ca3f32,autoannotated/images/7677c2739a85bba3ab01202196061fa2c0cf2ab6b98ec6e297ee0e9cd1ca3f32.jpg,saberzl/SID_Set,medium,0,0.10834717750549316,0.4,0
7693687a47bfd68f70514b08323af2dc3a1922d753f5855e96092b9bf983e500,autoannotated/images/7693687a47bfd68f70514b08323af2dc3a1922d753f5855e96092b9bf983e500.jpg,saberzl/SID_Set,medium,0,0.8777269124984741,0.4,1
76aa711b25a405880bfd483ffc6cb764d9bab78b55fac2400e42d153d87179dd,human_annotated/images/76aa711b25a405880bfd483ffc6cb764d9bab78b55fac2400e42d153d87179dd.jpg,ComplexDataLab/OpenFake,medium,0,0.004010628443211317,0.4,0
76c0b98017d4b95168d43bf25b750911a71fe057aa89ef8cc92744065aaee63e,autoannotated/images/76c0b98017d4b95168d43bf25b750911a71fe057aa89ef8cc92744065aaee63e.jpg,ComplexDataLab/OpenFake,medium,0,0.6646935343742371,0.4,1
76f1dbff2ff43628c8337048837c940941c72103c93487ac3f8458c3dbd5e5f9,autoannotated/images/76f1dbff2ff43628c8337048837c940941c72103c93487ac3f8458c3dbd5e5f9.png,RRDataset,medium,1,0.9927514791488647,0.4,1
7707ab7ffa6072ad533199d6113438aa1413604b844c7915614eddf3ca6de3b0,human_annotated/images/7707ab7ffa6072ad533199d6113438aa1413604b844c7915614eddf3ca6de3b0.jpg,RRDataset,medium,0,0.1280607432126999,0.4,0
7713596f4e46946555c276359514d9f84d45f26d60e4d995832ca1735524fc55,autoannotated/images/7713596f4e46946555c276359514d9f84d45f26d60e4d995832ca1735524fc55.jpg,RRDataset,medium,0,0.955893874168396,0.4,1
771ff579728a7325e192f87ca59b18a72f89a938648015fbc10497a96c8798da,autoannotated/images/771ff579728a7325e192f87ca59b18a72f89a938648015fbc10497a96c8798da.jpg,ComplexDataLab/OpenFake,medium,0,0.5862001776695251,0.4,1
77289796f4c98eb0448211aef42d9269c5c404ae6cb4cba245e9011c80e9aba8,autoannotated/images/77289796f4c98eb0448211aef42d9269c5c404ae6cb4cba245e9011c80e9aba8.jpg,saberzl/SID_Set,medium,0,0.09363546222448349,0.4,0
772b799e437a64bd783ceac68f40591fcbbc33c15a1cdf95bac75c600c463345,human_annotated/images/772b799e437a64bd783ceac68f40591fcbbc33c15a1cdf95bac75c600c463345.jpg,ComplexDataLab/OpenFake,medium,0,0.9968973398208618,0.4,1
7733241418bbda447c258037ed5182ec9ad4cd43855edfbe379ba14f6851dbed,autoannotated/images/7733241418bbda447c258037ed5182ec9ad4cd43855edfbe379ba14f6851dbed.jpg,ComplexDataLab/OpenFake,medium,0,0.022723983973264694,0.4,0
7736baef42d9dcdd78f18a7e8d48907fb78153650fcea5aa1e61e9520e3de3e5,autoannotated/images/7736baef42d9dcdd78f18a7e8d48907fb78153650fcea5aa1e61e9520e3de3e5.jpg,saberzl/SID_Set,medium,0,0.12382787466049194,0.4,0
77390138b1b8bc3db5b9d110d54530af7642a50b2612eaf711b90c97cfc7553a,autoannotated/images/77390138b1b8bc3db5b9d110d54530af7642a50b2612eaf711b90c97cfc7553a.jpg,RRDataset,medium,0,0.0009473874233663082,0.4,0
7745ce3263d1c611692552f719756afe6dfdeab87903c80a8dfdd124e400fd4b,autoannotated/images/7745ce3263d1c611692552f719756afe6dfdeab87903c80a8dfdd124e400fd4b.png,ComplexDataLab/OpenFake,medium,1,0.8120721578598022,0.4,1
77530bd59d9384426ee450a9d54aaf63794d3f17a6ed3f39b6aedf71f1469373,human_annotated/images/77530bd59d9384426ee450a9d54aaf63794d3f17a6ed3f39b6aedf71f1469373.jpg,ComplexDataLab/OpenFake,medium,0,0.005722593050450087,0.4,0
7758711718c959b9ae3a29fdccf988d2f43159202f30676327c5a0ae5a571370,autoannotated/images/7758711718c959b9ae3a29fdccf988d2f43159202f30676327c5a0ae5a571370.jpg,RRDataset,medium,0,0.6125662326812744,0.4,1
775d1a149b575d0c52430f930f013e5b131531ee313c8f35e6646bb5ac872f3c,human_annotated/images/775d1a149b575d0c52430f930f013e5b131531ee313c8f35e6646bb5ac872f3c.jpg,ComplexDataLab/OpenFake,medium,0,0.9922263622283936,0.4,1
77634dd74b9242a22810fbeedb46f528ccbdfc345bd66d8cfeb7e7103eca3c04,autoannotated/images/77634dd74b9242a22810fbeedb46f528ccbdfc345bd66d8cfeb7e7103eca3c04.png,ComplexDataLab/OpenFake,medium,1,0.7273733615875244,0.4,1
77638f5a44b913f37561cd7c630cd40c8cb68e69a7b2857b38b7d181df3d9417,autoannotated/images/77638f5a44b913f37561cd7c630cd40c8cb68e69a7b2857b38b7d181df3d9417.png,RRDataset,medium,1,0.9973781108856201,0.4,1
777e4808d48b18afd0a7fa9b337084ff5d830bcc062e5faf0e38f4604278219b,autoannotated/images/777e4808d48b18afd0a7fa9b337084ff5d830bcc062e5faf0e38f4604278219b.png,saberzl/SID_Set,medium,1,0.8943285942077637,0.4,1
778556f6f02b5594634a7674a0307e078e22f808327fa031a033fac33f3b0fc6,autoannotated/images/778556f6f02b5594634a7674a0307e078e22f808327fa031a033fac33f3b0fc6.jpg,saberzl/SID_Set,medium,0,0.9230124950408936,0.4,1
778b3e9f1f298f6cc16e33953203e25f401514df283eb0e92c4091b63b33f2e1,autoannotated/images/778b3e9f1f298f6cc16e33953203e25f401514df283eb0e92c4091b63b33f2e1.jpg,RRDataset,medium,1,0.8541556596755981,0.4,1
779a5d7156c1e3876e6e68fa5b19035b333609c9209c6313d04382421807926b,autoannotated/images/779a5d7156c1e3876e6e68fa5b19035b333609c9209c6313d04382421807926b.jpg,ComplexDataLab/OpenFake,medium,0,0.00010373286932008341,0.4,0
77b0ad3bdba2a8bbbfb052498b360f5616fc238f7869a33593d7ae1a7fde3376,autoannotated/images/77b0ad3bdba2a8bbbfb052498b360f5616fc238f7869a33593d7ae1a7fde3376.jpg,saberzl/SID_Set,medium,0,0.5397665500640869,0.4,1
77c43e2fd3dd2c908bf67f49890590f6834c127454322aaf3770008eed3b10fb,autoannotated/images/77c43e2fd3dd2c908bf67f49890590f6834c127454322aaf3770008eed3b10fb.jpg,saberzl/SID_Set,medium,0,0.0010805235942825675,0.4,0
77e7efed817f521642a7b2856c4714fa37a4da37094f6a530a007bf1bb167fa8,autoannotated/images/77e7efed817f521642a7b2856c4714fa37a4da37094f6a530a007bf1bb167fa8.jpg,ComplexDataLab/OpenFake,medium,0,0.6210206747055054,0.4,1
780a42dd6c7ef88e9e922d5c39979d9d67c2be5dc8985e055ac46b981d090b3f,human_annotated/images/780a42dd6c7ef88e9e922d5c39979d9d67c2be5dc8985e055ac46b981d090b3f.jpg,RRDataset,medium,0,0.6123164296150208,0.4,1
780f8068aa47fdd74244e4dde6bd40d42d7ba8e88c10a2c6e31eeb1d238cb1fc,human_annotated/images/780f8068aa47fdd74244e4dde6bd40d42d7ba8e88c10a2c6e31eeb1d238cb1fc.jpg,ComplexDataLab/OpenFake,medium,0,7.323165482375771e-05,0.4,0
78255a63ffa6df6f53b149b2ad2630c331cd9becd311372ffaa26086d5cc3cb1,autoannotated/images/78255a63ffa6df6f53b149b2ad2630c331cd9becd311372ffaa26086d5cc3cb1.jpg,ComplexDataLab/OpenFake,medium,0,0.0012926174094900489,0.4,0
7826ffe3562bfec183b0e1b4a2af4c76f8d26273535f4165756fd8dff66fcabe,human_annotated/images/7826ffe3562bfec183b0e1b4a2af4c76f8d26273535f4165756fd8dff66fcabe.png,ComplexDataLab/OpenFake,medium,1,0.9993306398391724,0.4,1
7836772d91390c365f94a588541885364de2ef4694a4cfabfab2f3fcd2a5ee50,autoannotated/images/7836772d91390c365f94a588541885364de2ef4694a4cfabfab2f3fcd2a5ee50.jpg,RRDataset,medium,0,0.951321542263031,0.4,1
785be602c61205000761b8d8c8b069b0345cac50529b7a0ab60b14b5c04b0d4d,human_annotated/images/785be602c61205000761b8d8c8b069b0345cac50529b7a0ab60b14b5c04b0d4d.png,RRDataset,medium,1,0.784087598323822,0.4,1
786ca93614e440353cb0f7849a0973efa39a4ba7199b5142024041490931be3c,human_annotated/images/786ca93614e440353cb0f7849a0973efa39a4ba7199b5142024041490931be3c.jpg,RRDataset,medium,0,0.7446755766868591,0.4,1
786cc0dcb914c4996ec3fd00ef2531e0ed7cc25f5bba976d3e985a237741c18b,human_annotated/images/786cc0dcb914c4996ec3fd00ef2531e0ed7cc25f5bba976d3e985a237741c18b.jpg,ComplexDataLab/OpenFake,medium,0,0.002527818316593766,0.4,0
7870a49e2d9a6d30946984447b8358b87db072268ae95fea528d2c8403139c8a,autoannotated/images/7870a49e2d9a6d30946984447b8358b87db072268ae95fea528d2c8403139c8a.jpg,ComplexDataLab/OpenFake,medium,0,0.09829438477754593,0.4,0
7871abca572c0d400174dd1d42e298423627d8c902d2d9bb1b3940498f221899,human_annotated/images/7871abca572c0d400174dd1d42e298423627d8c902d2d9bb1b3940498f221899.jpg,RRDataset,medium,0,0.3289644420146942,0.4,0
78967e6c59f2c35741dd05f349ee710450788e992ff9a89f66b61ce67368f29e,autoannotated/images/78967e6c59f2c35741dd05f349ee710450788e992ff9a89f66b61ce67368f29e.jpg,saberzl/SID_Set,medium,0,0.0685870572924614,0.4,0
78a6d28af57d4d2529ab4c9efeee7b0e300741edaef87ba1f445c3fd7ef214fe,autoannotated/images/78a6d28af57d4d2529ab4c9efeee7b0e300741edaef87ba1f445c3fd7ef214fe.png,saberzl/SID_Set,medium,1,0.9682783484458923,0.4,1
78ba61b6ecab1a19bb167ef8dc2669ff28030b6363078688e15d948649a64bdb,autoannotated/images/78ba61b6ecab1a19bb167ef8dc2669ff28030b6363078688e15d948649a64bdb.png,saberzl/SID_Set,medium,1,0.9555436968803406,0.4,1
78c77628147070b832628a46f843b25398bc690aeb85314e3e51bda8773bff32,autoannotated/images/78c77628147070b832628a46f843b25398bc690aeb85314e3e51bda8773bff32.jpg,RRDataset,medium,0,0.9924569129943848,0.4,1
78e9d6ecdf4644797826f768cd028d10cbb8550fd666494491fcbdd9403c1393,autoannotated/images/78e9d6ecdf4644797826f768cd028d10cbb8550fd666494491fcbdd9403c1393.jpg,saberzl/SID_Set,medium,0,0.004730712156742811,0.4,0
78f33e2730ed0f5c343ceeccaf92d9dbcd54d541b4c65bd0c9137476767d55da,autoannotated/images/78f33e2730ed0f5c343ceeccaf92d9dbcd54d541b4c65bd0c9137476767d55da.png,RRDataset,medium,1,0.8028187155723572,0.4,1
79062dc43b02c76d3e84138de0f958a1f915ae803ec6bc6c535c6cf9b5ede12f,autoannotated/images/79062dc43b02c76d3e84138de0f958a1f915ae803ec6bc6c535c6cf9b5ede12f.jpg,saberzl/SID_Set,medium,0,0.6330966353416443,0.4,1
7933f72252be17a2a24394411d8b09aaff97efca5222412c445eb7ffdebeecb6,human_annotated/images/7933f72252be17a2a24394411d8b09aaff97efca5222412c445eb7ffdebeecb6.jpg,RRDataset,medium,0,0.15333528816699982,0.4,0
79aa2794c596a45a4ed7988cab59d03a66b44dea0129a2e8c45b97f5921be136,human_annotated/images/79aa2794c596a45a4ed7988cab59d03a66b44dea0129a2e8c45b97f5921be136.jpg,ComplexDataLab/OpenFake,medium,0,0.327400803565979,0.4,0
79b0c5a05ee04a637dacf4c9e7a10d62bc6b0768615321cf9785e8949c01494a,autoannotated/images/79b0c5a05ee04a637dacf4c9e7a10d62bc6b0768615321cf9785e8949c01494a.jpg,saberzl/SID_Set,medium,0,0.0649627149105072,0.4,0
79c105dbb0b0854ef28d5f365865a71c17b8bc99cf7535088800a1497d7a42b6,human_annotated/images/79c105dbb0b0854ef28d5f365865a71c17b8bc99cf7535088800a1497d7a42b6.jpg,ComplexDataLab/OpenFake,medium,0,0.12942741811275482,0.4,0
79d57f0594272c20faf2e9486549ceda03ad3ad2d2c346c5530ce3a8ca458aab,autoannotated/images/79d57f0594272c20faf2e9486549ceda03ad3ad2d2c346c5530ce3a8ca458aab.jpg,ComplexDataLab/OpenFake,medium,1,0.5388296246528625,0.4,1
79e11c3a819e44e635f098aef03a7007e0ce6d9b1617c2403c760de65dc3299b,human_annotated/images/79e11c3a819e44e635f098aef03a7007e0ce6d9b1617c2403c760de65dc3299b.png,ComplexDataLab/OpenFake,medium,1,0.23571251332759857,0.4,0
79ff2e63097180307311753145d4bfd63fbaa11c2e3939c861e5d57600902475,human_annotated/images/79ff2e63097180307311753145d4bfd63fbaa11c2e3939c861e5d57600902475.png,ComplexDataLab/OpenFake,medium,1,0.9967451095581055,0.4,1
7a127d12fc949a8f4c533c7dda69de353f5218c7fc78a43a708b3edf5a9e1220,autoannotated/images/7a127d12fc949a8f4c533c7dda69de353f5218c7fc78a43a708b3edf5a9e1220.png,RRDataset,medium,1,0.7716943621635437,0.4,1
7a33fd76a0d80353172c7d115e85345744575eb98d5b31a2cff34de26c01ee9a,autoannotated/images/7a33fd76a0d80353172c7d115e85345744575eb98d5b31a2cff34de26c01ee9a.jpg,RRDataset,medium,0,0.6534131169319153,0.4,1
7a3a1da3f38244b16d43f10d51b5c269270af028cf1ed4d3bcba3c8c4bdf4f68,autoannotated/images/7a3a1da3f38244b16d43f10d51b5c269270af028cf1ed4d3bcba3c8c4bdf4f68.png,saberzl/SID_Set,medium,1,0.8470245003700256,0.4,1
7a5556c04f2b539df59baa8b5762a1431bc4707462b309d64f18186a50fa2332,autoannotated/images/7a5556c04f2b539df59baa8b5762a1431bc4707462b309d64f18186a50fa2332.png,RRDataset,medium,1,0.9695278406143188,0.4,1
7a5a420db1c0016b05f9c41ff0d1a4008316c110d05778d70a218ce48086c0cb,autoannotated/images/7a5a420db1c0016b05f9c41ff0d1a4008316c110d05778d70a218ce48086c0cb.png,saberzl/SID_Set,medium,1,0.9909362196922302,0.4,1
7a802308ef82d19f411ef43caf2f8f3164b6120b9e9c249235f812e8c5ae0cd8,autoannotated/images/7a802308ef82d19f411ef43caf2f8f3164b6120b9e9c249235f812e8c5ae0cd8.png,saberzl/SID_Set,medium,1,0.9975836277008057,0.4,1
7aa24c7e73f7ab6d011e3c03350f075f6d71813cf0b32a73a1734906f19e0671,autoannotated/images/7aa24c7e73f7ab6d011e3c03350f075f6d71813cf0b32a73a1734906f19e0671.png,saberzl/SID_Set,medium,1,0.9915611147880554,0.4,1
7acbdd73d03a7f2edbd3ede8be63c886f542a5593cf340a46ba9b27dce7bd9c2,autoannotated/images/7acbdd73d03a7f2edbd3ede8be63c886f542a5593cf340a46ba9b27dce7bd9c2.jpg,saberzl/SID_Set,medium,0,0.05266100540757179,0.4,0
7b09ddf679d80491837edb0cea5c8d24a3cdce5af3ce4d238468edfbf628bc65,autoannotated/images/7b09ddf679d80491837edb0cea5c8d24a3cdce5af3ce4d238468edfbf628bc65.png,saberzl/SID_Set,medium,1,0.9867688417434692,0.4,1
7b2e94deb04f83f71f95b75dc6559806e304cd2f1f1131cb5a43471ee50cc89f,autoannotated/images/7b2e94deb04f83f71f95b75dc6559806e304cd2f1f1131cb5a43471ee50cc89f.png,ComplexDataLab/OpenFake,medium,1,0.9868549108505249,0.4,1
7b3f99ee04763aac44efe1fe85fcba9777918d6e0d3504d54952379b71ea5d5f,autoannotated/images/7b3f99ee04763aac44efe1fe85fcba9777918d6e0d3504d54952379b71ea5d5f.jpg,RRDataset,medium,0,0.9159916043281555,0.4,1
7b4ecd6f9121a8aca64af711cac2ecc80472949a000e6bd679ac1dd184bbfe2e,autoannotated/images/7b4ecd6f9121a8aca64af711cac2ecc80472949a000e6bd679ac1dd184bbfe2e.png,RRDataset,medium,1,0.9595230221748352,0.4,1
7b775b5b0165109298c7f70606db55431acc2a12beb18f8f67cd496833dce02b,human_annotated/images/7b775b5b0165109298c7f70606db55431acc2a12beb18f8f67cd496833dce02b.png,saberzl/SID_Set,medium,1,0.9169940948486328,0.4,1
7ba89be293e6ebe7fd23565f723160e19063f28ea7d0c42c2718a39f0cf32dae,autoannotated/images/7ba89be293e6ebe7fd23565f723160e19063f28ea7d0c42c2718a39f0cf32dae.png,saberzl/SID_Set,medium,1,0.971310019493103,0.4,1
7bae8debc599b64eed4a22ff8b36685a484af6c2b65da1bdc47de30f376e38a9,autoannotated/images/7bae8debc599b64eed4a22ff8b36685a484af6c2b65da1bdc47de30f376e38a9.png,ComplexDataLab/OpenFake,medium,1,0.9793319702148438,0.4,1
7bb92e9f65b5a6f6b87cfd2411a29652f35c49d245928e5fa3ca22a299a10db0,human_annotated/images/7bb92e9f65b5a6f6b87cfd2411a29652f35c49d245928e5fa3ca22a299a10db0.png,ComplexDataLab/OpenFake,medium,1,0.8298964500427246,0.4,1
7bbe2ba0e97bf624886507a4b7a31e42cf7d0fa761ddd009e906debddf5acd80,autoannotated/images/7bbe2ba0e97bf624886507a4b7a31e42cf7d0fa761ddd009e906debddf5acd80.jpg,RRDataset,medium,0,0.4360803961753845,0.4,1
7bbfe3787ee35fcbd73d7d595f13c2c88dacf00d5783ec1402b3e5a7744e3e1b,autoannotated/images/7bbfe3787ee35fcbd73d7d595f13c2c88dacf00d5783ec1402b3e5a7744e3e1b.jpg,ComplexDataLab/OpenFake,medium,0,0.05716174840927124,0.4,0
7bc7406ac31ef26e7a1cf22f8fdae2ce4b4ad0d9631e07b5469b7112d11e5e12,autoannotated/images/7bc7406ac31ef26e7a1cf22f8fdae2ce4b4ad0d9631e07b5469b7112d11e5e12.png,RRDataset,medium,1,0.993989109992981,0.4,1
7bc7f1ad8e58f6528d2328dfdef6f9aa2a518feba0b22b329ef7db37af120dca,autoannotated/images/7bc7f1ad8e58f6528d2328dfdef6f9aa2a518feba0b22b329ef7db37af120dca.jpg,ComplexDataLab/OpenFake,medium,0,0.6249752044677734,0.4,1
7bd972aaa9e4813504a3e3aaf68a8efef8bcfe10eadcbc292395440a2a2b4f9e,autoannotated/images/7bd972aaa9e4813504a3e3aaf68a8efef8bcfe10eadcbc292395440a2a2b4f9e.png,RRDataset,medium,1,0.9798589944839478,0.4,1
7be2d13c96f01448be47a95c2ed2cb7a40a3caa7780965a118c2d452604f6913,autoannotated/images/7be2d13c96f01448be47a95c2ed2cb7a40a3caa7780965a118c2d452604f6913.png,saberzl/SID_Set,medium,1,0.822057843208313,0.4,1
7be44606d8691c77cce1ccd0ec88b73779edc2169115112474b7108183f808f7,autoannotated/images/7be44606d8691c77cce1ccd0ec88b73779edc2169115112474b7108183f808f7.png,ComplexDataLab/OpenFake,medium,1,0.4582006633281708,0.4,1
7be72deeb180224db56e51464c3eff72107d0864f27821f122d89abeab08fe64,autoannotated/images/7be72deeb180224db56e51464c3eff72107d0864f27821f122d89abeab08fe64.png,RRDataset,medium,1,0.6847594976425171,0.4,1
7bf41e09a14279201d5d815eb16831c7db2b7a1ef307af5b6520089f5f59ba61,autoannotated/images/7bf41e09a14279201d5d815eb16831c7db2b7a1ef307af5b6520089f5f59ba61.jpg,saberzl/SID_Set,medium,0,0.344685822725296,0.4,0
7bfcd1ecd23cb53efabb081060ff5b367c31fb0cbbd9a9a8dca5c50476a2af62,human_annotated/images/7bfcd1ecd23cb53efabb081060ff5b367c31fb0cbbd9a9a8dca5c50476a2af62.png,ComplexDataLab/OpenFake,medium,1,0.9779265522956848,0.4,1
7c1df858d60db21d5a65a704f607cd629326917ddda9f7be3e8e1a1f6ec4f891,autoannotated/images/7c1df858d60db21d5a65a704f607cd629326917ddda9f7be3e8e1a1f6ec4f891.png,ComplexDataLab/OpenFake,medium,1,0.9972978234291077,0.4,1
7c3d86850bcac1e1240288402f51678ba977b3643f78b20349999e0ee1bf8a71,autoannotated/images/7c3d86850bcac1e1240288402f51678ba977b3643f78b20349999e0ee1bf8a71.jpg,saberzl/SID_Set,medium,0,0.5621856451034546,0.4,1
7c4c64e1f04da309aa89e05dff60cf94fd15eb1ae6180a52cb87ad18b9a8e16c,autoannotated/images/7c4c64e1f04da309aa89e05dff60cf94fd15eb1ae6180a52cb87ad18b9a8e16c.png,saberzl/SID_Set,medium,1,0.99069744348526,0.4,1
7c548e181d16dbbc0bb8e63b94b9138ffc00a3828a0e0404d9a27f79b69b4b5e,autoannotated/images/7c548e181d16dbbc0bb8e63b94b9138ffc00a3828a0e0404d9a27f79b69b4b5e.png,RRDataset,medium,1,0.9687300324440002,0.4,1
7c8167afdd57fa6021a7b58d6782acce1bd63b8ddd3bfa218dd81c1b3caf16fc,human_annotated/images/7c8167afdd57fa6021a7b58d6782acce1bd63b8ddd3bfa218dd81c1b3caf16fc.jpg,saberzl/SID_Set,medium,0,0.05427150800824165,0.4,0
7c8525ad50f03bcb1b57691c29721db8d20141f2a5132b7bd4715ee698aa030d,autoannotated/images/7c8525ad50f03bcb1b57691c29721db8d20141f2a5132b7bd4715ee698aa030d.jpg,RRDataset,medium,0,0.010516837239265442,0.4,0
7c85bc6d53957bda55297295043b2288bf8bc92800a30ea7b6c00effc1a2cfe1,autoannotated/images/7c85bc6d53957bda55297295043b2288bf8bc92800a30ea7b6c00effc1a2cfe1.jpg,RRDataset,medium,0,0.9957184195518494,0.4,1
7c89da9dd986b0507e0d3f1b0df006d441e2b7bf5870efc44e3f6f61febe5878,human_annotated/images/7c89da9dd986b0507e0d3f1b0df006d441e2b7bf5870efc44e3f6f61febe5878.png,ComplexDataLab/OpenFake,medium,1,0.9744405746459961,0.4,1
7ca443e3cdcb1de8722455b56fa4841e5b52cb21ca0badbfbec1b085c837e9da,autoannotated/images/7ca443e3cdcb1de8722455b56fa4841e5b52cb21ca0badbfbec1b085c837e9da.jpg,RRDataset,medium,0,0.9270873665809631,0.4,1
7cab84885b831e181471fd422759aaa6755a96b4daf2aaff22b546b4454babb2,autoannotated/images/7cab84885b831e181471fd422759aaa6755a96b4daf2aaff22b546b4454babb2.png,RRDataset,medium,1,0.970958411693573,0.4,1
7cac4e9ee971802e5150099a684f3370b295ba199f4b7cb30fc37f5f811def6b,autoannotated/images/7cac4e9ee971802e5150099a684f3370b295ba199f4b7cb30fc37f5f811def6b.jpg,RRDataset,medium,0,0.9025928974151611,0.4,1
7cb58bfe005df971be6b62bb2a38761ca607cdb86f9ac6572e3f811fffb07a48,autoannotated/images/7cb58bfe005df971be6b62bb2a38761ca607cdb86f9ac6572e3f811fffb07a48.jpg,ComplexDataLab/OpenFake,medium,0,0.9743170738220215,0.4,1
7cb9633b03b6e40e6b01c490dcbfa2c66985921c486a5d7b51596634c8f8444d,human_annotated/images/7cb9633b03b6e40e6b01c490dcbfa2c66985921c486a5d7b51596634c8f8444d.png,ComplexDataLab/OpenFake,medium,1,0.8833761811256409,0.4,1
7ce9a13258d901ca65d0bcd4df16d29000db04e8b9c2cf29014b5ba236068171,autoannotated/images/7ce9a13258d901ca65d0bcd4df16d29000db04e8b9c2cf29014b5ba236068171.png,RRDataset,medium,1,0.8577794432640076,0.4,1
7cec17db3799387e2d9000775d341e9337983eb279356ff3f6e2538bdcf4aad7,autoannotated/images/7cec17db3799387e2d9000775d341e9337983eb279356ff3f6e2538bdcf4aad7.jpg,RRDataset,medium,0,0.26242730021476746,0.4,0
7d1ed5e5d4e3bc1beb8dbb2c8678c8d75fce261223ea4931d209a5c68aa7a99c,human_annotated/images/7d1ed5e5d4e3bc1beb8dbb2c8678c8d75fce261223ea4931d209a5c68aa7a99c.jpg,ComplexDataLab/OpenFake,medium,0,0.33588147163391113,0.4,0
7d295337064c35bd24d6a170c9611a01b3b89e313e98f4147b1d54d866040028,autoannotated/images/7d295337064c35bd24d6a170c9611a01b3b89e313e98f4147b1d54d866040028.png,saberzl/SID_Set,medium,1,0.8752703070640564,0.4,1
7d38082eb1f1f715812b500e5549ee8bcb74c0126cef99f1bf0cb07cb93dbb90,human_annotated/images/7d38082eb1f1f715812b500e5549ee8bcb74c0126cef99f1bf0cb07cb93dbb90.jpg,ComplexDataLab/OpenFake,medium,0,0.06308931112289429,0.4,0
7d43a8556bbe1b7d728cdfb04c0e852bde4a9e858df360c04a40cb8e324efd8b,autoannotated/images/7d43a8556bbe1b7d728cdfb04c0e852bde4a9e858df360c04a40cb8e324efd8b.png,saberzl/SID_Set,medium,1,0.9253695011138916,0.4,1
7d539ca34fb07213aec089352969435bcf2c3fde1cefc0e88320935f3522c1de,autoannotated/images/7d539ca34fb07213aec089352969435bcf2c3fde1cefc0e88320935f3522c1de.jpg,ComplexDataLab/OpenFake,medium,0,0.10692445933818817,0.4,0
7d570f902ff22c79f4ee9633a98558b399eedb32d979239fc3e8baa080aabc90,autoannotated/images/7d570f902ff22c79f4ee9633a98558b399eedb32d979239fc3e8baa080aabc90.png,saberzl/SID_Set,medium,1,0.9367426037788391,0.4,1
7d727bdf33b25d2ca149692ca92f29b791c2d1e60beccf52bda18dadac54a441,autoannotated/images/7d727bdf33b25d2ca149692ca92f29b791c2d1e60beccf52bda18dadac54a441.jpg,saberzl/SID_Set,medium,0,0.6461705565452576,0.4,1
7da3539bdb11b80f109b1ed1e92111b2032293ba55631e11d49dca56b907e7d7,human_annotated/images/7da3539bdb11b80f109b1ed1e92111b2032293ba55631e11d49dca56b907e7d7.png,RRDataset,medium,1,0.9872509241104126,0.4,1
7daaf0cfc22ee675ad12a5913f4b534366643844ee8444940a7794b9f9a2d1e2,autoannotated/images/7daaf0cfc22ee675ad12a5913f4b534366643844ee8444940a7794b9f9a2d1e2.png,ComplexDataLab/OpenFake,medium,1,0.9206607937812805,0.4,1
7dbd738e5d107f5604a2ae15fd5fbaa8d246ebd3acb15776c6950045bc2a1272,human_annotated/images/7dbd738e5d107f5604a2ae15fd5fbaa8d246ebd3acb15776c6950045bc2a1272.png,RRDataset,medium,1,0.9332475662231445,0.4,1
7dc84b4c565b540da1224d8a5bb1254c5a08c481123583bec09ad77e6a87b712,autoannotated/images/7dc84b4c565b540da1224d8a5bb1254c5a08c481123583bec09ad77e6a87b712.jpg,RRDataset,medium,0,0.5103341341018677,0.4,1
7de8a30365e8968d8cde50280423f8e71ecedf4ec0a566520770ce335989f9e3,autoannotated/images/7de8a30365e8968d8cde50280423f8e71ecedf4ec0a566520770ce335989f9e3.jpg,RRDataset,medium,0,0.8754139542579651,0.4,1
7deb6e0833bf859bddc17b8c5b053dae61cd8cf9fc80ceb5ff94bd35da734c32,human_annotated/images/7deb6e0833bf859bddc17b8c5b053dae61cd8cf9fc80ceb5ff94bd35da734c32.png,ComplexDataLab/OpenFake,medium,1,0.4311932325363159,0.4,1
7e43a3d4edbe1e5ea5269eebf2581b833957807458f8af6de36080cb5956cdd3,autoannotated/images/7e43a3d4edbe1e5ea5269eebf2581b833957807458f8af6de36080cb5956cdd3.png,saberzl/SID_Set,medium,1,0.9560569524765015,0.4,1
7eb447a12e04f7d1b9f4179115d2a0ce9bfb1e26154ef303415575dc9e1ffccd,autoannotated/images/7eb447a12e04f7d1b9f4179115d2a0ce9bfb1e26154ef303415575dc9e1ffccd.png,RRDataset,medium,1,0.9879684448242188,0.4,1
7efd64a9ba8c43293943cdadae44dccab473b4866655ff8922e75c3fdf58e902,autoannotated/images/7efd64a9ba8c43293943cdadae44dccab473b4866655ff8922e75c3fdf58e902.jpg,ComplexDataLab/OpenFake,medium,0,0.003378300927579403,0.4,0
7f1ca0e35f77cec495ac2573f3af2eb4760aa8b2eed68611ff2775ff75f3751f,autoannotated/images/7f1ca0e35f77cec495ac2573f3af2eb4760aa8b2eed68611ff2775ff75f3751f.png,saberzl/SID_Set,medium,1,0.9288570880889893,0.4,1
7f551c77d784ee7c318cab56b28ef53653398c148af984d5455a66daa988e2f2,human_annotated/images/7f551c77d784ee7c318cab56b28ef53653398c148af984d5455a66daa988e2f2.png,saberzl/SID_Set,medium,1,0.9883480668067932,0.4,1
7f78fcc79c5a70f4bb9c22d95760338cf9ea8f01a5d7114d2660bad15d2cae05,autoannotated/images/7f78fcc79c5a70f4bb9c22d95760338cf9ea8f01a5d7114d2660bad15d2cae05.png,RRDataset,medium,1,0.9864209890365601,0.4,1
7faafbdcb7449bd7d9d80dd271eff9c1240eea9ea681d092164c5dc5f06f72b7,autoannotated/images/7faafbdcb7449bd7d9d80dd271eff9c1240eea9ea681d092164c5dc5f06f72b7.jpg,saberzl/SID_Set,medium,0,0.29711344838142395,0.4,0
7fc952f7fd00ea4b702a9f57d826e5804f7450a710acb6d0ab8e3fd3004f0906,autoannotated/images/7fc952f7fd00ea4b702a9f57d826e5804f7450a710acb6d0ab8e3fd3004f0906.jpg,RRDataset,medium,0,0.9545583128929138,0.4,1
7fcd3a18f8174cad0fbd19a8bfcc58523e46b851ec1c978efb19da8a8d87c9cc,autoannotated/images/7fcd3a18f8174cad0fbd19a8bfcc58523e46b851ec1c978efb19da8a8d87c9cc.png,ComplexDataLab/OpenFake,medium,1,0.9909105896949768,0.4,1
7fdde9755f6d1d17e5e32b5af8e76b6b86a553a56dafbbd11af35f1d5b4f9e2d,autoannotated/images/7fdde9755f6d1d17e5e32b5af8e76b6b86a553a56dafbbd11af35f1d5b4f9e2d.png,RRDataset,medium,1,0.44204169511795044,0.4,1
7fe305a10717fac9b5ee7e835b61c6e9f8c08ea369a79296111b636983ba9790,autoannotated/images/7fe305a10717fac9b5ee7e835b61c6e9f8c08ea369a79296111b636983ba9790.jpg,saberzl/SID_Set,medium,0,0.13671875,0.4,0
7ffd63056f0e82552fbda165486cdf60a22c8f2cc14a5e094e8c09acb10a5191,autoannotated/images/7ffd63056f0e82552fbda165486cdf60a22c8f2cc14a5e094e8c09acb10a5191.jpg,ComplexDataLab/OpenFake,medium,0,0.0070814392529428005,0.4,0
8038620dcbda8dd7d585d23ba0dfbbf30f65bbe6a5e2f319ff7881e29768df35,autoannotated/images/8038620dcbda8dd7d585d23ba0dfbbf30f65bbe6a5e2f319ff7881e29768df35.png,RRDataset,medium,1,0.9908830523490906,0.4,1
803bf6037d95c4ed63b4427aee2ebf451392513ec874433016ffa385d802c273,autoannotated/images/803bf6037d95c4ed63b4427aee2ebf451392513ec874433016ffa385d802c273.png,ComplexDataLab/OpenFake,medium,1,0.4883746802806854,0.4,1
805c68b99ed198b2fd233caa6200d7f5bd52459557a62ef38cd0703ab4310302,autoannotated/images/805c68b99ed198b2fd233caa6200d7f5bd52459557a62ef38cd0703ab4310302.png,RRDataset,medium,1,0.950960636138916,0.4,1
807fc7bc3528dd77c29f3f6616dc26c2bab23ed2a0236c1d07d7b2316dd4eb35,human_annotated/images/807fc7bc3528dd77c29f3f6616dc26c2bab23ed2a0236c1d07d7b2316dd4eb35.jpg,RRDataset,medium,0,0.9943432807922363,0.4,1
8093cfc2570fc45e3ff570d19684c1dc3b8381acdfa2c4c3ba5d2c2ce3404f25,autoannotated/images/8093cfc2570fc45e3ff570d19684c1dc3b8381acdfa2c4c3ba5d2c2ce3404f25.jpg,RRDataset,medium,0,0.9783212542533875,0.4,1
80a2b26689ecc6440f19fd3a20dda494cd72fc77eadcca5f951e9068546c6e41,human_annotated/images/80a2b26689ecc6440f19fd3a20dda494cd72fc77eadcca5f951e9068546c6e41.jpg,RRDataset,medium,0,0.7513867616653442,0.4,1
80aa692800b66fc045d1aecb03593feb2141596b4855658256aa11c5a39d8741,autoannotated/images/80aa692800b66fc045d1aecb03593feb2141596b4855658256aa11c5a39d8741.jpg,RRDataset,medium,0,0.6201158761978149,0.4,1
80aef590889dd05272952938da51f2b0c8e312224071e41df0d56e695bb5f60f,autoannotated/images/80aef590889dd05272952938da51f2b0c8e312224071e41df0d56e695bb5f60f.png,ComplexDataLab/OpenFake,medium,1,0.9836212396621704,0.4,1
80b4988a4f563fe112d643681acee7e975d1f7f510749b7a3880b28c2b7ad1b5,autoannotated/images/80b4988a4f563fe112d643681acee7e975d1f7f510749b7a3880b28c2b7ad1b5.png,saberzl/SID_Set,medium,1,0.9832784533500671,0.4,1
80bc1be5b506e09030db191d6ea8023f16e9d8301cdfa9ddee0514c755cb0d6b,autoannotated/images/80bc1be5b506e09030db191d6ea8023f16e9d8301cdfa9ddee0514c755cb0d6b.jpg,ComplexDataLab/OpenFake,medium,0,0.0026609061751514673,0.4,0
80f4a91593423faad6728c889e6778787e83a5516b60c52534aa8bd7c297d71f,autoannotated/images/80f4a91593423faad6728c889e6778787e83a5516b60c52534aa8bd7c297d71f.jpg,ComplexDataLab/OpenFake,medium,0,0.8046016693115234,0.4,1
810ef2259ef21a7dc0c23ad566ad9c05b572495e5558275fad403f39a75c1db2,autoannotated/images/810ef2259ef21a7dc0c23ad566ad9c05b572495e5558275fad403f39a75c1db2.jpg,saberzl/SID_Set,medium,0,0.48180294036865234,0.4,1
81233115617a5bb4b6a7a45c665f6de4acb135465f86c05308ee00580e01c5d4,autoannotated/images/81233115617a5bb4b6a7a45c665f6de4acb135465f86c05308ee00580e01c5d4.jpg,RRDataset,medium,0,0.9829188585281372,0.4,1
812dcaca8a9787eede8dec584e826948673a2c732ffbfdb4bd2a9ccdd8738340,autoannotated/images/812dcaca8a9787eede8dec584e826948673a2c732ffbfdb4bd2a9ccdd8738340.jpg,RRDataset,medium,0,0.5198312997817993,0.4,1
814c87385bfc1e2acb6d73208f75975b2e8df9f1dac07b9d268380ba8a1d4ace,autoannotated/images/814c87385bfc1e2acb6d73208f75975b2e8df9f1dac07b9d268380ba8a1d4ace.jpg,saberzl/SID_Set,medium,0,0.00013642759586218745,0.4,0
818157956bce51fc625e1e2a14a0498ce847c54be5ceaa87a1e5ec25a9302778,autoannotated/images/818157956bce51fc625e1e2a14a0498ce847c54be5ceaa87a1e5ec25a9302778.png,ComplexDataLab/OpenFake,medium,1,0.8391488790512085,0.4,1
819328e74e533b2ff2a064332edece4a25321da413343f1b540dd9861e134547,autoannotated/images/819328e74e533b2ff2a064332edece4a25321da413343f1b540dd9861e134547.png,ComplexDataLab/OpenFake,medium,1,0.9610192179679871,0.4,1
819639d87e853ad839ede31c5271003c2e69215d617f4e01e007aa3a9d5b21cf,autoannotated/images/819639d87e853ad839ede31c5271003c2e69215d617f4e01e007aa3a9d5b21cf.jpg,RRDataset,medium,0,0.05658545345067978,0.4,0
81aef350a92a3ef21f0d64a5d4dd46e94a9a577951c28416db32c721288295da,human_annotated/images/81aef350a92a3ef21f0d64a5d4dd46e94a9a577951c28416db32c721288295da.jpg,RRDataset,medium,0,0.9795036315917969,0.4,1
81d3e0b4ba168327bed6cd81b25ee1aaea0d2751e51655778dbd5dbc934e4bef,autoannotated/images/81d3e0b4ba168327bed6cd81b25ee1aaea0d2751e51655778dbd5dbc934e4bef.jpg,RRDataset,medium,0,0.6283599734306335,0.4,1
81d462e32a82ad4178326f0ef5f3fa8dd2fb94d9b49d31b37b44363582851041,autoannotated/images/81d462e32a82ad4178326f0ef5f3fa8dd2fb94d9b49d31b37b44363582851041.jpg,ComplexDataLab/OpenFake,medium,0,0.2250588983297348,0.4,0
81d76d5a2b632f8117d3bc0f230639c3f15b94aa033b970af50b36bc05313ed7,autoannotated/images/81d76d5a2b632f8117d3bc0f230639c3f15b94aa033b970af50b36bc05313ed7.jpg,ComplexDataLab/OpenFake,medium,0,0.14301708340644836,0.4,0
81dcabd031ac6b0c66347e0534932b6a089d97cf8576017de9f78da5af415a4a,autoannotated/images/81dcabd031ac6b0c66347e0534932b6a089d97cf8576017de9f78da5af415a4a.jpg,ComplexDataLab/OpenFake,medium,1,0.9460214972496033,0.4,1
820335e464877f98e27170e165ec5d39796d9d37d3753ddc976489cc0c7c2446,autoannotated/images/820335e464877f98e27170e165ec5d39796d9d37d3753ddc976489cc0c7c2446.png,ComplexDataLab/OpenFake,medium,1,0.6478859782218933,0.4,1
82118259e21e4df27abd09f01d3bda7018a51476249c0ebaba491ec0283e18e3,autoannotated/images/82118259e21e4df27abd09f01d3bda7018a51476249c0ebaba491ec0283e18e3.png,RRDataset,medium,1,0.9018933176994324,0.4,1
8218ccedcb96b84ca2bdbb635dfa9fce7866922d05af7540da94e59dc13a3424,autoannotated/images/8218ccedcb96b84ca2bdbb635dfa9fce7866922d05af7540da94e59dc13a3424.png,ComplexDataLab/OpenFake,medium,1,0.9930675029754639,0.4,1
8224ecf821b73db9b37114848f76318322152aa6a5a5d8f5108ef63e3efaefce,autoannotated/images/8224ecf821b73db9b37114848f76318322152aa6a5a5d8f5108ef63e3efaefce.png,RRDataset,medium,1,0.9952955842018127,0.4,1
823a07aa9037e7b4b7bc749ea159c5d624bfb7191924191a89dc5cbce211d137,autoannotated/images/823a07aa9037e7b4b7bc749ea159c5d624bfb7191924191a89dc5cbce211d137.jpg,saberzl/SID_Set,medium,0,0.013609346002340317,0.4,0
825d6bb45fd2a06c620325cac98f761ad8e9a491a568a96223b2573301427d75,human_annotated/images/825d6bb45fd2a06c620325cac98f761ad8e9a491a568a96223b2573301427d75.png,ComplexDataLab/OpenFake,medium,1,0.9642637968063354,0.4,1
8281952d554b2713ea0f7d2655aa11dbaf7759afbeb20bad7b62cd51e22b3b83,human_annotated/images/8281952d554b2713ea0f7d2655aa11dbaf7759afbeb20bad7b62cd51e22b3b83.jpg,ComplexDataLab/OpenFake,medium,0,0.08863916248083115,0.4,0
8293965e93a182c0651b81d3f1f2fb07e381e474f7d07ee82e6c8f1814d2665d,autoannotated/images/8293965e93a182c0651b81d3f1f2fb07e381e474f7d07ee82e6c8f1814d2665d.png,ComplexDataLab/OpenFake,medium,1,0.2888774275779724,0.4,0
82a16478f7e9029eafb4070e05b00a7736b0a51df61d0cfeba647dd7ca6185d8,autoannotated/images/82a16478f7e9029eafb4070e05b00a7736b0a51df61d0cfeba647dd7ca6185d8.png,ComplexDataLab/OpenFake,medium,1,0.9906766414642334,0.4,1
82c3a4bdb0d6d205d52bcad6c069830752a2a7969daf1c8477142a62ad24dc2d,autoannotated/images/82c3a4bdb0d6d205d52bcad6c069830752a2a7969daf1c8477142a62ad24dc2d.png,saberzl/SID_Set,medium,1,0.9802830219268799,0.4,1
82c9c8a0396019df0820b7c519ad72d67e91fa4bc99be8376867314f6041f322,autoannotated/images/82c9c8a0396019df0820b7c519ad72d67e91fa4bc99be8376867314f6041f322.jpg,RRDataset,medium,0,0.5598634481430054,0.4,1
82d074c14e2a4af16f87ead60788e069678744a68ef2304b1d5d76afc7830827,autoannotated/images/82d074c14e2a4af16f87ead60788e069678744a68ef2304b1d5d76afc7830827.jpg,ComplexDataLab/OpenFake,medium,0,0.00018399533291812986,0.4,0
82f9d60fa9ad4c62931e5610c27b340af40cb096866198b1d89ca3429bf3645c,human_annotated/images/82f9d60fa9ad4c62931e5610c27b340af40cb096866198b1d89ca3429bf3645c.jpg,ComplexDataLab/OpenFake,medium,0,0.8324270248413086,0.4,1
83120f13978d5fe0b75a183968ecfbcb50408ed49594952a3d19c99d823685e7,autoannotated/images/83120f13978d5fe0b75a183968ecfbcb50408ed49594952a3d19c99d823685e7.jpg,ComplexDataLab/OpenFake,medium,0,0.006403548177331686,0.4,0
834189c714dc796214d1b3bd63ceec1867f7304ca84b218755753000b93e4f77,autoannotated/images/834189c714dc796214d1b3bd63ceec1867f7304ca84b218755753000b93e4f77.jpg,ComplexDataLab/OpenFake,medium,0,0.18070805072784424,0.4,0
835380e9e54399089aa3788d2ea7df016fbc2fd6bf4d30f1deb82aebac768f35,autoannotated/images/835380e9e54399089aa3788d2ea7df016fbc2fd6bf4d30f1deb82aebac768f35.jpg,saberzl/SID_Set,medium,0,0.005761505104601383,0.4,0
83970b7c7e3b6be97d3918c16378ff3dcb6699c5f018ae11f34cbccd2fb3ae1a,autoannotated/images/83970b7c7e3b6be97d3918c16378ff3dcb6699c5f018ae11f34cbccd2fb3ae1a.png,ComplexDataLab/OpenFake,medium,1,0.7362173795700073,0.4,1
839a18de7ad11488a9535f5ec44ed9043382181981b0cb16d09a0ffe80ac5a70,autoannotated/images/839a18de7ad11488a9535f5ec44ed9043382181981b0cb16d09a0ffe80ac5a70.jpg,RRDataset,medium,0,0.9793624877929688,0.4,1
83b2ad1a95ed8af043e943b8661e8b36d2de50fc54a9d88fc7faa3c44a673c44,autoannotated/images/83b2ad1a95ed8af043e943b8661e8b36d2de50fc54a9d88fc7faa3c44a673c44.jpg,RRDataset,medium,0,0.07032925635576248,0.4,0
83c6090227ecc040f66fcdde879beb070751817957ae5eb310bf714dff7efeaf,autoannotated/images/83c6090227ecc040f66fcdde879beb070751817957ae5eb310bf714dff7efeaf.jpg,ComplexDataLab/OpenFake,medium,1,0.9659950137138367,0.4,1
83cf8667393561af5c06770cf33ae00399f5afea717216350f364dee0c10f664,human_annotated/images/83cf8667393561af5c06770cf33ae00399f5afea717216350f364dee0c10f664.png,RRDataset,medium,1,0.9715682864189148,0.4,1
83f9bbe909f5f3d1dbf0551ada380b38573065c81c1868f75b3b308b3f3b94f2,autoannotated/images/83f9bbe909f5f3d1dbf0551ada380b38573065c81c1868f75b3b308b3f3b94f2.jpg,ComplexDataLab/OpenFake,medium,0,0.2588070034980774,0.4,0
840924248f1a376b73031773396ca4033be3c41ee6b35e9be79982f84fa8fbde,autoannotated/images/840924248f1a376b73031773396ca4033be3c41ee6b35e9be79982f84fa8fbde.jpg,RRDataset,medium,0,0.06889381259679794,0.4,0
841defef79d77595f2976b3b804e7db6d796739b29272bd1b0d5ed9aefe1f691,autoannotated/images/841defef79d77595f2976b3b804e7db6d796739b29272bd1b0d5ed9aefe1f691.png,ComplexDataLab/OpenFake,medium,1,0.70453941822052,0.4,1
8440371e97749c3ddc3c84c3b361a0f9e4c9dc9399f0667939f7b567826ba248,human_annotated/images/8440371e97749c3ddc3c84c3b361a0f9e4c9dc9399f0667939f7b567826ba248.png,ComplexDataLab/OpenFake,medium,1,0.4138585031032562,0.4,1
8453d29302a58f9ec26ec5d6fc65b7978bddcba15be8bfd2aab6cc8cf552dc4b,autoannotated/images/8453d29302a58f9ec26ec5d6fc65b7978bddcba15be8bfd2aab6cc8cf552dc4b.png,saberzl/SID_Set,medium,1,0.9222757816314697,0.4,1
845e4a1c989002592a9829fbba914785a5ae58f7827038f40e9779b72c2763cb,autoannotated/images/845e4a1c989002592a9829fbba914785a5ae58f7827038f40e9779b72c2763cb.jpg,ComplexDataLab/OpenFake,medium,1,0.8265526294708252,0.4,1
84742b95f02315a331989bcc2339c8f407e90d5d4edec032048b42e743d6123c,human_annotated/images/84742b95f02315a331989bcc2339c8f407e90d5d4edec032048b42e743d6123c.png,saberzl/SID_Set,medium,1,0.8598920106887817,0.4,1
84c501d850e58048038b935535cf96972140c607fa7e2a102254d137485d586f,autoannotated/images/84c501d850e58048038b935535cf96972140c607fa7e2a102254d137485d586f.jpg,ComplexDataLab/OpenFake,medium,0,0.0005656233406625688,0.4,0
84ca0dfbdfb307ed6fb8ae5416ece412e94c628efc7af63e18dd8d0d12116288,human_annotated/images/84ca0dfbdfb307ed6fb8ae5416ece412e94c628efc7af63e18dd8d0d12116288.png,ComplexDataLab/OpenFake,medium,1,0.9925529360771179,0.4,1
84d98021cc613e483c4513d769c4fd6622bcc74f576b5081fa7d29e7876d5aff,human_annotated/images/84d98021cc613e483c4513d769c4fd6622bcc74f576b5081fa7d29e7876d5aff.jpg,RRDataset,medium,0,0.4506126642227173,0.4,1
84f73ce1d377bafc355425bfa89d1cbff6244e790056935f54383ac78a5d5271,autoannotated/images/84f73ce1d377bafc355425bfa89d1cbff6244e790056935f54383ac78a5d5271.jpg,RRDataset,medium,0,0.9019373655319214,0.4,1
85009551b5b0f70177ab6c73e0803fa4f0192735a42ad6aaaa325a6f3773bd66,autoannotated/images/85009551b5b0f70177ab6c73e0803fa4f0192735a42ad6aaaa325a6f3773bd66.jpg,saberzl/SID_Set,medium,0,0.10672900080680847,0.4,0
85072883d5be975f9e19ee510e9032ad37c8aeaa382ea5efe56b1eba82f20567,autoannotated/images/85072883d5be975f9e19ee510e9032ad37c8aeaa382ea5efe56b1eba82f20567.jpg,RRDataset,medium,0,0.8700461983680725,0.4,1
854a41c33b4e995964f27edbbab2284806e2a606db27ea804a36705d7ebb58aa,human_annotated/images/854a41c33b4e995964f27edbbab2284806e2a606db27ea804a36705d7ebb58aa.jpg,RRDataset,medium,0,0.9026684761047363,0.4,1
85595b36d6acca648f451fd50a56beff3a8f0cccdbbea99c0ac86f8d670ae555,autoannotated/images/85595b36d6acca648f451fd50a56beff3a8f0cccdbbea99c0ac86f8d670ae555.jpg,saberzl/SID_Set,medium,0,0.1677892655134201,0.4,0
8563cd19239f1dcb82566de5ec26a1b1967e6576a88d9bc2fd87e236e699c675,autoannotated/images/8563cd19239f1dcb82566de5ec26a1b1967e6576a88d9bc2fd87e236e699c675.jpg,RRDataset,medium,0,0.001668902114033699,0.4,0
8573f5491240d6f172345e41586a2be09fdcf110dc9efd1c15beb302cd980be9,autoannotated/images/8573f5491240d6f172345e41586a2be09fdcf110dc9efd1c15beb302cd980be9.jpg,RRDataset,medium,0,0.9771939516067505,0.4,1
857926049646f3cf46f1a1e440431e6c224f6396fec0364b2b1fad097720ed46,autoannotated/images/857926049646f3cf46f1a1e440431e6c224f6396fec0364b2b1fad097720ed46.png,saberzl/SID_Set,medium,1,0.9890269637107849,0.4,1
8586cf35675c4c87753983695b1c93ca6a3687b4686108d784e57d7aaadf8a15,autoannotated/images/8586cf35675c4c87753983695b1c93ca6a3687b4686108d784e57d7aaadf8a15.png,saberzl/SID_Set,medium,1,0.9422338604927063,0.4,1
85945a461217c3280cf8cdd354015601033ff8dab1da908a2eb286be5238f226,autoannotated/images/85945a461217c3280cf8cdd354015601033ff8dab1da908a2eb286be5238f226.png,saberzl/SID_Set,medium,1,0.9875968098640442,0.4,1
85a69583c000bfb534050c222a303eb63b6e927866893816b8741e0cb3c834e2,autoannotated/images/85a69583c000bfb534050c222a303eb63b6e927866893816b8741e0cb3c834e2.png,saberzl/SID_Set,medium,1,0.9821297526359558,0.4,1
85e05d89b44c8ae89bff7809c4cc9ea59655f534d342d5244e70355ec1397f29,human_annotated/images/85e05d89b44c8ae89bff7809c4cc9ea59655f534d342d5244e70355ec1397f29.png,saberzl/SID_Set,medium,1,0.7803634405136108,0.4,1
85f712a12c06aa7f2d058b7dd8ff3066b906962da08f119b48924e407a6b863b,autoannotated/images/85f712a12c06aa7f2d058b7dd8ff3066b906962da08f119b48924e407a6b863b.png,saberzl/SID_Set,medium,1,0.960295557975769,0.4,1
860014905a621bdd70fe672a0824d161e90d73eaa0f7643380184919f60b87ac,autoannotated/images/860014905a621bdd70fe672a0824d161e90d73eaa0f7643380184919f60b87ac.png,saberzl/SID_Set,medium,1,0.8578323721885681,0.4,1
8610b07b8b1623939841f0f112d244868632463cfe941891a0f4d53fb3ec9fe6,autoannotated/images/8610b07b8b1623939841f0f112d244868632463cfe941891a0f4d53fb3ec9fe6.png,RRDataset,medium,1,0.9742485284805298,0.4,1
862146398cf7f34f69e3379cce283b1a51079f20c46a758c08406e451e9f5851,autoannotated/images/862146398cf7f34f69e3379cce283b1a51079f20c46a758c08406e451e9f5851.png,RRDataset,medium,1,0.9713903069496155,0.4,1
8655e93181a0f2822c4d67a7dcae2543319edcee9c22aacba1581c979a5bf77a,human_annotated/images/8655e93181a0f2822c4d67a7dcae2543319edcee9c22aacba1581c979a5bf77a.jpg,RRDataset,medium,0,0.8960394263267517,0.4,1
866814b3af2af4f237bcbea16866c6d983249807c09fabfdd599d5e1aaf753c1,human_annotated/images/866814b3af2af4f237bcbea16866c6d983249807c09fabfdd599d5e1aaf753c1.jpg,ComplexDataLab/OpenFake,medium,0,0.06844732165336609,0.4,0
8671b9769255ee243c195623271d6674d361f24558613bb4a4f826f3e928a48f,autoannotated/images/8671b9769255ee243c195623271d6674d361f24558613bb4a4f826f3e928a48f.png,saberzl/SID_Set,medium,1,0.9732598066329956,0.4,1
8690572b7b55d791d588bca2937c2aeb155e9f925457fc694c61a5305bbdc201,autoannotated/images/8690572b7b55d791d588bca2937c2aeb155e9f925457fc694c61a5305bbdc201.jpg,RRDataset,medium,0,0.4819117486476898,0.4,1
86cc3ef4f7e8dcae51817331dc79617653623e9195f1d9928067238701e25ab3,autoannotated/images/86cc3ef4f7e8dcae51817331dc79617653623e9195f1d9928067238701e25ab3.png,ComplexDataLab/OpenFake,medium,1,0.898351788520813,0.4,1
86d03c6e20a313e01528e27e3c2fc8172cf971dc0ae7254b20400386be707c6a,autoannotated/images/86d03c6e20a313e01528e27e3c2fc8172cf971dc0ae7254b20400386be707c6a.jpg,ComplexDataLab/OpenFake,medium,0,0.018242185935378075,0.4,0
86d318bdc43b536c5a6bf9df05ce9f2dbf4b4f3feb75a1c5327f10a0ca519759,autoannotated/images/86d318bdc43b536c5a6bf9df05ce9f2dbf4b4f3feb75a1c5327f10a0ca519759.jpg,ComplexDataLab/OpenFake,medium,0,0.9808862805366516,0.4,1
86d63fe870351eca9592cd3161a4c32b8bd5bdc02c470e8dae5a7cac501c47e6,autoannotated/images/86d63fe870351eca9592cd3161a4c32b8bd5bdc02c470e8dae5a7cac501c47e6.jpg,saberzl/SID_Set,medium,0,0.011321982368826866,0.4,0
86fd3f8d1212af2d7024f31dc60885f1022c545352f772f7513b037a5a5b5bba,autoannotated/images/86fd3f8d1212af2d7024f31dc60885f1022c545352f772f7513b037a5a5b5bba.png,ComplexDataLab/OpenFake,medium,1,0.9236763715744019,0.4,1
8701b7b9e25e05321269d28070eb27ac8394f6c3a74c8c6165250bc28458c999,autoannotated/images/8701b7b9e25e05321269d28070eb27ac8394f6c3a74c8c6165250bc28458c999.png,saberzl/SID_Set,medium,1,0.9731851816177368,0.4,1
870d84f389bded46362c3d4dd2a3cbfbddc0010063fbe5be04646810512dda79,human_annotated/images/870d84f389bded46362c3d4dd2a3cbfbddc0010063fbe5be04646810512dda79.png,ComplexDataLab/OpenFake,medium,1,0.9952686429023743,0.4,1
873f182eafbc3efa1afe62c067ed79ad322302d7e1ce9191477922a432b571c8,human_annotated/images/873f182eafbc3efa1afe62c067ed79ad322302d7e1ce9191477922a432b571c8.jpg,ComplexDataLab/OpenFake,medium,0,0.006962278857827187,0.4,0
8741e1626460b19d4d401897fb4abc19976dfcdfc0c2c4920994508f0ccee8e7,human_annotated/images/8741e1626460b19d4d401897fb4abc19976dfcdfc0c2c4920994508f0ccee8e7.jpg,ComplexDataLab/OpenFake,medium,0,0.4994564354419708,0.4,1
8753ac00ec3af899ef85a733c671dec6766d20eb7a0a137e2584a707e0784099,autoannotated/images/8753ac00ec3af899ef85a733c671dec6766d20eb7a0a137e2584a707e0784099.jpg,ComplexDataLab/OpenFake,medium,0,0.001923681702464819,0.4,0
877ad51fac4210fb817b3eeac13665011c94c9162d91d539dc00983bd4d1f4a0,autoannotated/images/877ad51fac4210fb817b3eeac13665011c94c9162d91d539dc00983bd4d1f4a0.png,saberzl/SID_Set,medium,1,0.9519362449645996,0.4,1
87912cb2316fff39030011e7e63593dfaaf3955f8f663660a4d9e744b22acefb,autoannotated/images/87912cb2316fff39030011e7e63593dfaaf3955f8f663660a4d9e744b22acefb.png,ComplexDataLab/OpenFake,medium,1,0.9747914671897888,0.4,1
879290cf44409008b74c8f8f746efa5963302d3b6b2d46bd0b3d2e488c6e850c,autoannotated/images/879290cf44409008b74c8f8f746efa5963302d3b6b2d46bd0b3d2e488c6e850c.jpg,RRDataset,medium,0,0.945480227470398,0.4,1
87af98122ffbb2721bdad414fb28e3d4cd70a3504e6b8f9354fb4ebc17769a7b,autoannotated/images/87af98122ffbb2721bdad414fb28e3d4cd70a3504e6b8f9354fb4ebc17769a7b.jpg,saberzl/SID_Set,medium,0,0.22739483416080475,0.4,0
87b7b547c66f95e8bdea175182fe679f5672b319a05bdf5b3bdb36b1410b32e7,autoannotated/images/87b7b547c66f95e8bdea175182fe679f5672b319a05bdf5b3bdb36b1410b32e7.jpg,RRDataset,medium,0,0.7065639495849609,0.4,1
87c28d384f7b1ac716c49ab8883a2c2094b82e4f27f3efca4051c9fab37549bd,human_annotated/images/87c28d384f7b1ac716c49ab8883a2c2094b82e4f27f3efca4051c9fab37549bd.jpg,ComplexDataLab/OpenFake,medium,0,0.005099000409245491,0.4,0
87c666dfa8a0abfad787aa77f83cc87d8f760fc47f3e19c7c1c38f0d4dc97120,human_annotated/images/87c666dfa8a0abfad787aa77f83cc87d8f760fc47f3e19c7c1c38f0d4dc97120.png,ComplexDataLab/OpenFake,medium,1,0.8969689607620239,0.4,1
87ec87ae5c8c1294bf8c7872b6e9f316f7ac1873ddcd8752a5584581eb919b72,autoannotated/images/87ec87ae5c8c1294bf8c7872b6e9f316f7ac1873ddcd8752a5584581eb919b72.jpg,RRDataset,medium,0,0.42500266432762146,0.4,1
87f459197f17b1992f2b776c5280f5f0854a00d572f407304c6f27e19bd3aa30,autoannotated/images/87f459197f17b1992f2b776c5280f5f0854a00d572f407304c6f27e19bd3aa30.png,RRDataset,medium,1,0.9870408177375793,0.4,1
87f7f3aef5d9cee2b8e5726bfd5b29fdd5b8861dfc34aa9e98455c90f9b4400e,autoannotated/images/87f7f3aef5d9cee2b8e5726bfd5b29fdd5b8861dfc34aa9e98455c90f9b4400e.png,saberzl/SID_Set,medium,1,0.9534221887588501,0.4,1
880ad5b295990c8fc8f60a504a83e2764760f845382bd48cf12a1ead982ca864,human_annotated/images/880ad5b295990c8fc8f60a504a83e2764760f845382bd48cf12a1ead982ca864.jpg,saberzl/SID_Set,medium,0,0.21431465446949005,0.4,0
881c7390821000cfb88ca0dfaa0c410f7cfa9b0838232a295d2086abb96ad1f5,autoannotated/images/881c7390821000cfb88ca0dfaa0c410f7cfa9b0838232a295d2086abb96ad1f5.png,saberzl/SID_Set,medium,1,0.9129170179367065,0.4,1
88488584cb09be0919944e3b5efb5bb144a09e0424baf97a3e07f31bef73513d,autoannotated/images/88488584cb09be0919944e3b5efb5bb144a09e0424baf97a3e07f31bef73513d.jpg,saberzl/SID_Set,medium,0,0.10638117790222168,0.4,0
886743c3360f6933bf22930f24a0efdd183d11cf98d5e695848bb443abaa1b5c,autoannotated/images/886743c3360f6933bf22930f24a0efdd183d11cf98d5e695848bb443abaa1b5c.jpg,ComplexDataLab/OpenFake,medium,0,0.7403312921524048,0.4,1
88697857ba2cc443a298152d43a2585398659a6564e55f17e07e98829b16ef1e,autoannotated/images/88697857ba2cc443a298152d43a2585398659a6564e55f17e07e98829b16ef1e.jpg,saberzl/SID_Set,medium,0,0.16559673845767975,0.4,0
887e459f049ac9edf296816a6404e9bb920d124ccf5311532b8ba157f799cd27,autoannotated/images/887e459f049ac9edf296816a6404e9bb920d124ccf5311532b8ba157f799cd27.jpg,ComplexDataLab/OpenFake,medium,0,0.258312463760376,0.4,0
8899e3d311ef896f9f2c85da634c4d21eae01f028e124dfb0f89b57a1e648dae,autoannotated/images/8899e3d311ef896f9f2c85da634c4d21eae01f028e124dfb0f89b57a1e648dae.png,ComplexDataLab/OpenFake,medium,1,0.23395763337612152,0.4,0
889ce6748a2963be31a09762d85f679cd93deb290ebd3fc5d995fd1951f982af,autoannotated/images/889ce6748a2963be31a09762d85f679cd93deb290ebd3fc5d995fd1951f982af.jpg,ComplexDataLab/OpenFake,medium,0,0.0024029798805713654,0.4,0
88c99bbb3727bda1e0076b1353b68c76b7e567dc9cd392508c462b1a54ce0afe,human_annotated/images/88c99bbb3727bda1e0076b1353b68c76b7e567dc9cd392508c462b1a54ce0afe.png,RRDataset,medium,1,0.9846190810203552,0.4,1
88e7eaf6a4ead48da3b7f7770b862088b6be320b6ec987909acdd80183bafc5e,autoannotated/images/88e7eaf6a4ead48da3b7f7770b862088b6be320b6ec987909acdd80183bafc5e.png,saberzl/SID_Set,medium,1,0.9470954537391663,0.4,1
88eef34fa418b57bb1c4f229659e2c0cff6af4e5a1068fe44521a587086df71b,autoannotated/images/88eef34fa418b57bb1c4f229659e2c0cff6af4e5a1068fe44521a587086df71b.png,ComplexDataLab/OpenFake,medium,1,0.9250970482826233,0.4,1
88fe7407cab33434b1a09d0219121a519fc1e4e1956773125eee25860f526203,autoannotated/images/88fe7407cab33434b1a09d0219121a519fc1e4e1956773125eee25860f526203.png,RRDataset,medium,1,0.9913333058357239,0.4,1
89085f2896202886f9c8a8b7cb442e6955c661cfb6e3486013258961b6762714,autoannotated/images/89085f2896202886f9c8a8b7cb442e6955c661cfb6e3486013258961b6762714.jpg,RRDataset,medium,0,0.07364041358232498,0.4,0
8947dd0d5cfb9c442a8472164d203729bd22db8abc9c326d364dd2c1520cb7e3,autoannotated/images/8947dd0d5cfb9c442a8472164d203729bd22db8abc9c326d364dd2c1520cb7e3.jpg,saberzl/SID_Set,medium,0,0.7503438591957092,0.4,1
894a71b9a5b24603e0ee87f67f588e4af20123bb325e351d95723e2a7b5e290b,autoannotated/images/894a71b9a5b24603e0ee87f67f588e4af20123bb325e351d95723e2a7b5e290b.png,ComplexDataLab/OpenFake,medium,1,0.5569263696670532,0.4,1
89649af81686a557359d757a99f17bc9a88b6f7f3ef9152ccada6526dd3229f4,human_annotated/images/89649af81686a557359d757a99f17bc9a88b6f7f3ef9152ccada6526dd3229f4.png,RRDataset,medium,1,0.9954612851142883,0.4,1
898c8e364288097caeb6b92e0102d0d5a0ba580a0dabfc56eea19455de64d53d,autoannotated/images/898c8e364288097caeb6b92e0102d0d5a0ba580a0dabfc56eea19455de64d53d.png,ComplexDataLab/OpenFake,medium,1,0.8741393089294434,0.4,1
89b5bd7cbd1a233edb29b64d825d57710e27bdb0120e12ee4e4dcb32ace3f5fa,human_annotated/images/89b5bd7cbd1a233edb29b64d825d57710e27bdb0120e12ee4e4dcb32ace3f5fa.jpg,RRDataset,medium,0,0.1475202739238739,0.4,0
89bb86d2553903602f78ff24ee16b988a818f1618a77b069aeb7d660bc1afc7b,autoannotated/images/89bb86d2553903602f78ff24ee16b988a818f1618a77b069aeb7d660bc1afc7b.jpg,saberzl/SID_Set,medium,0,0.49144771695137024,0.4,1
89d01b2d3788b0b89500e3795d980e4d6eb5aab7ce41c2a82ddada44606d98cf,autoannotated/images/89d01b2d3788b0b89500e3795d980e4d6eb5aab7ce41c2a82ddada44606d98cf.jpg,RRDataset,medium,0,0.4503805935382843,0.4,1
89d1e0399f3dd7b21c0ede0e804ecbdebb5ab3583655394862a895f5ba0a39e2,autoannotated/images/89d1e0399f3dd7b21c0ede0e804ecbdebb5ab3583655394862a895f5ba0a39e2.png,RRDataset,medium,1,0.9974997639656067,0.4,1
89eb13770dde9a87021c4c85e5512dcd8e799df60f1348838d75470cd1e0c35e,autoannotated/images/89eb13770dde9a87021c4c85e5512dcd8e799df60f1348838d75470cd1e0c35e.png,RRDataset,medium,1,0.9978682994842529,0.4,1
89ecdca5cda370713a982cebeef86ed645fef86146cf549500e82cdb46a820ce,autoannotated/images/89ecdca5cda370713a982cebeef86ed645fef86146cf549500e82cdb46a820ce.png,ComplexDataLab/OpenFake,medium,1,0.6583494544029236,0.4,1
89f121e79fa57ac2ba2cd3bafbc4ebe4bcdd05efd5010e92ee51bf313f1f91c9,autoannotated/images/89f121e79fa57ac2ba2cd3bafbc4ebe4bcdd05efd5010e92ee51bf313f1f91c9.jpg,ComplexDataLab/OpenFake,medium,0,0.0004994550836272538,0.4,0
89ff3e5b7f07ca39364e70b4ccacd56ba6e541de808f098d64a4ca1dbf2499ed,autoannotated/images/89ff3e5b7f07ca39364e70b4ccacd56ba6e541de808f098d64a4ca1dbf2499ed.png,RRDataset,medium,1,0.9889991879463196,0.4,1
89ff7238df2bec086cdb88ba452cc3e0e9091e517567d852e6a3eb8a11c222a5,autoannotated/images/89ff7238df2bec086cdb88ba452cc3e0e9091e517567d852e6a3eb8a11c222a5.jpg,saberzl/SID_Set,medium,0,0.3232039511203766,0.4,0
8a2377fb6120447925226d8d7e043537bfa29f3013ab9fb98520d71d8b07d0dc,autoannotated/images/8a2377fb6120447925226d8d7e043537bfa29f3013ab9fb98520d71d8b07d0dc.jpg,RRDataset,medium,0,0.9788118004798889,0.4,1
8a24ea846c097c53341a9dc35780e50b18ec5a3ed316372c577c22b195ce6763,autoannotated/images/8a24ea846c097c53341a9dc35780e50b18ec5a3ed316372c577c22b195ce6763.jpg,saberzl/SID_Set,medium,0,0.08144127577543259,0.4,0
8a2f6a5544a901909c58f9ce07a0e507948d6f3f0abc933378d63694ef1d6093,autoannotated/images/8a2f6a5544a901909c58f9ce07a0e507948d6f3f0abc933378d63694ef1d6093.png,ComplexDataLab/OpenFake,medium,1,0.9654297232627869,0.4,1
8a654e8fa4e71fcfffd991c8eb712ff82579b682df579a702741fce9c9de8221,human_annotated/images/8a654e8fa4e71fcfffd991c8eb712ff82579b682df579a702741fce9c9de8221.png,ComplexDataLab/OpenFake,medium,1,0.9405931830406189,0.4,1
8a6fa8e16b1a94e3c558eef55a9f8d3e1943f613e127b8a38cf1915d3b553608,autoannotated/images/8a6fa8e16b1a94e3c558eef55a9f8d3e1943f613e127b8a38cf1915d3b553608.jpg,saberzl/SID_Set,medium,0,0.0712798684835434,0.4,0
8a7d88d37d834d86c0beccbb41c89e497b151c8b0e12fffa09213b068a2aaf7f,human_annotated/images/8a7d88d37d834d86c0beccbb41c89e497b151c8b0e12fffa09213b068a2aaf7f.jpg,RRDataset,medium,0,0.8609071969985962,0.4,1
8a8532a4762d73135da88ea26dc9fd415f41a81b9239498eca3dbbbd29560daa,autoannotated/images/8a8532a4762d73135da88ea26dc9fd415f41a81b9239498eca3dbbbd29560daa.png,saberzl/SID_Set,medium,1,0.9758083820343018,0.4,1
8a93257e9aa1b7932c9c09d3ddbb4f3def645bcf658576482574dbe235c781b0,autoannotated/images/8a93257e9aa1b7932c9c09d3ddbb4f3def645bcf658576482574dbe235c781b0.jpg,saberzl/SID_Set,medium,0,0.1654738336801529,0.4,0
8aa902cd64d05219e6961cba90ccee484b6d7cd24da5028d5e4c7c866c92ce3f,autoannotated/images/8aa902cd64d05219e6961cba90ccee484b6d7cd24da5028d5e4c7c866c92ce3f.png,ComplexDataLab/OpenFake,medium,1,0.6754131317138672,0.4,1
8ab0232f0c06802058d6b3acd6f00fc425048815fb88651336c1dd9fbbb68780,autoannotated/images/8ab0232f0c06802058d6b3acd6f00fc425048815fb88651336c1dd9fbbb68780.jpg,RRDataset,medium,0,0.9785601496696472,0.4,1
8abcd07238ba5fad9d21b1c837c6b379a1900ce069286876f67d3d4691e022ef,autoannotated/images/8abcd07238ba5fad9d21b1c837c6b379a1900ce069286876f67d3d4691e022ef.jpg,ComplexDataLab/OpenFake,medium,0,0.4703851640224457,0.4,1
8aeab606e04692b0703fe641715ffdc0415bf8d8baeb5297e88561a478f4ea9b,human_annotated/images/8aeab606e04692b0703fe641715ffdc0415bf8d8baeb5297e88561a478f4ea9b.png,ComplexDataLab/OpenFake,medium,1,0.9141725301742554,0.4,1
8b05fc787cadcdc6e31000b13ef813ce3a424416f83d43415aca058e9ea5b1ae,autoannotated/images/8b05fc787cadcdc6e31000b13ef813ce3a424416f83d43415aca058e9ea5b1ae.png,ComplexDataLab/OpenFake,medium,1,0.10617022216320038,0.4,0
8b11bd3aa380bf37932c4ff8aab2754df1bc79f655c4fc256696c4facc7f9742,autoannotated/images/8b11bd3aa380bf37932c4ff8aab2754df1bc79f655c4fc256696c4facc7f9742.jpg,ComplexDataLab/OpenFake,medium,0,0.005135711282491684,0.4,0
8b2046668df6dfdac3c79f680f5603a2e33a83cc3f6186e9ef125ca41a57a9ed,autoannotated/images/8b2046668df6dfdac3c79f680f5603a2e33a83cc3f6186e9ef125ca41a57a9ed.png,ComplexDataLab/OpenFake,medium,1,0.9516283869743347,0.4,1
8b36e2f2a4e153874804ca8e7ebae3af034161cded93fc62f3d2d0878fc4014a,autoannotated/images/8b36e2f2a4e153874804ca8e7ebae3af034161cded93fc62f3d2d0878fc4014a.jpg,RRDataset,medium,0,0.995808482170105,0.4,1
8b3a786fb801a037c214d143b2b10a57dda443c0b523971767af1af87e67eebb,human_annotated/images/8b3a786fb801a037c214d143b2b10a57dda443c0b523971767af1af87e67eebb.png,ComplexDataLab/OpenFake,medium,1,0.8055678009986877,0.4,1
8b5673509b4d85fd61df1dea70ab1ab6275e68331def8d992597c69aee11f72f,autoannotated/images/8b5673509b4d85fd61df1dea70ab1ab6275e68331def8d992597c69aee11f72f.png,ComplexDataLab/OpenFake,medium,1,0.9318574666976929,0.4,1
8b5c496b3e2f5605c3f5ecd64aa51111093fabe667d70a1bedbc41ef680825cd,autoannotated/images/8b5c496b3e2f5605c3f5ecd64aa51111093fabe667d70a1bedbc41ef680825cd.jpg,RRDataset,medium,0,0.9032042622566223,0.4,1
8b6893b99e0244b9df32b42a211f90288ca21741aaf7c4b43122d2cbed1e8c68,autoannotated/images/8b6893b99e0244b9df32b42a211f90288ca21741aaf7c4b43122d2cbed1e8c68.jpg,RRDataset,medium,0,0.9274206757545471,0.4,1
8b6d995ecb5bddca986b3d797bb6e80e58574ddebd5530fb859309180cc79da7,autoannotated/images/8b6d995ecb5bddca986b3d797bb6e80e58574ddebd5530fb859309180cc79da7.jpg,saberzl/SID_Set,medium,0,0.0016717439284548163,0.4,0
8b8a717bdbf96911f3868b8a2a61310b1f62dff6888f28f015f66e2f55dcfb1c,human_annotated/images/8b8a717bdbf96911f3868b8a2a61310b1f62dff6888f28f015f66e2f55dcfb1c.webp,ComplexDataLab/OpenFake,medium,1,0.4666367471218109,0.4,1
8b9d048b70ba4ccded5ce7b589a7535b9d2ba95e4ebdff0ecd498b35a81458ff,autoannotated/images/8b9d048b70ba4ccded5ce7b589a7535b9d2ba95e4ebdff0ecd498b35a81458ff.jpg,saberzl/SID_Set,medium,0,0.8884882926940918,0.4,1
8baadbda6894d60778326dab05225be2910b64ce4ea86d2fd8b270791fa2ff1b,autoannotated/images/8baadbda6894d60778326dab05225be2910b64ce4ea86d2fd8b270791fa2ff1b.png,RRDataset,medium,1,0.8830199837684631,0.4,1
8bcb5ee1c3c5c5bff343f6b02116c181c847e2906740bd31c70bb4af57cd1d6f,autoannotated/images/8bcb5ee1c3c5c5bff343f6b02116c181c847e2906740bd31c70bb4af57cd1d6f.png,RRDataset,medium,1,0.5962947010993958,0.4,1
8bcf64fd9dbb9ab0f63029c966c56d458794ab4cf8a116566b2e7cb6d776178a,autoannotated/images/8bcf64fd9dbb9ab0f63029c966c56d458794ab4cf8a116566b2e7cb6d776178a.png,saberzl/SID_Set,medium,1,0.8030080199241638,0.4,1
8bd6a4eff9cb694312151e3c86f733b062b4aa418b0474d206a3d0fcec4e03a8,autoannotated/images/8bd6a4eff9cb694312151e3c86f733b062b4aa418b0474d206a3d0fcec4e03a8.jpg,ComplexDataLab/OpenFake,medium,0,0.0274016335606575,0.4,0
8c30634aaf56be3cd37eb98c2b7b25414ab3c1717ba702d57f368a87dc0d19d0,autoannotated/images/8c30634aaf56be3cd37eb98c2b7b25414ab3c1717ba702d57f368a87dc0d19d0.jpg,ComplexDataLab/OpenFake,medium,0,0.7266422510147095,0.4,1
8c3a18c40029629e368f5789b26ffa5c344d7bb9668c2bb0120ee75f0d49855d,autoannotated/images/8c3a18c40029629e368f5789b26ffa5c344d7bb9668c2bb0120ee75f0d49855d.png,saberzl/SID_Set,medium,1,0.967166006565094,0.4,1
8c46404edb383e4b5810d558ea97e1986aabc9a997d6cfd2e114b2bc37bb81fa,autoannotated/images/8c46404edb383e4b5810d558ea97e1986aabc9a997d6cfd2e114b2bc37bb81fa.png,ComplexDataLab/OpenFake,medium,1,0.9939150214195251,0.4,1
8c5838b6fc7b7dd26c2799ca0d29fc745fdde0392ce49c9ce5d9fab0b3cba914,autoannotated/images/8c5838b6fc7b7dd26c2799ca0d29fc745fdde0392ce49c9ce5d9fab0b3cba914.jpg,RRDataset,medium,0,0.30702242255210876,0.4,0
8c58b5a826382457176e30525f4ceafebfcae13dbb83315de6b3ff52690de689,autoannotated/images/8c58b5a826382457176e30525f4ceafebfcae13dbb83315de6b3ff52690de689.png,RRDataset,medium,1,0.982395350933075,0.4,1
8c96469c8686182648a0591e807111c83b84d2ec0d5f783847ab3101846477ba,autoannotated/images/8c96469c8686182648a0591e807111c83b84d2ec0d5f783847ab3101846477ba.jpg,ComplexDataLab/OpenFake,medium,0,0.2370944768190384,0.4,0
8cbc7f638bfb8877cf08008018ca65b826dbab17b2d501bda3f85518b2da6f8d,autoannotated/images/8cbc7f638bfb8877cf08008018ca65b826dbab17b2d501bda3f85518b2da6f8d.png,RRDataset,medium,1,0.9948174357414246,0.4,1
8cec0fcd557fc628ee8bdc6345b5af32038441c6c57ad75671c7fdca00473a35,autoannotated/images/8cec0fcd557fc628ee8bdc6345b5af32038441c6c57ad75671c7fdca00473a35.jpg,ComplexDataLab/OpenFake,medium,0,0.0012059411965310574,0.4,0
8d08140adb94887be953e7681f20ede07702dc007caeb32cda591fbfcc65eb21,autoannotated/images/8d08140adb94887be953e7681f20ede07702dc007caeb32cda591fbfcc65eb21.png,saberzl/SID_Set,medium,1,0.9577646851539612,0.4,1
8d148fac0c18572ccc7cf07de5bd2a94ca01edf736ead3d721dd69863b85396c,autoannotated/images/8d148fac0c18572ccc7cf07de5bd2a94ca01edf736ead3d721dd69863b85396c.jpg,saberzl/SID_Set,medium,0,0.02125997468829155,0.4,0
8d2553bba786e4a0f17397ce4d277309784116001733b8c21c01d53451b83174,autoannotated/images/8d2553bba786e4a0f17397ce4d277309784116001733b8c21c01d53451b83174.jpg,ComplexDataLab/OpenFake,medium,0,0.12711188197135925,0.4,0
8d3a9914192603104e838d850657c65833487d027b54102bd52d654cae1c4ded,autoannotated/images/8d3a9914192603104e838d850657c65833487d027b54102bd52d654cae1c4ded.jpg,ComplexDataLab/OpenFake,medium,0,0.8300997018814087,0.4,1
8d63c538487fc60cbd408bde7e75483b912c298f0efec5752ec697a20eb83fab,autoannotated/images/8d63c538487fc60cbd408bde7e75483b912c298f0efec5752ec697a20eb83fab.png,RRDataset,medium,1,0.9184623956680298,0.4,1
8d67755ba4855ff5ded094c495dcfbe2fb4b2437f4144e9db9f5a4f622805144,autoannotated/images/8d67755ba4855ff5ded094c495dcfbe2fb4b2437f4144e9db9f5a4f622805144.jpg,RRDataset,medium,0,0.9946470856666565,0.4,1
8d7483b44fa902c26116bee7bbf9609bc6ad8a9426f1dd53a496a98c414cfd7a,autoannotated/images/8d7483b44fa902c26116bee7bbf9609bc6ad8a9426f1dd53a496a98c414cfd7a.png,ComplexDataLab/OpenFake,medium,1,0.788201093673706,0.4,1
8dbb2273603d95f9c4a72644d0c9720660f849cf98b1eb0cf53718aad4f1ad20,autoannotated/images/8dbb2273603d95f9c4a72644d0c9720660f849cf98b1eb0cf53718aad4f1ad20.jpg,saberzl/SID_Set,medium,0,0.04387480765581131,0.4,0
8dc38f803c50b2bcad31fca203921aec7714bf8d7b122a159f7512339547fdc5,autoannotated/images/8dc38f803c50b2bcad31fca203921aec7714bf8d7b122a159f7512339547fdc5.png,saberzl/SID_Set,medium,1,0.9729509353637695,0.4,1
8dc7352baddd91fc8da3b1b5a1e4e21959be5956c08b59bd89e993dd0bdf5fb9,autoannotated/images/8dc7352baddd91fc8da3b1b5a1e4e21959be5956c08b59bd89e993dd0bdf5fb9.png,ComplexDataLab/OpenFake,medium,1,0.970472514629364,0.4,1
8dc74f58df0fe7e6f95b49196f40082cc55f48cf5e802c122804938fb47040da,autoannotated/images/8dc74f58df0fe7e6f95b49196f40082cc55f48cf5e802c122804938fb47040da.png,RRDataset,medium,1,0.9864943027496338,0.4,1
8dc88c106724fa58a16649772d6b7cb112162c955beb8e45c9aa67141d2119f0,human_annotated/images/8dc88c106724fa58a16649772d6b7cb112162c955beb8e45c9aa67141d2119f0.png,RRDataset,medium,1,0.9986984729766846,0.4,1
8dca478b49d56abe4d4cca9f6a20ac0d0dd662764e0f4f53138ce2266146fe05,autoannotated/images/8dca478b49d56abe4d4cca9f6a20ac0d0dd662764e0f4f53138ce2266146fe05.jpg,ComplexDataLab/OpenFake,medium,0,0.01635070890188217,0.4,0
8e471287b8396300676b51527ed46aaca17be49862515d8457b989e8ea91fc33,human_annotated/images/8e471287b8396300676b51527ed46aaca17be49862515d8457b989e8ea91fc33.jpg,saberzl/SID_Set,medium,0,0.3097013235092163,0.4,0
8e5e0727e0cc079cc8df687eb2b2d65a1dfe21d8e1f946d324cae69bf2740e8e,autoannotated/images/8e5e0727e0cc079cc8df687eb2b2d65a1dfe21d8e1f946d324cae69bf2740e8e.jpg,saberzl/SID_Set,medium,0,0.84037184715271,0.4,1
8e6f77049c2c2322ed31f7c2128efbae50684e4c80560994f2e2f0938eda1478,human_annotated/images/8e6f77049c2c2322ed31f7c2128efbae50684e4c80560994f2e2f0938eda1478.png,RRDataset,medium,1,0.9988190531730652,0.4,1
8e77de5b16701e4e89dfb7f2d6d298c2a3fbab9d8a70948398298c594923fa71,autoannotated/images/8e77de5b16701e4e89dfb7f2d6d298c2a3fbab9d8a70948398298c594923fa71.jpg,saberzl/SID_Set,medium,0,0.01880829781293869,0.4,0
8ef1ec1465af0c7debf9836720bc858ce886a4c5256da2bc08d83313f48de61b,human_annotated/images/8ef1ec1465af0c7debf9836720bc858ce886a4c5256da2bc08d83313f48de61b.jpg,ComplexDataLab/OpenFake,medium,0,0.015277116559445858,0.4,0
8ef76556632a08102c638249eb6a975008821ffd1a6a482e71da71d1331e4163,human_annotated/images/8ef76556632a08102c638249eb6a975008821ffd1a6a482e71da71d1331e4163.png,RRDataset,medium,1,0.9887201189994812,0.4,1
8f14bd714287fa33ca7964c34faabe867bd40c89640cc98319a114fb16898a88,autoannotated/images/8f14bd714287fa33ca7964c34faabe867bd40c89640cc98319a114fb16898a88.png,RRDataset,medium,1,0.9937602877616882,0.4,1
8f15754acc7c3f30af9506ee77e15ce6332b48326184f709b776a35e44b192fb,autoannotated/images/8f15754acc7c3f30af9506ee77e15ce6332b48326184f709b776a35e44b192fb.jpg,ComplexDataLab/OpenFake,medium,0,0.22219567000865936,0.4,0
8f4f8bb8ec62dd4f7739249e09d58c24a1b226a8c73eb0812071f1f106500564,autoannotated/images/8f4f8bb8ec62dd4f7739249e09d58c24a1b226a8c73eb0812071f1f106500564.png,ComplexDataLab/OpenFake,medium,1,0.9963082671165466,0.4,1
8f62aa7a154463e499c1c8dc87b6fb3b47be455523fefa660b9aa6bf10a4bdfa,human_annotated/images/8f62aa7a154463e499c1c8dc87b6fb3b47be455523fefa660b9aa6bf10a4bdfa.png,saberzl/SID_Set,medium,1,0.8822401165962219,0.4,1
8f88b1f7100b0421ca5e3f327c14086fee9ae9dbf0bbf5163995004ee74ab4af,autoannotated/images/8f88b1f7100b0421ca5e3f327c14086fee9ae9dbf0bbf5163995004ee74ab4af.jpg,saberzl/SID_Set,medium,0,0.06805165857076645,0.4,0
8fa26a1b4725b07fb808da5ff749972faf174f7384d4d036140990fa42523d9a,human_annotated/images/8fa26a1b4725b07fb808da5ff749972faf174f7384d4d036140990fa42523d9a.png,RRDataset,medium,1,0.8515820503234863,0.4,1
8fa374456b458650d288da1311dd2183ff458ab87b0c1fbac7916b21fd24abf7,autoannotated/images/8fa374456b458650d288da1311dd2183ff458ab87b0c1fbac7916b21fd24abf7.png,RRDataset,medium,1,0.7321861982345581,0.4,1
8fab08a1cd69d966bef7701bea160a72445e59739724a2d140c693a29a1cf034,autoannotated/images/8fab08a1cd69d966bef7701bea160a72445e59739724a2d140c693a29a1cf034.png,RRDataset,medium,1,0.9483299255371094,0.4,1
8fb2b37a72a284b146c510401492e6dde8b492b51924cbb46aa1bc3bddd69650,human_annotated/images/8fb2b37a72a284b146c510401492e6dde8b492b51924cbb46aa1bc3bddd69650.png,saberzl/SID_Set,medium,1,0.8868093490600586,0.4,1
8fb53520a3242f99fbd22609756ab12763c65f3fee3219dc2e3c7c699f40dd85,human_annotated/images/8fb53520a3242f99fbd22609756ab12763c65f3fee3219dc2e3c7c699f40dd85.png,RRDataset,medium,1,0.6331123113632202,0.4,1
8fc9aa977138f31b4948ce4389cac31a704e853012002e097ae0657ea4713a64,human_annotated/images/8fc9aa977138f31b4948ce4389cac31a704e853012002e097ae0657ea4713a64.jpg,ComplexDataLab/OpenFake,medium,0,0.8346160054206848,0.4,1
8fdb8a69e61787bc4473bb661f7317e1df1111d20ce10eb4d4c00f41879f163e,autoannotated/images/8fdb8a69e61787bc4473bb661f7317e1df1111d20ce10eb4d4c00f41879f163e.jpg,ComplexDataLab/OpenFake,medium,0,0.0005265892250463367,0.4,0
8fdca0f42a5695a746fbef446551e5d57cf6caad913e9a548b20674f9db2fbaf,autoannotated/images/8fdca0f42a5695a746fbef446551e5d57cf6caad913e9a548b20674f9db2fbaf.png,RRDataset,medium,1,0.9977318644523621,0.4,1
8fe0f1732484710f4ed588930e50851a8ede28666324be3418200ca208b0df74,autoannotated/images/8fe0f1732484710f4ed588930e50851a8ede28666324be3418200ca208b0df74.jpg,saberzl/SID_Set,medium,0,0.80986088514328,0.4,1
8fe27d9c10acf01f1616e4b5d97ff618a71ab8226ec51b4b0b139b6f995a145d,autoannotated/images/8fe27d9c10acf01f1616e4b5d97ff618a71ab8226ec51b4b0b139b6f995a145d.jpg,saberzl/SID_Set,medium,0,0.8718464374542236,0.4,1
8ff40304740f412cba3e219ee8927f707f308735103b9f9c400c6e5f4b8d5f71,autoannotated/images/8ff40304740f412cba3e219ee8927f707f308735103b9f9c400c6e5f4b8d5f71.jpg,saberzl/SID_Set,medium,0,0.7516431212425232,0.4,1
9015cb975e2013119fff3b4cf26892aaa823e82c405f20a2feb83b4bab4a41d8,autoannotated/images/9015cb975e2013119fff3b4cf26892aaa823e82c405f20a2feb83b4bab4a41d8.jpg,ComplexDataLab/OpenFake,medium,0,0.04213157668709755,0.4,0
901c7d9651dae882d07927af34b1f34aef604d16362316c559b455e4c79808eb,autoannotated/images/901c7d9651dae882d07927af34b1f34aef604d16362316c559b455e4c79808eb.png,ComplexDataLab/OpenFake,medium,1,0.9788023233413696,0.4,1
90308464841eba6dfa603e6537f4c382f967f39139387e295649a0e657b93062,human_annotated/images/90308464841eba6dfa603e6537f4c382f967f39139387e295649a0e657b93062.jpg,RRDataset,medium,0,0.663640558719635,0.4,1
90353ceea4479167ca404e0d79ecc5e420cc7a6914cfe272e2abf4a23b1590fe,autoannotated/images/90353ceea4479167ca404e0d79ecc5e420cc7a6914cfe272e2abf4a23b1590fe.png,RRDataset,medium,1,0.8532119989395142,0.4,1
9039e6d87c2391243214a434aebb03446cbe21c8e52a380ca2d503f29b52da4c,autoannotated/images/9039e6d87c2391243214a434aebb03446cbe21c8e52a380ca2d503f29b52da4c.png,ComplexDataLab/OpenFake,medium,1,0.5790975689888,0.4,1
904bd3b760f4afc84446dc561d6deb98997b2c1f1db3ad2a3ee920577edf9db2,autoannotated/images/904bd3b760f4afc84446dc561d6deb98997b2c1f1db3ad2a3ee920577edf9db2.png,RRDataset,medium,1,0.9187836050987244,0.4,1
907e2a92d2b6cff527b469e831b4f775386996cc38486e64932d77d51ca24fd4,autoannotated/images/907e2a92d2b6cff527b469e831b4f775386996cc38486e64932d77d51ca24fd4.jpg,RRDataset,medium,0,0.8213441371917725,0.4,1
9086bafc8cc45802ec70ba0f424211e15a7d80725a8227f0e64fdbe8bf89ad3a,autoannotated/images/9086bafc8cc45802ec70ba0f424211e15a7d80725a8227f0e64fdbe8bf89ad3a.png,saberzl/SID_Set,medium,1,0.9502851366996765,0.4,1
90a427d7395910b1b9d3d75cd8f1b29fef931f4c0cb0b15e488468557eb4cd8d,autoannotated/images/90a427d7395910b1b9d3d75cd8f1b29fef931f4c0cb0b15e488468557eb4cd8d.png,ComplexDataLab/OpenFake,medium,1,0.9894193410873413,0.4,1
90b04581e49b1c5859e40f80c988d9b7498dbbc04a061afbeea5c509e7bd43d1,autoannotated/images/90b04581e49b1c5859e40f80c988d9b7498dbbc04a061afbeea5c509e7bd43d1.png,saberzl/SID_Set,medium,1,0.9756984114646912,0.4,1
90b7161e4ed4b93e06e235974bc2949b55c02af5f6166ade767188acadff4516,autoannotated/images/90b7161e4ed4b93e06e235974bc2949b55c02af5f6166ade767188acadff4516.jpg,RRDataset,medium,0,0.17677675187587738,0.4,0
90c9d2f067e19a04449710778695c22399930adebb97e606e6f17a3b349e4dd8,autoannotated/images/90c9d2f067e19a04449710778695c22399930adebb97e606e6f17a3b349e4dd8.jpg,ComplexDataLab/OpenFake,medium,0,0.014498838223516941,0.4,0
90cd233cb809707f81e858fd5176df18849102e27c7984ba7b4ebf3128cf84f3,autoannotated/images/90cd233cb809707f81e858fd5176df18849102e27c7984ba7b4ebf3128cf84f3.png,RRDataset,medium,1,0.9945918917655945,0.4,1
90fe3ba71607e89988a3a38028a5c83b84d7e8355ad3596f0ec1dcfe9b33e00a,autoannotated/images/90fe3ba71607e89988a3a38028a5c83b84d7e8355ad3596f0ec1dcfe9b33e00a.png,RRDataset,medium,1,0.9963918328285217,0.4,1
911164be524ec31cd8a5399de4d6ba5b64d44c6b0b01aa5920109fb671908fbd,autoannotated/images/911164be524ec31cd8a5399de4d6ba5b64d44c6b0b01aa5920109fb671908fbd.jpg,saberzl/SID_Set,medium,0,0.8522585034370422,0.4,1
913bca0b72c8df16ec83946a9ba7f0b51b3431d9a7e11c9b332320493da32549,autoannotated/images/913bca0b72c8df16ec83946a9ba7f0b51b3431d9a7e11c9b332320493da32549.jpg,ComplexDataLab/OpenFake,medium,0,0.001218784018419683,0.4,0
913f7197abf65aa7814498b7b717260c990ef4bff939635dc1eec02bf47cb806,autoannotated/images/913f7197abf65aa7814498b7b717260c990ef4bff939635dc1eec02bf47cb806.png,ComplexDataLab/OpenFake,medium,1,0.9012992978096008,0.4,1
914a862432741593303d71ef453add25c553be679392b937da38ffc0f4de6ea1,autoannotated/images/914a862432741593303d71ef453add25c553be679392b937da38ffc0f4de6ea1.jpg,ComplexDataLab/OpenFake,medium,1,0.709842324256897,0.4,1
914ae46c5a8844736e58531ee91106c2206f672ddb375853fc77402a6f15e251,autoannotated/images/914ae46c5a8844736e58531ee91106c2206f672ddb375853fc77402a6f15e251.jpg,ComplexDataLab/OpenFake,medium,1,0.3497009575366974,0.4,0
9177fc1f50368d2b38392d857f3463edcd11314d98374d7a42989029c9b3472d,human_annotated/images/9177fc1f50368d2b38392d857f3463edcd11314d98374d7a42989029c9b3472d.png,RRDataset,medium,1,0.979790210723877,0.4,1
919f43a967f226b44e42d6212682e3b316fd5496f29d4de0f7acbda693839a8f,autoannotated/images/919f43a967f226b44e42d6212682e3b316fd5496f29d4de0f7acbda693839a8f.png,saberzl/SID_Set,medium,1,0.9924929738044739,0.4,1
91a72e3cda35b451e35ceac6c9976b60fe9f503c4324b41f7c036702be28a27b,autoannotated/images/91a72e3cda35b451e35ceac6c9976b60fe9f503c4324b41f7c036702be28a27b.png,saberzl/SID_Set,medium,1,0.9659036993980408,0.4,1
91c1f75d4d615bb6cbc79db0faa96aebb38dfb95dea9193a4745ed19c290cfbf,autoannotated/images/91c1f75d4d615bb6cbc79db0faa96aebb38dfb95dea9193a4745ed19c290cfbf.jpg,ComplexDataLab/OpenFake,medium,0,0.23465923964977264,0.4,0
91d33d33040f3c573454bb381b493e4d42b5682128093b628b4d061a68f7c0cd,human_annotated/images/91d33d33040f3c573454bb381b493e4d42b5682128093b628b4d061a68f7c0cd.jpg,RRDataset,medium,0,0.5739145874977112,0.4,1
92176df0bbc457c1494bfd1291cf2bfe460afadfc0da9c7b968cd43c274e7c9e,human_annotated/images/92176df0bbc457c1494bfd1291cf2bfe460afadfc0da9c7b968cd43c274e7c9e.png,RRDataset,medium,1,0.9982523322105408,0.4,1
923f12bda098a724ac95ee88a5f1677760528598e5a28c7b136f46cf14defa33,autoannotated/images/923f12bda098a724ac95ee88a5f1677760528598e5a28c7b136f46cf14defa33.jpg,saberzl/SID_Set,medium,0,0.965797483921051,0.4,1
929d24da580bb743d6b86edd4d443cf6eb93c77c2387d88347e9bc7f172a5fff,human_annotated/images/929d24da580bb743d6b86edd4d443cf6eb93c77c2387d88347e9bc7f172a5fff.png,ComplexDataLab/OpenFake,medium,1,0.9634426832199097,0.4,1
92ad9e2e5b79a79df6b71a37de8905918077563d9631dd2d663c96b65412ec46,autoannotated/images/92ad9e2e5b79a79df6b71a37de8905918077563d9631dd2d663c96b65412ec46.jpg,RRDataset,medium,0,0.156147301197052,0.4,0
92b6c45c96b961bf4f1bf097369b9237aa1bdf7abc1b712a86343217f243057a,autoannotated/images/92b6c45c96b961bf4f1bf097369b9237aa1bdf7abc1b712a86343217f243057a.jpg,saberzl/SID_Set,medium,0,0.21896369755268097,0.4,0
92c9f63324c950a64e47a597f6742e477df088a0d215794a60b64ecffbed1b6a,autoannotated/images/92c9f63324c950a64e47a597f6742e477df088a0d215794a60b64ecffbed1b6a.png,saberzl/SID_Set,medium,1,0.9598895311355591,0.4,1
92eab66c814fdcb701751d8a715fcfc382eb4860e01a32c2eb47e5b2a1079f7d,autoannotated/images/92eab66c814fdcb701751d8a715fcfc382eb4860e01a32c2eb47e5b2a1079f7d.jpg,RRDataset,medium,0,0.0030929099302738905,0.4,0
92ec100acb1ba8c225d3244d3be5b0e9750f74d7c909c9c96e3c02ef18c57310,autoannotated/images/92ec100acb1ba8c225d3244d3be5b0e9750f74d7c909c9c96e3c02ef18c57310.jpg,saberzl/SID_Set,medium,0,0.009615344926714897,0.4,0
9307331d08913cb7eaa4dee6970042a29f7eba4c9412d7edec366f6e00cde957,autoannotated/images/9307331d08913cb7eaa4dee6970042a29f7eba4c9412d7edec366f6e00cde957.jpg,RRDataset,medium,0,0.9857132434844971,0.4,1
931f14cd3f155a6873ee9ca9d5bac355637a5da03e3bc2b9d3f6ebd1ec6e598a,autoannotated/images/931f14cd3f155a6873ee9ca9d5bac355637a5da03e3bc2b9d3f6ebd1ec6e598a.jpg,ComplexDataLab/OpenFake,medium,0,0.1511860191822052,0.4,0
9320b71d71d86bbe3564fb7fcb078bdc983e3021dbd1d45da27ac66adb9e1671,autoannotated/images/9320b71d71d86bbe3564fb7fcb078bdc983e3021dbd1d45da27ac66adb9e1671.png,saberzl/SID_Set,medium,1,0.5534316301345825,0.4,1
933f13343692fd4f9f3a1ed918282c4636e6c145884cf23991c9d52fccb34e3e,autoannotated/images/933f13343692fd4f9f3a1ed918282c4636e6c145884cf23991c9d52fccb34e3e.jpg,ComplexDataLab/OpenFake,medium,0,0.5343220233917236,0.4,1
9343fdb574e7cea7a864f65650b56c5287283fcc3a255b6216f24f79ce2e7ab6,human_annotated/images/9343fdb574e7cea7a864f65650b56c5287283fcc3a255b6216f24f79ce2e7ab6.jpg,RRDataset,medium,0,0.890533447265625,0.4,1
934f49e84f630b17320dcf970e1f75f5eacf3d025df3d6e5500e1d8e2b96c628,autoannotated/images/934f49e84f630b17320dcf970e1f75f5eacf3d025df3d6e5500e1d8e2b96c628.jpg,ComplexDataLab/OpenFake,medium,0,0.0008845027186907828,0.4,0
935927ac6d46933f1b10d425e54e4ac73960adafce2f2bc237f4d99ac02cae0d,human_annotated/images/935927ac6d46933f1b10d425e54e4ac73960adafce2f2bc237f4d99ac02cae0d.webp,ComplexDataLab/OpenFake,medium,1,0.30912989377975464,0.4,0
935f7a52c1607df49360709b65809456ec7cee797b775bfcf86a7b1b1f24760f,human_annotated/images/935f7a52c1607df49360709b65809456ec7cee797b775bfcf86a7b1b1f24760f.jpg,ComplexDataLab/OpenFake,medium,0,0.24010729789733887,0.4,0
93742dcffb3c4aee5da22027f7f790791f99665f57b572f512368eac0e5770f7,autoannotated/images/93742dcffb3c4aee5da22027f7f790791f99665f57b572f512368eac0e5770f7.png,RRDataset,medium,1,0.9330199360847473,0.4,1
938960688c68ca9f9e19fef02d6dad09dcbb677362afecb2d2f8427750253a88,autoannotated/images/938960688c68ca9f9e19fef02d6dad09dcbb677362afecb2d2f8427750253a88.jpg,saberzl/SID_Set,medium,0,0.7483764290809631,0.4,1
93aaa38e9e5c41338399aa4d6918976c21cfd2f61b09c2dc43948b25a7dec665,human_annotated/images/93aaa38e9e5c41338399aa4d6918976c21cfd2f61b09c2dc43948b25a7dec665.jpg,ComplexDataLab/OpenFake,medium,0,0.01588989794254303,0.4,0
93e0fbc5940ce073b124b0e50460bc84ee6125fc7341a3d640a86eebff5cb129,autoannotated/images/93e0fbc5940ce073b124b0e50460bc84ee6125fc7341a3d640a86eebff5cb129.jpg,saberzl/SID_Set,medium,0,0.8956019282341003,0.4,1
93f5a1e7d1c5bab6d94799af9a08847a1b4b003f5fee6c1f362aad5eeae4444b,human_annotated/images/93f5a1e7d1c5bab6d94799af9a08847a1b4b003f5fee6c1f362aad5eeae4444b.jpg,ComplexDataLab/OpenFake,medium,0,0.27753254771232605,0.4,0
941c0e47af0886c73831edd72e3564ca4453e7182f58e14aeb6e29bbe6289bd1,autoannotated/images/941c0e47af0886c73831edd72e3564ca4453e7182f58e14aeb6e29bbe6289bd1.jpg,saberzl/SID_Set,medium,0,0.10152474045753479,0.4,0
9421a411041334eb3331318b463785d734aa7a0bf8854f393c01cc1f0fd840d0,autoannotated/images/9421a411041334eb3331318b463785d734aa7a0bf8854f393c01cc1f0fd840d0.jpg,ComplexDataLab/OpenFake,medium,0,0.0009630334679968655,0.4,0
944510fe14c3fb117b82bd52ba7c2cde6ab697b152a72a8aff4aade60e42dd93,autoannotated/images/944510fe14c3fb117b82bd52ba7c2cde6ab697b152a72a8aff4aade60e42dd93.png,ComplexDataLab/OpenFake,medium,1,0.9864428043365479,0.4,1
94b494140f96a51362f2f2e603bcbd43a7208198f1c5f162d98fd6020f73ac4e,autoannotated/images/94b494140f96a51362f2f2e603bcbd43a7208198f1c5f162d98fd6020f73ac4e.jpg,saberzl/SID_Set,medium,0,0.07409507036209106,0.4,0
94bb32d33cca2fcf17923743e0aa658640b6d815c651faf3b9750073adc58923,autoannotated/images/94bb32d33cca2fcf17923743e0aa658640b6d815c651faf3b9750073adc58923.jpg,saberzl/SID_Set,medium,0,0.031801577657461166,0.4,0
94bbb2bf7d9fbb0e1ff77b55f8cf29108986795eaecbefb9beeb75a7bc9d22b2,autoannotated/images/94bbb2bf7d9fbb0e1ff77b55f8cf29108986795eaecbefb9beeb75a7bc9d22b2.jpg,saberzl/SID_Set,medium,0,0.10075581073760986,0.4,0
94c00b3abc316b5c08895ef80d4fec83782cc6b445d754441727097cb3c433fa,autoannotated/images/94c00b3abc316b5c08895ef80d4fec83782cc6b445d754441727097cb3c433fa.jpg,RRDataset,medium,0,0.9560426473617554,0.4,1
94c4dbe3e28a4bfcc030e925b96a44cc22d4c6333267639ceb1f92cefc2efbee,autoannotated/images/94c4dbe3e28a4bfcc030e925b96a44cc22d4c6333267639ceb1f92cefc2efbee.jpg,ComplexDataLab/OpenFake,medium,0,0.7449733018875122,0.4,1
94cf25893ce19b4bc876372fe5fb38f9a989ca79be24d4aad83a71f1a4aee488,autoannotated/images/94cf25893ce19b4bc876372fe5fb38f9a989ca79be24d4aad83a71f1a4aee488.png,ComplexDataLab/OpenFake,medium,1,0.9714647531509399,0.4,1
94d118e1db14177f028b6fe2d579a31356174398fa5f517df49cb5ce68751308,autoannotated/images/94d118e1db14177f028b6fe2d579a31356174398fa5f517df49cb5ce68751308.jpg,saberzl/SID_Set,medium,0,0.984133243560791,0.4,1
94d1ac876d3d5a4a8a76c5e9896415030f690686706b265b51cb69c26f09666f,autoannotated/images/94d1ac876d3d5a4a8a76c5e9896415030f690686706b265b51cb69c26f09666f.png,ComplexDataLab/OpenFake,medium,1,0.7282518744468689,0.4,1
94d878bc780e521536f9a2b9067f3fc6bc53a4378d45c3f7217867fdf9aeebfe,human_annotated/images/94d878bc780e521536f9a2b9067f3fc6bc53a4378d45c3f7217867fdf9aeebfe.png,ComplexDataLab/OpenFake,medium,1,0.9972744584083557,0.4,1
94e6069b3f631ab0f818891b09703d89e0bd7041bd1441bc3773c565e0c90b0b,autoannotated/images/94e6069b3f631ab0f818891b09703d89e0bd7041bd1441bc3773c565e0c90b0b.png,saberzl/SID_Set,medium,1,0.9066216945648193,0.4,1
9500acf31087a643675ae7129276cf8122004a7646f0579e91a679b7cbb4b282,human_annotated/images/9500acf31087a643675ae7129276cf8122004a7646f0579e91a679b7cbb4b282.jpg,saberzl/SID_Set,medium,0,0.005146491341292858,0.4,0
95230accca3c1c9945a0c269733711e790479ec5310de83aa8178b622dc4f113,autoannotated/images/95230accca3c1c9945a0c269733711e790479ec5310de83aa8178b622dc4f113.jpg,saberzl/SID_Set,medium,0,0.12970612943172455,0.4,0
952c5ea06cc977cdfb2a4887dc1e322c2fd706b4e114c12b39d3c60c258b9f92,human_annotated/images/952c5ea06cc977cdfb2a4887dc1e322c2fd706b4e114c12b39d3c60c258b9f92.jpg,ComplexDataLab/OpenFake,medium,0,0.6246111989021301,0.4,1
953a3f83985da689117ee6fa2fbaa16e9c4f6b7c1a1ff7ae5988b354fc0862c5,autoannotated/images/953a3f83985da689117ee6fa2fbaa16e9c4f6b7c1a1ff7ae5988b354fc0862c5.png,saberzl/SID_Set,medium,1,0.8964776992797852,0.4,1
953e4a406c646642c4843d1e2bf42c4cb82c2307f131b4aaa9d838fab2984ee8,autoannotated/images/953e4a406c646642c4843d1e2bf42c4cb82c2307f131b4aaa9d838fab2984ee8.png,saberzl/SID_Set,medium,1,0.9821620583534241,0.4,1
956ccb7ecad497df0dc2e52afe758f8576a6a842ace64b55a13edacb4f37765e,autoannotated/images/956ccb7ecad497df0dc2e52afe758f8576a6a842ace64b55a13edacb4f37765e.jpg,saberzl/SID_Set,medium,0,0.0046167317777872086,0.4,0
9573ecdab134858b16d49dff7430eb1b205d5f083003a810c8fbf0baa82c5831,human_annotated/images/9573ecdab134858b16d49dff7430eb1b205d5f083003a810c8fbf0baa82c5831.png,ComplexDataLab/OpenFake,medium,1,0.7462376356124878,0.4,1
958ae99d7a4f84f145b9bb783e04d77505a724f66f331cdcc7a2b522b00012c7,autoannotated/images/958ae99d7a4f84f145b9bb783e04d77505a724f66f331cdcc7a2b522b00012c7.png,RRDataset,medium,1,0.9013585448265076,0.4,1
958d92953323a9ce8a445f154313eb1228ee9c0242023a42de6fd738efe1da30,autoannotated/images/958d92953323a9ce8a445f154313eb1228ee9c0242023a42de6fd738efe1da30.png,RRDataset,medium,1,0.9770871996879578,0.4,1
95b7d2b3df85a02c1c5ec4b6d3cd33f17a01207f3989d7c204d6485276f16ce2,autoannotated/images/95b7d2b3df85a02c1c5ec4b6d3cd33f17a01207f3989d7c204d6485276f16ce2.jpg,ComplexDataLab/OpenFake,medium,0,0.07235337793827057,0.4,0
95bcc53f407dcae4d9f5fc29c32c164f1660fc2982cde89e5a15a779db3f9c86,autoannotated/images/95bcc53f407dcae4d9f5fc29c32c164f1660fc2982cde89e5a15a779db3f9c86.png,RRDataset,medium,1,0.9962573051452637,0.4,1
95e1eec2701911821dee35d753bc90cb4f4113db95edfa51e7c3af88d5307551,autoannotated/images/95e1eec2701911821dee35d753bc90cb4f4113db95edfa51e7c3af88d5307551.jpg,ComplexDataLab/OpenFake,medium,0,0.001914675929583609,0.4,0
960325a7058c872ef54f4ad763642da4185271c5794adf7bd489e6d6d4822ce7,human_annotated/images/960325a7058c872ef54f4ad763642da4185271c5794adf7bd489e6d6d4822ce7.jpg,RRDataset,medium,0,0.9687670469284058,0.4,1
9607be75271a83a5ee43a8d9e261b0bba2f7b0d991170b2cb4836b927849e80b,autoannotated/images/9607be75271a83a5ee43a8d9e261b0bba2f7b0d991170b2cb4836b927849e80b.png,saberzl/SID_Set,medium,1,0.9989230036735535,0.4,1
960b56c34bdde5a03c4d949772b4dc61f6f5a0ece9acc7a7463201447245212b,autoannotated/images/960b56c34bdde5a03c4d949772b4dc61f6f5a0ece9acc7a7463201447245212b.jpg,RRDataset,medium,0,0.9658192992210388,0.4,1
960de94de580411e43ffa4ad820e393180864543015b4aeda9d575a5090bd7ca,human_annotated/images/960de94de580411e43ffa4ad820e393180864543015b4aeda9d575a5090bd7ca.jpg,RRDataset,medium,0,0.8859145641326904,0.4,1
966ddfeca437daf72cd1c84f9a3abc533e1ab64215827ccdc90d3b668bd2f2f8,autoannotated/images/966ddfeca437daf72cd1c84f9a3abc533e1ab64215827ccdc90d3b668bd2f2f8.jpg,RRDataset,medium,0,0.9136825203895569,0.4,1
966ed5212355caa3eafa0ed9cd54f85d237d5f000bfd73c68626c5dcf591f0fd,autoannotated/images/966ed5212355caa3eafa0ed9cd54f85d237d5f000bfd73c68626c5dcf591f0fd.jpg,RRDataset,medium,0,0.19220159947872162,0.4,0
9698512cff795b05cc0984b4f81bbd55b9589c802bd262784fb5701cd1c93373,autoannotated/images/9698512cff795b05cc0984b4f81bbd55b9589c802bd262784fb5701cd1c93373.png,RRDataset,medium,1,0.9979397654533386,0.4,1
96a558053e39957dee48bc6310c30cd0126b640a6761068e91e98f7748083e7d,human_annotated/images/96a558053e39957dee48bc6310c30cd0126b640a6761068e91e98f7748083e7d.jpg,ComplexDataLab/OpenFake,medium,0,0.3191635310649872,0.4,0
96be50328512d31aa00ffbdc8845a43f069b40c1ee1afd2239415eba3b735fdd,human_annotated/images/96be50328512d31aa00ffbdc8845a43f069b40c1ee1afd2239415eba3b735fdd.png,RRDataset,medium,1,0.9984506368637085,0.4,1
96f343fb64af446b91d96bf6de007e62ef3b673a03733fe3912f977d4930c95c,autoannotated/images/96f343fb64af446b91d96bf6de007e62ef3b673a03733fe3912f977d4930c95c.png,ComplexDataLab/OpenFake,medium,1,0.26658129692077637,0.4,0
9705162c44a6c91e6cd3cd4731b33c5407c384817d35c2abdc3b31d8397fe059,human_annotated/images/9705162c44a6c91e6cd3cd4731b33c5407c384817d35c2abdc3b31d8397fe059.jpg,ComplexDataLab/OpenFake,medium,0,0.10662916302680969,0.4,0
9706ff89f1d083b7096b818bb95e7ee2e61c5897bce05b21061b406b06d2cd09,autoannotated/images/9706ff89f1d083b7096b818bb95e7ee2e61c5897bce05b21061b406b06d2cd09.jpg,RRDataset,medium,0,0.8465237021446228,0.4,1
970d8d51a1e640d917d52d3630af0fa1aa907d8078df004609d97f550aff38d4,autoannotated/images/970d8d51a1e640d917d52d3630af0fa1aa907d8078df004609d97f550aff38d4.jpg,RRDataset,medium,0,0.11501512676477432,0.4,0
971d56475d53de8c1b3b2683eea1eeb2da72cfff718d8a73afeabbdfdfa1b8de,autoannotated/images/971d56475d53de8c1b3b2683eea1eeb2da72cfff718d8a73afeabbdfdfa1b8de.jpg,saberzl/SID_Set,medium,0,0.6942044496536255,0.4,1
971e9d53debebe609b7e2f0628666a376a06f387c89e92b3feeeebb01012b6f1,autoannotated/images/971e9d53debebe609b7e2f0628666a376a06f387c89e92b3feeeebb01012b6f1.png,saberzl/SID_Set,medium,1,0.9922820925712585,0.4,1
973157008815b3c13751cdf80f7bb22472768e77509c6b5a2a0b76279c405aca,human_annotated/images/973157008815b3c13751cdf80f7bb22472768e77509c6b5a2a0b76279c405aca.jpg,RRDataset,medium,0,0.8852330446243286,0.4,1
976dc133b2a24eb028c0649679159044be3c37263bb8b9dc1a03e4bc44062614,human_annotated/images/976dc133b2a24eb028c0649679159044be3c37263bb8b9dc1a03e4bc44062614.jpg,RRDataset,medium,0,0.9972527623176575,0.4,1
97880207a828c05061182206be2d43e487b3c6c5ce3932bc61a7f6a6fd1d8fc2,autoannotated/images/97880207a828c05061182206be2d43e487b3c6c5ce3932bc61a7f6a6fd1d8fc2.png,ComplexDataLab/OpenFake,medium,1,0.4441996216773987,0.4,1
979f8ac3ed0b2b00a0dfe6ece073f31223b0b87bb57171d91f301aabb823e4c2,human_annotated/images/979f8ac3ed0b2b00a0dfe6ece073f31223b0b87bb57171d91f301aabb823e4c2.png,saberzl/SID_Set,medium,1,0.9923473596572876,0.4,1
97a1e9d63ddb1197f180ca170950ce53ed2aa178298fde797a67759a81c0e0ad,autoannotated/images/97a1e9d63ddb1197f180ca170950ce53ed2aa178298fde797a67759a81c0e0ad.png,saberzl/SID_Set,medium,1,0.9858681559562683,0.4,1
97b19adae87d35a46634498f71e36430fc5b9aede73a39e0ee8deff47c2cc17b,autoannotated/images/97b19adae87d35a46634498f71e36430fc5b9aede73a39e0ee8deff47c2cc17b.png,ComplexDataLab/OpenFake,medium,1,0.9712356328964233,0.4,1
97ced8342eb06fe47ae9cbe6041251a78e452da19336f8608d5b28bc6a7fcb11,autoannotated/images/97ced8342eb06fe47ae9cbe6041251a78e452da19336f8608d5b28bc6a7fcb11.png,RRDataset,medium,1,0.8718598484992981,0.4,1
97fcad9be441462a1444eed808d4a42d6d9614e6b7b54ec0280bde75db40cc9b,autoannotated/images/97fcad9be441462a1444eed808d4a42d6d9614e6b7b54ec0280bde75db40cc9b.png,ComplexDataLab/OpenFake,medium,1,0.39635950326919556,0.4,0
985c84c8f9db0571c78e3c3f73f80ad6b50060cb15edc59af1282d19eeb975da,autoannotated/images/985c84c8f9db0571c78e3c3f73f80ad6b50060cb15edc59af1282d19eeb975da.png,saberzl/SID_Set,medium,1,0.984183132648468,0.4,1
986e86e24270819058fdb57748d6fbada5e360ba9ed7845b718321d0618f8098,autoannotated/images/986e86e24270819058fdb57748d6fbada5e360ba9ed7845b718321d0618f8098.jpg,ComplexDataLab/OpenFake,medium,0,0.014075507409870625,0.4,0
98ad010b4d4c14a13b7e4da630182712a83fc3c1bddc76768eecf6d6169453af,autoannotated/images/98ad010b4d4c14a13b7e4da630182712a83fc3c1bddc76768eecf6d6169453af.png,saberzl/SID_Set,medium,1,0.9817488193511963,0.4,1
98b6594496dd825a8beadb6a5df34f66cae442e5e415fa3b711fc6ee65ac8e93,autoannotated/images/98b6594496dd825a8beadb6a5df34f66cae442e5e415fa3b711fc6ee65ac8e93.jpg,saberzl/SID_Set,medium,0,0.34758976101875305,0.4,0
98ba608a2cb3adf6cfcb6e445b1dab49d29a0251df048977b610d1283bd27b77,autoannotated/images/98ba608a2cb3adf6cfcb6e445b1dab49d29a0251df048977b610d1283bd27b77.jpg,ComplexDataLab/OpenFake,medium,1,0.934565007686615,0.4,1
98da6a17e4c20c88bfd0c09251adfb926f3027f36840d16981c120d7317cc6cb,autoannotated/images/98da6a17e4c20c88bfd0c09251adfb926f3027f36840d16981c120d7317cc6cb.png,saberzl/SID_Set,medium,1,0.9726937413215637,0.4,1
98ecd534a74274236b988e91bd48d3cf3848d41a36b5a40a0e604975eda4a51f,autoannotated/images/98ecd534a74274236b988e91bd48d3cf3848d41a36b5a40a0e604975eda4a51f.png,RRDataset,medium,1,0.4900703728199005,0.4,1
98f8fc479ec627a43d0f2321474995d50f04cbefa2007e93ffb22e072c6e7bb9,human_annotated/images/98f8fc479ec627a43d0f2321474995d50f04cbefa2007e93ffb22e072c6e7bb9.png,ComplexDataLab/OpenFake,medium,1,0.7394639253616333,0.4,1
990f14c836f9f033b00d7839a45005e269bed9cebe048e26c2851b56d5a21c45,human_annotated/images/990f14c836f9f033b00d7839a45005e269bed9cebe048e26c2851b56d5a21c45.png,saberzl/SID_Set,medium,1,0.9894272685050964,0.4,1
9925b9aac07eecfbb345abcd7a8baa00cc710f1555af1462f34d9671aeb9c3be,autoannotated/images/9925b9aac07eecfbb345abcd7a8baa00cc710f1555af1462f34d9671aeb9c3be.png,RRDataset,medium,1,0.8406962156295776,0.4,1
99408de741e90fbcde83d400118895734a5bc955277d6790609d1c131771205c,autoannotated/images/99408de741e90fbcde83d400118895734a5bc955277d6790609d1c131771205c.jpg,RRDataset,medium,0,0.922944962978363,0.4,1
9986445cccea52327520c6b4507182ba228a4d405b95770ea84eb36442b9bad0,autoannotated/images/9986445cccea52327520c6b4507182ba228a4d405b95770ea84eb36442b9bad0.jpg,saberzl/SID_Set,medium,0,0.2058153748512268,0.4,0
9992cb53a3131c2a2ed9d031cfa62204d808352a9b9c66fb2bd659de29db2c46,human_annotated/images/9992cb53a3131c2a2ed9d031cfa62204d808352a9b9c66fb2bd659de29db2c46.jpg,ComplexDataLab/OpenFake,medium,1,0.5642249584197998,0.4,1
99a78cea6417dc24aa62d7faa24fcfafbf71e326dd1e4a0d1031cf8ec4762355,autoannotated/images/99a78cea6417dc24aa62d7faa24fcfafbf71e326dd1e4a0d1031cf8ec4762355.jpg,ComplexDataLab/OpenFake,medium,0,0.026452185586094856,0.4,0
99ac536e683c6fa45de67615276990b3a3ada5ee6257fa584e3f3c1c31611820,autoannotated/images/99ac536e683c6fa45de67615276990b3a3ada5ee6257fa584e3f3c1c31611820.png,ComplexDataLab/OpenFake,medium,1,0.6939816474914551,0.4,1
99acd5936bfb4028d4ac810ca1c01dd5becd51466c6be237c588a3f763b13ee3,autoannotated/images/99acd5936bfb4028d4ac810ca1c01dd5becd51466c6be237c588a3f763b13ee3.png,RRDataset,medium,1,0.9907790422439575,0.4,1
99ae7a66ebf585cef8203536c8c606eca6e9c9bc159cffefce0d0029dd0237fa,autoannotated/images/99ae7a66ebf585cef8203536c8c606eca6e9c9bc159cffefce0d0029dd0237fa.png,RRDataset,medium,1,0.9156757593154907,0.4,1
99c061240c406a7162bf4db87086b0dee01ff52f0b4a9671e8b9964b7ecc3d81,human_annotated/images/99c061240c406a7162bf4db87086b0dee01ff52f0b4a9671e8b9964b7ecc3d81.jpg,saberzl/SID_Set,medium,0,0.015780910849571228,0.4,0
99c8994eb8fd6e2f55480d942f6fd79c2332494cbf7217578e2c0dd6ea895b56,autoannotated/images/99c8994eb8fd6e2f55480d942f6fd79c2332494cbf7217578e2c0dd6ea895b56.jpg,ComplexDataLab/OpenFake,medium,0,0.24923236668109894,0.4,0
99e8be5a954f1c5fea13c5f9cf3a249b7eddaa196055f32534c6b0c3de87df8e,autoannotated/images/99e8be5a954f1c5fea13c5f9cf3a249b7eddaa196055f32534c6b0c3de87df8e.png,RRDataset,medium,1,0.9959642887115479,0.4,1
9a24202cfae405b57daadfead4da7736534d1af4126a0d6c73e1be6a4aa5480b,human_annotated/images/9a24202cfae405b57daadfead4da7736534d1af4126a0d6c73e1be6a4aa5480b.png,ComplexDataLab/OpenFake,medium,1,0.3838844895362854,0.4,0
9a3a7b82353dcd03ae467fa7beb4e41b0da82a8b89cd688e6823596aa5115816,autoannotated/images/9a3a7b82353dcd03ae467fa7beb4e41b0da82a8b89cd688e6823596aa5115816.jpg,ComplexDataLab/OpenFake,medium,0,0.8739068508148193,0.4,1
9a3f1005808b6c868311db28a561a7ca1ddd12cf164eaa3996166a0d896697e8,autoannotated/images/9a3f1005808b6c868311db28a561a7ca1ddd12cf164eaa3996166a0d896697e8.jpg,ComplexDataLab/OpenFake,medium,0,0.20046809315681458,0.4,0
9a417fde328282f9e2624d47686cb87dda0595b529655718fefd8faf6953b356,autoannotated/images/9a417fde328282f9e2624d47686cb87dda0595b529655718fefd8faf6953b356.jpg,RRDataset,medium,0,0.9404519200325012,0.4,1
9a4a7a772880fd5ea0225e4fc042a63c9f8c916779bf1ae26c2bff76bbded70c,autoannotated/images/9a4a7a772880fd5ea0225e4fc042a63c9f8c916779bf1ae26c2bff76bbded70c.jpg,RRDataset,medium,1,0.5322107076644897,0.4,1
9a76da226e9ed6bae8f9d584593021a84f5f92c6df59b2551762dee77fbd594b,autoannotated/images/9a76da226e9ed6bae8f9d584593021a84f5f92c6df59b2551762dee77fbd594b.jpg,RRDataset,medium,0,0.7795003652572632,0.4,1
9a930a0bd31ed0a9312e2a8821ba003d9540b29247fa535570a79876d4aa6bf4,autoannotated/images/9a930a0bd31ed0a9312e2a8821ba003d9540b29247fa535570a79876d4aa6bf4.png,RRDataset,medium,1,0.7107993364334106,0.4,1
9acdcc1abbec2ef66fa55ae84e37a2e307df84e33e078fd28044a4feaf48b9d3,autoannotated/images/9acdcc1abbec2ef66fa55ae84e37a2e307df84e33e078fd28044a4feaf48b9d3.png,RRDataset,medium,1,0.9816973805427551,0.4,1
9ad7b44a06740d6f4a70617820270de332716daea427282901902eff5a5e12ad,autoannotated/images/9ad7b44a06740d6f4a70617820270de332716daea427282901902eff5a5e12ad.jpg,RRDataset,medium,0,0.9957324862480164,0.4,1
9ad8f73b4cebcf2d6b19b851240b5d9445909314a9263a2863012b358faf3b40,autoannotated/images/9ad8f73b4cebcf2d6b19b851240b5d9445909314a9263a2863012b358faf3b40.jpg,RRDataset,medium,0,0.9911892414093018,0.4,1
9adf0f2b5735bd5f8b7e41dc1aee984edc6746eb0971ae78f2a842ae038a55ee,autoannotated/images/9adf0f2b5735bd5f8b7e41dc1aee984edc6746eb0971ae78f2a842ae038a55ee.png,ComplexDataLab/OpenFake,medium,1,0.9963304400444031,0.4,1
9b0737e9674eec8d08bcf12795db9b5f18329c2f33c15ab29e8287bbc19951b6,autoannotated/images/9b0737e9674eec8d08bcf12795db9b5f18329c2f33c15ab29e8287bbc19951b6.png,saberzl/SID_Set,medium,1,0.9752539396286011,0.4,1
9b0d52e5196dbb89a18908c41e9cd09c160a17a0b011437080b15dfe66de3007,autoannotated/images/9b0d52e5196dbb89a18908c41e9cd09c160a17a0b011437080b15dfe66de3007.jpg,ComplexDataLab/OpenFake,medium,1,0.9788985848426819,0.4,1
9b1110c760e94416dc5784878512e63a32d37a4feeaeb91f8bcf4d2164d1c42c,autoannotated/images/9b1110c760e94416dc5784878512e63a32d37a4feeaeb91f8bcf4d2164d1c42c.jpg,saberzl/SID_Set,medium,0,0.023273425176739693,0.4,0
9b1413c1e9751d4c3b899f1af052e866eaa571a3e2e3e5aba8c273f0fd478496,autoannotated/images/9b1413c1e9751d4c3b899f1af052e866eaa571a3e2e3e5aba8c273f0fd478496.jpg,ComplexDataLab/OpenFake,medium,0,0.5201650261878967,0.4,1
9b247cb47b22be9882e769fca1aaed7ec1a7baa987bc96d90e8e4405dbedee91,human_annotated/images/9b247cb47b22be9882e769fca1aaed7ec1a7baa987bc96d90e8e4405dbedee91.jpg,ComplexDataLab/OpenFake,medium,0,0.011638986878097057,0.4,0
9b339fff811bea2308be8dafa04a42bb50668d74a27c385fdc4fefbce0ff1ea2,autoannotated/images/9b339fff811bea2308be8dafa04a42bb50668d74a27c385fdc4fefbce0ff1ea2.jpg,RRDataset,medium,0,0.24009501934051514,0.4,0
9b4cd0907680975d5abf6963928e38fdfb44ccf81cf4588582587e941a7208c2,autoannotated/images/9b4cd0907680975d5abf6963928e38fdfb44ccf81cf4588582587e941a7208c2.jpg,RRDataset,medium,0,0.9635816812515259,0.4,1
9b6361d82fe1f12556072048d7115bb2272a327fa7ebdbd11e34a482e3c592b8,autoannotated/images/9b6361d82fe1f12556072048d7115bb2272a327fa7ebdbd11e34a482e3c592b8.png,ComplexDataLab/OpenFake,medium,1,0.9902966618537903,0.4,1
9b737a9c5189a61f7b157fab007d42f354c209717d3750786fdcf4b238880761,human_annotated/images/9b737a9c5189a61f7b157fab007d42f354c209717d3750786fdcf4b238880761.jpg,RRDataset,medium,0,0.8410341143608093,0.4,1
9b9bfdb6464b0c6920554447ad3e40e4d5500c7a95e293f038fa12b881b03c50,autoannotated/images/9b9bfdb6464b0c6920554447ad3e40e4d5500c7a95e293f038fa12b881b03c50.jpg,ComplexDataLab/OpenFake,medium,0,0.0017633824609220028,0.4,0
9ba7eed1ab1b771de829c671a5c53a8c9ddd4e715e709d3719cb30468c4a1a03,human_annotated/images/9ba7eed1ab1b771de829c671a5c53a8c9ddd4e715e709d3719cb30468c4a1a03.png,RRDataset,medium,1,0.9892925024032593,0.4,1
9ba9b802eed2d7f31838b76cbd3e9662b1d6207e9031b92b37e544fb8d4d07e3,autoannotated/images/9ba9b802eed2d7f31838b76cbd3e9662b1d6207e9031b92b37e544fb8d4d07e3.jpg,ComplexDataLab/OpenFake,medium,0,0.00011371351138222963,0.4,0
9bacf7dfc788642aeb54aba9a5c823a3670bcf1b0e44fc07597ca5d0fc2d4135,autoannotated/images/9bacf7dfc788642aeb54aba9a5c823a3670bcf1b0e44fc07597ca5d0fc2d4135.png,RRDataset,medium,1,0.9836367964744568,0.4,1
9be3a8571bcdb565162cfe94bd65efbdad714d8fe2215482d431a0de9077fa0a,autoannotated/images/9be3a8571bcdb565162cfe94bd65efbdad714d8fe2215482d431a0de9077fa0a.png,RRDataset,medium,1,0.9954322576522827,0.4,1
9c063f46555aac031b736758fb6bbb9e47840d2473a64ece7a6e4d71c7f3948f,autoannotated/images/9c063f46555aac031b736758fb6bbb9e47840d2473a64ece7a6e4d71c7f3948f.png,saberzl/SID_Set,medium,1,0.9960941672325134,0.4,1
9c0cddb043bacccf5ae2884acc7ae92cf96a574e602f53dc42b66660f2586c41,human_annotated/images/9c0cddb043bacccf5ae2884acc7ae92cf96a574e602f53dc42b66660f2586c41.jpg,ComplexDataLab/OpenFake,medium,0,0.6098238229751587,0.4,1
9c183f44a3274757cd3557b00ed53066f02ca2a8dc3b8bc762e371671eb2de16,autoannotated/images/9c183f44a3274757cd3557b00ed53066f02ca2a8dc3b8bc762e371671eb2de16.jpg,ComplexDataLab/OpenFake,medium,0,0.2746821641921997,0.4,0
9c2496ec15720ea414d0efac8cebaee1b1495c3f199a2c657ba187b5b36d2127,autoannotated/images/9c2496ec15720ea414d0efac8cebaee1b1495c3f199a2c657ba187b5b36d2127.jpg,RRDataset,medium,0,0.1398789882659912,0.4,0
9c27170db171a4999b58edb97fd221d26c846c2e7545199d68ea9f7c2627ef4b,autoannotated/images/9c27170db171a4999b58edb97fd221d26c846c2e7545199d68ea9f7c2627ef4b.png,ComplexDataLab/OpenFake,medium,1,0.4076083302497864,0.4,1
9c2bd64bef5e73a249ecf01ae1ca447cacdf82f43204f8019b54f02e2812c5c9,autoannotated/images/9c2bd64bef5e73a249ecf01ae1ca447cacdf82f43204f8019b54f02e2812c5c9.png,RRDataset,medium,1,0.9794974327087402,0.4,1
9c35189ae1c07b7723077bde41659b2ac1b7f69258c359b9d353ca82830d2d25,autoannotated/images/9c35189ae1c07b7723077bde41659b2ac1b7f69258c359b9d353ca82830d2d25.png,ComplexDataLab/OpenFake,medium,1,0.9771084785461426,0.4,1
9c400453c24e6265d940a11ad1d04e8527cb28f99d23492400ad924e9b85d98d,human_annotated/images/9c400453c24e6265d940a11ad1d04e8527cb28f99d23492400ad924e9b85d98d.jpg,RRDataset,medium,0,0.9628819227218628,0.4,1
9c441b155bacd95717e5ef9363b66f46123f18f59bc8d1384623493b285fd145,autoannotated/images/9c441b155bacd95717e5ef9363b66f46123f18f59bc8d1384623493b285fd145.jpg,saberzl/SID_Set,medium,0,0.4790336489677429,0.4,1
9c4860e8b897f8fa7f9e56973ab2f0e5462db0ffa9b0d4a8d9186df5807e2848,autoannotated/images/9c4860e8b897f8fa7f9e56973ab2f0e5462db0ffa9b0d4a8d9186df5807e2848.png,RRDataset,medium,1,0.9730808734893799,0.4,1
9c4cb17bbd8c72227ccecd0403e8c17d178f17227570268c4a925acd68af4756,autoannotated/images/9c4cb17bbd8c72227ccecd0403e8c17d178f17227570268c4a925acd68af4756.png,saberzl/SID_Set,medium,1,0.9859558343887329,0.4,1
9c4e177ebd9453f03f51f2e6446d3fa3f203eeb5b7731fb09e19c27fda9aa0a5,autoannotated/images/9c4e177ebd9453f03f51f2e6446d3fa3f203eeb5b7731fb09e19c27fda9aa0a5.png,RRDataset,medium,1,0.9995303153991699,0.4,1
9c6a2c1d0698bb27366e9c142bbe49e6da93a59575df2b0d0f18734454480ddb,autoannotated/images/9c6a2c1d0698bb27366e9c142bbe49e6da93a59575df2b0d0f18734454480ddb.png,saberzl/SID_Set,medium,1,0.9798905849456787,0.4,1
9c6bb34960d426f44ba8f82e6588712edd9671ce36de68a0ef481c4971794fab,human_annotated/images/9c6bb34960d426f44ba8f82e6588712edd9671ce36de68a0ef481c4971794fab.png,RRDataset,medium,1,0.9989368319511414,0.4,1
9c732068881311debf381caec9e3b87505f54077219f48470f5c4bfb1bcd161d,autoannotated/images/9c732068881311debf381caec9e3b87505f54077219f48470f5c4bfb1bcd161d.jpg,saberzl/SID_Set,medium,0,0.1333857625722885,0.4,0
9c77f20c5aae91e350345108a2b9ba2c16d32fbee01f2837af6944bd193777d3,human_annotated/images/9c77f20c5aae91e350345108a2b9ba2c16d32fbee01f2837af6944bd193777d3.png,RRDataset,medium,1,0.9904352426528931,0.4,1
9c8d9bf84c125013351caa5e9946bebc8ae847fb6b61b50eef4cfb17928ce38f,autoannotated/images/9c8d9bf84c125013351caa5e9946bebc8ae847fb6b61b50eef4cfb17928ce38f.jpg,saberzl/SID_Set,medium,0,0.21317842602729797,0.4,0
9c974147a30c419acecd2b4307805cbfcb327a5ea1b9e66f306d0d4d595cd633,autoannotated/images/9c974147a30c419acecd2b4307805cbfcb327a5ea1b9e66f306d0d4d595cd633.png,ComplexDataLab/OpenFake,medium,1,0.6646779775619507,0.4,1
9cf9d287e4404c5b32d137c7e2cd6bacdbeed4b41be1bd3164ffefd7cc9437c2,autoannotated/images/9cf9d287e4404c5b32d137c7e2cd6bacdbeed4b41be1bd3164ffefd7cc9437c2.png,saberzl/SID_Set,medium,1,0.9788286089897156,0.4,1
9d0c8ad7f5c2987905174b65cabe46cfe275f0500e6865013a89b1c3d9268edf,human_annotated/images/9d0c8ad7f5c2987905174b65cabe46cfe275f0500e6865013a89b1c3d9268edf.jpg,saberzl/SID_Set,medium,0,0.1045985072851181,0.4,0
9d0d6fa16cfed129b60c0914aeeb0afcd16a3a1c73fc16e3b30e6134b5dab1c1,autoannotated/images/9d0d6fa16cfed129b60c0914aeeb0afcd16a3a1c73fc16e3b30e6134b5dab1c1.jpg,RRDataset,medium,0,0.8812465667724609,0.4,1
9d2473dd296ef81337410aa553a8ab300198da0880b9039709bcb1ef7afcce36,autoannotated/images/9d2473dd296ef81337410aa553a8ab300198da0880b9039709bcb1ef7afcce36.png,ComplexDataLab/OpenFake,medium,1,0.8909503817558289,0.4,1
9d334b7d22c0839f345c1d25a34db8556d0c4cb877f6b4c485f4c17bef597d56,autoannotated/images/9d334b7d22c0839f345c1d25a34db8556d0c4cb877f6b4c485f4c17bef597d56.png,RRDataset,medium,1,0.9979434609413147,0.4,1
9d407ea31ea1143ca788518c66333189c87ff7d194105092dcd8029c2f44bf80,autoannotated/images/9d407ea31ea1143ca788518c66333189c87ff7d194105092dcd8029c2f44bf80.png,RRDataset,medium,1,0.9917928576469421,0.4,1
9d4160124607cffffc1435c4a186cf53246318a63d6decba2304df84334a3a0f,autoannotated/images/9d4160124607cffffc1435c4a186cf53246318a63d6decba2304df84334a3a0f.jpg,saberzl/SID_Set,medium,0,0.9569472074508667,0.4,1
9d42319e36aea664746daa1c178936e1198e0cdaa55fbf7dc307ba1f56fa19fa,autoannotated/images/9d42319e36aea664746daa1c178936e1198e0cdaa55fbf7dc307ba1f56fa19fa.png,RRDataset,medium,1,0.9665483236312866,0.4,1
9d45fdd714443d5ad928667c6f0e9a1eced51a19efeb85d805101e80731d3d16,autoannotated/images/9d45fdd714443d5ad928667c6f0e9a1eced51a19efeb85d805101e80731d3d16.jpg,RRDataset,medium,0,0.8264650106430054,0.4,1
9d4968614dae077c14fa0960724f587e4c67e1f05e35dfeb66bd50c5828ec447,autoannotated/images/9d4968614dae077c14fa0960724f587e4c67e1f05e35dfeb66bd50c5828ec447.jpg,RRDataset,medium,0,0.967677652835846,0.4,1
9d7f0f3794d165ed74895c9f0dc2e4e6e5415e99fc563c493c907020f59cdbb2,autoannotated/images/9d7f0f3794d165ed74895c9f0dc2e4e6e5415e99fc563c493c907020f59cdbb2.png,saberzl/SID_Set,medium,1,0.9620150923728943,0.4,1
9d8f51ba4f57cf282154a37f36011068723e5e33bd9cdd4705f08dca721d0fc4,autoannotated/images/9d8f51ba4f57cf282154a37f36011068723e5e33bd9cdd4705f08dca721d0fc4.jpg,RRDataset,medium,0,0.5990095734596252,0.4,1
9db093c2e55dc12b91a61ad3d217c1c2b8bed609b731160420cba0c7b2c3d96c,autoannotated/images/9db093c2e55dc12b91a61ad3d217c1c2b8bed609b731160420cba0c7b2c3d96c.jpg,ComplexDataLab/OpenFake,medium,0,0.00977062527090311,0.4,0
9dcd612254d658e451be275c4f15236ea725e8eb8ce4290d84b075a228c25f64,autoannotated/images/9dcd612254d658e451be275c4f15236ea725e8eb8ce4290d84b075a228c25f64.png,saberzl/SID_Set,medium,1,0.9988859295845032,0.4,1
9dde535b3a4c710b6cd98242d1a2f5f200f4e72146abadf0175abfa549370025,autoannotated/images/9dde535b3a4c710b6cd98242d1a2f5f200f4e72146abadf0175abfa549370025.jpg,saberzl/SID_Set,medium,0,0.8592326641082764,0.4,1
9deaa756fe999c03ac6e38a399b0b74551203b90ca6c91085422afd46fdb5848,autoannotated/images/9deaa756fe999c03ac6e38a399b0b74551203b90ca6c91085422afd46fdb5848.jpg,ComplexDataLab/OpenFake,medium,0,0.24586984515190125,0.4,0
9df41bc836c49970cba9f238aa82c0518f31d6afcf85b94b45c9811dade3a2cc,autoannotated/images/9df41bc836c49970cba9f238aa82c0518f31d6afcf85b94b45c9811dade3a2cc.jpg,saberzl/SID_Set,medium,0,0.7749491333961487,0.4,1
9df50f4e2974674061be19c1c650f48855c09cf91eeae2478547ac9aab89ce34,autoannotated/images/9df50f4e2974674061be19c1c650f48855c09cf91eeae2478547ac9aab89ce34.jpg,saberzl/SID_Set,medium,0,0.6022244095802307,0.4,1
9e0bae0c6ffd84c243884af24ea4192c5ae579c26a6ebc56aedab6a3ef44dd87,autoannotated/images/9e0bae0c6ffd84c243884af24ea4192c5ae579c26a6ebc56aedab6a3ef44dd87.jpg,saberzl/SID_Set,medium,0,0.07923565059900284,0.4,0
9e2cfe823e06b91cce174a57f1d22adcb448e3aebad6e6fc17a5785afc1fab28,autoannotated/images/9e2cfe823e06b91cce174a57f1d22adcb448e3aebad6e6fc17a5785afc1fab28.jpg,ComplexDataLab/OpenFake,medium,0,0.5899873971939087,0.4,1
9e43e2dba505c8e014acf23f237f8aadd6186e217574ffee454e535e80e8b391,autoannotated/images/9e43e2dba505c8e014acf23f237f8aadd6186e217574ffee454e535e80e8b391.jpg,RRDataset,medium,0,0.16696247458457947,0.4,0
9e4e666b8630197a7736fca5e50c9fab8cbee809426f3013a416be60209631ab,autoannotated/images/9e4e666b8630197a7736fca5e50c9fab8cbee809426f3013a416be60209631ab.jpg,saberzl/SID_Set,medium,0,0.10365845263004303,0.4,0
9e6cfcaae10e054dc0133a2d5a16eade1d14e11ab42ee6875b956f26cd537645,autoannotated/images/9e6cfcaae10e054dc0133a2d5a16eade1d14e11ab42ee6875b956f26cd537645.png,RRDataset,medium,1,0.970893919467926,0.4,1
9ea14f3807b50bd3c2addf836be92e8f185ea5aabf842bb363405a5cdf3deb43,autoannotated/images/9ea14f3807b50bd3c2addf836be92e8f185ea5aabf842bb363405a5cdf3deb43.jpg,ComplexDataLab/OpenFake,medium,0,0.8089066743850708,0.4,1
9ea7b8d128a6a8b964166b058afbf7b54b69e8c045e6302e975bdfc24eef69fd,autoannotated/images/9ea7b8d128a6a8b964166b058afbf7b54b69e8c045e6302e975bdfc24eef69fd.png,saberzl/SID_Set,medium,1,0.9605793952941895,0.4,1
9ec38e6d708ab17bf4bb77a7363bef5b7b2905d827f6d6d7ded69b1083ecb5eb,autoannotated/images/9ec38e6d708ab17bf4bb77a7363bef5b7b2905d827f6d6d7ded69b1083ecb5eb.png,RRDataset,medium,1,0.9363707900047302,0.4,1
9ec8f11f7fa7caf79be1e88dcc6df4034ee8c3d677ee2ed5a8704afcc58817a2,autoannotated/images/9ec8f11f7fa7caf79be1e88dcc6df4034ee8c3d677ee2ed5a8704afcc58817a2.jpg,RRDataset,medium,0,0.9851813316345215,0.4,1
9f4bcddc09cc9741e68ce8a8c6fcd5133c54672a934d08049c0f3b35f43df756,autoannotated/images/9f4bcddc09cc9741e68ce8a8c6fcd5133c54672a934d08049c0f3b35f43df756.jpg,saberzl/SID_Set,medium,0,0.13970313966274261,0.4,0
9f97c23cac859e8a9ac23cc057fb145259c50dcfd4d4b77c5ec6fbffe0343429,autoannotated/images/9f97c23cac859e8a9ac23cc057fb145259c50dcfd4d4b77c5ec6fbffe0343429.jpg,ComplexDataLab/OpenFake,medium,0,6.084013875806704e-05,0.4,0
9f97ccc65619a780390e7f128b620910e083a9b0c02efedf1975161f3bd80272,autoannotated/images/9f97ccc65619a780390e7f128b620910e083a9b0c02efedf1975161f3bd80272.png,RRDataset,medium,1,0.9815969467163086,0.4,1
9fafbf5fa198a104c985c10441ab7b05b4a5c7f1e4a6e57b546e684b05433aa9,human_annotated/images/9fafbf5fa198a104c985c10441ab7b05b4a5c7f1e4a6e57b546e684b05433aa9.png,RRDataset,medium,1,0.9612632393836975,0.4,1
9fbaefdd979e9625613354d8cabb4ba8b733bcd4f91bc1f3e579b23d1ae0dfb7,human_annotated/images/9fbaefdd979e9625613354d8cabb4ba8b733bcd4f91bc1f3e579b23d1ae0dfb7.jpg,RRDataset,medium,0,0.8657159209251404,0.4,1
9fdc9907db7a1ee239cf8c1e8fd1db6dbc4fee908398eb7dd9de000c753c37f1,human_annotated/images/9fdc9907db7a1ee239cf8c1e8fd1db6dbc4fee908398eb7dd9de000c753c37f1.jpg,saberzl/SID_Set,medium,0,0.04938220977783203,0.4,0
9fe32fdc3e3c34e5873d548c537d98eab28f0dad430766536afee65c793585f8,autoannotated/images/9fe32fdc3e3c34e5873d548c537d98eab28f0dad430766536afee65c793585f8.png,ComplexDataLab/OpenFake,medium,1,0.49841034412384033,0.4,1
9fff46ab29a82ac3f9b25f807dc34b926d191230ceb5392870ac0445481c8efb,autoannotated/images/9fff46ab29a82ac3f9b25f807dc34b926d191230ceb5392870ac0445481c8efb.png,RRDataset,medium,1,0.8365098834037781,0.4,1
a001fd9231632618d32114c51a658d280d1240ee561610b1eef5f9a52418efd8,human_annotated/images/a001fd9231632618d32114c51a658d280d1240ee561610b1eef5f9a52418efd8.png,RRDataset,medium,1,0.9931835532188416,0.4,1
a007e6bff7034a15aa0c94380ec0ede19046bd5149bc4eabf83acc12c431e8bf,autoannotated/images/a007e6bff7034a15aa0c94380ec0ede19046bd5149bc4eabf83acc12c431e8bf.png,RRDataset,medium,1,0.9287461638450623,0.4,1
a008ef2dc30d1f000cd9abddb466cf274ef045409466c49f985d11eb7cf9e7f2,autoannotated/images/a008ef2dc30d1f000cd9abddb466cf274ef045409466c49f985d11eb7cf9e7f2.jpg,RRDataset,medium,0,0.9745927453041077,0.4,1
a00b340a492d7e2611cc39eab0cb6411a4b163490975125651e1bedf0eb84f0c,autoannotated/images/a00b340a492d7e2611cc39eab0cb6411a4b163490975125651e1bedf0eb84f0c.jpg,saberzl/SID_Set,medium,0,0.16454873979091644,0.4,0
a011ca0531302944873f8351bbce41180bc950f38a6c36198b4d25252d4db896,human_annotated/images/a011ca0531302944873f8351bbce41180bc950f38a6c36198b4d25252d4db896.png,ComplexDataLab/OpenFake,medium,1,0.9888461232185364,0.4,1
a0180026629dae545fb8518ba0773e00becf8070fd95625f55cc524faeae0df5,autoannotated/images/a0180026629dae545fb8518ba0773e00becf8070fd95625f55cc524faeae0df5.png,RRDataset,medium,1,0.9491891264915466,0.4,1
a03da41bab0ddfc6649181191a85c0d392830bcc9fda840194acb6a45a10de19,human_annotated/images/a03da41bab0ddfc6649181191a85c0d392830bcc9fda840194acb6a45a10de19.png,ComplexDataLab/OpenFake,medium,1,0.8443341255187988,0.4,1
a04be6505115f4e074869acfcf4d1107a9cc99e981bada2949371ed7846c3704,autoannotated/images/a04be6505115f4e074869acfcf4d1107a9cc99e981bada2949371ed7846c3704.png,saberzl/SID_Set,medium,1,0.8893514275550842,0.4,1
a04ecb0cb349bfad11d0dcd311a2ff8fdcc1a201678b54b382c7ef2103536ee3,autoannotated/images/a04ecb0cb349bfad11d0dcd311a2ff8fdcc1a201678b54b382c7ef2103536ee3.jpg,RRDataset,medium,0,0.03507041558623314,0.4,0
a06aeebaf65d206b3596460830fd99e864e954dfbe105e546e83c77238fdffa8,autoannotated/images/a06aeebaf65d206b3596460830fd99e864e954dfbe105e546e83c77238fdffa8.jpg,saberzl/SID_Set,medium,0,0.48231950402259827,0.4,1
a0afac405d22bb01e4b9a0ee0a5e590a0df99857fc602ec1174b24ba5a5427c5,autoannotated/images/a0afac405d22bb01e4b9a0ee0a5e590a0df99857fc602ec1174b24ba5a5427c5.png,RRDataset,medium,1,0.8972497582435608,0.4,1
a0b2e9a60b87b8b09ed643dd8c21814f45f73aec095f72f88cad0e338077d0c4,autoannotated/images/a0b2e9a60b87b8b09ed643dd8c21814f45f73aec095f72f88cad0e338077d0c4.png,ComplexDataLab/OpenFake,medium,1,0.9374642372131348,0.4,1
a0c2db345ed24dfa10fcb5d346253f9009061013083d00b8b06a0180f193187b,autoannotated/images/a0c2db345ed24dfa10fcb5d346253f9009061013083d00b8b06a0180f193187b.jpg,saberzl/SID_Set,medium,0,0.00023717079602647573,0.4,0
a0d2b7425218605cd0b629ce1984019f4bbfd97e58ffde8eef4d1183e01a8ae7,autoannotated/images/a0d2b7425218605cd0b629ce1984019f4bbfd97e58ffde8eef4d1183e01a8ae7.png,saberzl/SID_Set,medium,1,0.9919547438621521,0.4,1
a0ea4781b70a1a6b9b7496488e08ddd1a299ce581665e1a448da7c2358987622,autoannotated/images/a0ea4781b70a1a6b9b7496488e08ddd1a299ce581665e1a448da7c2358987622.jpg,RRDataset,medium,0,0.9152033925056458,0.4,1
a10e416e008b49ffdc3d436cdc92896d627c5b64fd99ab5bbf4cc59e04a2251e,human_annotated/images/a10e416e008b49ffdc3d436cdc92896d627c5b64fd99ab5bbf4cc59e04a2251e.png,saberzl/SID_Set,medium,1,0.9514518976211548,0.4,1
a12df7db17bbce52565068274cd57314e3a9b2214421c4ca9bb16868de954aa6,autoannotated/images/a12df7db17bbce52565068274cd57314e3a9b2214421c4ca9bb16868de954aa6.png,RRDataset,medium,1,0.978320837020874,0.4,1
a1548667bfac3eacf208d3e958698e70f151df7560bd82b7153a57ffa375a8be,autoannotated/images/a1548667bfac3eacf208d3e958698e70f151df7560bd82b7153a57ffa375a8be.png,RRDataset,medium,1,0.9677061438560486,0.4,1
a15c8dd0c2389252b23eb28967ed600f3e95cce8cf8b8b3906ce06ab0a9319db,autoannotated/images/a15c8dd0c2389252b23eb28967ed600f3e95cce8cf8b8b3906ce06ab0a9319db.jpg,RRDataset,medium,0,0.6959336996078491,0.4,1
a1795e5106690d3129aeb9501849bfcf26ce48980d92be6dd76dc2af60425c20,autoannotated/images/a1795e5106690d3129aeb9501849bfcf26ce48980d92be6dd76dc2af60425c20.jpg,saberzl/SID_Set,medium,0,0.6650400161743164,0.4,1
a1860559fe75c8c80ac4db69a2b5eb470ce1860acf15aeea4bc4b8b0d2212107,autoannotated/images/a1860559fe75c8c80ac4db69a2b5eb470ce1860acf15aeea4bc4b8b0d2212107.jpg,ComplexDataLab/OpenFake,medium,0,0.6501717567443848,0.4,1
a1b8e42a32e818032b34662924ee01f0713efdd056e5ddea1e00a424b43d3145,autoannotated/images/a1b8e42a32e818032b34662924ee01f0713efdd056e5ddea1e00a424b43d3145.png,RRDataset,medium,1,0.9981229901313782,0.4,1
a1bf7dd9f82cc35738bdd0fdd9be62df693f0a851b1d80d7c20a63921670988b,human_annotated/images/a1bf7dd9f82cc35738bdd0fdd9be62df693f0a851b1d80d7c20a63921670988b.jpg,RRDataset,medium,0,0.011961403302848339,0.4,0
a1c196021589074be4c3d7c1521343334ca04c422058c4747712943612ca58a4,human_annotated/images/a1c196021589074be4c3d7c1521343334ca04c422058c4747712943612ca58a4.png,ComplexDataLab/OpenFake,medium,1,0.9985951781272888,0.4,1
a1f4f63efff9aaf30f5cf6af5c986815dd714543b7549c4ddfc900984235d3ad,autoannotated/images/a1f4f63efff9aaf30f5cf6af5c986815dd714543b7549c4ddfc900984235d3ad.png,RRDataset,medium,1,0.7522635459899902,0.4,1
a204c1f740057ef704e666b2dfa5ea0811211c9f48fae9a14c3b71c1ec91d203,human_annotated/images/a204c1f740057ef704e666b2dfa5ea0811211c9f48fae9a14c3b71c1ec91d203.png,saberzl/SID_Set,medium,1,0.9880280494689941,0.4,1
a2068919ac054b2d5ca07f31abaa7d34316d4c0103296de9c5f636f263b60c17,autoannotated/images/a2068919ac054b2d5ca07f31abaa7d34316d4c0103296de9c5f636f263b60c17.png,ComplexDataLab/OpenFake,medium,1,0.820203959941864,0.4,1
a232797add332691a5943af9cf1f3389fa8b66758113b4ef925d9b7f0c1da3da,autoannotated/images/a232797add332691a5943af9cf1f3389fa8b66758113b4ef925d9b7f0c1da3da.jpg,ComplexDataLab/OpenFake,medium,0,0.014096949249505997,0.4,0
a24002f8bc0c92108d006e0c3b8c1c7ca0891e2b3c8cf4ee3ee2ad3af20e2438,autoannotated/images/a24002f8bc0c92108d006e0c3b8c1c7ca0891e2b3c8cf4ee3ee2ad3af20e2438.png,ComplexDataLab/OpenFake,medium,1,0.9971555471420288,0.4,1
a2433214d2aae8f17af43af92db1907811e50c980a24523664d9575f210cdcb0,autoannotated/images/a2433214d2aae8f17af43af92db1907811e50c980a24523664d9575f210cdcb0.png,RRDataset,medium,1,0.9872352480888367,0.4,1
a2719ff2211ff896349270ebd154a99fe2c6d2a379271960058f92f0c259ed7a,autoannotated/images/a2719ff2211ff896349270ebd154a99fe2c6d2a379271960058f92f0c259ed7a.png,RRDataset,medium,1,0.9508257508277893,0.4,1
a2781df96da8b59a866ad4459c8ae49ddb9730db7ddbb94420253221bae5cc1c,human_annotated/images/a2781df96da8b59a866ad4459c8ae49ddb9730db7ddbb94420253221bae5cc1c.jpg,RRDataset,medium,0,0.82622891664505,0.4,1
a27dd4cb0ebb3bcc6fbaa7d180649aba6d1b0b0e99e1581980802fb228dcddb1,autoannotated/images/a27dd4cb0ebb3bcc6fbaa7d180649aba6d1b0b0e99e1581980802fb228dcddb1.png,RRDataset,medium,1,0.9993878602981567,0.4,1
a28d7fa709393e804abad05bc4c844a511bcbbe0428b8557657170ab40e3e873,autoannotated/images/a28d7fa709393e804abad05bc4c844a511bcbbe0428b8557657170ab40e3e873.jpg,saberzl/SID_Set,medium,0,0.7029106020927429,0.4,1
a2aee5fa9596aeb98c12aa2c7f58cff6625d12e57ac1f07b3857e41d74c67412,human_annotated/images/a2aee5fa9596aeb98c12aa2c7f58cff6625d12e57ac1f07b3857e41d74c67412.png,RRDataset,medium,1,0.920211136341095,0.4,1
a2aee8abda8796864a14211e37e6e00d1a318ebb0c2427d59894827d049acb04,autoannotated/images/a2aee8abda8796864a14211e37e6e00d1a318ebb0c2427d59894827d049acb04.png,ComplexDataLab/OpenFake,medium,1,0.9888796806335449,0.4,1
a2c7603f7930ed3763a5a669e5bc540b291bedec59a7749fced8383f545d3abe,autoannotated/images/a2c7603f7930ed3763a5a669e5bc540b291bedec59a7749fced8383f545d3abe.jpg,ComplexDataLab/OpenFake,medium,0,1.895166133181192e-05,0.4,0
a2d6b66dab35bb1fc4d5755331f9948beffe9ab9511d895bcfab06b42f0b8760,autoannotated/images/a2d6b66dab35bb1fc4d5755331f9948beffe9ab9511d895bcfab06b42f0b8760.jpg,saberzl/SID_Set,medium,0,0.6641764044761658,0.4,1
a2df70027902a05bf6a2260333cb23796db56ff66d095d440e7a0d78d2327e3b,autoannotated/images/a2df70027902a05bf6a2260333cb23796db56ff66d095d440e7a0d78d2327e3b.jpg,ComplexDataLab/OpenFake,medium,0,0.9270965456962585,0.4,1
a30dbf1ff0aff6be6b77d354824d067721399d93ea030879b0d321ee4ab0d081,autoannotated/images/a30dbf1ff0aff6be6b77d354824d067721399d93ea030879b0d321ee4ab0d081.jpg,ComplexDataLab/OpenFake,medium,0,0.23626917600631714,0.4,0
a30e54112556fd00846c892a583e5ce6586802f0c7a0150c0e21efadccb38cc4,autoannotated/images/a30e54112556fd00846c892a583e5ce6586802f0c7a0150c0e21efadccb38cc4.png,ComplexDataLab/OpenFake,medium,1,0.4556056559085846,0.4,1
a328454eb311c9546c5a27ef40b3d5cd303565a58487421afbc47df1789efabe,autoannotated/images/a328454eb311c9546c5a27ef40b3d5cd303565a58487421afbc47df1789efabe.jpg,saberzl/SID_Set,medium,0,0.005593090783804655,0.4,0
a32c6006337dad14fdbb9964a11846f940cf02b1367ff3627af2fb9e4ecc3452,autoannotated/images/a32c6006337dad14fdbb9964a11846f940cf02b1367ff3627af2fb9e4ecc3452.jpg,saberzl/SID_Set,medium,0,0.16266554594039917,0.4,0
a34772eea57dc36be07304b32b0595998285bc0fe647ebfcda0a7994c629a600,autoannotated/images/a34772eea57dc36be07304b32b0595998285bc0fe647ebfcda0a7994c629a600.png,ComplexDataLab/OpenFake,medium,1,0.9896005392074585,0.4,1
a35ec7631c74a033d4a216e239df8bdb0884055b17817cd451d12cfd131fe212,autoannotated/images/a35ec7631c74a033d4a216e239df8bdb0884055b17817cd451d12cfd131fe212.png,saberzl/SID_Set,medium,1,0.9885722398757935,0.4,1
a37649336fedd9a16a71181d7c78cf0ddf14934248486c08eb92c796554f584e,autoannotated/images/a37649336fedd9a16a71181d7c78cf0ddf14934248486c08eb92c796554f584e.jpg,RRDataset,medium,0,0.6493025422096252,0.4,1
a37b31e1d2c79a56e53f0acbce59c6682adb02566e24bc22b6c27c5bcf8df0e8,autoannotated/images/a37b31e1d2c79a56e53f0acbce59c6682adb02566e24bc22b6c27c5bcf8df0e8.jpg,saberzl/SID_Set,medium,0,0.5662455558776855,0.4,1
a39211c3481dd5213001bcfb63961dfd7605741af34237d6c6157671d35f088a,autoannotated/images/a39211c3481dd5213001bcfb63961dfd7605741af34237d6c6157671d35f088a.jpg,RRDataset,medium,0,0.2846192419528961,0.4,0
a3945b578fd3c4fb7756daede652bfe6348817b72f7a20949253be43f9dddf76,human_annotated/images/a3945b578fd3c4fb7756daede652bfe6348817b72f7a20949253be43f9dddf76.png,ComplexDataLab/OpenFake,medium,1,0.4193154275417328,0.4,1
a3bbca22bae8f6b1738c81045c1cd2073ce4294fd6580a88c796f9f6b98dd395,autoannotated/images/a3bbca22bae8f6b1738c81045c1cd2073ce4294fd6580a88c796f9f6b98dd395.png,ComplexDataLab/OpenFake,medium,1,0.9993579983711243,0.4,1
a413336015fe6f7f0fe66e394d67b4e432bebd363a7cba4d500ab6b463d3c8f7,autoannotated/images/a413336015fe6f7f0fe66e394d67b4e432bebd363a7cba4d500ab6b463d3c8f7.jpg,saberzl/SID_Set,medium,0,0.6717155575752258,0.4,1
a41ac26a314970704cbc765646bbaa0fc08cede48ea5b57970be9a51869cd4a8,autoannotated/images/a41ac26a314970704cbc765646bbaa0fc08cede48ea5b57970be9a51869cd4a8.jpg,RRDataset,medium,0,0.06727266311645508,0.4,0
a425dc0f32f892551055a121435fc24fd49a3aa03122692088aa752e385269b7,autoannotated/images/a425dc0f32f892551055a121435fc24fd49a3aa03122692088aa752e385269b7.jpg,RRDataset,medium,0,0.9895427227020264,0.4,1
a42f808877939f32ed5bf4c00408cb11f1d068151cbd30c6f5cde3864bd69b14,autoannotated/images/a42f808877939f32ed5bf4c00408cb11f1d068151cbd30c6f5cde3864bd69b14.jpg,ComplexDataLab/OpenFake,medium,0,0.020418932661414146,0.4,0
a4567c3a09342eddc16bda7ecffe45d8f276c827b939bc886bbcd2b8aa584547,autoannotated/images/a4567c3a09342eddc16bda7ecffe45d8f276c827b939bc886bbcd2b8aa584547.png,RRDataset,medium,1,0.9944522976875305,0.4,1
a4930bcf2f8ebd665cf9518718eb798bf15a57774a1cedee49e285ae92015a12,autoannotated/images/a4930bcf2f8ebd665cf9518718eb798bf15a57774a1cedee49e285ae92015a12.png,RRDataset,medium,1,0.8466437458992004,0.4,1
a4ca213e0be259f02d5a3b45e536b07f0ff3c10571152be3b5b0bec30aeca021,autoannotated/images/a4ca213e0be259f02d5a3b45e536b07f0ff3c10571152be3b5b0bec30aeca021.jpg,RRDataset,medium,0,0.8205206990242004,0.4,1
a4cf876a17d94777e3428bd4227b55a702543ec5bd3b8cc845e29609ee079002,autoannotated/images/a4cf876a17d94777e3428bd4227b55a702543ec5bd3b8cc845e29609ee079002.jpg,RRDataset,medium,0,0.9798332452774048,0.4,1
a4dfc12cf486dcc3ae2f862a3200317391c42715845370737c64ad421cfa66ae,human_annotated/images/a4dfc12cf486dcc3ae2f862a3200317391c42715845370737c64ad421cfa66ae.png,saberzl/SID_Set,medium,1,0.9234713912010193,0.4,1
a54653d18d860f574bf25a7b6590db5617601f005620e2e1fd01f15d77fc80b4,autoannotated/images/a54653d18d860f574bf25a7b6590db5617601f005620e2e1fd01f15d77fc80b4.jpg,ComplexDataLab/OpenFake,medium,0,0.0018749769078567624,0.4,0
a54b918632ebfa36fe3aa032325a7aa18da9eb442bf37b29dfed5746fdb25178,autoannotated/images/a54b918632ebfa36fe3aa032325a7aa18da9eb442bf37b29dfed5746fdb25178.png,RRDataset,medium,1,0.9956119060516357,0.4,1
a54c3c60bbd22f760b376280ad4b0b093966ac7f27f5f60c707d99020ea3d81c,autoannotated/images/a54c3c60bbd22f760b376280ad4b0b093966ac7f27f5f60c707d99020ea3d81c.jpg,ComplexDataLab/OpenFake,medium,0,0.004020331427454948,0.4,0
a568ad1b69441665a8e7b5eb3e1138145264d45530aaced2ad81b0513d02fcc7,autoannotated/images/a568ad1b69441665a8e7b5eb3e1138145264d45530aaced2ad81b0513d02fcc7.jpg,RRDataset,medium,0,0.3952772915363312,0.4,0
a56b316efe35d7202f360488bfcb289010b1a5ef56b9438c96f87dea37c9de45,autoannotated/images/a56b316efe35d7202f360488bfcb289010b1a5ef56b9438c96f87dea37c9de45.png,ComplexDataLab/OpenFake,medium,1,0.691596269607544,0.4,1
a56dda3f2c41c55ac80e9f9ce0172321f207e56896e1a5861d219e68ec6574d1,autoannotated/images/a56dda3f2c41c55ac80e9f9ce0172321f207e56896e1a5861d219e68ec6574d1.png,ComplexDataLab/OpenFake,medium,1,0.9771358966827393,0.4,1
a575d940bbc7717532296d40aeba3fc3b84afbfa6c99545461929ebf46b493a7,human_annotated/images/a575d940bbc7717532296d40aeba3fc3b84afbfa6c99545461929ebf46b493a7.png,saberzl/SID_Set,medium,1,0.41371363401412964,0.4,1
a583f7d090df7d96eece1c366993b7fab2710e1e4fb13f91d843ff53fd9bb764,autoannotated/images/a583f7d090df7d96eece1c366993b7fab2710e1e4fb13f91d843ff53fd9bb764.png,saberzl/SID_Set,medium,1,0.9955116510391235,0.4,1
a584e03d68e5096602b76577a0974ab8af435e7fdd3a13ec9acbef9c50563960,autoannotated/images/a584e03d68e5096602b76577a0974ab8af435e7fdd3a13ec9acbef9c50563960.png,saberzl/SID_Set,medium,1,0.9987998008728027,0.4,1
a5872be9b14695349f713645b04755400bde9490e001a3becdc057ab44e0f217,autoannotated/images/a5872be9b14695349f713645b04755400bde9490e001a3becdc057ab44e0f217.png,RRDataset,medium,1,0.9985999464988708,0.4,1
a58cd4d42e9a3f2ed63c083b0e12ad0aaf501821d46393fe6a1cb981ead82361,autoannotated/images/a58cd4d42e9a3f2ed63c083b0e12ad0aaf501821d46393fe6a1cb981ead82361.jpg,ComplexDataLab/OpenFake,medium,0,0.29115864634513855,0.4,0
a590a0d5e98e886fbf1daa2ce4de18c2aeafd0ae24c8b4a4cbd02d2d3977b80c,human_annotated/images/a590a0d5e98e886fbf1daa2ce4de18c2aeafd0ae24c8b4a4cbd02d2d3977b80c.jpg,ComplexDataLab/OpenFake,medium,0,0.00021844003640580922,0.4,0
a5ab23851bd0ef445f3b14709099d9aed893b458039a34776af433bdb61c5cd3,human_annotated/images/a5ab23851bd0ef445f3b14709099d9aed893b458039a34776af433bdb61c5cd3.jpg,ComplexDataLab/OpenFake,medium,1,0.03626611828804016,0.4,0
a5d2b70ef0450a6265a5114e8bdcf50a0fd30a1882a769098a927c81e41fe04f,autoannotated/images/a5d2b70ef0450a6265a5114e8bdcf50a0fd30a1882a769098a927c81e41fe04f.png,RRDataset,medium,1,0.9851709008216858,0.4,1
a5f7847a6a5f8552cd87257d757f94db8cde76b58556f1b211db4c936b80285c,autoannotated/images/a5f7847a6a5f8552cd87257d757f94db8cde76b58556f1b211db4c936b80285c.png,RRDataset,medium,1,0.9645678400993347,0.4,1
a62e5b2c5bd39f3184b596e644ccb891add30206de2a55161233113c1d97d4c7,autoannotated/images/a62e5b2c5bd39f3184b596e644ccb891add30206de2a55161233113c1d97d4c7.jpg,ComplexDataLab/OpenFake,medium,0,0.02010657638311386,0.4,0
a63b3fa6bf944079aa8e809f15447f43fd7ba0303593c81fc5653bcdf5455842,autoannotated/images/a63b3fa6bf944079aa8e809f15447f43fd7ba0303593c81fc5653bcdf5455842.jpg,saberzl/SID_Set,medium,0,0.03825528919696808,0.4,0
a644353320ccebfe735ca7507dcfe5399a644339803846cfed85a13af39009bb,autoannotated/images/a644353320ccebfe735ca7507dcfe5399a644339803846cfed85a13af39009bb.jpg,ComplexDataLab/OpenFake,medium,0,0.0029591417405754328,0.4,0
a650c7e987b5a6222dd18253180897318ff73fe752e6c38a986e58c42370be0a,autoannotated/images/a650c7e987b5a6222dd18253180897318ff73fe752e6c38a986e58c42370be0a.jpg,RRDataset,medium,0,0.8789286017417908,0.4,1
a6607bb83a26fb86d2cd4628b3ae873844466ee4144e89454039047feefa684c,autoannotated/images/a6607bb83a26fb86d2cd4628b3ae873844466ee4144e89454039047feefa684c.jpg,saberzl/SID_Set,medium,0,0.0006145996158011258,0.4,0
a67c15d7540e16b631c3e0de79dc8a050a1168cb23cccefac2928ae05d1ab870,autoannotated/images/a67c15d7540e16b631c3e0de79dc8a050a1168cb23cccefac2928ae05d1ab870.png,RRDataset,medium,1,0.9236743450164795,0.4,1
a68a6cc3bce273a0f2743c7b8704ee5e18954b23df2c1eaeace9a4387009ae8a,autoannotated/images/a68a6cc3bce273a0f2743c7b8704ee5e18954b23df2c1eaeace9a4387009ae8a.jpg,RRDataset,medium,0,0.9489023685455322,0.4,1
a68da55ffe02afda500b5695d3a3a4ffd9e4f304dca4fb5679b52f36ae320618,autoannotated/images/a68da55ffe02afda500b5695d3a3a4ffd9e4f304dca4fb5679b52f36ae320618.png,ComplexDataLab/OpenFake,medium,1,0.47899916768074036,0.4,1
a6993b845a8b79a61a22cf5dbe57a9142ca5fb863f6d24525845f9923ea0bd4f,autoannotated/images/a6993b845a8b79a61a22cf5dbe57a9142ca5fb863f6d24525845f9923ea0bd4f.jpg,RRDataset,medium,0,0.5461710691452026,0.4,1
a69f21d1d9d7e2778833d7f98370a2984cd55ed9d6e6a3445f28411f8977c3f8,autoannotated/images/a69f21d1d9d7e2778833d7f98370a2984cd55ed9d6e6a3445f28411f8977c3f8.png,saberzl/SID_Set,medium,1,0.8766860365867615,0.4,1
a6ae0e37dd46d7d46d8a44716e24379e158d46ba05ec21b2ac5c54e1c4d6dd33,autoannotated/images/a6ae0e37dd46d7d46d8a44716e24379e158d46ba05ec21b2ac5c54e1c4d6dd33.jpg,saberzl/SID_Set,medium,0,0.2929193377494812,0.4,0
a6dfe42179857c5936b2db20ce3450e565db999581f181fc5ae5286ead8f9d55,autoannotated/images/a6dfe42179857c5936b2db20ce3450e565db999581f181fc5ae5286ead8f9d55.jpg,ComplexDataLab/OpenFake,medium,0,0.00048820607480593026,0.4,0
a6e54eb185008b4029beab7aee0df9ab20c2ea966c19c2d75c4d6c663e6518fe,human_annotated/images/a6e54eb185008b4029beab7aee0df9ab20c2ea966c19c2d75c4d6c663e6518fe.jpg,RRDataset,medium,0,0.6047558188438416,0.4,1
a6f10e80a0cd57201b0443d5ac84da8d4e7d8f7b1c42fa78c1eee66b3551fc29,autoannotated/images/a6f10e80a0cd57201b0443d5ac84da8d4e7d8f7b1c42fa78c1eee66b3551fc29.jpg,RRDataset,medium,0,0.9636337161064148,0.4,1
a700b20162e022a552f81c5d13a29d34a74dc06c1801b044bf43304f348afa2b,autoannotated/images/a700b20162e022a552f81c5d13a29d34a74dc06c1801b044bf43304f348afa2b.jpg,ComplexDataLab/OpenFake,medium,0,0.4161330759525299,0.4,1
a743d4415bb34e9a8a06dbb1233679200689b86f0a0f7c11f4164c8e4f346a8e,autoannotated/images/a743d4415bb34e9a8a06dbb1233679200689b86f0a0f7c11f4164c8e4f346a8e.png,RRDataset,medium,1,0.9806982278823853,0.4,1
a74d4bdefa25374f4aa912aa8d1fbeedeca2fb0f23b473bb3d51275b64126dca,autoannotated/images/a74d4bdefa25374f4aa912aa8d1fbeedeca2fb0f23b473bb3d51275b64126dca.png,RRDataset,medium,1,0.9965453743934631,0.4,1
a750914ee731fc6ce31ece52b100d02bf89d4ff52a8100b9b5513bf947fffabf,autoannotated/images/a750914ee731fc6ce31ece52b100d02bf89d4ff52a8100b9b5513bf947fffabf.jpg,saberzl/SID_Set,medium,0,0.0011054612696170807,0.4,0
a7a1244583e789dfb4fedf56adfb1375791c9ed2addfb02125177de534c38c6a,autoannotated/images/a7a1244583e789dfb4fedf56adfb1375791c9ed2addfb02125177de534c38c6a.png,ComplexDataLab/OpenFake,medium,1,0.8190109133720398,0.4,1
a7db1c24aa919036c2114334e8349474e351abd6513ea487f0fb31eacf74d4b0,autoannotated/images/a7db1c24aa919036c2114334e8349474e351abd6513ea487f0fb31eacf74d4b0.jpg,RRDataset,medium,0,0.8351758122444153,0.4,1
a7dc4245f58f037e5828ac86a102fe04b35a00d252693025736161581157980d,autoannotated/images/a7dc4245f58f037e5828ac86a102fe04b35a00d252693025736161581157980d.png,saberzl/SID_Set,medium,1,0.9337989091873169,0.4,1
a7ea2af2b1d77c143132a975f1bc30c504c56288f95efd58a9e982162890b222,human_annotated/images/a7ea2af2b1d77c143132a975f1bc30c504c56288f95efd58a9e982162890b222.jpg,RRDataset,medium,0,0.9830121397972107,0.4,1
a7ea814b8b418096b50c8ae8a72450ffca38df4f43e703d2a6bc06acb6fb2c1b,autoannotated/images/a7ea814b8b418096b50c8ae8a72450ffca38df4f43e703d2a6bc06acb6fb2c1b.png,RRDataset,medium,1,0.8928865194320679,0.4,1
a7f0ffe61c5beccef27634e4764d881496417ce29712969925336cdc4e47a7f6,autoannotated/images/a7f0ffe61c5beccef27634e4764d881496417ce29712969925336cdc4e47a7f6.jpg,ComplexDataLab/OpenFake,medium,0,0.006654041353613138,0.4,0
a8224a388d6dcb80ba0799d36a1fd0dbc23c0daeaceb85b1291e7ea705c99a3c,autoannotated/images/a8224a388d6dcb80ba0799d36a1fd0dbc23c0daeaceb85b1291e7ea705c99a3c.jpg,RRDataset,medium,0,0.6639150977134705,0.4,1
a826f9bb379062476432f794209c788ce5d8063f5f760fd6d5c44ac3fb0a9654,autoannotated/images/a826f9bb379062476432f794209c788ce5d8063f5f760fd6d5c44ac3fb0a9654.jpg,saberzl/SID_Set,medium,0,0.8135059475898743,0.4,1
a82dbf7d053f6ecf686ebc314de423e69efc2d7206d38f738a85aeb99d61a082,autoannotated/images/a82dbf7d053f6ecf686ebc314de423e69efc2d7206d38f738a85aeb99d61a082.png,saberzl/SID_Set,medium,1,0.9259358048439026,0.4,1
a82fa4fdefb9a9b59a1936e6386cf32ec70d03c62f936cd1f63cee2d4663b5d6,autoannotated/images/a82fa4fdefb9a9b59a1936e6386cf32ec70d03c62f936cd1f63cee2d4663b5d6.jpg,RRDataset,medium,0,0.2354978322982788,0.4,0
a84a51205a80d2e3231ffcc3424adc9af2da9a6a6a824ca6989e0ee13b132086,autoannotated/images/a84a51205a80d2e3231ffcc3424adc9af2da9a6a6a824ca6989e0ee13b132086.png,saberzl/SID_Set,medium,1,0.8377306461334229,0.4,1
a86ea11a62228bc0590587c786b83478a63a30fe30493a2c3c59a5f936cae9d1,human_annotated/images/a86ea11a62228bc0590587c786b83478a63a30fe30493a2c3c59a5f936cae9d1.png,RRDataset,medium,1,0.9756303429603577,0.4,1
a8821bea5985281e1cb1df753a7fccfcf79662b122508f4c01e5625ce47d60a6,autoannotated/images/a8821bea5985281e1cb1df753a7fccfcf79662b122508f4c01e5625ce47d60a6.jpg,RRDataset,medium,0,0.8938392400741577,0.4,1
a8956a5346936cd0769d1a17aa41ffa452fd4fce3003208e2857eb1f495a260a,autoannotated/images/a8956a5346936cd0769d1a17aa41ffa452fd4fce3003208e2857eb1f495a260a.jpg,ComplexDataLab/OpenFake,medium,0,0.016191421076655388,0.4,0
a897890a68519d43deb360bde55c49aaadd83107ffc7e2783d72f5c3b8d49b1d,autoannotated/images/a897890a68519d43deb360bde55c49aaadd83107ffc7e2783d72f5c3b8d49b1d.png,ComplexDataLab/OpenFake,medium,1,0.7132512331008911,0.4,1
a8a0c41691a1840784e54d8b5d75e41b4344b8dc02eefba608bb7497556e3c79,autoannotated/images/a8a0c41691a1840784e54d8b5d75e41b4344b8dc02eefba608bb7497556e3c79.jpg,ComplexDataLab/OpenFake,medium,0,0.011171919293701649,0.4,0
a8c06ad5c878d5a613ccd5e2ebe7119d27fc8a8529323c7c3d82975fe73f5553,autoannotated/images/a8c06ad5c878d5a613ccd5e2ebe7119d27fc8a8529323c7c3d82975fe73f5553.png,saberzl/SID_Set,medium,1,0.9665383696556091,0.4,1
a8cf7be2641fe71f88f29b5c83880283001dea7233114fa3e6ac095240a8d536,autoannotated/images/a8cf7be2641fe71f88f29b5c83880283001dea7233114fa3e6ac095240a8d536.jpg,ComplexDataLab/OpenFake,medium,0,0.7981281876564026,0.4,1
a8d5da27ec8b236d64361e771aecd9605ffd044d760c0a59c5efeb69fddb6e7a,autoannotated/images/a8d5da27ec8b236d64361e771aecd9605ffd044d760c0a59c5efeb69fddb6e7a.png,RRDataset,medium,1,0.9907467365264893,0.4,1
a91a61ea14c44614f866a616abf69f41bcbf3be8c7b56caa47bc6c6d131602d0,autoannotated/images/a91a61ea14c44614f866a616abf69f41bcbf3be8c7b56caa47bc6c6d131602d0.png,saberzl/SID_Set,medium,1,0.8342846632003784,0.4,1
a931ab98b58711df06cbb2b69a8ad57e8b83685f99af7b108a9be77534977cfa,autoannotated/images/a931ab98b58711df06cbb2b69a8ad57e8b83685f99af7b108a9be77534977cfa.png,RRDataset,medium,1,0.9841104745864868,0.4,1
a93561b8d84663b2d9ad4ab7dedfd8a4b38815fde5b0730e65eaec5788235d13,autoannotated/images/a93561b8d84663b2d9ad4ab7dedfd8a4b38815fde5b0730e65eaec5788235d13.jpg,RRDataset,medium,0,0.9881904125213623,0.4,1
a93c9cc9e97b2dd4f3c06713955cfbdbfe1b158be6bd45c6020e0197df075aeb,autoannotated/images/a93c9cc9e97b2dd4f3c06713955cfbdbfe1b158be6bd45c6020e0197df075aeb.jpg,RRDataset,medium,0,0.9716038703918457,0.4,1
a94591a954620a989fde0d01c0d9ed10a0d43a52f9ffdf20f616412d2d869b04,autoannotated/images/a94591a954620a989fde0d01c0d9ed10a0d43a52f9ffdf20f616412d2d869b04.jpg,RRDataset,medium,0,0.9973673224449158,0.4,1
a95d9c8effd97fb5baee7872f322746c4523b39a6c87ff7e180d50782faf69da,autoannotated/images/a95d9c8effd97fb5baee7872f322746c4523b39a6c87ff7e180d50782faf69da.png,saberzl/SID_Set,medium,1,0.9810603857040405,0.4,1
a964b7d07caafa859efd75c4c66c41cc14faf7d8f2201ee94d42ad4595e1c288,autoannotated/images/a964b7d07caafa859efd75c4c66c41cc14faf7d8f2201ee94d42ad4595e1c288.jpg,saberzl/SID_Set,medium,0,0.4602546691894531,0.4,1
a987eb6d8d60c5b88a56a54d369db92d14883be9a5f4188c740c5d93c6f21bc6,autoannotated/images/a987eb6d8d60c5b88a56a54d369db92d14883be9a5f4188c740c5d93c6f21bc6.jpg,RRDataset,medium,0,0.9210253953933716,0.4,1
a988a181761dbb518f36eade7235514f30ccad851bce02348d32799419b5ffad,autoannotated/images/a988a181761dbb518f36eade7235514f30ccad851bce02348d32799419b5ffad.png,ComplexDataLab/OpenFake,medium,1,0.11931868642568588,0.4,0
a99e94fafeb8a6e9b97d6f52f70f5001db9fe19390d3561a233c2f9fc816152f,autoannotated/images/a99e94fafeb8a6e9b97d6f52f70f5001db9fe19390d3561a233c2f9fc816152f.png,RRDataset,medium,1,0.8906214237213135,0.4,1
a9becb885763732c1d5938e4b43e5ba7ca494d3ca6a0d75729f7791c4a9a060e,autoannotated/images/a9becb885763732c1d5938e4b43e5ba7ca494d3ca6a0d75729f7791c4a9a060e.jpg,ComplexDataLab/OpenFake,medium,0,0.4840683341026306,0.4,1
a9c38230e5b3517ac74b8e2cb249d6e6f0e78373743bd3b2b09d0fc0a0a5d868,autoannotated/images/a9c38230e5b3517ac74b8e2cb249d6e6f0e78373743bd3b2b09d0fc0a0a5d868.jpg,ComplexDataLab/OpenFake,medium,0,0.92274010181427,0.4,1
a9ce74cefdd2a2f4e7c8376cba09456b88735831bc8ae4dd9b0c71b73fcac432,autoannotated/images/a9ce74cefdd2a2f4e7c8376cba09456b88735831bc8ae4dd9b0c71b73fcac432.png,ComplexDataLab/OpenFake,medium,1,0.11183931678533554,0.4,0
a9d6365c2d7a510a9159cd6b7388df91a1af6e2aa1b47804016d05c3994e4972,autoannotated/images/a9d6365c2d7a510a9159cd6b7388df91a1af6e2aa1b47804016d05c3994e4972.png,saberzl/SID_Set,medium,1,0.8776537775993347,0.4,1
aa068ada86bf0b7edf893e710b7c4c2327f5e2caaf3fcdb684ef1032450d7c03,autoannotated/images/aa068ada86bf0b7edf893e710b7c4c2327f5e2caaf3fcdb684ef1032450d7c03.png,saberzl/SID_Set,medium,1,0.9820696115493774,0.4,1
aa0a079e62900c61cd0e7406339ae6459e4fdb4303a208fd577e75c88fe8405d,autoannotated/images/aa0a079e62900c61cd0e7406339ae6459e4fdb4303a208fd577e75c88fe8405d.jpg,ComplexDataLab/OpenFake,medium,0,0.0031933817081153393,0.4,0
aa2ba64c666f6cf811a9dfa91cf805a69ff0e404308fa5e14236dab293684233,autoannotated/images/aa2ba64c666f6cf811a9dfa91cf805a69ff0e404308fa5e14236dab293684233.jpg,RRDataset,medium,0,0.6790451407432556,0.4,1
aa3a5f11eccc9fc9db4f8cff4ba7bb67b1f6945618efe8f548bb10cb29c03153,autoannotated/images/aa3a5f11eccc9fc9db4f8cff4ba7bb67b1f6945618efe8f548bb10cb29c03153.png,RRDataset,medium,1,0.929472029209137,0.4,1
aa951e628b91172b3809b32e505380e65ad31f081ec986f6ff38e8bfd3b708d1,autoannotated/images/aa951e628b91172b3809b32e505380e65ad31f081ec986f6ff38e8bfd3b708d1.png,saberzl/SID_Set,medium,1,0.39937904477119446,0.4,0
aa988fd2e0476e19dd4d544d9303209c0675e6181f42a730b719b6cd96671147,autoannotated/images/aa988fd2e0476e19dd4d544d9303209c0675e6181f42a730b719b6cd96671147.png,saberzl/SID_Set,medium,1,0.5273128151893616,0.4,1
aaa78c2f9b2e06b915e94acf01c25a1e75d7d69b109eb13bee262302757a8a81,autoannotated/images/aaa78c2f9b2e06b915e94acf01c25a1e75d7d69b109eb13bee262302757a8a81.webp,ComplexDataLab/OpenFake,medium,1,0.8370400667190552,0.4,1
aac36c7b5a4d0d8ca525f7aef4b6e58bc1e27cc6b76124df78cb685bc80fb355,autoannotated/images/aac36c7b5a4d0d8ca525f7aef4b6e58bc1e27cc6b76124df78cb685bc80fb355.png,ComplexDataLab/OpenFake,medium,1,0.5383643507957458,0.4,1
aafff8b7daa172abe264327d4c129732fd4a4fcf98d566fd8f27bea61cdea30d,autoannotated/images/aafff8b7daa172abe264327d4c129732fd4a4fcf98d566fd8f27bea61cdea30d.png,ComplexDataLab/OpenFake,medium,1,0.9989894032478333,0.4,1
ab0ec21e097cc09bac3898d60b4f6a02cb7db7903cf8a5e8be6b0e7460a1c1c2,autoannotated/images/ab0ec21e097cc09bac3898d60b4f6a02cb7db7903cf8a5e8be6b0e7460a1c1c2.jpg,saberzl/SID_Set,medium,0,0.822474479675293,0.4,1
ab23ad0ada7ac2459f40fcec3392d395ec3652c471f98ef1b1cdd40b74035e7e,autoannotated/images/ab23ad0ada7ac2459f40fcec3392d395ec3652c471f98ef1b1cdd40b74035e7e.jpg,ComplexDataLab/OpenFake,medium,0,0.4289895296096802,0.4,1
ab2bdd5044f03f998261a135b62fe176371819876566f03916da85e6cbe3517c,autoannotated/images/ab2bdd5044f03f998261a135b62fe176371819876566f03916da85e6cbe3517c.png,ComplexDataLab/OpenFake,medium,1,0.22427372634410858,0.4,0
ab3280b08d474b9d64bf188064e5553545fbd93904c082ea6ccc3ca6ef2f319b,autoannotated/images/ab3280b08d474b9d64bf188064e5553545fbd93904c082ea6ccc3ca6ef2f319b.jpg,ComplexDataLab/OpenFake,medium,1,0.39704322814941406,0.4,0
ab839491b79de797dad024e301eefa7d676f690a5af13ff75f42418c06636015,autoannotated/images/ab839491b79de797dad024e301eefa7d676f690a5af13ff75f42418c06636015.jpg,RRDataset,medium,0,0.44951361417770386,0.4,1
ab929db9d4a1282a2fe5f06acae3402edf6c30a96ba80db33bad6a21f27eba82,human_annotated/images/ab929db9d4a1282a2fe5f06acae3402edf6c30a96ba80db33bad6a21f27eba82.jpg,RRDataset,medium,0,0.39695388078689575,0.4,0
abc15338fae0572abb90f6b8b61665ac693bee5764a6e2a18ab309e3798d0caa,autoannotated/images/abc15338fae0572abb90f6b8b61665ac693bee5764a6e2a18ab309e3798d0caa.jpg,saberzl/SID_Set,medium,0,0.5764504075050354,0.4,1
abc17788d13151f28c50b282a43d91208356b8c153d5eceb5bcf78b010e44775,autoannotated/images/abc17788d13151f28c50b282a43d91208356b8c153d5eceb5bcf78b010e44775.png,saberzl/SID_Set,medium,1,0.9381791949272156,0.4,1
abc71dc8dfca2492283dabfacdd81bba4476d81dfa064879a65e8aa84ceeb39d,autoannotated/images/abc71dc8dfca2492283dabfacdd81bba4476d81dfa064879a65e8aa84ceeb39d.png,saberzl/SID_Set,medium,1,0.9298437833786011,0.4,1
abd3ab2d7343edab3ba2cd99e2068be8e2d3dd2764b96004a512a2e41fe05e83,autoannotated/images/abd3ab2d7343edab3ba2cd99e2068be8e2d3dd2764b96004a512a2e41fe05e83.png,saberzl/SID_Set,medium,1,0.8317656517028809,0.4,1
abd68893fbfcc7044c3b54348d20b8eb763c7794169607143967dcb263692ce6,autoannotated/images/abd68893fbfcc7044c3b54348d20b8eb763c7794169607143967dcb263692ce6.png,saberzl/SID_Set,medium,1,0.9245432019233704,0.4,1
abefc87b387316e0a84a276b1073cb220b522255b5bb5b1e3528a6053bb2aed5,autoannotated/images/abefc87b387316e0a84a276b1073cb220b522255b5bb5b1e3528a6053bb2aed5.png,saberzl/SID_Set,medium,1,0.9753716588020325,0.4,1
abf5ed3408abfae12e0a9da87e8b044586c4d7b67a315492f27ca5a79e7ba314,autoannotated/images/abf5ed3408abfae12e0a9da87e8b044586c4d7b67a315492f27ca5a79e7ba314.jpg,saberzl/SID_Set,medium,0,0.20673803985118866,0.4,0
ac01aa8e06535d74f4a49afd1ec46850ccf95dd67b4cc95145b36f1b8dcfa3dc,autoannotated/images/ac01aa8e06535d74f4a49afd1ec46850ccf95dd67b4cc95145b36f1b8dcfa3dc.jpg,saberzl/SID_Set,medium,0,0.8546609878540039,0.4,1
ac335e2d5520d7d96bc4689dfc400d054642558e36aa49bfc8e1bcd27dc6646b,human_annotated/images/ac335e2d5520d7d96bc4689dfc400d054642558e36aa49bfc8e1bcd27dc6646b.png,saberzl/SID_Set,medium,1,0.9883242845535278,0.4,1
ac4ac06d2a2b5a516ef62e9d7dd3e724a06b171ef78213e2e21f9157d68ab75c,autoannotated/images/ac4ac06d2a2b5a516ef62e9d7dd3e724a06b171ef78213e2e21f9157d68ab75c.jpg,RRDataset,medium,0,0.7580503821372986,0.4,1
ac4f8f9e6e90f1eef921fbaf594e05f85caa9b0f423de88989498507b4a5a12b,autoannotated/images/ac4f8f9e6e90f1eef921fbaf594e05f85caa9b0f423de88989498507b4a5a12b.png,ComplexDataLab/OpenFake,medium,1,0.9974324107170105,0.4,1
acb9b26f990de446b527c0d3c7434457e4b0714f106b1884240d30da24640fac,autoannotated/images/acb9b26f990de446b527c0d3c7434457e4b0714f106b1884240d30da24640fac.jpg,RRDataset,medium,0,0.8455488085746765,0.4,1
ace4816b8651359458dd6a5cb5970dc6208672c12957b84c0ef08ecfcee6076f,autoannotated/images/ace4816b8651359458dd6a5cb5970dc6208672c12957b84c0ef08ecfcee6076f.jpg,saberzl/SID_Set,medium,0,0.9591310620307922,0.4,1
ad0fc3fc85cbc004836355e3f7afd6273d5045c268ff2eba6937f6a89e75f6a8,autoannotated/images/ad0fc3fc85cbc004836355e3f7afd6273d5045c268ff2eba6937f6a89e75f6a8.jpg,saberzl/SID_Set,medium,0,0.09068377315998077,0.4,0
ad188a152cafe67db775967478eff0501f6647f179e56ea6a7e1ac33ae279ea6,autoannotated/images/ad188a152cafe67db775967478eff0501f6647f179e56ea6a7e1ac33ae279ea6.png,RRDataset,medium,1,0.9884019494056702,0.4,1
ad2d31d1e6cd53ca72954181803d66a882110fc192875153c1d12529916a4a05,autoannotated/images/ad2d31d1e6cd53ca72954181803d66a882110fc192875153c1d12529916a4a05.jpg,ComplexDataLab/OpenFake,medium,0,8.481394615955651e-05,0.4,0
ad4f3741e1f35e5ad414fd59346c64e0fadd62c466bd761f5914cc6862789830,autoannotated/images/ad4f3741e1f35e5ad414fd59346c64e0fadd62c466bd761f5914cc6862789830.jpg,ComplexDataLab/OpenFake,medium,0,0.00028274510987102985,0.4,0
ad7c003978de79bc3350847567c9285ef154f782792f62acca4e69c47b11330e,autoannotated/images/ad7c003978de79bc3350847567c9285ef154f782792f62acca4e69c47b11330e.png,saberzl/SID_Set,medium,1,0.9925206899642944,0.4,1
ad80b318e713a9810ff1b10aa50781634729a41971bd4bdfd9d27293434944c7,human_annotated/images/ad80b318e713a9810ff1b10aa50781634729a41971bd4bdfd9d27293434944c7.png,ComplexDataLab/OpenFake,medium,1,0.9595749378204346,0.4,1
ad8bb7d46b2e7ccca5db42064a1e4695a49e2af2ea6221f16f842d5b55e8c495,autoannotated/images/ad8bb7d46b2e7ccca5db42064a1e4695a49e2af2ea6221f16f842d5b55e8c495.png,saberzl/SID_Set,medium,1,0.9886288642883301,0.4,1
ad94e251b4bd369268013de51be1b8c263b23ddd45975b80a9a0483ca07c78f9,human_annotated/images/ad94e251b4bd369268013de51be1b8c263b23ddd45975b80a9a0483ca07c78f9.png,RRDataset,medium,1,0.9865060448646545,0.4,1
ad9ab8d455fa79aaebc6086ce1601116a1eecd3e28713ee770cc0da41634437b,autoannotated/images/ad9ab8d455fa79aaebc6086ce1601116a1eecd3e28713ee770cc0da41634437b.jpg,ComplexDataLab/OpenFake,medium,0,0.00498383492231369,0.4,0
ada6f45b7d91c772d480ba130dc1f9a9a05f67b2051c13a99595ed020bc604b3,autoannotated/images/ada6f45b7d91c772d480ba130dc1f9a9a05f67b2051c13a99595ed020bc604b3.png,RRDataset,medium,1,0.9974420070648193,0.4,1
adaa1545033358172f85937dec9993673c5ebf5909203b7fce894137a7f09358,autoannotated/images/adaa1545033358172f85937dec9993673c5ebf5909203b7fce894137a7f09358.png,ComplexDataLab/OpenFake,medium,1,0.737994909286499,0.4,1
adad43d4c97922bbb6101e54d2f27bb895aefa175fc792b5c45d0cde644e571c,autoannotated/images/adad43d4c97922bbb6101e54d2f27bb895aefa175fc792b5c45d0cde644e571c.jpg,RRDataset,medium,0,0.9661418795585632,0.4,1
adcfe620fd1d62c67d840e91b53f43a0133904d02c1a8aa44b20edee7687e1cc,autoannotated/images/adcfe620fd1d62c67d840e91b53f43a0133904d02c1a8aa44b20edee7687e1cc.png,ComplexDataLab/OpenFake,medium,1,0.9989988207817078,0.4,1
ade3c0bb566f4ddc8bfe2aa077d0355e847602f8d230b852656600e396d5f12f,autoannotated/images/ade3c0bb566f4ddc8bfe2aa077d0355e847602f8d230b852656600e396d5f12f.png,RRDataset,medium,1,0.9781705737113953,0.4,1
ade5ca43c55b8acfbfe979395fb3c0ed00143dd474baea1937ed7140cbe0e286,autoannotated/images/ade5ca43c55b8acfbfe979395fb3c0ed00143dd474baea1937ed7140cbe0e286.jpg,ComplexDataLab/OpenFake,medium,0,0.00366025697439909,0.4,0
ade9fd796ab48a0acae88445732fc1baef4e7cbd245de21720712c2cb096beb1,human_annotated/images/ade9fd796ab48a0acae88445732fc1baef4e7cbd245de21720712c2cb096beb1.png,ComplexDataLab/OpenFake,medium,1,0.5431922674179077,0.4,1
adf70639c140b6e8fc7773e00d3bad84071a38d2e59b918672c34cb8f982d449,human_annotated/images/adf70639c140b6e8fc7773e00d3bad84071a38d2e59b918672c34cb8f982d449.png,ComplexDataLab/OpenFake,medium,1,0.2955058217048645,0.4,0
adfee4f0139a7b35727b7c8d89ce882b20bf3b8467ebd633f94a4078c72afe37,autoannotated/images/adfee4f0139a7b35727b7c8d89ce882b20bf3b8467ebd633f94a4078c72afe37.jpg,saberzl/SID_Set,medium,0,0.09341736137866974,0.4,0
ae054ba0aefe238b4654defefe781888917eb50ff8c1b3b8ddd5fa7557d540b7,autoannotated/images/ae054ba0aefe238b4654defefe781888917eb50ff8c1b3b8ddd5fa7557d540b7.png,saberzl/SID_Set,medium,1,0.9819406270980835,0.4,1
ae1ba58efc6b7b9d6577fd8257a82a58a69b88bc720ff3eda66cc8a146f019e2,autoannotated/images/ae1ba58efc6b7b9d6577fd8257a82a58a69b88bc720ff3eda66cc8a146f019e2.png,saberzl/SID_Set,medium,1,0.9740219116210938,0.4,1
ae37eef180ee1b1263b58844777494186aa96bbbb32396f3117c0a43e39cf0e5,autoannotated/images/ae37eef180ee1b1263b58844777494186aa96bbbb32396f3117c0a43e39cf0e5.png,saberzl/SID_Set,medium,1,0.9720083475112915,0.4,1
ae8413dc3697f829005241a91667e4cea072672dcc05af9bdfc5470fd30ae09e,autoannotated/images/ae8413dc3697f829005241a91667e4cea072672dcc05af9bdfc5470fd30ae09e.png,RRDataset,medium,1,0.9811099767684937,0.4,1
ae8693055ed42b56d656453c0b0f0a5152967f269463e74558a241b745d448e0,autoannotated/images/ae8693055ed42b56d656453c0b0f0a5152967f269463e74558a241b745d448e0.png,saberzl/SID_Set,medium,1,0.9393275380134583,0.4,1
ae8871e23c67229536bc36e5704334e6750e1c10395672781c276830cd024644,autoannotated/images/ae8871e23c67229536bc36e5704334e6750e1c10395672781c276830cd024644.jpg,saberzl/SID_Set,medium,0,0.10395866632461548,0.4,0
aea4e6628ff2aabf11c7e6e00e1f9dcb364be6452e4b9a2659da98451f9242db,autoannotated/images/aea4e6628ff2aabf11c7e6e00e1f9dcb364be6452e4b9a2659da98451f9242db.jpg,RRDataset,medium,0,0.6873699426651001,0.4,1
aeda4affd38c7e1f159ccdc1e7182063a13ffa8ec6c1c9d0fa4f6b192d895cd7,autoannotated/images/aeda4affd38c7e1f159ccdc1e7182063a13ffa8ec6c1c9d0fa4f6b192d895cd7.png,saberzl/SID_Set,medium,1,0.8943371772766113,0.4,1
af03c57eb45288062e3b61e4a270360ab21789ab83de492b77ff0a6941c9d38c,human_annotated/images/af03c57eb45288062e3b61e4a270360ab21789ab83de492b77ff0a6941c9d38c.jpg,RRDataset,medium,0,0.9739176630973816,0.4,1
af0a7b067e4129f3afa551d3b649c0a5cf35fc0fcc2c4c0b20e0319dab947703,autoannotated/images/af0a7b067e4129f3afa551d3b649c0a5cf35fc0fcc2c4c0b20e0319dab947703.jpg,RRDataset,medium,1,0.3818761110305786,0.4,0
af0d21915421839d5f638655ee42eceb6fc246002d2f109f71815f332f68991d,autoannotated/images/af0d21915421839d5f638655ee42eceb6fc246002d2f109f71815f332f68991d.png,RRDataset,medium,1,0.9721987247467041,0.4,1
af36666f1eaaf06ee2255eb818ffe5da130fed88269ec09ccf4b1f1ac2314945,autoannotated/images/af36666f1eaaf06ee2255eb818ffe5da130fed88269ec09ccf4b1f1ac2314945.png,ComplexDataLab/OpenFake,medium,1,0.9636682868003845,0.4,1
af3a1f1c88de8bdad6f12dd9068349c6f6952a9886f3eb13e181ba3131da6531,autoannotated/images/af3a1f1c88de8bdad6f12dd9068349c6f6952a9886f3eb13e181ba3131da6531.jpg,ComplexDataLab/OpenFake,medium,0,0.14811429381370544,0.4,0
af3a266205489d1d0093c5d4713a9851ad6e2b321b1c991abb11472143b05db4,human_annotated/images/af3a266205489d1d0093c5d4713a9851ad6e2b321b1c991abb11472143b05db4.png,ComplexDataLab/OpenFake,medium,1,0.9154141545295715,0.4,1
af49f5b7e1f568ab3b7e461d7e8ecb1bd8de72df02189e1f7f2d9fb1e608779a,autoannotated/images/af49f5b7e1f568ab3b7e461d7e8ecb1bd8de72df02189e1f7f2d9fb1e608779a.jpg,ComplexDataLab/OpenFake,medium,0,0.004212260711938143,0.4,0
af4f203010be0cfad83dae2cc43e5a0fccb1fd1e229f2793beeb29ceb3e530c8,autoannotated/images/af4f203010be0cfad83dae2cc43e5a0fccb1fd1e229f2793beeb29ceb3e530c8.png,ComplexDataLab/OpenFake,medium,1,0.6813822984695435,0.4,1
af552d2341f8d480f6d1dc5287d1fa2d815b12b25b9df7e119f75b1ddbf2e0c0,autoannotated/images/af552d2341f8d480f6d1dc5287d1fa2d815b12b25b9df7e119f75b1ddbf2e0c0.png,RRDataset,medium,1,0.9994722008705139,0.4,1
af5a0a45d756b394b9b7ea31602fb226f31d0e6e317ceaec329564806e5026d6,autoannotated/images/af5a0a45d756b394b9b7ea31602fb226f31d0e6e317ceaec329564806e5026d6.jpg,ComplexDataLab/OpenFake,medium,0,0.0006753110210411251,0.4,0
af7bd97901b1ee0ed632b4d9b0acf6bf9b0d8e53e5e357beb053da3b7c2d388d,human_annotated/images/af7bd97901b1ee0ed632b4d9b0acf6bf9b0d8e53e5e357beb053da3b7c2d388d.png,RRDataset,medium,1,0.9734894037246704,0.4,1
af88819feae5e3514d3b334fa1ab60c6c9e4136891b7c3b863bbbd0cf42342ac,human_annotated/images/af88819feae5e3514d3b334fa1ab60c6c9e4136891b7c3b863bbbd0cf42342ac.jpg,saberzl/SID_Set,medium,0,0.37273138761520386,0.4,0
afa0af2464bfd2bed635039e1e0034b7faad566faf0502a4d4fb161bb722e04e,autoannotated/images/afa0af2464bfd2bed635039e1e0034b7faad566faf0502a4d4fb161bb722e04e.jpg,ComplexDataLab/OpenFake,medium,0,0.5456171035766602,0.4,1
afc50a40411a47c64eb9542c21ca3cb3761b6a0a64d20492bf2f25e5ae00780d,autoannotated/images/afc50a40411a47c64eb9542c21ca3cb3761b6a0a64d20492bf2f25e5ae00780d.jpg,RRDataset,medium,0,0.3070787191390991,0.4,0
afc67d1b3f2786cd231a6cd967f74fb79bb5d2df3d52b09892d6748e0516578e,autoannotated/images/afc67d1b3f2786cd231a6cd967f74fb79bb5d2df3d52b09892d6748e0516578e.jpg,ComplexDataLab/OpenFake,medium,0,0.0068864282220602036,0.4,0
afcabf88faa97c67aea4898767860111eb596d1fbcb385e42b3bd42190db4686,autoannotated/images/afcabf88faa97c67aea4898767860111eb596d1fbcb385e42b3bd42190db4686.png,saberzl/SID_Set,medium,1,0.9956561326980591,0.4,1
afd911345c125a167d200fc202c1465b94304c00f8cfd4fa95f0b6aead6f307c,autoannotated/images/afd911345c125a167d200fc202c1465b94304c00f8cfd4fa95f0b6aead6f307c.jpg,RRDataset,medium,0,0.9961761236190796,0.4,1
b03a25834213a3ff1f25168151e4da9e1de22efa025a672428a2f5bff53c9fa4,autoannotated/images/b03a25834213a3ff1f25168151e4da9e1de22efa025a672428a2f5bff53c9fa4.jpg,RRDataset,medium,0,0.8824458718299866,0.4,1
b064f2696f488290d6a9327db95b73c2defccdcacfddb830bf124d46e72ae382,autoannotated/images/b064f2696f488290d6a9327db95b73c2defccdcacfddb830bf124d46e72ae382.jpg,saberzl/SID_Set,medium,0,0.02616974711418152,0.4,0
b06b91bf0874507bd3d6ddf7da178df5167b5507ce7d29682f3be085cb12bc36,autoannotated/images/b06b91bf0874507bd3d6ddf7da178df5167b5507ce7d29682f3be085cb12bc36.png,ComplexDataLab/OpenFake,medium,1,0.7584808468818665,0.4,1
b06fe9bfbccc361c79f6c2e6df7f7d79c6530b41d7cc427c6971cf7c27514671,human_annotated/images/b06fe9bfbccc361c79f6c2e6df7f7d79c6530b41d7cc427c6971cf7c27514671.jpg,ComplexDataLab/OpenFake,medium,0,0.06327439844608307,0.4,0
b09bd149f8e1f0fc42c7b5bfbdcde956e1356ab73b9d81d4506f1029bb3f52cc,autoannotated/images/b09bd149f8e1f0fc42c7b5bfbdcde956e1356ab73b9d81d4506f1029bb3f52cc.png,saberzl/SID_Set,medium,1,0.9355739951133728,0.4,1
b0b065bffbd7152f666a685b87c8dfb20497490090871841a7fa79c132704bbf,autoannotated/images/b0b065bffbd7152f666a685b87c8dfb20497490090871841a7fa79c132704bbf.jpg,saberzl/SID_Set,medium,0,0.02466350793838501,0.4,0
b0d348036ed6f32468addd56e1cbac2c9ae56a051bfe63e0f18dab58f59ef991,autoannotated/images/b0d348036ed6f32468addd56e1cbac2c9ae56a051bfe63e0f18dab58f59ef991.jpg,ComplexDataLab/OpenFake,medium,0,0.6062713265419006,0.4,1
b0ea220a0aa0f12ecc4746cc79321abe65a5219617b4e99c211cf2c7c27202e1,autoannotated/images/b0ea220a0aa0f12ecc4746cc79321abe65a5219617b4e99c211cf2c7c27202e1.jpg,RRDataset,medium,0,0.9501661062240601,0.4,1
b11558ea1f118792bbb26e92d5a69ca42c1b24815d81a69f7eb90e54add71040,autoannotated/images/b11558ea1f118792bbb26e92d5a69ca42c1b24815d81a69f7eb90e54add71040.jpg,saberzl/SID_Set,medium,0,0.1688149869441986,0.4,0
b121de150f62ab984b0e43ccd74079b20bdebebc7c2d81b78a1d9ecb10b5b618,autoannotated/images/b121de150f62ab984b0e43ccd74079b20bdebebc7c2d81b78a1d9ecb10b5b618.png,saberzl/SID_Set,medium,1,0.992838442325592,0.4,1
b12d5e337439c3867bbce42d9792d29dd72f59e970d46e041d09794e142f23ff,human_annotated/images/b12d5e337439c3867bbce42d9792d29dd72f59e970d46e041d09794e142f23ff.png,RRDataset,medium,1,0.8346322178840637,0.4,1
b149341d6e7ddc72cd7a33a553a081abcf46e3817fdd911215c9d0fa939ea5c2,autoannotated/images/b149341d6e7ddc72cd7a33a553a081abcf46e3817fdd911215c9d0fa939ea5c2.jpg,saberzl/SID_Set,medium,0,0.06650383025407791,0.4,0
b15e44ed3282127ff2a175d4545be9fef4d6fe48924d20f698d5b700aa9c81eb,autoannotated/images/b15e44ed3282127ff2a175d4545be9fef4d6fe48924d20f698d5b700aa9c81eb.jpg,ComplexDataLab/OpenFake,medium,0,0.0005873700138181448,0.4,0
b1632949448f5c018a993c51b2d8598e21afd31795901bd590259f5b16077de7,autoannotated/images/b1632949448f5c018a993c51b2d8598e21afd31795901bd590259f5b16077de7.jpg,saberzl/SID_Set,medium,0,0.16705432534217834,0.4,0
b1a94a035aaf9d7cf3ca9192d1b487f141d5edaee1917f81870ffeed58014492,autoannotated/images/b1a94a035aaf9d7cf3ca9192d1b487f141d5edaee1917f81870ffeed58014492.png,RRDataset,medium,1,0.9990962743759155,0.4,1
b1cc32d56565d43b3adbe6d49499ab0ddf9bc8a302685dff897b5af2372f3efb,autoannotated/images/b1cc32d56565d43b3adbe6d49499ab0ddf9bc8a302685dff897b5af2372f3efb.jpg,saberzl/SID_Set,medium,0,0.008922867476940155,0.4,0
b1fb7f7e30e6e6fd84cf46c4d66a73305d76fdef1c5f65a45cde954b9295997a,autoannotated/images/b1fb7f7e30e6e6fd84cf46c4d66a73305d76fdef1c5f65a45cde954b9295997a.png,RRDataset,medium,1,0.9729612469673157,0.4,1
b234032ed18cf73b83e71534da3845da51b54d23c37022585a1b3a158fdae367,autoannotated/images/b234032ed18cf73b83e71534da3845da51b54d23c37022585a1b3a158fdae367.jpg,saberzl/SID_Set,medium,0,0.7107688784599304,0.4,1
b2555488817f591b559538d7b6b4794359c67daec417b33a10f348a9c7e9ed3f,human_annotated/images/b2555488817f591b559538d7b6b4794359c67daec417b33a10f348a9c7e9ed3f.jpg,saberzl/SID_Set,medium,0,0.3156948983669281,0.4,0
b26dadb94a1457f74cb1bc2d52c883584643b00c13fc95475712085bc14ad729,autoannotated/images/b26dadb94a1457f74cb1bc2d52c883584643b00c13fc95475712085bc14ad729.jpg,ComplexDataLab/OpenFake,medium,0,0.16895069181919098,0.4,0
b273574b519fbaee2b82e0ce851e0078eb3b62ac2ddc360dd6dd95f68eff8e28,autoannotated/images/b273574b519fbaee2b82e0ce851e0078eb3b62ac2ddc360dd6dd95f68eff8e28.jpg,RRDataset,medium,0,0.8838353157043457,0.4,1
b2820b1035e777f80163a27d9ec7fc74a93885e736a94764821eb81c6e98420e,autoannotated/images/b2820b1035e777f80163a27d9ec7fc74a93885e736a94764821eb81c6e98420e.jpg,ComplexDataLab/OpenFake,medium,0,0.700381875038147,0.4,1
b29a5fdc6543db88e4015480882499ae224b0c242922dd56780fe3a90ecfa416,autoannotated/images/b29a5fdc6543db88e4015480882499ae224b0c242922dd56780fe3a90ecfa416.jpg,ComplexDataLab/OpenFake,medium,0,0.8825893998146057,0.4,1
b2ade3507df358993f3278c95ede5a31b740f730c952c1dc050b98204e6fd888,human_annotated/images/b2ade3507df358993f3278c95ede5a31b740f730c952c1dc050b98204e6fd888.png,ComplexDataLab/OpenFake,medium,1,0.6836342811584473,0.4,1
b2bfb372aeb84fd833e7353ba38e54489e59b72c7c37de6e035a42927ca8b4b6,autoannotated/images/b2bfb372aeb84fd833e7353ba38e54489e59b72c7c37de6e035a42927ca8b4b6.jpg,RRDataset,medium,0,0.34257715940475464,0.4,0
b2db9a5933cb0d8157bf8530007891406a7486c3be447c8cf9a62c8d4333f90d,autoannotated/images/b2db9a5933cb0d8157bf8530007891406a7486c3be447c8cf9a62c8d4333f90d.png,ComplexDataLab/OpenFake,medium,1,0.9979228377342224,0.4,1
b2eb9dd58be33636b3e492afa15cd98ae1ebc3d3df687191bcb4d47b641b1ef9,autoannotated/images/b2eb9dd58be33636b3e492afa15cd98ae1ebc3d3df687191bcb4d47b641b1ef9.png,saberzl/SID_Set,medium,1,0.9980320334434509,0.4,1
b304b7cacb2762e3046f1f9abe4ad134311e1ab82e99c2826186343181c3420e,autoannotated/images/b304b7cacb2762e3046f1f9abe4ad134311e1ab82e99c2826186343181c3420e.jpg,ComplexDataLab/OpenFake,medium,0,0.06853397935628891,0.4,0
b3064e4e48b86207e4718fce7339bc05afcd9235a9b4ced6ff9bb63c7a5881b5,autoannotated/images/b3064e4e48b86207e4718fce7339bc05afcd9235a9b4ced6ff9bb63c7a5881b5.png,saberzl/SID_Set,medium,1,0.9389522671699524,0.4,1
b308338cb3c2189446e9ad8a02ec3d2cf98ca8f2e5415f3b980828db98ba5654,autoannotated/images/b308338cb3c2189446e9ad8a02ec3d2cf98ca8f2e5415f3b980828db98ba5654.png,saberzl/SID_Set,medium,1,0.9851896166801453,0.4,1
b31118259ef88ed58ce1ffb0ffb3670cd87485d903f65f7a89b40f4c5672f2a8,autoannotated/images/b31118259ef88ed58ce1ffb0ffb3670cd87485d903f65f7a89b40f4c5672f2a8.png,ComplexDataLab/OpenFake,medium,1,0.9962074756622314,0.4,1
b3178540a1dff17f292fc29bbccf2e3b163ce1cba926c0c5c9cf81014fa9b60b,autoannotated/images/b3178540a1dff17f292fc29bbccf2e3b163ce1cba926c0c5c9cf81014fa9b60b.png,ComplexDataLab/OpenFake,medium,1,0.9964622855186462,0.4,1
b31ef476dd98de94f0945bc4d79aab2c6171f8129dae0cfd34a16268b7a5e5bb,autoannotated/images/b31ef476dd98de94f0945bc4d79aab2c6171f8129dae0cfd34a16268b7a5e5bb.png,ComplexDataLab/OpenFake,medium,1,0.9784718155860901,0.4,1
b36123fe0f832d5d8bc01b51ac6d7e6971f057623144503acdf88779fc73c556,autoannotated/images/b36123fe0f832d5d8bc01b51ac6d7e6971f057623144503acdf88779fc73c556.jpg,RRDataset,medium,0,0.9988638162612915,0.4,1
b36405f5b003015e0e77730044c8d9c045d185f38f664074b8a49c0e7c8572d4,human_annotated/images/b36405f5b003015e0e77730044c8d9c045d185f38f664074b8a49c0e7c8572d4.jpg,ComplexDataLab/OpenFake,medium,0,0.04280134662985802,0.4,0
b378ec49cb60dd9af8b1727bfa0591eb48083ad89c7f61faf27fb4e03a5dab39,autoannotated/images/b378ec49cb60dd9af8b1727bfa0591eb48083ad89c7f61faf27fb4e03a5dab39.jpg,RRDataset,medium,0,0.4491150975227356,0.4,1
b37d7459799ec8d00492778d3fc9a0428bd613cb998c780200c1c85aaae3eaf4,autoannotated/images/b37d7459799ec8d00492778d3fc9a0428bd613cb998c780200c1c85aaae3eaf4.jpg,saberzl/SID_Set,medium,0,0.8877256512641907,0.4,1
b38c04f7602846eacfee423bdb2c72dbd767a77ab2be2a37a0e0d8959f9f0edc,autoannotated/images/b38c04f7602846eacfee423bdb2c72dbd767a77ab2be2a37a0e0d8959f9f0edc.jpg,saberzl/SID_Set,medium,0,0.21483024954795837,0.4,0
b39392ed2ca5b09387a05792ca33e49e5908886a6189c9b5b62697276ce50161,autoannotated/images/b39392ed2ca5b09387a05792ca33e49e5908886a6189c9b5b62697276ce50161.jpg,ComplexDataLab/OpenFake,medium,0,0.1788095384836197,0.4,0
b39e3fed2170bd86b1c480010a2e967f402c1a0173dd3a3f4ad90cc89d765ab3,autoannotated/images/b39e3fed2170bd86b1c480010a2e967f402c1a0173dd3a3f4ad90cc89d765ab3.jpg,ComplexDataLab/OpenFake,medium,0,0.02001764439046383,0.4,0
b3d1bb16ea1c0061e8c33af534436e19f5010a953950bdbab3e5b8e32aa3a359,human_annotated/images/b3d1bb16ea1c0061e8c33af534436e19f5010a953950bdbab3e5b8e32aa3a359.png,RRDataset,medium,1,0.9934422969818115,0.4,1
b3f685c13c46f9d7e1ac21675ab20b57a983fc783c63678c2f16b4fecadd81d1,autoannotated/images/b3f685c13c46f9d7e1ac21675ab20b57a983fc783c63678c2f16b4fecadd81d1.png,RRDataset,medium,1,0.9874730110168457,0.4,1
b3fce137d48976ef19a1f4c472b67b2a5b457a1da0b0f12facb3276f6dbf800f,autoannotated/images/b3fce137d48976ef19a1f4c472b67b2a5b457a1da0b0f12facb3276f6dbf800f.jpg,ComplexDataLab/OpenFake,medium,0,0.0009116624132730067,0.4,0
b42a6f3615b16533332fdb72baef29c550735b2714be64eb0d24f339489f4533,autoannotated/images/b42a6f3615b16533332fdb72baef29c550735b2714be64eb0d24f339489f4533.jpg,RRDataset,medium,0,0.9741300344467163,0.4,1
b44c9a053998797db98f9150636ced9dda2e5f916f76546f33eae271ba3274aa,human_annotated/images/b44c9a053998797db98f9150636ced9dda2e5f916f76546f33eae271ba3274aa.jpg,ComplexDataLab/OpenFake,medium,1,0.06926684826612473,0.4,0
b456c31ac936247b1cc4ac4ec9517352d4723a4ab32156d0078923ad07b7bfe6,human_annotated/images/b456c31ac936247b1cc4ac4ec9517352d4723a4ab32156d0078923ad07b7bfe6.jpg,ComplexDataLab/OpenFake,medium,0,0.1239611878991127,0.4,0
b4597167dc83abb60faaca3719f92b6da9451bc17a55b972f6c10dcd1d74addd,human_annotated/images/b4597167dc83abb60faaca3719f92b6da9451bc17a55b972f6c10dcd1d74addd.png,ComplexDataLab/OpenFake,medium,1,0.9567915797233582,0.4,1
b49ac49754b262b30bcb623611174f7de0a8b671b629e1a44060f6301063797a,autoannotated/images/b49ac49754b262b30bcb623611174f7de0a8b671b629e1a44060f6301063797a.png,ComplexDataLab/OpenFake,medium,1,0.9878467917442322,0.4,1
b4aee5b2db92b4199f8fb2cf2e0c118f26d4acbc51a24aad29d2861a1072e495,human_annotated/images/b4aee5b2db92b4199f8fb2cf2e0c118f26d4acbc51a24aad29d2861a1072e495.png,ComplexDataLab/OpenFake,medium,1,0.9584256410598755,0.4,1
b4bd8706ed1bd8820f2e682dc9acf18c6eb3cf3e4cc23f23d356ead38953987c,human_annotated/images/b4bd8706ed1bd8820f2e682dc9acf18c6eb3cf3e4cc23f23d356ead38953987c.png,ComplexDataLab/OpenFake,medium,1,0.9963210821151733,0.4,1
b4c02b8bbf42318e128de114877bd16f58ebba4f19587448425979263b9d233e,human_annotated/images/b4c02b8bbf42318e128de114877bd16f58ebba4f19587448425979263b9d233e.jpg,RRDataset,medium,0,0.26891523599624634,0.4,0
b4cb1bfb434471caa0520482813b1919efd054932892464e6e629080f029bb58,autoannotated/images/b4cb1bfb434471caa0520482813b1919efd054932892464e6e629080f029bb58.jpg,saberzl/SID_Set,medium,0,0.062264855951070786,0.4,0
b52089b34726d7967c424ced3f7da564c6e4c63711c3d107ee463526359653ac,human_annotated/images/b52089b34726d7967c424ced3f7da564c6e4c63711c3d107ee463526359653ac.jpg,ComplexDataLab/OpenFake,medium,0,0.02122960053384304,0.4,0
b52277a6d68c6f53b57d81abdc187b860a820b8652febdb623f6c122d7dc828a,autoannotated/images/b52277a6d68c6f53b57d81abdc187b860a820b8652febdb623f6c122d7dc828a.jpg,ComplexDataLab/OpenFake,medium,0,0.053290173411369324,0.4,0
b5604b7f412b9000bda678e6cbba1c1dfe5b6a1a6dc32209fe7c81bdbdda0c8c,autoannotated/images/b5604b7f412b9000bda678e6cbba1c1dfe5b6a1a6dc32209fe7c81bdbdda0c8c.jpg,RRDataset,medium,0,0.9323317408561707,0.4,1
b5641b7dd6519ece247eb0af6329fe88634d1428d29ffe55c2820103d6d0596d,human_annotated/images/b5641b7dd6519ece247eb0af6329fe88634d1428d29ffe55c2820103d6d0596d.png,RRDataset,medium,1,0.9901010990142822,0.4,1
b56f030b95a6fe2ebe04e155958f88dd2faf0001ceaad2805fdcf6fde6fa4987,human_annotated/images/b56f030b95a6fe2ebe04e155958f88dd2faf0001ceaad2805fdcf6fde6fa4987.png,RRDataset,medium,1,0.765661358833313,0.4,1
b573859bf86b52f543da2000a952ecb5f3960a141bdbf79d2fd57bf77acfd44e,autoannotated/images/b573859bf86b52f543da2000a952ecb5f3960a141bdbf79d2fd57bf77acfd44e.png,ComplexDataLab/OpenFake,medium,1,0.9833101630210876,0.4,1
b58a25d6c28ba354ed0b913bb14ce07dc3cf26a4bd9ffed6884266e510f7b4a3,autoannotated/images/b58a25d6c28ba354ed0b913bb14ce07dc3cf26a4bd9ffed6884266e510f7b4a3.png,RRDataset,medium,1,0.9274444580078125,0.4,1
b58f153de4bf3b429398a83d2789fca8c68ef4f90bbcfae26b3208bf36f307a0,autoannotated/images/b58f153de4bf3b429398a83d2789fca8c68ef4f90bbcfae26b3208bf36f307a0.png,RRDataset,medium,1,0.7981445789337158,0.4,1
b5b8d3471d85414511abe85c2808c515b9c05e10ce5eeb034eae6232750e7870,human_annotated/images/b5b8d3471d85414511abe85c2808c515b9c05e10ce5eeb034eae6232750e7870.jpg,RRDataset,medium,0,0.994598388671875,0.4,1
b5cd6d04d6f1749674abb50c0633c2aadaaa2344908aede43a947207eee7bed4,human_annotated/images/b5cd6d04d6f1749674abb50c0633c2aadaaa2344908aede43a947207eee7bed4.png,saberzl/SID_Set,medium,1,0.991797685623169,0.4,1
b5d9237b6cdbaa904acd88739454e6f652b8a206f787a825be9c95dd2b515cf7,autoannotated/images/b5d9237b6cdbaa904acd88739454e6f652b8a206f787a825be9c95dd2b515cf7.jpg,RRDataset,medium,0,0.3708168566226959,0.4,0
b5ebdbf92e893e49eb8f71b10c8efecfe02c9aca91d4e7245e37afe52753b230,autoannotated/images/b5ebdbf92e893e49eb8f71b10c8efecfe02c9aca91d4e7245e37afe52753b230.jpg,saberzl/SID_Set,medium,0,0.06563697010278702,0.4,0
b60bc857fa5872d459818ce1c7f3c845986fd8b77a1f0a0937ca09ae2f5f6959,autoannotated/images/b60bc857fa5872d459818ce1c7f3c845986fd8b77a1f0a0937ca09ae2f5f6959.png,RRDataset,medium,1,0.9172436594963074,0.4,1
b63735d990e0ccb253dc1227489b870fd181c591fcb29f940bdee85c8a772525,human_annotated/images/b63735d990e0ccb253dc1227489b870fd181c591fcb29f940bdee85c8a772525.jpg,ComplexDataLab/OpenFake,medium,0,0.0028919961769133806,0.4,0
b657d0d14effde4d94e572d48f154d76880ad947cdfa780e06c47fa41e7ecd21,autoannotated/images/b657d0d14effde4d94e572d48f154d76880ad947cdfa780e06c47fa41e7ecd21.jpg,ComplexDataLab/OpenFake,medium,0,0.050346389412879944,0.4,0
b67d959293387352e0d38c8e9f7c97a03d6cbb155148fb9721d840fff1d8485c,autoannotated/images/b67d959293387352e0d38c8e9f7c97a03d6cbb155148fb9721d840fff1d8485c.jpg,ComplexDataLab/OpenFake,medium,0,0.24811655282974243,0.4,0
b6945a02c93e539c26d84ff9f6524134f54f33cff10b3ac4aa6662a5c92fc26d,autoannotated/images/b6945a02c93e539c26d84ff9f6524134f54f33cff10b3ac4aa6662a5c92fc26d.jpg,ComplexDataLab/OpenFake,medium,0,0.008346048183739185,0.4,0
b6948df158882bace7224702be0692131022109236cc299c7d5e2af962909844,autoannotated/images/b6948df158882bace7224702be0692131022109236cc299c7d5e2af962909844.jpg,ComplexDataLab/OpenFake,medium,0,0.7734415531158447,0.4,1
b6a5c056f8c488adf17123df17e510cbc2cf90255970526291cb7b5f4848d6cf,autoannotated/images/b6a5c056f8c488adf17123df17e510cbc2cf90255970526291cb7b5f4848d6cf.jpg,ComplexDataLab/OpenFake,medium,0,0.1466282457113266,0.4,0
b6c6c41f6a673739a3914f18e14e498f51f14b3037017c93851e260671c16a44,autoannotated/images/b6c6c41f6a673739a3914f18e14e498f51f14b3037017c93851e260671c16a44.jpg,ComplexDataLab/OpenFake,medium,0,0.017551565542817116,0.4,0
b6d03063921ef50a5f57d336073b86a6e8c5c1bc298eedc91857a3139b6501df,autoannotated/images/b6d03063921ef50a5f57d336073b86a6e8c5c1bc298eedc91857a3139b6501df.png,RRDataset,medium,1,0.9917409420013428,0.4,1
b6d9a53c857299f1ab95f183b73bc5ce1274bbe651bdcb8f5950a579ea93726a,autoannotated/images/b6d9a53c857299f1ab95f183b73bc5ce1274bbe651bdcb8f5950a579ea93726a.png,RRDataset,medium,1,0.999150276184082,0.4,1
b6dd00d6191e8590c2eeaaf374d99f482376b4749c0f0cd2625be98ee5890722,autoannotated/images/b6dd00d6191e8590c2eeaaf374d99f482376b4749c0f0cd2625be98ee5890722.png,saberzl/SID_Set,medium,1,0.9796251058578491,0.4,1
b6e9cafa167867723d906567b1ae27e2047ff4a1a8ae6a558c62d4efb153a0bb,autoannotated/images/b6e9cafa167867723d906567b1ae27e2047ff4a1a8ae6a558c62d4efb153a0bb.jpg,saberzl/SID_Set,medium,0,0.31020262837409973,0.4,0
b77dcbd666f8331082a2fbe8392d0eca1b3095ac0a77c3115c4d02670f909f23,autoannotated/images/b77dcbd666f8331082a2fbe8392d0eca1b3095ac0a77c3115c4d02670f909f23.jpg,saberzl/SID_Set,medium,0,0.036143120378255844,0.4,0
b792f31db8e7fb0a35871cd048eece8303c42f8fef1731a514fde904e68ff708,autoannotated/images/b792f31db8e7fb0a35871cd048eece8303c42f8fef1731a514fde904e68ff708.jpg,ComplexDataLab/OpenFake,medium,0,0.1389327347278595,0.4,0
b7972fb4a595680a7ab2bda6046935ed65d5e99eb892491e7552199f56333527,human_annotated/images/b7972fb4a595680a7ab2bda6046935ed65d5e99eb892491e7552199f56333527.jpg,RRDataset,medium,0,0.2034010887145996,0.4,0
b7b04b65b39c02404ee447c89c82e217f543ea22fea5b8ce7cb5bea08d6fa3c7,autoannotated/images/b7b04b65b39c02404ee447c89c82e217f543ea22fea5b8ce7cb5bea08d6fa3c7.png,ComplexDataLab/OpenFake,medium,1,0.6118632555007935,0.4,1
b7c2567f352d9c6dfb927d2338e2b989cf338f95af2acb300d5182cd1b20326c,autoannotated/images/b7c2567f352d9c6dfb927d2338e2b989cf338f95af2acb300d5182cd1b20326c.png,ComplexDataLab/OpenFake,medium,1,0.992712140083313,0.4,1
b7c56f11f38d0479034ed4c3e58e1d03d41aa17599f42b8a1e2a6f8a7a472261,autoannotated/images/b7c56f11f38d0479034ed4c3e58e1d03d41aa17599f42b8a1e2a6f8a7a472261.png,ComplexDataLab/OpenFake,medium,1,0.9733823537826538,0.4,1
b7de72ac0879563f66995e729ab90abacddc3bb63356c2fc4a4020a86139a2a4,autoannotated/images/b7de72ac0879563f66995e729ab90abacddc3bb63356c2fc4a4020a86139a2a4.png,RRDataset,medium,1,0.9872428178787231,0.4,1
b7fb96df6e6865de4269d930ec4276a00ed6f55a8b13464732548a52c73bf8ef,autoannotated/images/b7fb96df6e6865de4269d930ec4276a00ed6f55a8b13464732548a52c73bf8ef.png,RRDataset,medium,1,0.9941754937171936,0.4,1
b810e0e63467822367af849f49d0e96e92cc5fdd5672b79a7a60ade4fc7a4fd3,autoannotated/images/b810e0e63467822367af849f49d0e96e92cc5fdd5672b79a7a60ade4fc7a4fd3.jpg,RRDataset,medium,0,0.5442624092102051,0.4,1
b8134878210c7ed4e1c6477214d421fc62ad6d8a27d38ed33e45b81f818ae4a7,autoannotated/images/b8134878210c7ed4e1c6477214d421fc62ad6d8a27d38ed33e45b81f818ae4a7.png,saberzl/SID_Set,medium,1,0.9021401405334473,0.4,1
b82aee2afb308019e6b1794d49d8e48eb391d1cbd4d60f8b5e543110fce82b14,autoannotated/images/b82aee2afb308019e6b1794d49d8e48eb391d1cbd4d60f8b5e543110fce82b14.png,ComplexDataLab/OpenFake,medium,1,0.6347581148147583,0.4,1
b82e3bc65d20bfd98d9c60fa81073d9d792bcda9787341df51eb7c8af1be3acd,autoannotated/images/b82e3bc65d20bfd98d9c60fa81073d9d792bcda9787341df51eb7c8af1be3acd.jpg,RRDataset,medium,0,0.9914416670799255,0.4,1
b8408cf36e910e197812cccdfec8839a1b56e42adc555e631869aee8b850e6b8,autoannotated/images/b8408cf36e910e197812cccdfec8839a1b56e42adc555e631869aee8b850e6b8.png,RRDataset,medium,1,0.9344871640205383,0.4,1
b8458bdcad8e15399844d58bda23312b744156dcdb620e84e1b12a205b472707,human_annotated/images/b8458bdcad8e15399844d58bda23312b744156dcdb620e84e1b12a205b472707.jpg,ComplexDataLab/OpenFake,medium,1,0.21148960292339325,0.4,0
b84aeb44d07ddd976764fb43760e93d4d07c41cdd99f817a83334721756179ce,human_annotated/images/b84aeb44d07ddd976764fb43760e93d4d07c41cdd99f817a83334721756179ce.jpg,saberzl/SID_Set,medium,0,0.1879866123199463,0.4,0
b87fc9aa50921072d678af214c0f88b226150f0c5ee6ac359b2373f428110b5f,autoannotated/images/b87fc9aa50921072d678af214c0f88b226150f0c5ee6ac359b2373f428110b5f.png,RRDataset,medium,1,0.9993504881858826,0.4,1
b897d8ac22caf227715ef9c27faef9a4005d939a1ee489aeee23bc2cc83ed8d8,autoannotated/images/b897d8ac22caf227715ef9c27faef9a4005d939a1ee489aeee23bc2cc83ed8d8.png,RRDataset,medium,1,0.8731942772865295,0.4,1
b8a93add3b8274875818780f58d918a8ef1209e749b2742c1b44989c1582cd43,human_annotated/images/b8a93add3b8274875818780f58d918a8ef1209e749b2742c1b44989c1582cd43.png,ComplexDataLab/OpenFake,medium,1,0.466035395860672,0.4,1
b8d15cb5db5e44e22429599c4b4b4ae76c368bc14a664a9255e5fd0dc94faa08,human_annotated/images/b8d15cb5db5e44e22429599c4b4b4ae76c368bc14a664a9255e5fd0dc94faa08.jpg,ComplexDataLab/OpenFake,medium,0,0.0008080500992946327,0.4,0
b8d956c3fb03608bc327b23a40768f99574fa212532c6a8ed5a419f16bbd9f3d,autoannotated/images/b8d956c3fb03608bc327b23a40768f99574fa212532c6a8ed5a419f16bbd9f3d.jpg,ComplexDataLab/OpenFake,medium,0,0.010651098564267159,0.4,0
b8db655f02b94485fd52b7156ea6c6d7f4a1b2c73757857add89391b4a939f0b,autoannotated/images/b8db655f02b94485fd52b7156ea6c6d7f4a1b2c73757857add89391b4a939f0b.jpg,ComplexDataLab/OpenFake,medium,0,0.04240686073899269,0.4,0
b906e53c6f5e82d5ab095a626cf8b41f7dd1c060efec086d44710bd839247d24,autoannotated/images/b906e53c6f5e82d5ab095a626cf8b41f7dd1c060efec086d44710bd839247d24.jpg,ComplexDataLab/OpenFake,medium,0,0.6012817621231079,0.4,1
b91e206a6a6165fbe2f5097e044035885b81588a24a8f3110dfda3e7a172bc04,human_annotated/images/b91e206a6a6165fbe2f5097e044035885b81588a24a8f3110dfda3e7a172bc04.png,RRDataset,medium,1,0.9904342889785767,0.4,1
b93c7476d73a628c19e3c337626e9ae1e61a6710710e4735a41d0a2efc57cc0a,autoannotated/images/b93c7476d73a628c19e3c337626e9ae1e61a6710710e4735a41d0a2efc57cc0a.png,ComplexDataLab/OpenFake,medium,1,0.9871867895126343,0.4,1
b9554a9f45f8755273ffe7a48e4636c005f683314cad4e094fb2189510975161,autoannotated/images/b9554a9f45f8755273ffe7a48e4636c005f683314cad4e094fb2189510975161.jpg,ComplexDataLab/OpenFake,medium,0,0.00523513276129961,0.4,0
b983e6382417896683aaf320cb55ee2d6f21cee6a833b55b6aae6e4f72e211c6,autoannotated/images/b983e6382417896683aaf320cb55ee2d6f21cee6a833b55b6aae6e4f72e211c6.jpg,RRDataset,medium,0,0.9567198753356934,0.4,1
b995e411df5d86c75b618d51cc89343ad565dd23c7744b19d755fbebbb91b8be,autoannotated/images/b995e411df5d86c75b618d51cc89343ad565dd23c7744b19d755fbebbb91b8be.png,saberzl/SID_Set,medium,1,0.9874419569969177,0.4,1
b99a4d8dcbab4de120fabe29606bc536fb7959a8d968fe9114a215d988af7d38,human_annotated/images/b99a4d8dcbab4de120fabe29606bc536fb7959a8d968fe9114a215d988af7d38.webp,ComplexDataLab/OpenFake,medium,1,0.15971682965755463,0.4,0
b99d0e9a67df3c1eb2173138810df50f5a61c39c31e746f0b3078fba5a22adf8,autoannotated/images/b99d0e9a67df3c1eb2173138810df50f5a61c39c31e746f0b3078fba5a22adf8.jpg,ComplexDataLab/OpenFake,medium,0,0.0041573867201805115,0.4,0
b9a4c4ffb8e7379f308ddbeca682765246039dc08eaf7b432a788c3fe81010cb,autoannotated/images/b9a4c4ffb8e7379f308ddbeca682765246039dc08eaf7b432a788c3fe81010cb.png,ComplexDataLab/OpenFake,medium,1,0.9928184747695923,0.4,1
ba1a70f119ab02530a3ae31a2fcd19fb2d94a77ef5ccf98733ebc8193194b671,autoannotated/images/ba1a70f119ab02530a3ae31a2fcd19fb2d94a77ef5ccf98733ebc8193194b671.png,RRDataset,medium,1,0.9137744307518005,0.4,1
ba3559b3e0f7b7792ff682688f131919a2ac67b945caeba2e9f166b4411aa93f,autoannotated/images/ba3559b3e0f7b7792ff682688f131919a2ac67b945caeba2e9f166b4411aa93f.jpg,saberzl/SID_Set,medium,0,0.19022443890571594,0.4,0
ba39b106206997025ec9b50e0a7d42b26dcf1ecc27ce0a3e01163f141c88bd09,human_annotated/images/ba39b106206997025ec9b50e0a7d42b26dcf1ecc27ce0a3e01163f141c88bd09.jpg,ComplexDataLab/OpenFake,medium,0,0.8580518364906311,0.4,1
ba39eff05727c0645b89f0e4c64dcde6d90a0d33dfc9e095c722c0983e10d056,autoannotated/images/ba39eff05727c0645b89f0e4c64dcde6d90a0d33dfc9e095c722c0983e10d056.jpg,saberzl/SID_Set,medium,0,0.14915011823177338,0.4,0
ba54696c0e84b77fa815b730c32817576300a918349557e1613bfe475a288b7a,autoannotated/images/ba54696c0e84b77fa815b730c32817576300a918349557e1613bfe475a288b7a.png,saberzl/SID_Set,medium,1,0.9504119753837585,0.4,1
bad2eb561e967dcbecc626158803fb60907c1d9340e655543b0323a017a4ebac,autoannotated/images/bad2eb561e967dcbecc626158803fb60907c1d9340e655543b0323a017a4ebac.png,saberzl/SID_Set,medium,1,0.9893074631690979,0.4,1
bad9c0cc13d6fa31c29ddf5de476661319cfc23d9eca3490a790d28eaa1f2482,autoannotated/images/bad9c0cc13d6fa31c29ddf5de476661319cfc23d9eca3490a790d28eaa1f2482.jpg,RRDataset,medium,0,0.9320572018623352,0.4,1
baeaf9465db8b18ce85e4e9be4dd0f70ec54b54c72dd61c7785c169c133edbcb,autoannotated/images/baeaf9465db8b18ce85e4e9be4dd0f70ec54b54c72dd61c7785c169c133edbcb.jpg,RRDataset,medium,0,0.8116999268531799,0.4,1
baf37c94d08d621bcd57d1362ecaea04634e38e8cfaceb2eed20e2cd1cd0d554,autoannotated/images/baf37c94d08d621bcd57d1362ecaea04634e38e8cfaceb2eed20e2cd1cd0d554.png,RRDataset,medium,1,0.9692153334617615,0.4,1
baf4e340d006eff83cd83fe4abff8956937133d431eeb71c63610c052aeebc69,autoannotated/images/baf4e340d006eff83cd83fe4abff8956937133d431eeb71c63610c052aeebc69.png,saberzl/SID_Set,medium,1,0.9885699152946472,0.4,1
bafe20e9c999f953a9b97c829326e5c0d5414184bb76f5440d533420808489f7,autoannotated/images/bafe20e9c999f953a9b97c829326e5c0d5414184bb76f5440d533420808489f7.png,saberzl/SID_Set,medium,1,0.8095002770423889,0.4,1
bb02e5d4d59f095b00cd2844b129aeab7f23f014d53562e57321e49c87d9a0e9,human_annotated/images/bb02e5d4d59f095b00cd2844b129aeab7f23f014d53562e57321e49c87d9a0e9.jpg,RRDataset,medium,0,0.34732940793037415,0.4,0
bb04174781ef7a9ad459cb8527c5b406be335341da42094d4c0dffc574c4a744,autoannotated/images/bb04174781ef7a9ad459cb8527c5b406be335341da42094d4c0dffc574c4a744.png,RRDataset,medium,1,0.9022731184959412,0.4,1
bb097c1f48d9a2fabe5e6d92cf3696dde4d0cdc28f6a42e3063b9f6f18c75035,autoannotated/images/bb097c1f48d9a2fabe5e6d92cf3696dde4d0cdc28f6a42e3063b9f6f18c75035.jpg,ComplexDataLab/OpenFake,medium,0,0.04863421991467476,0.4,0
bb1c594760514a8c7c94401811ddc6c73e6efbf22a1dcafa5d2dbb493e4927c8,human_annotated/images/bb1c594760514a8c7c94401811ddc6c73e6efbf22a1dcafa5d2dbb493e4927c8.jpg,ComplexDataLab/OpenFake,medium,0,0.0017579760169610381,0.4,0
bb2c47d1f0af52f3e11d36cef8778ecbc7faa5a6630a25244706d808cebcde66,autoannotated/images/bb2c47d1f0af52f3e11d36cef8778ecbc7faa5a6630a25244706d808cebcde66.jpg,saberzl/SID_Set,medium,0,0.2580530643463135,0.4,0
bb3317c556901bc8495f173708bea67e57fbd3d18e1941a9b0d8d2c41a18b040,autoannotated/images/bb3317c556901bc8495f173708bea67e57fbd3d18e1941a9b0d8d2c41a18b040.jpg,RRDataset,medium,0,0.8691291809082031,0.4,1
bb452f100bcf65a01360a3cbe810c2b2c6620a8cfe1ef2e44b34367a8c968d43,human_annotated/images/bb452f100bcf65a01360a3cbe810c2b2c6620a8cfe1ef2e44b34367a8c968d43.png,RRDataset,medium,1,0.9969170093536377,0.4,1
bb7a2b540cb52c08244c6ecaeb67d23dc2617a1178da09aa3746103e0db830a2,autoannotated/images/bb7a2b540cb52c08244c6ecaeb67d23dc2617a1178da09aa3746103e0db830a2.jpg,RRDataset,medium,0,0.9147207140922546,0.4,1
bb832fd2886ee62af8865ab172f8901a2f02cb3a1a10009f48af26578854b211,autoannotated/images/bb832fd2886ee62af8865ab172f8901a2f02cb3a1a10009f48af26578854b211.jpg,saberzl/SID_Set,medium,0,0.0409105084836483,0.4,0
bb8b7f0ca2565c21816a58654b6d02f734f362778d1ee36bdc199f1fbe3417b9,autoannotated/images/bb8b7f0ca2565c21816a58654b6d02f734f362778d1ee36bdc199f1fbe3417b9.png,ComplexDataLab/OpenFake,medium,1,0.9909260272979736,0.4,1
bba84667d3fc8a3e4e4116813d1316e8da022f784d19079017db1fb95a8e0f26,autoannotated/images/bba84667d3fc8a3e4e4116813d1316e8da022f784d19079017db1fb95a8e0f26.jpg,ComplexDataLab/OpenFake,medium,0,0.0075271413661539555,0.4,0
bbdb40931105eade06538cc8931170800afe345f089888d22cbc49115087de81,autoannotated/images/bbdb40931105eade06538cc8931170800afe345f089888d22cbc49115087de81.png,ComplexDataLab/OpenFake,medium,1,0.9971107244491577,0.4,1
bbe8b17188ce586b729827c3c98b7cc82c2d3bd3be968cc89ecf85df2db7ecf6,autoannotated/images/bbe8b17188ce586b729827c3c98b7cc82c2d3bd3be968cc89ecf85df2db7ecf6.png,ComplexDataLab/OpenFake,medium,1,0.37664783000946045,0.4,0
bc194397e108f8b6ccf35d2cece6a82f89435563d0a9c869a03b9931d21827f4,autoannotated/images/bc194397e108f8b6ccf35d2cece6a82f89435563d0a9c869a03b9931d21827f4.png,saberzl/SID_Set,medium,1,0.9613303542137146,0.4,1
bc5bf365c50be360233e3174d2d7a074f1039738692e3d51f78c062ee010786a,autoannotated/images/bc5bf365c50be360233e3174d2d7a074f1039738692e3d51f78c062ee010786a.jpg,saberzl/SID_Set,medium,0,0.00010306181502528489,0.4,0
bc621b45a1d58ea68d9d3dc2b1716506503e867c7a9cf1f865ecb2c733b33134,autoannotated/images/bc621b45a1d58ea68d9d3dc2b1716506503e867c7a9cf1f865ecb2c733b33134.png,saberzl/SID_Set,medium,1,0.8761269450187683,0.4,1
bc66daccc5e4ee5b8134e33319620871c7cd212d19e28eea63598188a76566cd,human_annotated/images/bc66daccc5e4ee5b8134e33319620871c7cd212d19e28eea63598188a76566cd.png,saberzl/SID_Set,medium,1,0.9659208059310913,0.4,1
bc7ae30c447e5d10b5d003d60e88b0cf75b878b27705cc8dd5f4ca0e5d90f5df,autoannotated/images/bc7ae30c447e5d10b5d003d60e88b0cf75b878b27705cc8dd5f4ca0e5d90f5df.jpg,ComplexDataLab/OpenFake,medium,0,0.04221575707197189,0.4,0
bc7e84e04cb445baaa2a741d52eb59b20943938a62e1524540bf61cd82e78872,autoannotated/images/bc7e84e04cb445baaa2a741d52eb59b20943938a62e1524540bf61cd82e78872.jpg,ComplexDataLab/OpenFake,medium,0,0.027440300211310387,0.4,0
bc8eed041ec1682b6835168b0f0dc51a2f2a334bcbd912de98a55eedc7fe598a,human_annotated/images/bc8eed041ec1682b6835168b0f0dc51a2f2a334bcbd912de98a55eedc7fe598a.png,ComplexDataLab/OpenFake,medium,1,0.9549707174301147,0.4,1
bc8f5fd196165fabf84d5c19e26ecadd2011ee3ed5b2af10d3aacc62f50aaefe,autoannotated/images/bc8f5fd196165fabf84d5c19e26ecadd2011ee3ed5b2af10d3aacc62f50aaefe.jpg,ComplexDataLab/OpenFake,medium,0,0.8439598083496094,0.4,1
bc90882595ef874581b47d8ec69415451d4d6097809a24e2a297b922530f1ca6,autoannotated/images/bc90882595ef874581b47d8ec69415451d4d6097809a24e2a297b922530f1ca6.jpg,ComplexDataLab/OpenFake,medium,0,0.013119066134095192,0.4,0
bc9520ce41e27a2309067b0e9dafc6aade6e0d44eab801907575c1b44ba538cc,autoannotated/images/bc9520ce41e27a2309067b0e9dafc6aade6e0d44eab801907575c1b44ba538cc.jpg,RRDataset,medium,1,0.5058320760726929,0.4,1
bcc2891344af1ca8ab8fc491c8f6d8b860ac7eaf528f9242885938af0fbd4b37,autoannotated/images/bcc2891344af1ca8ab8fc491c8f6d8b860ac7eaf528f9242885938af0fbd4b37.jpg,ComplexDataLab/OpenFake,medium,0,0.9501290917396545,0.4,1
bce0347144deee1d01dbe38ec2a48b46978406bcc61dcfb226f84bdeea2093e9,human_annotated/images/bce0347144deee1d01dbe38ec2a48b46978406bcc61dcfb226f84bdeea2093e9.png,ComplexDataLab/OpenFake,medium,1,0.7130500078201294,0.4,1
bcfe5b4b191d23fd4a65e014e91c78162f1e934b01f3f7cba523b5c81dc59438,human_annotated/images/bcfe5b4b191d23fd4a65e014e91c78162f1e934b01f3f7cba523b5c81dc59438.png,RRDataset,medium,1,0.9995680451393127,0.4,1
bd05cc98a020f538fcc2158c16653c0d556946e68fae83d6776c0a65e7ea0040,human_annotated/images/bd05cc98a020f538fcc2158c16653c0d556946e68fae83d6776c0a65e7ea0040.jpg,saberzl/SID_Set,medium,0,0.3619178235530853,0.4,0
bd18fb8c67bdcfb38d4e410c079be3670ee1daf448a403b9e827b7f464b62627,autoannotated/images/bd18fb8c67bdcfb38d4e410c079be3670ee1daf448a403b9e827b7f464b62627.png,ComplexDataLab/OpenFake,medium,1,0.9188482761383057,0.4,1
bd2c64d2b71f34752e28190483d7b8d837d70d0d5dff5cac2b63b8a7dfb0fb94,human_annotated/images/bd2c64d2b71f34752e28190483d7b8d837d70d0d5dff5cac2b63b8a7dfb0fb94.jpg,RRDataset,medium,0,0.02706645429134369,0.4,0
bd4b219399d7fbc654f52c0fa8aa3b7c1feb211f41d4b4e8dabfccf779a0ab4e,autoannotated/images/bd4b219399d7fbc654f52c0fa8aa3b7c1feb211f41d4b4e8dabfccf779a0ab4e.png,saberzl/SID_Set,medium,1,0.9963022470474243,0.4,1
bd646544d1bedb8035c3980700018b7bef78b5e7416b6433f682568bbe9bbdcf,autoannotated/images/bd646544d1bedb8035c3980700018b7bef78b5e7416b6433f682568bbe9bbdcf.png,saberzl/SID_Set,medium,1,0.9284521341323853,0.4,1
bd65e5033f2e3adba71acb867e82e77c2a5d17bdc6bad76292652c1e3c539796,autoannotated/images/bd65e5033f2e3adba71acb867e82e77c2a5d17bdc6bad76292652c1e3c539796.png,ComplexDataLab/OpenFake,medium,1,0.779002845287323,0.4,1
bd7468a900ffedc02cbf783f68394ecb35d7425c554e97beb576c0b06e659133,human_annotated/images/bd7468a900ffedc02cbf783f68394ecb35d7425c554e97beb576c0b06e659133.jpg,ComplexDataLab/OpenFake,medium,1,0.7089313864707947,0.4,1
bd773cf15c84d53a56b80a27c31f1235f9166a2dadcf9ebf2afa5610e20da22c,human_annotated/images/bd773cf15c84d53a56b80a27c31f1235f9166a2dadcf9ebf2afa5610e20da22c.jpg,ComplexDataLab/OpenFake,medium,0,0.9122068881988525,0.4,1
bd826c35fabe791a86968bafed22d709ed8026979363a4dd758b03967afe6350,autoannotated/images/bd826c35fabe791a86968bafed22d709ed8026979363a4dd758b03967afe6350.png,ComplexDataLab/OpenFake,medium,1,0.6354093551635742,0.4,1
bd9e72d1b6d15ac87726d5f3595982b2cd896fd3425804185b8bfa1061294290,autoannotated/images/bd9e72d1b6d15ac87726d5f3595982b2cd896fd3425804185b8bfa1061294290.jpg,saberzl/SID_Set,medium,0,0.10146621614694595,0.4,0
bdb3cd6886de35bb4b2179d6f4f681bf64351a8d9fec03ea17c99972803c66ef,autoannotated/images/bdb3cd6886de35bb4b2179d6f4f681bf64351a8d9fec03ea17c99972803c66ef.png,saberzl/SID_Set,medium,1,0.8711888790130615,0.4,1
bdb5b374f494146621382d746ea377dbcaa8fb510bc694739e330b9113e71dd6,autoannotated/images/bdb5b374f494146621382d746ea377dbcaa8fb510bc694739e330b9113e71dd6.jpg,ComplexDataLab/OpenFake,medium,1,0.9516016244888306,0.4,1
bdbfa48fa13d55c1b58ee3dee84505c9f01d05fef34ad051d721b1f6795e0bab,autoannotated/images/bdbfa48fa13d55c1b58ee3dee84505c9f01d05fef34ad051d721b1f6795e0bab.jpg,ComplexDataLab/OpenFake,medium,0,0.6083165407180786,0.4,1
bdeae710998d4caeb004462816a1019a352b2038d813ef4db39735997ab01ef2,autoannotated/images/bdeae710998d4caeb004462816a1019a352b2038d813ef4db39735997ab01ef2.jpg,ComplexDataLab/OpenFake,medium,1,0.535444974899292,0.4,1
bdf62bcc6770dfc1d3883083f0da0553191e5cbdc22eff0b5f20b6715c6e841b,autoannotated/images/bdf62bcc6770dfc1d3883083f0da0553191e5cbdc22eff0b5f20b6715c6e841b.png,saberzl/SID_Set,medium,1,0.9866428375244141,0.4,1
be106d82779d2562da9577c3a88557a32c51b57071101d556fee432f866e3635,autoannotated/images/be106d82779d2562da9577c3a88557a32c51b57071101d556fee432f866e3635.png,RRDataset,medium,1,0.6485114097595215,0.4,1
be1f5254dc34553f2e58c10a8aea0c50099068af3133ccba6e4d837d3df1bfc4,autoannotated/images/be1f5254dc34553f2e58c10a8aea0c50099068af3133ccba6e4d837d3df1bfc4.png,ComplexDataLab/OpenFake,medium,1,0.9286990761756897,0.4,1
be33831209738199210ae60e7d5ad343fe84d1425a79ee92789caf882072276e,autoannotated/images/be33831209738199210ae60e7d5ad343fe84d1425a79ee92789caf882072276e.jpg,ComplexDataLab/OpenFake,medium,0,0.0057852547615766525,0.4,0
be5cd04fe936da1ecd2c8d010d0d524bfb27b363f21c131fb2db45d2ad7c8d08,autoannotated/images/be5cd04fe936da1ecd2c8d010d0d524bfb27b363f21c131fb2db45d2ad7c8d08.png,ComplexDataLab/OpenFake,medium,1,0.99913090467453,0.4,1
be62b4dec746e798b332c77f65f7022abc7f283c8d59eea729255bf4653e32e5,autoannotated/images/be62b4dec746e798b332c77f65f7022abc7f283c8d59eea729255bf4653e32e5.jpg,ComplexDataLab/OpenFake,medium,0,0.08923154324293137,0.4,0
be6559890cc95c081e87d1205248fa045cbf7f6f55d6ba16880d17d8f99f68c2,autoannotated/images/be6559890cc95c081e87d1205248fa045cbf7f6f55d6ba16880d17d8f99f68c2.png,saberzl/SID_Set,medium,1,0.9821400046348572,0.4,1
be65741ad4879e310a643b4e17c0d9e34a4826fa49543cdada6a69bf635c9cb4,autoannotated/images/be65741ad4879e310a643b4e17c0d9e34a4826fa49543cdada6a69bf635c9cb4.jpg,ComplexDataLab/OpenFake,medium,1,0.9307624101638794,0.4,1
be68db324af6488fb91dfcdd0daddaff6b26728ee67e41b1b477c9d2c1bd7f63,autoannotated/images/be68db324af6488fb91dfcdd0daddaff6b26728ee67e41b1b477c9d2c1bd7f63.jpg,RRDataset,medium,0,0.19320598244667053,0.4,0
be6c4b269eb70b11fbb8acdf66179d54ce1172341cceb727d5fbe105e1e0f71c,autoannotated/images/be6c4b269eb70b11fbb8acdf66179d54ce1172341cceb727d5fbe105e1e0f71c.png,saberzl/SID_Set,medium,1,0.9840784072875977,0.4,1
be91ff23e3eda77d35510cd8754c57d6d2437611e18e7bb561e6d343fd9398a6,autoannotated/images/be91ff23e3eda77d35510cd8754c57d6d2437611e18e7bb561e6d343fd9398a6.png,ComplexDataLab/OpenFake,medium,1,0.9757551550865173,0.4,1
be988cd479aecc49a4d8c248cd296c20ab8fa74b711fe95de0eeab1078e9af48,autoannotated/images/be988cd479aecc49a4d8c248cd296c20ab8fa74b711fe95de0eeab1078e9af48.png,ComplexDataLab/OpenFake,medium,1,0.318083256483078,0.4,0
bebbb0ed484c4826be2d28370b8d0ae0f525f7d321432655d09f71c881f80b1f,autoannotated/images/bebbb0ed484c4826be2d28370b8d0ae0f525f7d321432655d09f71c881f80b1f.png,saberzl/SID_Set,medium,1,0.997369647026062,0.4,1
bedac26db0675db7d6bf45a495b6ac641e219d193260e587d7833a128b147737,autoannotated/images/bedac26db0675db7d6bf45a495b6ac641e219d193260e587d7833a128b147737.jpg,RRDataset,medium,0,0.8525746464729309,0.4,1
bee7dc93465c29e715914999fcae336458da2f66f6504f2281b1c961ca9215d0,autoannotated/images/bee7dc93465c29e715914999fcae336458da2f66f6504f2281b1c961ca9215d0.jpg,saberzl/SID_Set,medium,0,0.025815390050411224,0.4,0
beea8e894360787abaf73d0cadfb6848de6a6f9ff87bc0e2b1923f0c5ab9f961,autoannotated/images/beea8e894360787abaf73d0cadfb6848de6a6f9ff87bc0e2b1923f0c5ab9f961.png,saberzl/SID_Set,medium,1,0.9761146306991577,0.4,1
befae92a3426d61b81393aeecfb8dc2f19325546e954157dcfce1218848d077b,autoannotated/images/befae92a3426d61b81393aeecfb8dc2f19325546e954157dcfce1218848d077b.png,RRDataset,medium,1,0.9987371563911438,0.4,1
bf2edbc0a9708e8a8cde5901e2c2cafb065b2f722c53f93c617a01278de75e66,autoannotated/images/bf2edbc0a9708e8a8cde5901e2c2cafb065b2f722c53f93c617a01278de75e66.png,RRDataset,medium,1,0.9568182229995728,0.4,1
bf3fc7c506de6b43ccc85a0067a8aab0422e6ae97ff1331a7d357138f1558243,human_annotated/images/bf3fc7c506de6b43ccc85a0067a8aab0422e6ae97ff1331a7d357138f1558243.jpg,ComplexDataLab/OpenFake,medium,0,0.6903849840164185,0.4,1
bf4d8af134119a4750e50544cf68d72e4c66aadfb35ea71b230f8ea6e01f9b25,autoannotated/images/bf4d8af134119a4750e50544cf68d72e4c66aadfb35ea71b230f8ea6e01f9b25.jpg,ComplexDataLab/OpenFake,medium,0,0.00043972261482849717,0.4,0
bf60ebe3dd703c0013c53b9961ba2fdf87c107f2fb44e4eff163c9b23344d641,autoannotated/images/bf60ebe3dd703c0013c53b9961ba2fdf87c107f2fb44e4eff163c9b23344d641.jpg,RRDataset,medium,0,0.5119434595108032,0.4,1
bf7158fbc8504a51a0cf1eb2119bae19382876dffa77ad331e68c5d48d4452f5,autoannotated/images/bf7158fbc8504a51a0cf1eb2119bae19382876dffa77ad331e68c5d48d4452f5.png,ComplexDataLab/OpenFake,medium,1,0.8576457500457764,0.4,1
bf8f01a05d2b12780ba1a2a3ec1ecbe57d6445b885cb1c1d4844c8d42396985b,autoannotated/images/bf8f01a05d2b12780ba1a2a3ec1ecbe57d6445b885cb1c1d4844c8d42396985b.png,RRDataset,medium,1,0.9911105632781982,0.4,1
bf9244b06b77599cc94ebe02257240e3f5d84ad89441cadd70601eeb4d156660,autoannotated/images/bf9244b06b77599cc94ebe02257240e3f5d84ad89441cadd70601eeb4d156660.png,RRDataset,medium,1,0.5533860325813293,0.4,1
bf9c8cad99e8971f0b91ee168894faa3b226c5413ff4e2f08778fa10a78756a6,autoannotated/images/bf9c8cad99e8971f0b91ee168894faa3b226c5413ff4e2f08778fa10a78756a6.jpg,RRDataset,medium,0,0.6527900695800781,0.4,1
bfaa53851851278f837759061694f04d8c570b3c35356765ec8704f3c5b53872,autoannotated/images/bfaa53851851278f837759061694f04d8c570b3c35356765ec8704f3c5b53872.jpg,saberzl/SID_Set,medium,0,0.0012280961964279413,0.4,0
bfcf52cef3434ad6c34c1c06a8ff3bd5fd3ce65670c7fd03018fcb608db376f8,autoannotated/images/bfcf52cef3434ad6c34c1c06a8ff3bd5fd3ce65670c7fd03018fcb608db376f8.jpg,RRDataset,medium,0,0.02834833599627018,0.4,0
bfe0b68fd64d6e09a426723e5afbe41daa299667683bc5b31fc107b834917261,autoannotated/images/bfe0b68fd64d6e09a426723e5afbe41daa299667683bc5b31fc107b834917261.png,ComplexDataLab/OpenFake,medium,1,0.6823793649673462,0.4,1
c0212e9c8debbea83b722aad31b07e7b37ebeea63f8679f9069093eee4882926,autoannotated/images/c0212e9c8debbea83b722aad31b07e7b37ebeea63f8679f9069093eee4882926.jpg,ComplexDataLab/OpenFake,medium,0,0.896533191204071,0.4,1
c02e62ea1a7e029ab7afb32b8240ac1638bd84b92f938968198f71e6f428f732,autoannotated/images/c02e62ea1a7e029ab7afb32b8240ac1638bd84b92f938968198f71e6f428f732.jpg,RRDataset,medium,0,0.27291154861450195,0.4,0
c049436e6b62650209ff13ad182abeefa5cc603973d0f1ec2437ead3b4a760e1,autoannotated/images/c049436e6b62650209ff13ad182abeefa5cc603973d0f1ec2437ead3b4a760e1.jpg,RRDataset,medium,0,0.14828528463840485,0.4,0
c04dbf031d6ba7e732a54018913c1bf4c3f1309bf8f847dcbc742e4b7746400c,autoannotated/images/c04dbf031d6ba7e732a54018913c1bf4c3f1309bf8f847dcbc742e4b7746400c.png,saberzl/SID_Set,medium,1,0.5024598836898804,0.4,1
c04f18dc04acdd6020734bbe9b6ac6d87e2748c07d07951246403d67fe8521dc,autoannotated/images/c04f18dc04acdd6020734bbe9b6ac6d87e2748c07d07951246403d67fe8521dc.png,saberzl/SID_Set,medium,1,0.9111889600753784,0.4,1
c0ab53548738fac7149f354f7a71c8a4cde536b7cdeac9a67e8839743d1bdab2,autoannotated/images/c0ab53548738fac7149f354f7a71c8a4cde536b7cdeac9a67e8839743d1bdab2.png,ComplexDataLab/OpenFake,medium,1,0.9911243319511414,0.4,1
c0ac1d2f4088996987044051675b54b64faa707f2835c88bfa154c13043e9177,autoannotated/images/c0ac1d2f4088996987044051675b54b64faa707f2835c88bfa154c13043e9177.jpg,saberzl/SID_Set,medium,0,0.00012306416465435177,0.4,0
c0aeaea780d08d61a1370a38183a9c2af20c75058e6953b56745cf7a81037cc9,human_annotated/images/c0aeaea780d08d61a1370a38183a9c2af20c75058e6953b56745cf7a81037cc9.png,saberzl/SID_Set,medium,1,0.957073450088501,0.4,1
c0dbb5500c450e2b2bcd8d25199a0dffbc05efdd575b854d7f52f001f02529c4,human_annotated/images/c0dbb5500c450e2b2bcd8d25199a0dffbc05efdd575b854d7f52f001f02529c4.png,ComplexDataLab/OpenFake,medium,0,0.8710803985595703,0.4,1
c0e262a672e0a0c2c137f9d10d8f53f7612f6025d52fa891503c44b37785ccc8,autoannotated/images/c0e262a672e0a0c2c137f9d10d8f53f7612f6025d52fa891503c44b37785ccc8.jpg,ComplexDataLab/OpenFake,medium,0,0.5209325551986694,0.4,1
c0e8d32b583aa36daeb127a5752ed47d4b659bfa3ead216ffee3a6a250be3b80,autoannotated/images/c0e8d32b583aa36daeb127a5752ed47d4b659bfa3ead216ffee3a6a250be3b80.png,ComplexDataLab/OpenFake,medium,1,0.9938886165618896,0.4,1
c0fad5fdca887ef09f266aeea70280f5f5cf2750d4e7e865e010635ad58561c2,autoannotated/images/c0fad5fdca887ef09f266aeea70280f5f5cf2750d4e7e865e010635ad58561c2.jpg,ComplexDataLab/OpenFake,medium,0,0.6647831201553345,0.4,1
c0feb92794768bb18f374a57504541906f8fe5cf4aab9afc8b772edeb19dd95e,human_annotated/images/c0feb92794768bb18f374a57504541906f8fe5cf4aab9afc8b772edeb19dd95e.jpg,saberzl/SID_Set,medium,0,0.040122274309396744,0.4,0
c116943008bb238fec864df6686d5b0420e2bc4fdb2814906ee727a70eb2f37e,autoannotated/images/c116943008bb238fec864df6686d5b0420e2bc4fdb2814906ee727a70eb2f37e.jpg,ComplexDataLab/OpenFake,medium,0,0.0003943319316022098,0.4,0
c127980528b84ff9062c102dcb7cf9b337c5a910a2bde3b1ba4231afcee5186c,autoannotated/images/c127980528b84ff9062c102dcb7cf9b337c5a910a2bde3b1ba4231afcee5186c.jpg,ComplexDataLab/OpenFake,medium,0,0.5868578553199768,0.4,1
c12de5af6a58750413a431e48979c46742604c110caf24091ee10c538a35f304,autoannotated/images/c12de5af6a58750413a431e48979c46742604c110caf24091ee10c538a35f304.png,RRDataset,medium,1,0.4223264455795288,0.4,1
c1336bc2190d26a4f45b33f607626eac3f0d8ae6be907c08b7b04361191d0e02,autoannotated/images/c1336bc2190d26a4f45b33f607626eac3f0d8ae6be907c08b7b04361191d0e02.jpg,ComplexDataLab/OpenFake,medium,1,0.9309437274932861,0.4,1
c1427afac1b8dfde30045d114a14cf6e6766413df7eed365a4fd44dd17470297,autoannotated/images/c1427afac1b8dfde30045d114a14cf6e6766413df7eed365a4fd44dd17470297.jpg,RRDataset,medium,0,0.42117395997047424,0.4,1
c162a580b060f9df831cdf3536d7f9d040ad059fc1de3197bdd96493cb3bb16b,autoannotated/images/c162a580b060f9df831cdf3536d7f9d040ad059fc1de3197bdd96493cb3bb16b.png,RRDataset,medium,1,0.9659008979797363,0.4,1
c19455560d953cbf4cf4beffce2b830482ebb24e1b1db4538d4ff38d21ec804f,autoannotated/images/c19455560d953cbf4cf4beffce2b830482ebb24e1b1db4538d4ff38d21ec804f.png,RRDataset,medium,1,0.9942591190338135,0.4,1
c2123646d61778b559df66d6de5e9a67d368efd618e7549a1a0aadb2dfee9ace,autoannotated/images/c2123646d61778b559df66d6de5e9a67d368efd618e7549a1a0aadb2dfee9ace.jpg,RRDataset,medium,0,0.8473722338676453,0.4,1
c226728be829310c07e8419204fa4541cbb832388d622eb8e2e6e4f9452b8fc7,autoannotated/images/c226728be829310c07e8419204fa4541cbb832388d622eb8e2e6e4f9452b8fc7.png,saberzl/SID_Set,medium,1,0.971373975276947,0.4,1
c22b3106d78948d72e28c2e3306bc2c7891b1442ff47a6307158549ad7824181,autoannotated/images/c22b3106d78948d72e28c2e3306bc2c7891b1442ff47a6307158549ad7824181.png,RRDataset,medium,1,0.9699853658676147,0.4,1
c23b528010cae34b2bdac5c82606d12bb7d28b9d7317f009db9a3f2e95cfcdb0,human_annotated/images/c23b528010cae34b2bdac5c82606d12bb7d28b9d7317f009db9a3f2e95cfcdb0.png,RRDataset,medium,1,0.9698517918586731,0.4,1
c24a48578969a52267ff55a22639201096f5f65a22e82de9d6af7d6486cc16c6,autoannotated/images/c24a48578969a52267ff55a22639201096f5f65a22e82de9d6af7d6486cc16c6.jpg,RRDataset,medium,0,0.5907167196273804,0.4,1
c24f4fd4fc9477b64ac446a66eb58d304493d368ae55cfee0b29333a57850e21,autoannotated/images/c24f4fd4fc9477b64ac446a66eb58d304493d368ae55cfee0b29333a57850e21.jpg,ComplexDataLab/OpenFake,medium,0,0.0002195217675762251,0.4,0
c253ebd1421b72c8c8851f019351bfdf553999e0c3ba38250f3eb3923b40e474,autoannotated/images/c253ebd1421b72c8c8851f019351bfdf553999e0c3ba38250f3eb3923b40e474.jpg,RRDataset,medium,0,0.2356531172990799,0.4,0
c2723ebef8ac42ec44f39f2bd1996c75dfacd2e0e3c0f84529d375a988d36e4b,autoannotated/images/c2723ebef8ac42ec44f39f2bd1996c75dfacd2e0e3c0f84529d375a988d36e4b.png,RRDataset,medium,1,0.9838305711746216,0.4,1
c2881379492dd71284ac4b63a8d3c629baa2b448c2c9359b65063d36490e1f3a,autoannotated/images/c2881379492dd71284ac4b63a8d3c629baa2b448c2c9359b65063d36490e1f3a.png,saberzl/SID_Set,medium,1,0.9580504298210144,0.4,1
c288843167ffc486da7871707c498ef7ad73ad1ff2f253c4a08fd0d9c1fbcad2,autoannotated/images/c288843167ffc486da7871707c498ef7ad73ad1ff2f253c4a08fd0d9c1fbcad2.jpg,saberzl/SID_Set,medium,0,0.8974133133888245,0.4,1
c290c2eda4e0d1928ee30762b52be5d5147c99e2769b1fadaa1050ce032d8eab,autoannotated/images/c290c2eda4e0d1928ee30762b52be5d5147c99e2769b1fadaa1050ce032d8eab.jpg,saberzl/SID_Set,medium,0,0.026839211583137512,0.4,0
c2ba6eb09c72ba71f906b83595c542516c6b6468b6c6ecadd0048bca9010f5e9,autoannotated/images/c2ba6eb09c72ba71f906b83595c542516c6b6468b6c6ecadd0048bca9010f5e9.png,ComplexDataLab/OpenFake,medium,1,0.9380438327789307,0.4,1
c2c4932409d5de05817e9ebb8f0868b4ba886a83a7caa06e755d9dc9f43b9c9c,autoannotated/images/c2c4932409d5de05817e9ebb8f0868b4ba886a83a7caa06e755d9dc9f43b9c9c.jpg,ComplexDataLab/OpenFake,medium,0,0.005910398904234171,0.4,0
c2cacb13de428d2bb19d3ea532788f2154624dd5a5876d960cb9e8c21f002e8b,autoannotated/images/c2cacb13de428d2bb19d3ea532788f2154624dd5a5876d960cb9e8c21f002e8b.jpg,ComplexDataLab/OpenFake,medium,0,0.8289108872413635,0.4,1
c2e054511cd19df6eb6165955c23a7bea9ca062e962c1fc660c5abde0a4610c5,autoannotated/images/c2e054511cd19df6eb6165955c23a7bea9ca062e962c1fc660c5abde0a4610c5.png,ComplexDataLab/OpenFake,medium,1,0.7932960987091064,0.4,1
c2eca65f9826788693ad9f27c4c4ce9b80284f53a460271705d43a4f07b878f3,autoannotated/images/c2eca65f9826788693ad9f27c4c4ce9b80284f53a460271705d43a4f07b878f3.png,ComplexDataLab/OpenFake,medium,1,0.9407763481140137,0.4,1
c2ed4667f759d0c78f16220106cee6f7bd5f091bcf84c8ece78c56ef47464988,human_annotated/images/c2ed4667f759d0c78f16220106cee6f7bd5f091bcf84c8ece78c56ef47464988.jpg,RRDataset,medium,0,0.16278576850891113,0.4,0
c3034badca77ee689d9f79b5a9324235e0dd7da6ae147d16bc01156244efe917,autoannotated/images/c3034badca77ee689d9f79b5a9324235e0dd7da6ae147d16bc01156244efe917.jpg,saberzl/SID_Set,medium,0,0.025249382480978966,0.4,0
c3321c44980ac1eb4861d67763ab0de9594eb2b4a43ba346bac3a86077102dcf,autoannotated/images/c3321c44980ac1eb4861d67763ab0de9594eb2b4a43ba346bac3a86077102dcf.png,saberzl/SID_Set,medium,1,0.9521095752716064,0.4,1
c34b6a4214085bff23ec4c00d23ccd8b6a4ecb285c06c529c678efd8beb54680,autoannotated/images/c34b6a4214085bff23ec4c00d23ccd8b6a4ecb285c06c529c678efd8beb54680.jpg,ComplexDataLab/OpenFake,medium,0,5.4514890507562086e-05,0.4,0
c35a9cbf6b7f7d385049de9c5df0f48b6dc3b209d983bc36686cfe4c66bebf4e,autoannotated/images/c35a9cbf6b7f7d385049de9c5df0f48b6dc3b209d983bc36686cfe4c66bebf4e.jpg,ComplexDataLab/OpenFake,medium,0,0.8736889958381653,0.4,1
c35ff2c605a4ef1f11ab52198ace902cf95f69ecfc1133b36801bd82ba8dd153,autoannotated/images/c35ff2c605a4ef1f11ab52198ace902cf95f69ecfc1133b36801bd82ba8dd153.png,ComplexDataLab/OpenFake,medium,1,0.8476309180259705,0.4,1
c3600adea783e307d21c75c19bc94d7b55fd11444f296aac1e5514161f097bf3,autoannotated/images/c3600adea783e307d21c75c19bc94d7b55fd11444f296aac1e5514161f097bf3.jpg,saberzl/SID_Set,medium,0,0.023394940420985222,0.4,0
c36f4ee06c886656386fe378b51f7d5e9045b3e0a5e7e236c911e715c1fe39b5,autoannotated/images/c36f4ee06c886656386fe378b51f7d5e9045b3e0a5e7e236c911e715c1fe39b5.jpg,saberzl/SID_Set,medium,0,0.6814476251602173,0.4,1
c39c7e63bf2c27f16ba5b42d3157da1e0a23589d8843cadd162e5e06eaeb833d,human_annotated/images/c39c7e63bf2c27f16ba5b42d3157da1e0a23589d8843cadd162e5e06eaeb833d.jpg,ComplexDataLab/OpenFake,medium,0,0.005630700383335352,0.4,0
c3dfc6e0ca3c7aa6579ed1accf27c007c3ac59269d07013f9905944e239d6d33,autoannotated/images/c3dfc6e0ca3c7aa6579ed1accf27c007c3ac59269d07013f9905944e239d6d33.png,RRDataset,medium,1,0.978590190410614,0.4,1
c3ea3ee89dc98feed7a03bc4d09daa220ddcbd78d6c0c504320c900acaa9f303,autoannotated/images/c3ea3ee89dc98feed7a03bc4d09daa220ddcbd78d6c0c504320c900acaa9f303.jpg,RRDataset,medium,0,0.020422037690877914,0.4,0
c3f8209a71f2a5a7632d98cfe19bd27f5315cee4e0f182eb28e33cd439460aa5,human_annotated/images/c3f8209a71f2a5a7632d98cfe19bd27f5315cee4e0f182eb28e33cd439460aa5.jpg,saberzl/SID_Set,medium,0,0.035939931869506836,0.4,0
c3faa2d56cbdebaebe35236723893398cdb3f7ebed2e55b0d1e35ef601ef8b6f,human_annotated/images/c3faa2d56cbdebaebe35236723893398cdb3f7ebed2e55b0d1e35ef601ef8b6f.jpg,ComplexDataLab/OpenFake,medium,0,0.6513764262199402,0.4,1
c415f91fa599171187377580d8f8d922f1f9709634e88f113391ed9581758e44,human_annotated/images/c415f91fa599171187377580d8f8d922f1f9709634e88f113391ed9581758e44.jpg,saberzl/SID_Set,medium,0,0.9700288772583008,0.4,1
c437eac66b8d3a8d354ce2e529639978013c04f0cff7a1ff06a80e84e7288286,autoannotated/images/c437eac66b8d3a8d354ce2e529639978013c04f0cff7a1ff06a80e84e7288286.png,RRDataset,medium,1,0.9985988736152649,0.4,1
c43955d12c0918a6bb0f545632ffb3d35429fb2048680e5bd31a6eec5d468a6b,autoannotated/images/c43955d12c0918a6bb0f545632ffb3d35429fb2048680e5bd31a6eec5d468a6b.png,RRDataset,medium,1,0.9985307455062866,0.4,1
c452c4c44051976b61638dd611e2e510c7295448f5becb17bbb847d2d2b31538,autoannotated/images/c452c4c44051976b61638dd611e2e510c7295448f5becb17bbb847d2d2b31538.png,ComplexDataLab/OpenFake,medium,1,0.9744354486465454,0.4,1
c45e9156798d4a69e7d70cc43f8e9bf0bfe01be4353b5929a02fc77c00a65e17,autoannotated/images/c45e9156798d4a69e7d70cc43f8e9bf0bfe01be4353b5929a02fc77c00a65e17.jpg,saberzl/SID_Set,medium,0,0.0021100149024277925,0.4,0
c465d898451fdb9744c561c0889eb9b438c4fa94959bcf6f954d3c05b306cd56,autoannotated/images/c465d898451fdb9744c561c0889eb9b438c4fa94959bcf6f954d3c05b306cd56.jpg,ComplexDataLab/OpenFake,medium,0,0.8639137148857117,0.4,1
c4b04c578c6b8a89e4a135d73f0f69ed2fba0787c97b6692279044737196055c,autoannotated/images/c4b04c578c6b8a89e4a135d73f0f69ed2fba0787c97b6692279044737196055c.jpg,saberzl/SID_Set,medium,0,0.014630868099629879,0.4,0
c4b7991c3a133ab685958358d2518250fdb4b990a74c904159ef40f4ce21b06d,autoannotated/images/c4b7991c3a133ab685958358d2518250fdb4b990a74c904159ef40f4ce21b06d.png,RRDataset,medium,1,0.9512042999267578,0.4,1
c4be0e7eeb0123ffe4d628d014fdf8afedf5b85e7e6942291f3b9a7154e79a34,autoannotated/images/c4be0e7eeb0123ffe4d628d014fdf8afedf5b85e7e6942291f3b9a7154e79a34.png,RRDataset,medium,1,0.9984222650527954,0.4,1
c4d041945a82db302fced4b4b064358d1ea2cf1d686bddc7ba2c342b3d3aae1f,autoannotated/images/c4d041945a82db302fced4b4b064358d1ea2cf1d686bddc7ba2c342b3d3aae1f.jpg,ComplexDataLab/OpenFake,medium,0,2.7130578018841334e-05,0.4,0
c5098bce0337d236402a8deec55627f6e41d0b159bffc9a7b0b9253a816290e2,human_annotated/images/c5098bce0337d236402a8deec55627f6e41d0b159bffc9a7b0b9253a816290e2.png,RRDataset,medium,1,0.9893723130226135,0.4,1
c511ba529b3d730b3d90a3866f9840f9889ce2a1183f3398a257ef660a8cb688,autoannotated/images/c511ba529b3d730b3d90a3866f9840f9889ce2a1183f3398a257ef660a8cb688.jpg,saberzl/SID_Set,medium,0,0.04921000823378563,0.4,0
c521d38bf560a5f19b842c7f4d80e3486e2d5f99977b44e736b23fddf7cef42a,autoannotated/images/c521d38bf560a5f19b842c7f4d80e3486e2d5f99977b44e736b23fddf7cef42a.png,ComplexDataLab/OpenFake,medium,1,0.9703530669212341,0.4,1
c5224d8826510a803826e9b3d994623f3905b28787a92a9d2ec47890d6595d61,human_annotated/images/c5224d8826510a803826e9b3d994623f3905b28787a92a9d2ec47890d6595d61.jpg,saberzl/SID_Set,medium,0,0.9859407544136047,0.4,1
c52840132cc9dfc7e8db4c6f2caa1fab0590f497b1abc4340a0b598f253302fc,autoannotated/images/c52840132cc9dfc7e8db4c6f2caa1fab0590f497b1abc4340a0b598f253302fc.jpg,RRDataset,medium,0,0.16615164279937744,0.4,0
c58e4e720db32e84506c507757ab223bfdb2a5ff7cff405049d764c1bba9dadd,autoannotated/images/c58e4e720db32e84506c507757ab223bfdb2a5ff7cff405049d764c1bba9dadd.jpg,ComplexDataLab/OpenFake,medium,0,0.15682478249073029,0.4,0
c5c443056171b8db68e2d7a2383ecf4bf834d115cdb977cdd55f71c4b57b48bd,human_annotated/images/c5c443056171b8db68e2d7a2383ecf4bf834d115cdb977cdd55f71c4b57b48bd.jpg,saberzl/SID_Set,medium,0,0.7776137590408325,0.4,1
c5cfef6696e2d86c5915ade008acd3d9dbdc4790262a7dac73ef00e00e5a1f1d,autoannotated/images/c5cfef6696e2d86c5915ade008acd3d9dbdc4790262a7dac73ef00e00e5a1f1d.png,ComplexDataLab/OpenFake,medium,1,0.9983073472976685,0.4,1
c5e2821a1b8943a164d1a0634dca60d1169721b78d90f6a2af32c432e092ca8f,human_annotated/images/c5e2821a1b8943a164d1a0634dca60d1169721b78d90f6a2af32c432e092ca8f.png,RRDataset,medium,1,0.9722362756729126,0.4,1
c5e4daa0c50f9a7f6bca93abde9ec3e3fa3d106580385e570ad3e7dcb7079938,human_annotated/images/c5e4daa0c50f9a7f6bca93abde9ec3e3fa3d106580385e570ad3e7dcb7079938.jpg,ComplexDataLab/OpenFake,medium,0,0.08053650707006454,0.4,0
c5e60e4bb13c3c07e499363a9b60c95aadde339208dad28b85d2231c7f883503,autoannotated/images/c5e60e4bb13c3c07e499363a9b60c95aadde339208dad28b85d2231c7f883503.png,ComplexDataLab/OpenFake,medium,1,0.34644070267677307,0.4,0
c5ed894b3b242fd40d06fce3f152fbe4c7d1944c023045736d0226bf4e012ef7,autoannotated/images/c5ed894b3b242fd40d06fce3f152fbe4c7d1944c023045736d0226bf4e012ef7.png,ComplexDataLab/OpenFake,medium,1,0.9942415952682495,0.4,1
c5fb2224ffc915d2b12fc044ebaf3e8dd52148cf5ce5e426df214c9b6596364f,human_annotated/images/c5fb2224ffc915d2b12fc044ebaf3e8dd52148cf5ce5e426df214c9b6596364f.jpg,ComplexDataLab/OpenFake,medium,0,0.0002497010864317417,0.4,0
c621ef3b295de16d6587c16fa5e3a1177afee1b09afe9b866a5c7dbd58ecb058,autoannotated/images/c621ef3b295de16d6587c16fa5e3a1177afee1b09afe9b866a5c7dbd58ecb058.jpg,ComplexDataLab/OpenFake,medium,0,0.0064011188223958015,0.4,0
c624050ffed89033e37507f564f96c0a51e7d2f965b1677eac5287724ab3c446,autoannotated/images/c624050ffed89033e37507f564f96c0a51e7d2f965b1677eac5287724ab3c446.jpg,RRDataset,medium,0,0.2525901794433594,0.4,0
c6274b8880f20440f28ea1eef3bbe002ef1b8dffbc4ca0b34bd16f15070cafe0,human_annotated/images/c6274b8880f20440f28ea1eef3bbe002ef1b8dffbc4ca0b34bd16f15070cafe0.jpg,ComplexDataLab/OpenFake,medium,0,0.15535658597946167,0.4,0
c628acad8fc8319ab94edf29e4e8b4fbae7b8d7ed51d7d3232171b826a74f32d,autoannotated/images/c628acad8fc8319ab94edf29e4e8b4fbae7b8d7ed51d7d3232171b826a74f32d.png,RRDataset,medium,1,0.9654718041419983,0.4,1
c63e4900752cd8f9f97d1452ff335fe0cabe7dea551947edd2dd7019468b21a5,autoannotated/images/c63e4900752cd8f9f97d1452ff335fe0cabe7dea551947edd2dd7019468b21a5.png,saberzl/SID_Set,medium,1,0.9897909760475159,0.4,1
c661aa408c18fe45635909cef13019f38480e081c74574a95b8a225cd87cdeca,autoannotated/images/c661aa408c18fe45635909cef13019f38480e081c74574a95b8a225cd87cdeca.jpg,ComplexDataLab/OpenFake,medium,0,0.040575847029685974,0.4,0
c6c998b6334d4499a2474e7262442d124be1f996ee9b1556d94ef173790e3c2d,human_annotated/images/c6c998b6334d4499a2474e7262442d124be1f996ee9b1556d94ef173790e3c2d.png,RRDataset,medium,1,0.9716273546218872,0.4,1
c6d0ced2f556cdea35b511a57ece675d663465486208bc5d3029a76390708dce,human_annotated/images/c6d0ced2f556cdea35b511a57ece675d663465486208bc5d3029a76390708dce.jpg,RRDataset,medium,0,0.421700656414032,0.4,1
c6e55ba096ddfd3f4509e9e5566ac92bf3afbedd2883fab82f04df85cad13140,autoannotated/images/c6e55ba096ddfd3f4509e9e5566ac92bf3afbedd2883fab82f04df85cad13140.jpg,ComplexDataLab/OpenFake,medium,1,0.2980167269706726,0.4,0
c6f5d0ab6c49b30dd4080fb3fe7091eb74892afd91175edbaba885a0bc5953a4,autoannotated/images/c6f5d0ab6c49b30dd4080fb3fe7091eb74892afd91175edbaba885a0bc5953a4.png,RRDataset,medium,1,0.9772590398788452,0.4,1
c728f3c362ee778c77adc28dff496300e2a9d37ccbb8c2bd41e88985f14c4b82,autoannotated/images/c728f3c362ee778c77adc28dff496300e2a9d37ccbb8c2bd41e88985f14c4b82.jpg,ComplexDataLab/OpenFake,medium,1,0.9843387007713318,0.4,1
c734eb1791aa6de4f5da41c7723c3e1f1445d6bdcdcf9786a0eac69fb6d68831,autoannotated/images/c734eb1791aa6de4f5da41c7723c3e1f1445d6bdcdcf9786a0eac69fb6d68831.png,RRDataset,medium,1,0.9807676672935486,0.4,1
c73a2864d430d34bd796e870bdb19f36cb53e51849e9811921906df83b7799fc,autoannotated/images/c73a2864d430d34bd796e870bdb19f36cb53e51849e9811921906df83b7799fc.jpg,RRDataset,medium,0,0.6466184258460999,0.4,1
c74101840286243437a3e717797c13a49fba171dca93ef87c687063a1ca0cdbb,human_annotated/images/c74101840286243437a3e717797c13a49fba171dca93ef87c687063a1ca0cdbb.jpg,RRDataset,medium,0,0.7428666949272156,0.4,1
c760660d3874012c7a63ac17a3d6983f39d197ef49150ede213555b3cd1b0a42,autoannotated/images/c760660d3874012c7a63ac17a3d6983f39d197ef49150ede213555b3cd1b0a42.png,ComplexDataLab/OpenFake,medium,1,0.9945688247680664,0.4,1
c761710b14fb12f076f4420c3ce9ec3fcf543487cc7dd9ab042df7782207c4c8,autoannotated/images/c761710b14fb12f076f4420c3ce9ec3fcf543487cc7dd9ab042df7782207c4c8.jpg,RRDataset,medium,0,0.11016105860471725,0.4,0
c77213925eb4626576a49406ab42749261b81c04b67d40dd78dc0dac24d2c643,human_annotated/images/c77213925eb4626576a49406ab42749261b81c04b67d40dd78dc0dac24d2c643.png,ComplexDataLab/OpenFake,medium,1,0.8990098834037781,0.4,1
c775e443b47a3098db7cdb501bde72165ee9b69e84250f50236c5f2285317350,autoannotated/images/c775e443b47a3098db7cdb501bde72165ee9b69e84250f50236c5f2285317350.png,saberzl/SID_Set,medium,1,0.9818100929260254,0.4,1
c7762be57fc093f4daf9aa7d687c08362c2a61794fe9c03d1bd96603290ae689,autoannotated/images/c7762be57fc093f4daf9aa7d687c08362c2a61794fe9c03d1bd96603290ae689.jpg,ComplexDataLab/OpenFake,medium,0,0.9518126845359802,0.4,1
c78dbccb820bde781f9aaeea6a9e19e9d22ffb2d182460fdc4c28cfe5810bc0e,autoannotated/images/c78dbccb820bde781f9aaeea6a9e19e9d22ffb2d182460fdc4c28cfe5810bc0e.png,saberzl/SID_Set,medium,1,0.9389566779136658,0.4,1
c799ba4e5bf8d5f2207725a5fcd5379473c929e8a93cd910e51d86d13f553fc2,autoannotated/images/c799ba4e5bf8d5f2207725a5fcd5379473c929e8a93cd910e51d86d13f553fc2.png,RRDataset,medium,1,0.9905102849006653,0.4,1
c7a2561c8c38fcb85c7fdefe92ff5e30bb9efd344a7ef31771f227d827d7d00a,human_annotated/images/c7a2561c8c38fcb85c7fdefe92ff5e30bb9efd344a7ef31771f227d827d7d00a.png,ComplexDataLab/OpenFake,medium,1,0.9661235213279724,0.4,1
c7bd34d61c2eb0d241e1ae369baa5dc541cbb3e805074cff962db0dafc7333d1,human_annotated/images/c7bd34d61c2eb0d241e1ae369baa5dc541cbb3e805074cff962db0dafc7333d1.jpg,ComplexDataLab/OpenFake,medium,0,0.001228822278790176,0.4,0
c7c9c82a975acb63270425ba3849174bcf1676ec068ca905472443a5aae945ff,autoannotated/images/c7c9c82a975acb63270425ba3849174bcf1676ec068ca905472443a5aae945ff.png,saberzl/SID_Set,medium,1,0.8639014959335327,0.4,1
c7d05466f4948689f58add2b702fa94f7f3991b247baa63259ce6bf0e8eef4ea,autoannotated/images/c7d05466f4948689f58add2b702fa94f7f3991b247baa63259ce6bf0e8eef4ea.png,ComplexDataLab/OpenFake,medium,1,0.8348259925842285,0.4,1
c7d495a1e9317f1026fcdc1c9093d1df3f0872ee71fb0d61d81ff8a590f87dd7,autoannotated/images/c7d495a1e9317f1026fcdc1c9093d1df3f0872ee71fb0d61d81ff8a590f87dd7.jpg,ComplexDataLab/OpenFake,medium,0,0.05096729099750519,0.4,0
c7f48c001248fdf39e471f051de245b8c6580c57b4c6f9f69853e99000e51306,human_annotated/images/c7f48c001248fdf39e471f051de245b8c6580c57b4c6f9f69853e99000e51306.jpg,saberzl/SID_Set,medium,0,0.6741428971290588,0.4,1
c7ff2cac7c2c5b732923ec4ec260ef297d903932fd59de86b3ec0fc0cbf23fda,autoannotated/images/c7ff2cac7c2c5b732923ec4ec260ef297d903932fd59de86b3ec0fc0cbf23fda.jpg,saberzl/SID_Set,medium,0,0.3746238648891449,0.4,0
c81cdf27e85e5c03d178bb480ab1c7872a09b1ece9aac4aa72f57bea2028538f,autoannotated/images/c81cdf27e85e5c03d178bb480ab1c7872a09b1ece9aac4aa72f57bea2028538f.jpg,saberzl/SID_Set,medium,0,0.19809240102767944,0.4,0
c836b3a1b26e5af75b24ca7533e570e65c2f9bba68a3ac3f333f18ad0373917a,autoannotated/images/c836b3a1b26e5af75b24ca7533e570e65c2f9bba68a3ac3f333f18ad0373917a.png,saberzl/SID_Set,medium,1,0.9703246355056763,0.4,1
c83be7685dc905119ef9aebcb9fc4b86c665ea3b8c56b0423e821d38c543a7b9,autoannotated/images/c83be7685dc905119ef9aebcb9fc4b86c665ea3b8c56b0423e821d38c543a7b9.jpg,saberzl/SID_Set,medium,0,0.32252004742622375,0.4,0
c83d2bf22ca4e222dff3065bd58fb45503688eb82a6146df0f6cbfcd831ba173,human_annotated/images/c83d2bf22ca4e222dff3065bd58fb45503688eb82a6146df0f6cbfcd831ba173.png,RRDataset,medium,1,0.9306529760360718,0.4,1
c83d379bfde60afc721f797105c13c98a1a10c5395c1e8cd6b4d15a31ed9d05e,autoannotated/images/c83d379bfde60afc721f797105c13c98a1a10c5395c1e8cd6b4d15a31ed9d05e.jpg,ComplexDataLab/OpenFake,medium,1,0.2311335951089859,0.4,0
c83ebc09d184186661b731e667f0bcd9095c3044cfd1bffa79a21c4144cd4f47,autoannotated/images/c83ebc09d184186661b731e667f0bcd9095c3044cfd1bffa79a21c4144cd4f47.png,saberzl/SID_Set,medium,1,0.9356442093849182,0.4,1
c8447abf5444315c0b657735157f19acb49524ea4cbf96ec944facabd0356632,autoannotated/images/c8447abf5444315c0b657735157f19acb49524ea4cbf96ec944facabd0356632.png,RRDataset,medium,1,0.9806135892868042,0.4,1
c84e5992d558a4d25f05995c5763725a508923a6b96e15cd2e197c93edbdc1c2,autoannotated/images/c84e5992d558a4d25f05995c5763725a508923a6b96e15cd2e197c93edbdc1c2.jpg,saberzl/SID_Set,medium,0,0.006388399749994278,0.4,0
c85157e5de0391c815056bf9a9919751d79c91ed57f718b087daaeb1088eba8f,autoannotated/images/c85157e5de0391c815056bf9a9919751d79c91ed57f718b087daaeb1088eba8f.jpg,saberzl/SID_Set,medium,0,0.13711921870708466,0.4,0
c862e2e5fab2a8b358358bf6e0b38a55d35da84e6e774e2edefcb4ab08663273,autoannotated/images/c862e2e5fab2a8b358358bf6e0b38a55d35da84e6e774e2edefcb4ab08663273.png,RRDataset,medium,1,0.9724512100219727,0.4,1
c87fe0223ed4a9289e3094af7904de124cad56f14af49a5c619bda099a535bcd,human_annotated/images/c87fe0223ed4a9289e3094af7904de124cad56f14af49a5c619bda099a535bcd.jpg,saberzl/SID_Set,medium,0,0.01959686540067196,0.4,0
c88d725a580041337e27148929c3a548145987224429641bb8435836a5b5944b,autoannotated/images/c88d725a580041337e27148929c3a548145987224429641bb8435836a5b5944b.jpg,saberzl/SID_Set,medium,0,0.9764887690544128,0.4,1
c8907fe48a7bac5520e0310da22c546f622ac3a30f95f7b1851a7ee2fd352a56,autoannotated/images/c8907fe48a7bac5520e0310da22c546f622ac3a30f95f7b1851a7ee2fd352a56.png,ComplexDataLab/OpenFake,medium,0,0.06919872015714645,0.4,0
c898469bff552eb4c3b26e6aea58fba2febb9ad00b013f6785f8a3da6662929f,human_annotated/images/c898469bff552eb4c3b26e6aea58fba2febb9ad00b013f6785f8a3da6662929f.jpg,saberzl/SID_Set,medium,0,0.21099920570850372,0.4,0
c8fb068bda13b7001df93d1e0411fad895cc6f4f5603a5ed0ee2e978672d9457,autoannotated/images/c8fb068bda13b7001df93d1e0411fad895cc6f4f5603a5ed0ee2e978672d9457.png,saberzl/SID_Set,medium,1,0.9359474778175354,0.4,1
c909e7c8be0cd5c92f839208f2ca0925d73b46cb16de09271c19b4a940ee4f7d,autoannotated/images/c909e7c8be0cd5c92f839208f2ca0925d73b46cb16de09271c19b4a940ee4f7d.png,saberzl/SID_Set,medium,1,0.9820350408554077,0.4,1
c913376fc6700167971531c9ab98061ea83a6dca8e0b8978c45fdf8458e21a0a,autoannotated/images/c913376fc6700167971531c9ab98061ea83a6dca8e0b8978c45fdf8458e21a0a.jpg,RRDataset,medium,0,0.8639146685600281,0.4,1
c918725cd3a4796deb191bd8f590b314952e40348fc53ad0ba019dd42e9920b9,autoannotated/images/c918725cd3a4796deb191bd8f590b314952e40348fc53ad0ba019dd42e9920b9.jpg,ComplexDataLab/OpenFake,medium,0,0.3995172381401062,0.4,0
c9458878b2459e12c6c8ad350b95764a8ff15c1fa847c98ce06897a2d7b9f2ff,autoannotated/images/c9458878b2459e12c6c8ad350b95764a8ff15c1fa847c98ce06897a2d7b9f2ff.jpg,saberzl/SID_Set,medium,0,0.03651710972189903,0.4,0
c95023c1aeb6ded3781f8484cf6bfd4590be8bea035807ed5b00c1482f3efaba,autoannotated/images/c95023c1aeb6ded3781f8484cf6bfd4590be8bea035807ed5b00c1482f3efaba.jpg,ComplexDataLab/OpenFake,medium,0,0.0005571870715357363,0.4,0
c952177d459fe51b0b05da3f63b75feeeea5539d40d52326e37a493baa79c273,human_annotated/images/c952177d459fe51b0b05da3f63b75feeeea5539d40d52326e37a493baa79c273.jpg,ComplexDataLab/OpenFake,medium,0,0.362179696559906,0.4,0
c958c1aadb150c21545a4be99a35bbe3015e3269f8bf9f14b6d40e6b121f7c24,autoannotated/images/c958c1aadb150c21545a4be99a35bbe3015e3269f8bf9f14b6d40e6b121f7c24.jpg,RRDataset,medium,0,0.8835654258728027,0.4,1
c95fe7ee4d41efc2181eaa4c166d631cc539403b6ba0cffa51fbea58f5800060,autoannotated/images/c95fe7ee4d41efc2181eaa4c166d631cc539403b6ba0cffa51fbea58f5800060.jpg,saberzl/SID_Set,medium,0,0.0015215912135317922,0.4,0
c971689c1b870d12c9dc74b20a83419ba5a0ddc2de03c5f6afb48af5e502f5a6,autoannotated/images/c971689c1b870d12c9dc74b20a83419ba5a0ddc2de03c5f6afb48af5e502f5a6.jpg,saberzl/SID_Set,medium,0,0.052203137427568436,0.4,0
c9738d7d2ccdd0a7a9f3df6477f83058fd5c2a46b50b46a5cd72ba1be2d208bc,autoannotated/images/c9738d7d2ccdd0a7a9f3df6477f83058fd5c2a46b50b46a5cd72ba1be2d208bc.jpg,saberzl/SID_Set,medium,0,0.2687566578388214,0.4,0
c995b0fcd9b16584ac2578fabcc0abf4116334afce2dfff662a58ca840f7c125,autoannotated/images/c995b0fcd9b16584ac2578fabcc0abf4116334afce2dfff662a58ca840f7c125.png,ComplexDataLab/OpenFake,medium,1,0.4406401216983795,0.4,1
c9b63d5856933565c276c85abd62ea613f839603c18cbe2dd85c9351098ae6b2,autoannotated/images/c9b63d5856933565c276c85abd62ea613f839603c18cbe2dd85c9351098ae6b2.jpg,RRDataset,medium,0,0.5501930713653564,0.4,1
c9b70f8735073cd00fb46defb7fab43aeed3b5e5ccdb22296d0d1a57da2fc3be,human_annotated/images/c9b70f8735073cd00fb46defb7fab43aeed3b5e5ccdb22296d0d1a57da2fc3be.jpg,RRDataset,medium,0,0.9498314261436462,0.4,1
c9bba1210c7bb1755c83cb468d3624b4a047b1f535a305afba921bd9b19eda6e,autoannotated/images/c9bba1210c7bb1755c83cb468d3624b4a047b1f535a305afba921bd9b19eda6e.png,ComplexDataLab/OpenFake,medium,1,0.02535948157310486,0.4,0
c9c2ea80e92a4914a1d2c8fbdef8f6fa3126bfbda4aaa8f4231aee71276094d1,human_annotated/images/c9c2ea80e92a4914a1d2c8fbdef8f6fa3126bfbda4aaa8f4231aee71276094d1.jpg,RRDataset,medium,0,0.8787744641304016,0.4,1
c9ef7ea1700260f8ed01e76a0a702ef7715198dd4ea90a7c0d17173b9ab46953,autoannotated/images/c9ef7ea1700260f8ed01e76a0a702ef7715198dd4ea90a7c0d17173b9ab46953.jpg,ComplexDataLab/OpenFake,medium,0,0.13669782876968384,0.4,0
c9f76e46d3d8995487a68f39960d76eda4d170c805a99da82245ac9c6c00bd76,autoannotated/images/c9f76e46d3d8995487a68f39960d76eda4d170c805a99da82245ac9c6c00bd76.jpg,ComplexDataLab/OpenFake,medium,0,0.22415456175804138,0.4,0
ca075da5b1f6a27b7dd3135eb18af59a1dad689186791517380f8db3670edd57,autoannotated/images/ca075da5b1f6a27b7dd3135eb18af59a1dad689186791517380f8db3670edd57.png,saberzl/SID_Set,medium,1,0.9506670236587524,0.4,1
ca20dc9b1cf7f88d14bb9f4106c7789cc26ee0d7bfae98b6055b22fee3003a12,human_annotated/images/ca20dc9b1cf7f88d14bb9f4106c7789cc26ee0d7bfae98b6055b22fee3003a12.jpg,RRDataset,medium,0,0.9410102963447571,0.4,1
ca2af21e26d4f282ac841e2166349b30f6af8d6a48439b60e326c90f5fd210a0,autoannotated/images/ca2af21e26d4f282ac841e2166349b30f6af8d6a48439b60e326c90f5fd210a0.png,RRDataset,medium,1,0.8947668075561523,0.4,1
ca2bdbe192319fee0afeddba0a82110cf1c8a67c74cc17db53bf2440b8163360,autoannotated/images/ca2bdbe192319fee0afeddba0a82110cf1c8a67c74cc17db53bf2440b8163360.png,ComplexDataLab/OpenFake,medium,0,0.8110688924789429,0.4,1
ca7c5bc8bf954cb1b8d9bd3c377d657b4dc5c01271156c87ef6a8e10394e94cd,autoannotated/images/ca7c5bc8bf954cb1b8d9bd3c377d657b4dc5c01271156c87ef6a8e10394e94cd.jpg,ComplexDataLab/OpenFake,medium,1,0.5813440680503845,0.4,1
ca9ab8fa2c171bcd39df861683642b021ee1dba9dd740c1996e96961fb1eb0d4,autoannotated/images/ca9ab8fa2c171bcd39df861683642b021ee1dba9dd740c1996e96961fb1eb0d4.png,ComplexDataLab/OpenFake,medium,1,0.9979883432388306,0.4,1
caa083948312f7d3794e0992e6a6de9c18b072aa426dbc2fe1599f69affa8ffa,human_annotated/images/caa083948312f7d3794e0992e6a6de9c18b072aa426dbc2fe1599f69affa8ffa.jpg,saberzl/SID_Set,medium,0,0.22938428819179535,0.4,0
caa963ad71e0ea2c6db30f345e9664420804a7228fa878485e46b8617ae7f38e,autoannotated/images/caa963ad71e0ea2c6db30f345e9664420804a7228fa878485e46b8617ae7f38e.jpg,ComplexDataLab/OpenFake,medium,0,0.906654953956604,0.4,1
cadea4edc365c1102298bc36a3338126b25a2a5250d5f1735815dfd69cf02ea9,autoannotated/images/cadea4edc365c1102298bc36a3338126b25a2a5250d5f1735815dfd69cf02ea9.jpg,RRDataset,medium,0,0.7975247502326965,0.4,1
cb04ef807bf07235030c99858a5b64b17526b60e9ec5cd22e36a025000cd758d,autoannotated/images/cb04ef807bf07235030c99858a5b64b17526b60e9ec5cd22e36a025000cd758d.jpg,saberzl/SID_Set,medium,0,0.5856769680976868,0.4,1
cb0776613b69ff80a3f69c009f755369b05ca6bd3666e4f6a98f3aca7529efb2,human_annotated/images/cb0776613b69ff80a3f69c009f755369b05ca6bd3666e4f6a98f3aca7529efb2.jpg,ComplexDataLab/OpenFake,medium,0,0.37303221225738525,0.4,0
cb1ac85c9a939f067798036dce4f58bc4fca29d9c29b53d1136d9d6b04a3c053,autoannotated/images/cb1ac85c9a939f067798036dce4f58bc4fca29d9c29b53d1136d9d6b04a3c053.png,RRDataset,medium,1,0.9661098122596741,0.4,1
cb32cb9ab304650cc061356acc51c71e44b66cca40fabbe4467dc0d27347ca84,autoannotated/images/cb32cb9ab304650cc061356acc51c71e44b66cca40fabbe4467dc0d27347ca84.png,RRDataset,medium,1,0.9426807761192322,0.4,1
cb36a0ff363acbafc2667bd69b289e2b28c76a5c01b23938b8ab2c65342074e6,autoannotated/images/cb36a0ff363acbafc2667bd69b289e2b28c76a5c01b23938b8ab2c65342074e6.png,ComplexDataLab/OpenFake,medium,1,0.6027655005455017,0.4,1
cb3c107e7f9bb7fdb85c3e801c51382297abcc3aaf82000c1ddad9d46c1164f0,human_annotated/images/cb3c107e7f9bb7fdb85c3e801c51382297abcc3aaf82000c1ddad9d46c1164f0.jpg,RRDataset,medium,0,0.9978891015052795,0.4,1
cb470d8e846eb8d41bf74e49be8f95ff37c1605cf5480ad7b6fd234015964b5e,autoannotated/images/cb470d8e846eb8d41bf74e49be8f95ff37c1605cf5480ad7b6fd234015964b5e.jpg,RRDataset,medium,0,0.335466593503952,0.4,0
cb7d165d032c2eb39be6e57eff30610c0167ba708f20d83924fbd7ae4021b84d,human_annotated/images/cb7d165d032c2eb39be6e57eff30610c0167ba708f20d83924fbd7ae4021b84d.png,saberzl/SID_Set,medium,1,0.9943844079971313,0.4,1
cb9401c5ddce3c5f4f03f5d217573ff85e17e0fd6400a40dc29904555495bf3e,autoannotated/images/cb9401c5ddce3c5f4f03f5d217573ff85e17e0fd6400a40dc29904555495bf3e.jpg,saberzl/SID_Set,medium,0,0.43205735087394714,0.4,1
cc0a51d4be9f571db9b523a55268e2dbf0e950af7dbd393a63e1eba4d61d02ff,autoannotated/images/cc0a51d4be9f571db9b523a55268e2dbf0e950af7dbd393a63e1eba4d61d02ff.jpg,RRDataset,medium,0,0.9256798624992371,0.4,1
cc17ff847e589bac491014d2b3b715711520d6ee32a56ead56ada640fe6ad8fe,human_annotated/images/cc17ff847e589bac491014d2b3b715711520d6ee32a56ead56ada640fe6ad8fe.png,RRDataset,medium,1,0.8045941591262817,0.4,1
cc4089d4cc539abff42c4038fc67c167a460b33ba5165d8b18a5780e4045324a,autoannotated/images/cc4089d4cc539abff42c4038fc67c167a460b33ba5165d8b18a5780e4045324a.jpg,saberzl/SID_Set,medium,0,0.9594692587852478,0.4,1
cc68576123d2f6625c6db066e7a08701e5a6acd8d58530399c1177a06916a0a4,human_annotated/images/cc68576123d2f6625c6db066e7a08701e5a6acd8d58530399c1177a06916a0a4.png,ComplexDataLab/OpenFake,medium,1,0.14288420975208282,0.4,0
cc8ccafc3ff0fa0c3a86c32203d230d5015bbc92153d7a1df251135b70ce859d,autoannotated/images/cc8ccafc3ff0fa0c3a86c32203d230d5015bbc92153d7a1df251135b70ce859d.jpg,ComplexDataLab/OpenFake,medium,0,0.13285164535045624,0.4,0
cc97a56aad15bbad36f11c8cc20bc1706049348950941d58463e3437ef499d5c,autoannotated/images/cc97a56aad15bbad36f11c8cc20bc1706049348950941d58463e3437ef499d5c.png,saberzl/SID_Set,medium,1,0.9798229336738586,0.4,1
cc98640db271e5affacd6afdc49bb52325038899733a292f3d13dd1fcaf67b51,autoannotated/images/cc98640db271e5affacd6afdc49bb52325038899733a292f3d13dd1fcaf67b51.jpg,saberzl/SID_Set,medium,0,0.16115571558475494,0.4,0
ccbf158cb620b345288891f43c39c0f60211fc8c0da6f3c62a15c6d2625f9c27,autoannotated/images/ccbf158cb620b345288891f43c39c0f60211fc8c0da6f3c62a15c6d2625f9c27.png,ComplexDataLab/OpenFake,medium,1,0.9984252452850342,0.4,1
ccbf55f91b66c9111e3a8eb900758f0801e42c27b794837caf8c23f491f99876,autoannotated/images/ccbf55f91b66c9111e3a8eb900758f0801e42c27b794837caf8c23f491f99876.jpg,saberzl/SID_Set,medium,0,0.817024827003479,0.4,1
ccdc020bbb88392f6c83ce27e211847088524d3a3d1de95ad692cd2dc5a3b6ad,human_annotated/images/ccdc020bbb88392f6c83ce27e211847088524d3a3d1de95ad692cd2dc5a3b6ad.jpg,RRDataset,medium,0,0.2923887372016907,0.4,0
ccdd15bdb9729d2f8220b579758de42c7cdec59e99e6d41722a68be55d8fb0e2,autoannotated/images/ccdd15bdb9729d2f8220b579758de42c7cdec59e99e6d41722a68be55d8fb0e2.png,saberzl/SID_Set,medium,1,0.9986963868141174,0.4,1
ccf8a071d9ec6622b29dc16e7d37fdda39b74fcf22b6b88ce8c7589d08c1dc68,autoannotated/images/ccf8a071d9ec6622b29dc16e7d37fdda39b74fcf22b6b88ce8c7589d08c1dc68.png,saberzl/SID_Set,medium,1,0.8479167222976685,0.4,1
ccfaf66c4eb02dd921d381df671e05b8e736f8303be3ca85c3d28d8f5d79a417,autoannotated/images/ccfaf66c4eb02dd921d381df671e05b8e736f8303be3ca85c3d28d8f5d79a417.jpg,ComplexDataLab/OpenFake,medium,0,0.0004740530566778034,0.4,0
cd0140837a503bfd27ec32418b572e9c5caa87851145cf4aab1bbf9b9894ece6,autoannotated/images/cd0140837a503bfd27ec32418b572e9c5caa87851145cf4aab1bbf9b9894ece6.png,ComplexDataLab/OpenFake,medium,1,0.04548744112253189,0.4,0
cd1f1c6ff98f1f6c7b97c0b1c1f41c59fb24d06b847b33bbd8da069c4bb27935,human_annotated/images/cd1f1c6ff98f1f6c7b97c0b1c1f41c59fb24d06b847b33bbd8da069c4bb27935.jpg,ComplexDataLab/OpenFake,medium,0,0.916559100151062,0.4,1
cd2bddb609705eb2b8b704f84055c7eac7c55cc057f6a1a7d11bc511cf994def,autoannotated/images/cd2bddb609705eb2b8b704f84055c7eac7c55cc057f6a1a7d11bc511cf994def.jpg,ComplexDataLab/OpenFake,medium,0,3.338405440445058e-05,0.4,0
cd2f13609e89b0a0a68fef8be7270c664b73d0421471682790823c42feec25df,autoannotated/images/cd2f13609e89b0a0a68fef8be7270c664b73d0421471682790823c42feec25df.jpg,saberzl/SID_Set,medium,0,0.5662422776222229,0.4,1
cd373b2b10d6ddfd6eeefa77a4b20381052af2c5d5c949cfe463535b3961f926,autoannotated/images/cd373b2b10d6ddfd6eeefa77a4b20381052af2c5d5c949cfe463535b3961f926.jpg,RRDataset,medium,0,0.992215096950531,0.4,1
cd47406f6fb519a0571edf752dbf5574718aba6303fcaa9309036e80d3369f56,human_annotated/images/cd47406f6fb519a0571edf752dbf5574718aba6303fcaa9309036e80d3369f56.png,RRDataset,medium,1,0.9951935410499573,0.4,1
cd758097cb0340e3d20abe2a022ba468b5d4a82aa1dea0d549c616e3e2bb5809,autoannotated/images/cd758097cb0340e3d20abe2a022ba468b5d4a82aa1dea0d549c616e3e2bb5809.jpg,RRDataset,medium,0,0.138792484998703,0.4,0
cd95d75ad54402f1d99972ff2b1ba80ed41b7fe0d42350b280b4f183c637a570,autoannotated/images/cd95d75ad54402f1d99972ff2b1ba80ed41b7fe0d42350b280b4f183c637a570.png,ComplexDataLab/OpenFake,medium,1,0.9883204698562622,0.4,1
cdd03c13ad446fb30ad2b586323acf729c70dabaf48384c3100387bb7ab19493,autoannotated/images/cdd03c13ad446fb30ad2b586323acf729c70dabaf48384c3100387bb7ab19493.jpg,saberzl/SID_Set,medium,0,0.8285300135612488,0.4,1
cdd1f0ae79a48db92440bda507607d1fc37966555829a44555821e0acd4254dc,autoannotated/images/cdd1f0ae79a48db92440bda507607d1fc37966555829a44555821e0acd4254dc.jpg,saberzl/SID_Set,medium,0,0.3988890051841736,0.4,0
cde273ea5208cbc5e5dcf49738052713b32f6426eebc10b7b54fe27a05f5e1b0,autoannotated/images/cde273ea5208cbc5e5dcf49738052713b32f6426eebc10b7b54fe27a05f5e1b0.png,RRDataset,medium,1,0.9635754227638245,0.4,1
cde8034bffec16672bb4501eabbc1e2ceca39ee3624585ddc831b0d74a7abf28,autoannotated/images/cde8034bffec16672bb4501eabbc1e2ceca39ee3624585ddc831b0d74a7abf28.png,saberzl/SID_Set,medium,1,0.9968745708465576,0.4,1
cdeb9bca0271c9523ca2e4467085ec1e91a2a5347cbe5d6970f14c1c8c501a2a,autoannotated/images/cdeb9bca0271c9523ca2e4467085ec1e91a2a5347cbe5d6970f14c1c8c501a2a.png,saberzl/SID_Set,medium,1,0.9874864816665649,0.4,1
ce16e1f0b1f4a905a664cae453df8fcc469f4c476392ed34633c8df366b28876,autoannotated/images/ce16e1f0b1f4a905a664cae453df8fcc469f4c476392ed34633c8df366b28876.jpg,RRDataset,medium,0,0.062490835785865784,0.4,0
ce1f6b93f25718a4b78c7e7e295dd733899198720cdcf40e7a446a278f624fed,human_annotated/images/ce1f6b93f25718a4b78c7e7e295dd733899198720cdcf40e7a446a278f624fed.jpg,ComplexDataLab/OpenFake,medium,0,0.04101056978106499,0.4,0
ce3059746c74b84c7c1b1e1d0fc2c7fdd68aa51eed527a662e341e70e4a857e2,autoannotated/images/ce3059746c74b84c7c1b1e1d0fc2c7fdd68aa51eed527a662e341e70e4a857e2.png,ComplexDataLab/OpenFake,medium,1,0.9929963946342468,0.4,1
ce73d45404b6fe89c55b4afb66ca208af45c2c3bb0c982a24c632ba7298ced62,autoannotated/images/ce73d45404b6fe89c55b4afb66ca208af45c2c3bb0c982a24c632ba7298ced62.jpg,ComplexDataLab/OpenFake,medium,0,0.027332287281751633,0.4,0
ceb0852e9d56c004286e31c95841f1ea66071d145da96a7f11662b5d0f00a1f8,autoannotated/images/ceb0852e9d56c004286e31c95841f1ea66071d145da96a7f11662b5d0f00a1f8.png,RRDataset,medium,1,0.9804307818412781,0.4,1
cec0a24d292b0ca1a790d26aa36f4187cb70f7bd1e1fe5daceb97b0ba5472c16,autoannotated/images/cec0a24d292b0ca1a790d26aa36f4187cb70f7bd1e1fe5daceb97b0ba5472c16.png,RRDataset,medium,1,0.991732120513916,0.4,1
cee225ee8487b0c21804da3d7bf543ba25f75e78e97da10cf836a90261db1c7f,autoannotated/images/cee225ee8487b0c21804da3d7bf543ba25f75e78e97da10cf836a90261db1c7f.png,RRDataset,medium,1,0.9487401843070984,0.4,1
ceeadebc5a96112d2c81fd7a062a69653090a235d1ce435ba09b5c0579215248,human_annotated/images/ceeadebc5a96112d2c81fd7a062a69653090a235d1ce435ba09b5c0579215248.png,ComplexDataLab/OpenFake,medium,1,0.9605820178985596,0.4,1
cf0a47f943c122ce6c321e9a5225bb62ff1d7dd275733edfde6c078552306348,autoannotated/images/cf0a47f943c122ce6c321e9a5225bb62ff1d7dd275733edfde6c078552306348.jpg,ComplexDataLab/OpenFake,medium,0,0.24955438077449799,0.4,0
cf2cbadf6f1e7e59afbd19a07896203d5d104e1ac31eb93d9eb1391e11094e82,autoannotated/images/cf2cbadf6f1e7e59afbd19a07896203d5d104e1ac31eb93d9eb1391e11094e82.jpg,saberzl/SID_Set,medium,0,0.19665950536727905,0.4,0
cf2efba522504d98986b5fff949cb6c61730b8455362f621b616b93d07eb9dfc,human_annotated/images/cf2efba522504d98986b5fff949cb6c61730b8455362f621b616b93d07eb9dfc.png,RRDataset,medium,1,0.9936971068382263,0.4,1
cf55db9bc4ff3888a5edcd8417ebd5c6bd475d27020412b5be459a42a772ad66,autoannotated/images/cf55db9bc4ff3888a5edcd8417ebd5c6bd475d27020412b5be459a42a772ad66.jpg,saberzl/SID_Set,medium,0,0.9585696458816528,0.4,1
cf571eeb694d44734b0d694e047c444ff1400ff1d49416ac3eab77e77ebc5d09,autoannotated/images/cf571eeb694d44734b0d694e047c444ff1400ff1d49416ac3eab77e77ebc5d09.png,saberzl/SID_Set,medium,1,0.9246992468833923,0.4,1
cf5cf740601b3089b4ae1a947112bc8726984b0c61f2d71ddfc5005dae0732cc,human_annotated/images/cf5cf740601b3089b4ae1a947112bc8726984b0c61f2d71ddfc5005dae0732cc.png,ComplexDataLab/OpenFake,medium,1,0.989412248134613,0.4,1
cf627dec794414e42a3a4132a4eb81e28ce00ea1eba251c0d268bf2ba7006984,autoannotated/images/cf627dec794414e42a3a4132a4eb81e28ce00ea1eba251c0d268bf2ba7006984.jpg,RRDataset,medium,0,0.09077288955450058,0.4,0
cf75c470af8aad23ad8703c523af878411d939a59ff4248abc06957912632bd6,autoannotated/images/cf75c470af8aad23ad8703c523af878411d939a59ff4248abc06957912632bd6.png,ComplexDataLab/OpenFake,medium,1,0.9969083666801453,0.4,1
cf774f3804a5ef30574080d2efacf759e812456849a483229fe5357d0048b1d4,human_annotated/images/cf774f3804a5ef30574080d2efacf759e812456849a483229fe5357d0048b1d4.jpg,RRDataset,medium,0,0.13960115611553192,0.4,0
cfb21d14326be980c3244536b29b34fcea58df986274abde970c98ba5a70571f,autoannotated/images/cfb21d14326be980c3244536b29b34fcea58df986274abde970c98ba5a70571f.jpeg,RRDataset,medium,0,0.9353569149971008,0.4,1
cfb89bc2ce065157cfceb3b2d52caefd2fc8dbac64a0dc00a5c9d5bfda40ff8a,autoannotated/images/cfb89bc2ce065157cfceb3b2d52caefd2fc8dbac64a0dc00a5c9d5bfda40ff8a.jpg,saberzl/SID_Set,medium,0,0.2677323520183563,0.4,0
cfd5e12df2ff11bf2cd9db681356732073194389145f99907faebcb501c1ea85,human_annotated/images/cfd5e12df2ff11bf2cd9db681356732073194389145f99907faebcb501c1ea85.jpg,RRDataset,medium,0,0.9629106521606445,0.4,1
cfe8594f2b0c30931a483c55a92a7129bb31a641945486d6581ff6458ce17aba,autoannotated/images/cfe8594f2b0c30931a483c55a92a7129bb31a641945486d6581ff6458ce17aba.png,saberzl/SID_Set,medium,1,0.9922440648078918,0.4,1
d01447ba9d0a472cd7bc322f727e63ab44f6c981736f739fb3b24c3066e53181,autoannotated/images/d01447ba9d0a472cd7bc322f727e63ab44f6c981736f739fb3b24c3066e53181.png,ComplexDataLab/OpenFake,medium,1,0.09368513524532318,0.4,0
d0342b12b0636aaba798c02741b864bc13d6aaa75b5f254e26a95ab9dbe33058,autoannotated/images/d0342b12b0636aaba798c02741b864bc13d6aaa75b5f254e26a95ab9dbe33058.jpg,ComplexDataLab/OpenFake,medium,1,0.11038514971733093,0.4,0
d04b5438afe50e9ac7343223222a70d1d0c7a64e00b754502dd333c645278232,autoannotated/images/d04b5438afe50e9ac7343223222a70d1d0c7a64e00b754502dd333c645278232.jpg,saberzl/SID_Set,medium,0,0.7476997375488281,0.4,1
d05041e98611d7c927304e7748b78e3401e057d7d49f07a56b098a139ecd115d,autoannotated/images/d05041e98611d7c927304e7748b78e3401e057d7d49f07a56b098a139ecd115d.png,saberzl/SID_Set,medium,1,0.4856676459312439,0.4,1
d05f78ef7762c69dd7d25184bba8ac3f72cb07c108e63720619b0377201f8eca,autoannotated/images/d05f78ef7762c69dd7d25184bba8ac3f72cb07c108e63720619b0377201f8eca.png,RRDataset,medium,1,0.9694589376449585,0.4,1
d062dae8cce84fddbff814f39cae0dc4bbd0accb4f477d4fee3c67637bd5d40c,autoannotated/images/d062dae8cce84fddbff814f39cae0dc4bbd0accb4f477d4fee3c67637bd5d40c.jpg,ComplexDataLab/OpenFake,medium,0,0.003988385666161776,0.4,0
d090b907d1fb32e2d2447a8f5caf3c961379eea6907b24f210b47218ba016944,autoannotated/images/d090b907d1fb32e2d2447a8f5caf3c961379eea6907b24f210b47218ba016944.png,RRDataset,medium,1,0.9986482262611389,0.4,1
d0a3146c57185b0ffa84c527b9a2780442a9d3aca9fa1d39d90f95d3c95f54e6,human_annotated/images/d0a3146c57185b0ffa84c527b9a2780442a9d3aca9fa1d39d90f95d3c95f54e6.png,RRDataset,medium,1,0.9939345717430115,0.4,1
d0b94e631bfa643fcee64a5b5eaa042e3cd6e295044ffe47a54043930eacc906,autoannotated/images/d0b94e631bfa643fcee64a5b5eaa042e3cd6e295044ffe47a54043930eacc906.png,ComplexDataLab/OpenFake,medium,1,0.47357937693595886,0.4,1
d0bbc735113bb887f6d0d750f5f054870707fafc8d14a13a6990ed2a7e3d54a7,autoannotated/images/d0bbc735113bb887f6d0d750f5f054870707fafc8d14a13a6990ed2a7e3d54a7.jpg,RRDataset,medium,0,0.6899105310440063,0.4,1
d0d243ffb3fccaf55a471ca1308586a431cf4bb5fd1ecedab271fc6f6c2b8d8b,autoannotated/images/d0d243ffb3fccaf55a471ca1308586a431cf4bb5fd1ecedab271fc6f6c2b8d8b.png,ComplexDataLab/OpenFake,medium,1,0.878348171710968,0.4,1
d11569494b19cd78a6cf9e2c24988063987532c0f6bc04b8835b2bae55a621df,autoannotated/images/d11569494b19cd78a6cf9e2c24988063987532c0f6bc04b8835b2bae55a621df.jpg,saberzl/SID_Set,medium,0,0.7219303846359253,0.4,1
d11b2b75c29162851fe5f251f5682614684fecf7d61c6a8ee7198a94c59815a5,human_annotated/images/d11b2b75c29162851fe5f251f5682614684fecf7d61c6a8ee7198a94c59815a5.png,RRDataset,medium,1,0.9166813492774963,0.4,1
d1313d2d7e839607f94129179b83931561b17c0ddc3c3833956ebe3a3d731a9c,autoannotated/images/d1313d2d7e839607f94129179b83931561b17c0ddc3c3833956ebe3a3d731a9c.jpg,RRDataset,medium,0,0.9814469814300537,0.4,1
d14f4a59f0b6abeccaaa641377bae6125fd8fc1df21d9398f29464dc59f424ac,autoannotated/images/d14f4a59f0b6abeccaaa641377bae6125fd8fc1df21d9398f29464dc59f424ac.jpg,saberzl/SID_Set,medium,0,0.01834796369075775,0.4,0
d15f320d8bb6685747c16b85350c6a51191d295f8441cd9f765aa8e0d1d9f6d7,human_annotated/images/d15f320d8bb6685747c16b85350c6a51191d295f8441cd9f765aa8e0d1d9f6d7.jpg,RRDataset,medium,0,0.9574335813522339,0.4,1
d17ffe7e6668ad6ef29d5d6aff1249f81dd0915a4677110dd33ce5e309dbe5a3,autoannotated/images/d17ffe7e6668ad6ef29d5d6aff1249f81dd0915a4677110dd33ce5e309dbe5a3.jpg,ComplexDataLab/OpenFake,medium,0,0.004138866905122995,0.4,0
d1db65f754b643548db9cb83bf015b3523157c16f58cc7d45bd69c8bac064a86,autoannotated/images/d1db65f754b643548db9cb83bf015b3523157c16f58cc7d45bd69c8bac064a86.png,saberzl/SID_Set,medium,1,0.9399590492248535,0.4,1
d1e946eef979ab4beee2e901e9fd62478d562b238ca62eb2fbdb98d7e2a8377f,autoannotated/images/d1e946eef979ab4beee2e901e9fd62478d562b238ca62eb2fbdb98d7e2a8377f.jpg,saberzl/SID_Set,medium,0,0.0019184703705832362,0.4,0
d1f131bc024591a8704fe9cfeac975d79c5b5632297c130c92fed293e3b21fd2,autoannotated/images/d1f131bc024591a8704fe9cfeac975d79c5b5632297c130c92fed293e3b21fd2.jpg,saberzl/SID_Set,medium,0,0.37825554609298706,0.4,0
d219dd09455ba27e628fd8da8db35e8b3f1582c2ee91ddc3b6343185d1f870ea,autoannotated/images/d219dd09455ba27e628fd8da8db35e8b3f1582c2ee91ddc3b6343185d1f870ea.png,saberzl/SID_Set,medium,1,0.9513915777206421,0.4,1
d2523c4232d27d7978f688e3bea46884ced1e94b8c61c99141e455e0e60eb502,human_annotated/images/d2523c4232d27d7978f688e3bea46884ced1e94b8c61c99141e455e0e60eb502.jpg,ComplexDataLab/OpenFake,medium,0,0.7607473134994507,0.4,1
d294a3f4dfbef7383624f0d9ee20625f080f8404ccf07832f84f424ea1ff42b6,autoannotated/images/d294a3f4dfbef7383624f0d9ee20625f080f8404ccf07832f84f424ea1ff42b6.png,saberzl/SID_Set,medium,1,0.44535791873931885,0.4,1
d2a5e3ae0e04d215288df7b97041ce491b2919007f98d9e18768141d25c22f18,autoannotated/images/d2a5e3ae0e04d215288df7b97041ce491b2919007f98d9e18768141d25c22f18.png,RRDataset,medium,1,0.9970531463623047,0.4,1
d2e45b157a96a56aa8dee012f2c451c65f8d03ef2f4ec3315383800dfa83ea3b,autoannotated/images/d2e45b157a96a56aa8dee012f2c451c65f8d03ef2f4ec3315383800dfa83ea3b.jpg,ComplexDataLab/OpenFake,medium,0,0.7016046643257141,0.4,1
d2e63cb06172418ca0c76281605cc5203b48992745a833feed3e864c8fcf24a2,autoannotated/images/d2e63cb06172418ca0c76281605cc5203b48992745a833feed3e864c8fcf24a2.jpg,ComplexDataLab/OpenFake,medium,0,0.2186502367258072,0.4,0
d31aa345aa67a240d8fbcfb4b5d17de91999b12d9d3475f993a1d8e5614388c1,autoannotated/images/d31aa345aa67a240d8fbcfb4b5d17de91999b12d9d3475f993a1d8e5614388c1.jpg,ComplexDataLab/OpenFake,medium,0,0.0022251922637224197,0.4,0
d31d50204a571cc8e03cefbc64ccb2796d67cbeed40ff3e9abad20643f81d9cb,human_annotated/images/d31d50204a571cc8e03cefbc64ccb2796d67cbeed40ff3e9abad20643f81d9cb.png,RRDataset,medium,1,0.8811192512512207,0.4,1
d3505d04c2e9174855c579c2785c100368d5ca2760bb24c83b8af6975bbf70ed,autoannotated/images/d3505d04c2e9174855c579c2785c100368d5ca2760bb24c83b8af6975bbf70ed.png,ComplexDataLab/OpenFake,medium,1,0.9050040245056152,0.4,1
d36efdd710d2d64a71ebec4320df2db0a47f6b9f8f5dd3bdfb8894153b1a7c54,autoannotated/images/d36efdd710d2d64a71ebec4320df2db0a47f6b9f8f5dd3bdfb8894153b1a7c54.png,ComplexDataLab/OpenFake,medium,1,0.9852225184440613,0.4,1
d37b6e2864def648f1ad866e0dea40ae06c9ac1791ddd58450e6cce05ee252b5,autoannotated/images/d37b6e2864def648f1ad866e0dea40ae06c9ac1791ddd58450e6cce05ee252b5.jpg,saberzl/SID_Set,medium,0,0.30090242624282837,0.4,0
d3c995652ab7554fbe7267ec25c28f52a2d52bbf2dc84b183d7a9a33e8e104f1,autoannotated/images/d3c995652ab7554fbe7267ec25c28f52a2d52bbf2dc84b183d7a9a33e8e104f1.png,ComplexDataLab/OpenFake,medium,1,0.9952622652053833,0.4,1
d3dcb618d3d88431ec71e37a73b931e75a07aee0b785dcfca74c7985d8afd744,autoannotated/images/d3dcb618d3d88431ec71e37a73b931e75a07aee0b785dcfca74c7985d8afd744.jpg,ComplexDataLab/OpenFake,medium,0,0.24312132596969604,0.4,0
d3ebf5bc354535da7841954f6c2601b8ed0ece9b85405229985732fc41f8d315,autoannotated/images/d3ebf5bc354535da7841954f6c2601b8ed0ece9b85405229985732fc41f8d315.jpg,ComplexDataLab/OpenFake,medium,0,0.002831702586263418,0.4,0
d445b7e3a3a3139d8babee04415810b15de5ce4ca11cf4fedcd8c9537f7bf6fc,human_annotated/images/d445b7e3a3a3139d8babee04415810b15de5ce4ca11cf4fedcd8c9537f7bf6fc.jpg,RRDataset,medium,0,0.6635135412216187,0.4,1
d45ab0501f579037410eae93e2ae9f547629d6597b3c4e4a1846ec682c2d2b87,autoannotated/images/d45ab0501f579037410eae93e2ae9f547629d6597b3c4e4a1846ec682c2d2b87.jpg,RRDataset,medium,0,0.3198736011981964,0.4,0
d461bee7090caebe59a85ce4475c2259e4fe1c25fb490989b53c7280cfc58de9,autoannotated/images/d461bee7090caebe59a85ce4475c2259e4fe1c25fb490989b53c7280cfc58de9.jpg,RRDataset,medium,0,0.03925304114818573,0.4,0
d49b53f27acca3660be831861d521593754a85d8b55b6e511dbcfecf02da60d8,autoannotated/images/d49b53f27acca3660be831861d521593754a85d8b55b6e511dbcfecf02da60d8.jpg,saberzl/SID_Set,medium,0,0.042368244379758835,0.4,0
d4d5856ff8719741a5833cc3ec0f485713d709d8fc0de559d340c869d23fddd6,human_annotated/images/d4d5856ff8719741a5833cc3ec0f485713d709d8fc0de559d340c869d23fddd6.jpg,RRDataset,medium,0,0.01417930331081152,0.4,0
d4ea3bb856f02755e667877cede7b2701594cbf278222bfef6b82931304b767c,autoannotated/images/d4ea3bb856f02755e667877cede7b2701594cbf278222bfef6b82931304b767c.png,saberzl/SID_Set,medium,1,0.9696061611175537,0.4,1
d506c23b6ef8cca94d600a41dfcb3e477121d0ab83d4a5b8154a1295da396c69,autoannotated/images/d506c23b6ef8cca94d600a41dfcb3e477121d0ab83d4a5b8154a1295da396c69.png,saberzl/SID_Set,medium,1,0.9877800941467285,0.4,1
d5097ab54b80237393c20da8078215bf18ddc7f517afa7a06dfd3e8768b155ac,autoannotated/images/d5097ab54b80237393c20da8078215bf18ddc7f517afa7a06dfd3e8768b155ac.png,ComplexDataLab/OpenFake,medium,1,0.9896027445793152,0.4,1
d51c08281241edce6d52883e708a34e9b5b35e606069560e0a8627ffa8eb14ff,autoannotated/images/d51c08281241edce6d52883e708a34e9b5b35e606069560e0a8627ffa8eb14ff.jpg,RRDataset,medium,0,0.5928733944892883,0.4,1
d524d7165a8364654cca478f5beb4dac7d0742179c05a83845084a693e136f21,human_annotated/images/d524d7165a8364654cca478f5beb4dac7d0742179c05a83845084a693e136f21.png,RRDataset,medium,1,0.9654896855354309,0.4,1
d53650393d2d53f3295d8307d5c0d0016481de2b23aa9dc2524dd6d340539b30,human_annotated/images/d53650393d2d53f3295d8307d5c0d0016481de2b23aa9dc2524dd6d340539b30.png,RRDataset,medium,1,0.9944631457328796,0.4,1
d536e3bd1b53d6babdccfdb2847caa4d45ef30ecace03d8b000869faaaee0309,autoannotated/images/d536e3bd1b53d6babdccfdb2847caa4d45ef30ecace03d8b000869faaaee0309.jpg,ComplexDataLab/OpenFake,medium,0,0.3473212420940399,0.4,0
d5429345687161ca008a3a78d324e15d804a04fd96e1eb2db4258d61ca12af97,autoannotated/images/d5429345687161ca008a3a78d324e15d804a04fd96e1eb2db4258d61ca12af97.webp,ComplexDataLab/OpenFake,medium,1,0.9585168957710266,0.4,1
d56ea70dab4f3f102a2405d4c520906c484f7668abce2cc1c850788de44093b4,autoannotated/images/d56ea70dab4f3f102a2405d4c520906c484f7668abce2cc1c850788de44093b4.jpg,ComplexDataLab/OpenFake,medium,0,0.01783200353384018,0.4,0
d59a9228e97df00be2c69251e5b3587401b183206498f928602d8e7a9114144b,autoannotated/images/d59a9228e97df00be2c69251e5b3587401b183206498f928602d8e7a9114144b.png,saberzl/SID_Set,medium,1,0.9858149290084839,0.4,1
d5db53d9202a2a8c9dd8a6a20e276f900a6c6df2a03ddf95ecb2dba5a88f08e4,autoannotated/images/d5db53d9202a2a8c9dd8a6a20e276f900a6c6df2a03ddf95ecb2dba5a88f08e4.jpg,ComplexDataLab/OpenFake,medium,0,0.6871368885040283,0.4,1
d6200723f74c9eab13d7523cca105ac51f04dd0fcff7c77d17bf37c78d7fe78e,human_annotated/images/d6200723f74c9eab13d7523cca105ac51f04dd0fcff7c77d17bf37c78d7fe78e.jpg,ComplexDataLab/OpenFake,medium,0,0.20892147719860077,0.4,0
d628d50aed746ce27b8d02f53bb8de56937a49cd724ff58b46b0d95bc3020710,autoannotated/images/d628d50aed746ce27b8d02f53bb8de56937a49cd724ff58b46b0d95bc3020710.jpg,RRDataset,medium,0,0.18141525983810425,0.4,0
d6544c888ef132d0a48606fbbd093921c31b435d7a974f7b5d759e34aa4d647d,autoannotated/images/d6544c888ef132d0a48606fbbd093921c31b435d7a974f7b5d759e34aa4d647d.jpg,RRDataset,medium,0,0.47054997086524963,0.4,1
d65be54baf5a369d786d021f58af1fbd20a539c9eb9ec74424fbd68544732b14,autoannotated/images/d65be54baf5a369d786d021f58af1fbd20a539c9eb9ec74424fbd68544732b14.jpg,RRDataset,medium,0,0.5147902369499207,0.4,1
d6667ce7c01b23d5443011b329e19dea1f82f0abfe8b1964f3d5e82a0c8d51cc,autoannotated/images/d6667ce7c01b23d5443011b329e19dea1f82f0abfe8b1964f3d5e82a0c8d51cc.png,ComplexDataLab/OpenFake,medium,1,0.3063483238220215,0.4,0
d66b6df8bb2d8725eb1ad6ea69f1a2101961f28d8fb06848c71283536066668b,autoannotated/images/d66b6df8bb2d8725eb1ad6ea69f1a2101961f28d8fb06848c71283536066668b.png,saberzl/SID_Set,medium,1,0.9902307391166687,0.4,1
d6a8ec21967bf774c601f3381da53b17b3baf2f3fe1f87cc8ae1536a26792cbd,autoannotated/images/d6a8ec21967bf774c601f3381da53b17b3baf2f3fe1f87cc8ae1536a26792cbd.jpg,ComplexDataLab/OpenFake,medium,0,0.32667064666748047,0.4,0
d6ac3c1a1c4fec9f090165169ab8f726895ef73797ecf94ed87f55dbf0cc6eb5,autoannotated/images/d6ac3c1a1c4fec9f090165169ab8f726895ef73797ecf94ed87f55dbf0cc6eb5.png,ComplexDataLab/OpenFake,medium,1,0.8839903473854065,0.4,1
d6b209b675d85f78e4fd559b56ec8e604961bdf25850aa5f8143578c7f31f070,autoannotated/images/d6b209b675d85f78e4fd559b56ec8e604961bdf25850aa5f8143578c7f31f070.png,ComplexDataLab/OpenFake,medium,1,0.9900425672531128,0.4,1
d72d8b5e970f3df737510f869c2bc73df6af2a46ef27029b1882f4c8b433b7da,autoannotated/images/d72d8b5e970f3df737510f869c2bc73df6af2a46ef27029b1882f4c8b433b7da.jpg,ComplexDataLab/OpenFake,medium,0,0.30609428882598877,0.4,0
d77fc7a276efb44cfa0821e413f56c87ceda24cb90a34718eb1b1b743d5dab59,autoannotated/images/d77fc7a276efb44cfa0821e413f56c87ceda24cb90a34718eb1b1b743d5dab59.jpg,ComplexDataLab/OpenFake,medium,0,0.46337592601776123,0.4,1
d7bb97122865bd97f29196ee7aedfa4d61b91459d6e37e812e0bf980e4a4a749,human_annotated/images/d7bb97122865bd97f29196ee7aedfa4d61b91459d6e37e812e0bf980e4a4a749.jpg,RRDataset,medium,0,0.37087637186050415,0.4,0
d7bd84750af3e7e39ed73b6f934bfaba2b3e25aee89eff0c7b3c31955ef207d7,autoannotated/images/d7bd84750af3e7e39ed73b6f934bfaba2b3e25aee89eff0c7b3c31955ef207d7.jpg,saberzl/SID_Set,medium,0,0.08543704450130463,0.4,0
d7cf8ae21987e7c784dca74ad2bf64df76bc8c67630d999105307206a07b249a,autoannotated/images/d7cf8ae21987e7c784dca74ad2bf64df76bc8c67630d999105307206a07b249a.png,RRDataset,medium,1,0.9012898206710815,0.4,1
d802a4ed4f3900a5e19d1fb754e87ffdd2f02de0835aab45e39735d6b115e5e0,autoannotated/images/d802a4ed4f3900a5e19d1fb754e87ffdd2f02de0835aab45e39735d6b115e5e0.png,ComplexDataLab/OpenFake,medium,1,0.7091012597084045,0.4,1
d83b990da1b743a0385b8d2e287ea925d5c6067d01b688002a9926bde0304f4a,human_annotated/images/d83b990da1b743a0385b8d2e287ea925d5c6067d01b688002a9926bde0304f4a.png,saberzl/SID_Set,medium,1,0.9476058483123779,0.4,1
d84c1f454957ccd69c5b6464677e0189106352b1705c59c13251a5e6906a4e64,autoannotated/images/d84c1f454957ccd69c5b6464677e0189106352b1705c59c13251a5e6906a4e64.png,ComplexDataLab/OpenFake,medium,1,0.994648277759552,0.4,1
d85b9ebf78b29c0ac3eed7edfd45ffd0207772a9994d808a77af7bcc48b4b8c3,autoannotated/images/d85b9ebf78b29c0ac3eed7edfd45ffd0207772a9994d808a77af7bcc48b4b8c3.png,ComplexDataLab/OpenFake,medium,1,0.5350351333618164,0.4,1
d86e7726ca15f36f2014ed2cc4a5f2f8167b7bfbf148a007bf82581349331f4b,autoannotated/images/d86e7726ca15f36f2014ed2cc4a5f2f8167b7bfbf148a007bf82581349331f4b.png,saberzl/SID_Set,medium,1,0.7018881440162659,0.4,1
d87428a9b33d45f27079ccbcac5b34d6e9ea40365b7f058ad7846ba923099ba2,autoannotated/images/d87428a9b33d45f27079ccbcac5b34d6e9ea40365b7f058ad7846ba923099ba2.jpg,ComplexDataLab/OpenFake,medium,0,0.5630698800086975,0.4,1
d87c5247eb2944c87d57d15d89949c79aea2420547b6597954b25a2f4eb40763,autoannotated/images/d87c5247eb2944c87d57d15d89949c79aea2420547b6597954b25a2f4eb40763.jpg,RRDataset,medium,0,0.46344274282455444,0.4,1
d8afa1cd7427ef11074efdba2183e18ba53871439d2c11b8a6e8d1ab05ac4014,autoannotated/images/d8afa1cd7427ef11074efdba2183e18ba53871439d2c11b8a6e8d1ab05ac4014.png,RRDataset,medium,1,0.9189362525939941,0.4,1
d8b7b3b6c88aeb701ef20791105b9b35e8248ee4e6557ea79a093ba1d5311155,autoannotated/images/d8b7b3b6c88aeb701ef20791105b9b35e8248ee4e6557ea79a093ba1d5311155.jpg,saberzl/SID_Set,medium,0,0.016887769103050232,0.4,0
d8ba0315b1285e458dcd0f2721adc8678c9bf3108f3dbda4735770bfc83eecde,human_annotated/images/d8ba0315b1285e458dcd0f2721adc8678c9bf3108f3dbda4735770bfc83eecde.jpg,saberzl/SID_Set,medium,0,0.8862642645835876,0.4,1
d8bbc6471c5e2e36d240f8b34d048de2b65d09c5dd481e1a21d37618271f2cf0,autoannotated/images/d8bbc6471c5e2e36d240f8b34d048de2b65d09c5dd481e1a21d37618271f2cf0.jpg,RRDataset,medium,0,0.157532200217247,0.4,0
d8c596cdb123761b5d716c89c98d2050240fa45669cb35c615ca8581b230f2a8,autoannotated/images/d8c596cdb123761b5d716c89c98d2050240fa45669cb35c615ca8581b230f2a8.jpg,RRDataset,medium,0,0.9097450375556946,0.4,1
d90146cda89ee39e03f9d5b1fa2d133bcd3d6e26ea33ee3c53648effdcd7e836,autoannotated/images/d90146cda89ee39e03f9d5b1fa2d133bcd3d6e26ea33ee3c53648effdcd7e836.jpg,ComplexDataLab/OpenFake,medium,0,0.00026137864915654063,0.4,0
d914f4604156847fa93b7717936cea1cb45e96e661f4ffa487ed3ad56b5f587c,autoannotated/images/d914f4604156847fa93b7717936cea1cb45e96e661f4ffa487ed3ad56b5f587c.png,RRDataset,medium,1,0.9363906383514404,0.4,1
d91bb95659443895bb3c8502f3d067ef014e945a91824b26c51b29798d36d788,autoannotated/images/d91bb95659443895bb3c8502f3d067ef014e945a91824b26c51b29798d36d788.jpg,ComplexDataLab/OpenFake,medium,0,0.8744120597839355,0.4,1
d95a7a05137c451a9403f6731e2e9a80d8071402c1b64b4ef6c0df03795db4a1,human_annotated/images/d95a7a05137c451a9403f6731e2e9a80d8071402c1b64b4ef6c0df03795db4a1.png,saberzl/SID_Set,medium,1,0.9978856444358826,0.4,1
d9694f5fbec4eb4fd65ce37c74986ef3ec1721954e551a4d1142f18b2a628dc6,human_annotated/images/d9694f5fbec4eb4fd65ce37c74986ef3ec1721954e551a4d1142f18b2a628dc6.jpg,ComplexDataLab/OpenFake,medium,0,0.9665346145629883,0.4,1
d96fcf794345a6cc4723cbb6d03b86080652b550e20fe84afe771464a48b8e7d,autoannotated/images/d96fcf794345a6cc4723cbb6d03b86080652b550e20fe84afe771464a48b8e7d.jpg,ComplexDataLab/OpenFake,medium,0,0.30826255679130554,0.4,0
d9a1aa2fa6ee6aa9b2614f029beabc73b5260b9ccbab1edd6e3846d1ced5b8ea,autoannotated/images/d9a1aa2fa6ee6aa9b2614f029beabc73b5260b9ccbab1edd6e3846d1ced5b8ea.png,ComplexDataLab/OpenFake,medium,1,0.9598625898361206,0.4,1
d9df633a6781d8e545475865669899c4cc8447a935bd14ef9cfdcff155febcd0,autoannotated/images/d9df633a6781d8e545475865669899c4cc8447a935bd14ef9cfdcff155febcd0.jpg,RRDataset,medium,1,0.9235005378723145,0.4,1
da0583b1a158cb164bebbc00561d179890345b3c82b185c47555bd39ba28bece,autoannotated/images/da0583b1a158cb164bebbc00561d179890345b3c82b185c47555bd39ba28bece.jpg,ComplexDataLab/OpenFake,medium,0,0.0013204104034230113,0.4,0
da0bc2c3ac61fa54bc6893a4dcc39afcb64c6d0aff944f8b219f1144626d0583,autoannotated/images/da0bc2c3ac61fa54bc6893a4dcc39afcb64c6d0aff944f8b219f1144626d0583.jpg,RRDataset,medium,0,0.9700838327407837,0.4,1
da6b9f3fde92d9c7a9641b38c70445746a069ca690c0e0704ad6bd9e563d7446,autoannotated/images/da6b9f3fde92d9c7a9641b38c70445746a069ca690c0e0704ad6bd9e563d7446.png,RRDataset,medium,1,0.7340149283409119,0.4,1
da780a137c3d0c6e2b54134f9ea860e5cf2013495000240deae8a71eee59000c,autoannotated/images/da780a137c3d0c6e2b54134f9ea860e5cf2013495000240deae8a71eee59000c.png,ComplexDataLab/OpenFake,medium,1,0.7210472822189331,0.4,1
da81dc1d4b99cc3cdcb46153f08ff47cf01e255793046821192a6e50bd7b665e,autoannotated/images/da81dc1d4b99cc3cdcb46153f08ff47cf01e255793046821192a6e50bd7b665e.jpg,RRDataset,medium,0,0.999237060546875,0.4,1
da8515567a811f559176046bbd7ca71dae325f0b173de06b52f171e4f5f043b6,autoannotated/images/da8515567a811f559176046bbd7ca71dae325f0b173de06b52f171e4f5f043b6.png,ComplexDataLab/OpenFake,medium,1,0.9998464584350586,0.4,1
daa2d3646895694c9c51a1dc7218858a033c55ea02a6396550a508b2a5a63603,autoannotated/images/daa2d3646895694c9c51a1dc7218858a033c55ea02a6396550a508b2a5a63603.jpg,saberzl/SID_Set,medium,0,0.03812892735004425,0.4,0
dabc44e6a649209aec3d38d4fa1f8aa4dc182271ad51bd7bb16658186a7f8652,autoannotated/images/dabc44e6a649209aec3d38d4fa1f8aa4dc182271ad51bd7bb16658186a7f8652.jpg,ComplexDataLab/OpenFake,medium,0,0.002891150303184986,0.4,0
dad9b5c204423d31effe2ceb0f2f8897d746799079cbf38fe413fee811a1a48a,human_annotated/images/dad9b5c204423d31effe2ceb0f2f8897d746799079cbf38fe413fee811a1a48a.jpg,ComplexDataLab/OpenFake,medium,0,0.0002329649869352579,0.4,0
db0acffe8f2cd2d8d0b8ef9cdf0c0dd099840c8a9dba5d8b36ac101f5c0a620c,human_annotated/images/db0acffe8f2cd2d8d0b8ef9cdf0c0dd099840c8a9dba5d8b36ac101f5c0a620c.png,RRDataset,medium,1,0.9691242575645447,0.4,1
db1c4040f97544a98ee734a39248f224afa24279c034ae5ccbfe44e01c9a5984,autoannotated/images/db1c4040f97544a98ee734a39248f224afa24279c034ae5ccbfe44e01c9a5984.png,ComplexDataLab/OpenFake,medium,1,0.18419437110424042,0.4,0
db26c8464c68211bc6fec4d0ffbc5337eff40d02a23306f7fbc858a2918ed265,autoannotated/images/db26c8464c68211bc6fec4d0ffbc5337eff40d02a23306f7fbc858a2918ed265.jpg,saberzl/SID_Set,medium,0,0.8002043962478638,0.4,1
db2fabfc0353c84c068bd833de4c37ccae034908964b187c4bc08ae527b289cb,autoannotated/images/db2fabfc0353c84c068bd833de4c37ccae034908964b187c4bc08ae527b289cb.png,RRDataset,medium,1,0.8976377844810486,0.4,1
db69b313cec6dfe96242ec7f0f6b6962bd44205aa1a35af16375e07c944b09bf,human_annotated/images/db69b313cec6dfe96242ec7f0f6b6962bd44205aa1a35af16375e07c944b09bf.jpg,RRDataset,medium,1,0.8435966968536377,0.4,1
db7d86a00594ffc7587fbc3027a578b7b2dd6ab257583ca78006091dfd544378,autoannotated/images/db7d86a00594ffc7587fbc3027a578b7b2dd6ab257583ca78006091dfd544378.png,RRDataset,medium,1,0.9542731642723083,0.4,1
db8283e5fd735991f377331da4e9b088a8889fb05d607d605187470c716b7963,autoannotated/images/db8283e5fd735991f377331da4e9b088a8889fb05d607d605187470c716b7963.png,ComplexDataLab/OpenFake,medium,1,0.9121647477149963,0.4,1
db9d42fceb4c4beb0f6aaac455280a8134a15935e606395f4e3722f5a44e0e5c,autoannotated/images/db9d42fceb4c4beb0f6aaac455280a8134a15935e606395f4e3722f5a44e0e5c.jpg,saberzl/SID_Set,medium,0,0.05549398064613342,0.4,0
dba123aebc208e091a0cd2e2384c5f61987edf483a97dacf6b642b1a283d4f8c,autoannotated/images/dba123aebc208e091a0cd2e2384c5f61987edf483a97dacf6b642b1a283d4f8c.jpg,saberzl/SID_Set,medium,0,0.0010496515315026045,0.4,0
dbad08fd38392fc7900329c81f539852697567b1f60a1a98376f9bc504746fb0,human_annotated/images/dbad08fd38392fc7900329c81f539852697567b1f60a1a98376f9bc504746fb0.jpg,saberzl/SID_Set,medium,0,0.0010573394829407334,0.4,0
dbc81b719f7ca5bd88c525a2e8b17eda96e9fdbeb484154a7e22277157ed7bdf,autoannotated/images/dbc81b719f7ca5bd88c525a2e8b17eda96e9fdbeb484154a7e22277157ed7bdf.png,ComplexDataLab/OpenFake,medium,1,0.5254426598548889,0.4,1
dbd8a4318ebd36691e2c436bf2faef9918b82ef526f7677efa0b3d27ee98bb17,autoannotated/images/dbd8a4318ebd36691e2c436bf2faef9918b82ef526f7677efa0b3d27ee98bb17.png,ComplexDataLab/OpenFake,medium,1,0.9902681708335876,0.4,1
dbeb4276542c32846227e96eefc2cbacdba7d1b3d0d8121584e005353aed9b5d,autoannotated/images/dbeb4276542c32846227e96eefc2cbacdba7d1b3d0d8121584e005353aed9b5d.jpg,saberzl/SID_Set,medium,0,0.0171122457832098,0.4,0
dbeb82aec0aebb9f50a8afe546bef589c7f40526d556db646567978f32674ac5,autoannotated/images/dbeb82aec0aebb9f50a8afe546bef589c7f40526d556db646567978f32674ac5.jpg,RRDataset,medium,0,0.5185590982437134,0.4,1
dbf5147358e0b76c134fb4174c9a59593ffa0064726d09a67d4158415c8903db,autoannotated/images/dbf5147358e0b76c134fb4174c9a59593ffa0064726d09a67d4158415c8903db.jpg,ComplexDataLab/OpenFake,medium,0,0.0841691866517067,0.4,0
dc01617a9624284c023eee876ede52a846f11c81ec8abe804b88d83478cd7e76,autoannotated/images/dc01617a9624284c023eee876ede52a846f11c81ec8abe804b88d83478cd7e76.jpg,ComplexDataLab/OpenFake,medium,0,0.030310608446598053,0.4,0
dc15b26eaa0383b5a92a1680a5998084b567f698647e6ca35d8e9082d8f99f55,autoannotated/images/dc15b26eaa0383b5a92a1680a5998084b567f698647e6ca35d8e9082d8f99f55.png,saberzl/SID_Set,medium,1,0.9929978847503662,0.4,1
dc26ca835d0678531dbada61ad4a0fde4d45a0eb65749ca4b79874201bff7b5c,autoannotated/images/dc26ca835d0678531dbada61ad4a0fde4d45a0eb65749ca4b79874201bff7b5c.jpg,saberzl/SID_Set,medium,0,0.09341096878051758,0.4,0
dc29661847cd24106720f0de01fcbec5612c854e97bbbbc59ca11fdb95d9eed5,autoannotated/images/dc29661847cd24106720f0de01fcbec5612c854e97bbbbc59ca11fdb95d9eed5.jpg,ComplexDataLab/OpenFake,medium,0,0.7925864458084106,0.4,1
dc37020c509c72610d3950f968b103d4ac8898521c49d04a8ff344afa1e3798b,autoannotated/images/dc37020c509c72610d3950f968b103d4ac8898521c49d04a8ff344afa1e3798b.png,ComplexDataLab/OpenFake,medium,1,0.9265149235725403,0.4,1
dc373fd46ce8082c609c7049b6d6b08a19db92335f79c9f76896bbc6722a5515,autoannotated/images/dc373fd46ce8082c609c7049b6d6b08a19db92335f79c9f76896bbc6722a5515.jpg,ComplexDataLab/OpenFake,medium,0,0.30069997906684875,0.4,0
dc3c5b4fcddc615a09ec80486017484cc4e9aff600e16cb1d3ebcec090c5a20e,human_annotated/images/dc3c5b4fcddc615a09ec80486017484cc4e9aff600e16cb1d3ebcec090c5a20e.png,saberzl/SID_Set,medium,1,0.9954106211662292,0.4,1
dc4ca48c84c66edbf04b98042ad79cd8656803c32a3090b3cd9d51ae58c0e6e1,autoannotated/images/dc4ca48c84c66edbf04b98042ad79cd8656803c32a3090b3cd9d51ae58c0e6e1.png,saberzl/SID_Set,medium,1,0.9959121942520142,0.4,1
dc650b29ba49c9decef434fe6ff36e154c94f57021d8aabaa35d4901d9dcdea7,autoannotated/images/dc650b29ba49c9decef434fe6ff36e154c94f57021d8aabaa35d4901d9dcdea7.jpg,RRDataset,medium,0,0.26393166184425354,0.4,0
dc87eeaad10dd5c5b77234eb0204e2118eb4cf168afbfce97f9a59afabae8ddb,autoannotated/images/dc87eeaad10dd5c5b77234eb0204e2118eb4cf168afbfce97f9a59afabae8ddb.jpg,ComplexDataLab/OpenFake,medium,0,0.6331614851951599,0.4,1
dc8c7b479919a5d77a7587a2c9a68ef98bac85e75d9d348220fb56e5e6026cf4,human_annotated/images/dc8c7b479919a5d77a7587a2c9a68ef98bac85e75d9d348220fb56e5e6026cf4.jpg,ComplexDataLab/OpenFake,medium,0,0.2654058635234833,0.4,0
dc96356699128b89d82e6a5ec7194d0b0c481d54fbffb2eb478a9d383ea986b6,autoannotated/images/dc96356699128b89d82e6a5ec7194d0b0c481d54fbffb2eb478a9d383ea986b6.png,saberzl/SID_Set,medium,1,0.9844836592674255,0.4,1
dcac6ba3bd48490aa006ae81820815db8e1795ae4c8f4f243a78fffa6e967356,autoannotated/images/dcac6ba3bd48490aa006ae81820815db8e1795ae4c8f4f243a78fffa6e967356.jpg,ComplexDataLab/OpenFake,medium,0,0.871329665184021,0.4,1
dcaf424757dc655c704995638a27201542b95fa9ba688701a7eac952e875496b,autoannotated/images/dcaf424757dc655c704995638a27201542b95fa9ba688701a7eac952e875496b.png,saberzl/SID_Set,medium,1,0.9764713048934937,0.4,1
dcb2965d2e028aac3a8385f0ddbb0d7eaf8eb882d1331175314916a043ee4223,autoannotated/images/dcb2965d2e028aac3a8385f0ddbb0d7eaf8eb882d1331175314916a043ee4223.jpg,saberzl/SID_Set,medium,0,0.5542221665382385,0.4,1
dcb5901da460fdb929509373ef6cd89c657a251c9b9830823a2c399cf698bbe8,human_annotated/images/dcb5901da460fdb929509373ef6cd89c657a251c9b9830823a2c399cf698bbe8.png,RRDataset,medium,1,0.9937356114387512,0.4,1
dcccd079b59216bf260c8682306e48c6283e3438ca9b9d1a38749242b1251769,autoannotated/images/dcccd079b59216bf260c8682306e48c6283e3438ca9b9d1a38749242b1251769.png,saberzl/SID_Set,medium,1,0.9715869426727295,0.4,1
dccf6fa15821f4535d3819ae55198ba5f06abea5138ba7c1b4f5f27368ce7f23,autoannotated/images/dccf6fa15821f4535d3819ae55198ba5f06abea5138ba7c1b4f5f27368ce7f23.jpg,ComplexDataLab/OpenFake,medium,0,0.5065862536430359,0.4,1
dcd2c19591daf2cbfd2bcb1c4830e97eeb742ba2408f64763ffa480267237f63,autoannotated/images/dcd2c19591daf2cbfd2bcb1c4830e97eeb742ba2408f64763ffa480267237f63.png,ComplexDataLab/OpenFake,medium,1,0.8755449056625366,0.4,1
dcd3f7dd5053170f10a3ab0900fa8c702de592cf305e62c2a367d94414b02df8,autoannotated/images/dcd3f7dd5053170f10a3ab0900fa8c702de592cf305e62c2a367d94414b02df8.png,saberzl/SID_Set,medium,1,0.9039224982261658,0.4,1
dd18dd92e0f38a8abb6a7796fab093260a79557f502e2c28023db43ea016720a,autoannotated/images/dd18dd92e0f38a8abb6a7796fab093260a79557f502e2c28023db43ea016720a.jpg,RRDataset,medium,0,0.2543933689594269,0.4,0
dd415055b8a91e8df0b243828d5258f7ecac38a232325daef0bf03b92f36b7f2,autoannotated/images/dd415055b8a91e8df0b243828d5258f7ecac38a232325daef0bf03b92f36b7f2.jpg,RRDataset,medium,0,0.7128598093986511,0.4,1
dd56b3255844665fbc9640324af4fd01d73f23e6d0d44063278df29dd593146f,autoannotated/images/dd56b3255844665fbc9640324af4fd01d73f23e6d0d44063278df29dd593146f.png,saberzl/SID_Set,medium,1,0.926790177822113,0.4,1
dd572b4dd999553839175bf9cc0fbe795d13e53177bf70201e752c72efdf221b,autoannotated/images/dd572b4dd999553839175bf9cc0fbe795d13e53177bf70201e752c72efdf221b.png,saberzl/SID_Set,medium,1,0.9789990186691284,0.4,1
dd66aa9ad208b7284aef93af838765e2203fb3a3b2ee0d3bcb0b30b99512c077,autoannotated/images/dd66aa9ad208b7284aef93af838765e2203fb3a3b2ee0d3bcb0b30b99512c077.jpg,RRDataset,medium,0,0.922707200050354,0.4,1
dd736e197c2842c41f7699d083fc34d0cfdc630c24ced9e4779a0890487ecc22,human_annotated/images/dd736e197c2842c41f7699d083fc34d0cfdc630c24ced9e4779a0890487ecc22.png,ComplexDataLab/OpenFake,medium,1,0.9596148729324341,0.4,1
dd876e107a4831147130399c135a348d8a71b15c8aa492e281785181c360a1f3,human_annotated/images/dd876e107a4831147130399c135a348d8a71b15c8aa492e281785181c360a1f3.jpg,ComplexDataLab/OpenFake,medium,0,0.10141484439373016,0.4,0
dd8b6082ce48187c64e90dccee5d8a060d60bf7c63ccb6f347487497edfdb551,autoannotated/images/dd8b6082ce48187c64e90dccee5d8a060d60bf7c63ccb6f347487497edfdb551.png,RRDataset,medium,1,0.9569485187530518,0.4,1
dd9baff72e16b417139661705b4739a7eda9710f629f720e1aa082f62195e98b,autoannotated/images/dd9baff72e16b417139661705b4739a7eda9710f629f720e1aa082f62195e98b.jpg,RRDataset,medium,0,0.650428056716919,0.4,1
dda7436936674d04d881ee30dbddb213f5e03aa8f9d8df3f0bcde619def803fb,autoannotated/images/dda7436936674d04d881ee30dbddb213f5e03aa8f9d8df3f0bcde619def803fb.png,saberzl/SID_Set,medium,1,0.9910979866981506,0.4,1
ddb65eae4e43b66a6261bca0a41fc3f36ebb7f29393a7f95dbffc01daecb3397,autoannotated/images/ddb65eae4e43b66a6261bca0a41fc3f36ebb7f29393a7f95dbffc01daecb3397.png,RRDataset,medium,1,0.8491289019584656,0.4,1
ddbb6e7eb3376cee6269c2ff595e1180502bbd8a714183cbc2e1c61571590f71,human_annotated/images/ddbb6e7eb3376cee6269c2ff595e1180502bbd8a714183cbc2e1c61571590f71.png,ComplexDataLab/OpenFake,medium,1,0.9948877692222595,0.4,1
ddc5dcb131258fb47d899362a6e5ff6b647f7e03a940f09a66e4b2ad76e8136c,human_annotated/images/ddc5dcb131258fb47d899362a6e5ff6b647f7e03a940f09a66e4b2ad76e8136c.png,saberzl/SID_Set,medium,1,0.9760103821754456,0.4,1
ddd9ae1bbef685ea70570786a464d744c95722873f2f9ec3187034786c72966c,autoannotated/images/ddd9ae1bbef685ea70570786a464d744c95722873f2f9ec3187034786c72966c.png,ComplexDataLab/OpenFake,medium,1,0.8696342706680298,0.4,1
de0622ed970f636a04f05b17a091b4c64a5aa311cea7b872a19f4f649445f8c9,autoannotated/images/de0622ed970f636a04f05b17a091b4c64a5aa311cea7b872a19f4f649445f8c9.jpg,saberzl/SID_Set,medium,0,0.00812592264264822,0.4,0
de2a1078cdf26ff660f587bc6202c1d58b53d9787d1f21dd8c03fd6550ff2c4a,human_annotated/images/de2a1078cdf26ff660f587bc6202c1d58b53d9787d1f21dd8c03fd6550ff2c4a.jpg,ComplexDataLab/OpenFake,medium,0,0.05857715755701065,0.4,0
de2d8d412d4b1896254b4cdddea16288d92da2527df75f6069c02e24fdc25ed4,autoannotated/images/de2d8d412d4b1896254b4cdddea16288d92da2527df75f6069c02e24fdc25ed4.png,saberzl/SID_Set,medium,1,0.9477776288986206,0.4,1
de2eb0e15fc10e36cd6a6dd46fee92afe288b9ecd90d20b4a537cf76c5fa8071,autoannotated/images/de2eb0e15fc10e36cd6a6dd46fee92afe288b9ecd90d20b4a537cf76c5fa8071.jpg,RRDataset,medium,0,0.117884062230587,0.4,0
de3e85ed297f71e7f32916d68ba0390d4f943f6c80801c04e42de01ffb7f3222,autoannotated/images/de3e85ed297f71e7f32916d68ba0390d4f943f6c80801c04e42de01ffb7f3222.png,RRDataset,medium,1,0.9952139854431152,0.4,1
de6f63e735dc2dfe6de36932ac12e1b0fc1a3bcce4c7fc0973825c2bbc0d44d5,autoannotated/images/de6f63e735dc2dfe6de36932ac12e1b0fc1a3bcce4c7fc0973825c2bbc0d44d5.png,ComplexDataLab/OpenFake,medium,1,0.766954243183136,0.4,1
de7278bc851757e91b219a4d5003b05ec95ed59cb015709769dc0d3192a087ef,autoannotated/images/de7278bc851757e91b219a4d5003b05ec95ed59cb015709769dc0d3192a087ef.png,ComplexDataLab/OpenFake,medium,1,0.980544924736023,0.4,1
de78cfb6ac87519955fccf7d2852a5207aca84b275edad0c65c117377783f053,autoannotated/images/de78cfb6ac87519955fccf7d2852a5207aca84b275edad0c65c117377783f053.jpg,ComplexDataLab/OpenFake,medium,0,0.1521173119544983,0.4,0
de8715638e477f01341583d52c0a349524c262c268df89c0c7b2fb4c81672257,human_annotated/images/de8715638e477f01341583d52c0a349524c262c268df89c0c7b2fb4c81672257.jpg,saberzl/SID_Set,medium,0,0.001294482033699751,0.4,0
de8c9545e2bada94e2d31acbf9a964ad4a591d37da5d379e7a1a2b401714c5ec,human_annotated/images/de8c9545e2bada94e2d31acbf9a964ad4a591d37da5d379e7a1a2b401714c5ec.jpg,RRDataset,medium,0,0.9902064204216003,0.4,1
dea9759161aaac39b66878fb0c9f8a1fa71e7c04657c47a9a0fcc79ac620939d,autoannotated/images/dea9759161aaac39b66878fb0c9f8a1fa71e7c04657c47a9a0fcc79ac620939d.jpg,ComplexDataLab/OpenFake,medium,0,0.08631400018930435,0.4,0
deb7f5b14813c386420b084765a9555307f0545696585e8702cc30ff11cee79b,human_annotated/images/deb7f5b14813c386420b084765a9555307f0545696585e8702cc30ff11cee79b.png,ComplexDataLab/OpenFake,medium,1,0.6068429350852966,0.4,1
dec3465e15cdd3d107fc961bfa32b01a11441ee70169b3565c74a5119db14e0d,autoannotated/images/dec3465e15cdd3d107fc961bfa32b01a11441ee70169b3565c74a5119db14e0d.jpg,ComplexDataLab/OpenFake,medium,0,0.04309219866991043,0.4,0
dec8f224a5095e2d3f56e4beaade3f0997ff8fdfe0a5bf5a1198c0c7c15f2d7a,autoannotated/images/dec8f224a5095e2d3f56e4beaade3f0997ff8fdfe0a5bf5a1198c0c7c15f2d7a.jpg,saberzl/SID_Set,medium,0,0.13897688686847687,0.4,0
ded341dd7ab8ba5c320464b548e9944a030c22ff3637e3541e2d9083ce4f250a,human_annotated/images/ded341dd7ab8ba5c320464b548e9944a030c22ff3637e3541e2d9083ce4f250a.jpg,ComplexDataLab/OpenFake,medium,0,0.017489667981863022,0.4,0
dee3994889b4447c84cafc498b56c70472d38c6a735a1036df9bfa8f5f033786,human_annotated/images/dee3994889b4447c84cafc498b56c70472d38c6a735a1036df9bfa8f5f033786.jpg,saberzl/SID_Set,medium,0,0.06858807802200317,0.4,0
dee8c94d19fb31484b0f30b946dabcebb891304f087ee3fb82f5c1c3bb1f75d9,autoannotated/images/dee8c94d19fb31484b0f30b946dabcebb891304f087ee3fb82f5c1c3bb1f75d9.png,ComplexDataLab/OpenFake,medium,1,0.9895022511482239,0.4,1
df0c132418cf0f481e0151f78b2c059c665c054ffbd56d5e056601a1c2c862ef,autoannotated/images/df0c132418cf0f481e0151f78b2c059c665c054ffbd56d5e056601a1c2c862ef.png,ComplexDataLab/OpenFake,medium,1,0.8074115514755249,0.4,1
df13cd2cc5c701b2573eec3065567221a51703491f835d16b141b998fb505d5c,autoannotated/images/df13cd2cc5c701b2573eec3065567221a51703491f835d16b141b998fb505d5c.jpg,RRDataset,medium,0,0.5815261006355286,0.4,1
df1c4fd1ca76fbe1f0323935746ff37cf185defbdc27934b11ee3b9a16c02b80,autoannotated/images/df1c4fd1ca76fbe1f0323935746ff37cf185defbdc27934b11ee3b9a16c02b80.jpg,ComplexDataLab/OpenFake,medium,0,0.0936572328209877,0.4,0
df4db72ff23c9050a91d24517f2cb31beaa53be74d0a80ed0271c2be00f7c7a9,autoannotated/images/df4db72ff23c9050a91d24517f2cb31beaa53be74d0a80ed0271c2be00f7c7a9.png,RRDataset,medium,1,0.7540608644485474,0.4,1
df8b9360752350309e9597edd649700a707282678c7817a7af8e79194c958d2a,autoannotated/images/df8b9360752350309e9597edd649700a707282678c7817a7af8e79194c958d2a.png,RRDataset,medium,1,0.9940288066864014,0.4,1
df9bc81396682d84264e5de42d52252732277c89e49865e6ed3e54a9fcb8758b,autoannotated/images/df9bc81396682d84264e5de42d52252732277c89e49865e6ed3e54a9fcb8758b.jpg,ComplexDataLab/OpenFake,medium,0,0.0003215990145690739,0.4,0
df9dc4cf2e1821c5ec84e22d8e60d26d891571044cfaf5c239ae364a5b07133e,human_annotated/images/df9dc4cf2e1821c5ec84e22d8e60d26d891571044cfaf5c239ae364a5b07133e.png,RRDataset,medium,1,0.9892351031303406,0.4,1
dfb9f650b031d719a92453a8cf2580fb01e6028e15b3d96d04e8becb67ebc595,autoannotated/images/dfb9f650b031d719a92453a8cf2580fb01e6028e15b3d96d04e8becb67ebc595.png,RRDataset,medium,1,0.9458984732627869,0.4,1
dfcea6caed5ffa0b2448f5ebc1eccf72fa88dccef19c2a940655c3a35199ffc1,autoannotated/images/dfcea6caed5ffa0b2448f5ebc1eccf72fa88dccef19c2a940655c3a35199ffc1.png,RRDataset,medium,1,0.9230234622955322,0.4,1
e0241536b66aeb4681a42afe37bc96078804f2335bf2b30280aa5fdc4f57ec19,autoannotated/images/e0241536b66aeb4681a42afe37bc96078804f2335bf2b30280aa5fdc4f57ec19.jpg,saberzl/SID_Set,medium,0,0.003002578392624855,0.4,0
e05fdca77a4778e708789a5e98bac79205025b51d6ccc88463037c44b22b3a51,autoannotated/images/e05fdca77a4778e708789a5e98bac79205025b51d6ccc88463037c44b22b3a51.png,saberzl/SID_Set,medium,1,0.9949701428413391,0.4,1
e06078f71b35717bc5b322608b8e497170a193251554e717fa9fbcfbe55a1875,autoannotated/images/e06078f71b35717bc5b322608b8e497170a193251554e717fa9fbcfbe55a1875.png,RRDataset,medium,1,0.9290976524353027,0.4,1
e0654928fe7dcca7e49a7b02bde373aac01491458814fb27078a7af303458653,human_annotated/images/e0654928fe7dcca7e49a7b02bde373aac01491458814fb27078a7af303458653.jpg,saberzl/SID_Set,medium,0,0.024593064561486244,0.4,0
e085a87989b2bd3760c3458eff960248f9becfb5f4c90f6a85adfbae82b2bff5,autoannotated/images/e085a87989b2bd3760c3458eff960248f9becfb5f4c90f6a85adfbae82b2bff5.jpg,saberzl/SID_Set,medium,0,0.976914644241333,0.4,1
e08ac5c00da1a8abdb02f6bd19eb4ab41d72ec6aca76fc2f68c49ead03e1ce89,autoannotated/images/e08ac5c00da1a8abdb02f6bd19eb4ab41d72ec6aca76fc2f68c49ead03e1ce89.png,ComplexDataLab/OpenFake,medium,1,0.9938910007476807,0.4,1
e0b148ce71c9e955841e858d823be5fcb0b8944401d3d376440b9e74a345afb7,human_annotated/images/e0b148ce71c9e955841e858d823be5fcb0b8944401d3d376440b9e74a345afb7.jpg,ComplexDataLab/OpenFake,medium,0,0.03421479091048241,0.4,0
e0b6627b789c60261f9327bac0b2d1171b7b3e528d3da0c4876b7d0539ce1950,autoannotated/images/e0b6627b789c60261f9327bac0b2d1171b7b3e528d3da0c4876b7d0539ce1950.jpg,ComplexDataLab/OpenFake,medium,0,0.0038542081601917744,0.4,0
e0b8553d1bc047c1bd237eb4c5f83cbc3e79fe0a66360eeb54bbd3e1f062a6a7,human_annotated/images/e0b8553d1bc047c1bd237eb4c5f83cbc3e79fe0a66360eeb54bbd3e1f062a6a7.png,ComplexDataLab/OpenFake,medium,1,0.17335598170757294,0.4,0
e0c41adc56354762d4bb508c273ed009e99ba111b4570661ba01eb17d2ed0ef9,autoannotated/images/e0c41adc56354762d4bb508c273ed009e99ba111b4570661ba01eb17d2ed0ef9.jpg,ComplexDataLab/OpenFake,medium,0,0.005329398438334465,0.4,0
e0eb31ea615b460c378ecd0569922b853da546444e81a32eb27e4fb80658cd79,autoannotated/images/e0eb31ea615b460c378ecd0569922b853da546444e81a32eb27e4fb80658cd79.png,saberzl/SID_Set,medium,1,0.978725016117096,0.4,1
e1008351bb152cb452f917590c415a5ebbae2073ad42e4261329b43dbad5d6dd,autoannotated/images/e1008351bb152cb452f917590c415a5ebbae2073ad42e4261329b43dbad5d6dd.jpg,ComplexDataLab/OpenFake,medium,0,0.7699916958808899,0.4,1
e125595634b96e2222868c962775a780c1c184d98d433a2520d6a64a51f87c70,autoannotated/images/e125595634b96e2222868c962775a780c1c184d98d433a2520d6a64a51f87c70.png,RRDataset,medium,1,0.9918620586395264,0.4,1
e1258adc73c6b68d9e12c797c0fbdd1d130be6e6f07380e55b4923540d28a101,autoannotated/images/e1258adc73c6b68d9e12c797c0fbdd1d130be6e6f07380e55b4923540d28a101.jpg,saberzl/SID_Set,medium,0,0.1751205325126648,0.4,0
e13d8e2590d3271364ff4ad25e2835b878ddd2ee2bc14b4b282b0f368bf5e352,autoannotated/images/e13d8e2590d3271364ff4ad25e2835b878ddd2ee2bc14b4b282b0f368bf5e352.png,RRDataset,medium,1,0.9802383184432983,0.4,1
e15fb5600df3650d55a6c5163238e6a7c02795915d66339586bd707bcdc356be,autoannotated/images/e15fb5600df3650d55a6c5163238e6a7c02795915d66339586bd707bcdc356be.png,saberzl/SID_Set,medium,1,0.934769332408905,0.4,1
e16566fc8a79d68d5a30f05fbee3f43a7336774915ee7509be7ea6d7ef9e1ed5,autoannotated/images/e16566fc8a79d68d5a30f05fbee3f43a7336774915ee7509be7ea6d7ef9e1ed5.png,saberzl/SID_Set,medium,1,0.9738918542861938,0.4,1
e17de4bfd241becf8b26c604f90907317b3ac9c1ad081b06adf6a22f6273c124,autoannotated/images/e17de4bfd241becf8b26c604f90907317b3ac9c1ad081b06adf6a22f6273c124.png,RRDataset,medium,1,0.8680942058563232,0.4,1
e1aae5ff2228ea65682ba458f78da061335c45e6e25344fc567783e14eb56501,autoannotated/images/e1aae5ff2228ea65682ba458f78da061335c45e6e25344fc567783e14eb56501.png,saberzl/SID_Set,medium,1,0.9360459446907043,0.4,1
e1ad405b8f4f67c03af6fdd9f7e5ec705d6c988baf6ce81a4e17d025b650d562,autoannotated/images/e1ad405b8f4f67c03af6fdd9f7e5ec705d6c988baf6ce81a4e17d025b650d562.jpg,RRDataset,medium,0,0.32957762479782104,0.4,0
e1c5fe35f7008d8ed68eed70e48f4819dd62108cc50744fab98245c4d085a1d2,autoannotated/images/e1c5fe35f7008d8ed68eed70e48f4819dd62108cc50744fab98245c4d085a1d2.jpg,saberzl/SID_Set,medium,0,0.017963778227567673,0.4,0
e1cbec9d93eee8d7bd14604e5f4c63c4e22e56d01e7b3326b1d90f0ec13316dc,autoannotated/images/e1cbec9d93eee8d7bd14604e5f4c63c4e22e56d01e7b3326b1d90f0ec13316dc.png,ComplexDataLab/OpenFake,medium,1,0.9843420386314392,0.4,1
e1e05b6376c06d3a3e4e966342b4f9a6f9af5c2beed32b671c4381e459586c8f,autoannotated/images/e1e05b6376c06d3a3e4e966342b4f9a6f9af5c2beed32b671c4381e459586c8f.png,RRDataset,medium,1,0.812160074710846,0.4,1
e1ef27e9de842f6e0b287e44dd6305a80e103167b637bbff1ef409b38ec96a14,autoannotated/images/e1ef27e9de842f6e0b287e44dd6305a80e103167b637bbff1ef409b38ec96a14.png,RRDataset,medium,1,0.5749458074569702,0.4,1
e1f4af37999078e15d450a9bfae7b91497136be83027818efb22801f17edb726,autoannotated/images/e1f4af37999078e15d450a9bfae7b91497136be83027818efb22801f17edb726.jpg,RRDataset,medium,0,0.9849735498428345,0.4,1
e226168e72221cf8d0f8d5224ed38d4ec482ef4b83b21a78d24ea4643537f0d1,autoannotated/images/e226168e72221cf8d0f8d5224ed38d4ec482ef4b83b21a78d24ea4643537f0d1.jpg,ComplexDataLab/OpenFake,medium,0,0.010037142783403397,0.4,0
e235433445b5c83e460bffe1ca5c1f1e9137f5b046baf94aef1b3cb2ca7a275e,human_annotated/images/e235433445b5c83e460bffe1ca5c1f1e9137f5b046baf94aef1b3cb2ca7a275e.png,RRDataset,medium,1,0.9401917457580566,0.4,1
e2377d129b99506546622be3b90600d6130addc2e0bc1ae4b450f1ed3e47b022,autoannotated/images/e2377d129b99506546622be3b90600d6130addc2e0bc1ae4b450f1ed3e47b022.jpg,ComplexDataLab/OpenFake,medium,0,0.021075021475553513,0.4,0
e23b018dbcb13d938e2685c9ca79df8043b0acac4f15ee1320bf0d2fc9d89c99,autoannotated/images/e23b018dbcb13d938e2685c9ca79df8043b0acac4f15ee1320bf0d2fc9d89c99.png,saberzl/SID_Set,medium,1,0.9345078468322754,0.4,1
e2476087b3d713ff51326ccdef8bf98643526738368117038f69d6ce4737def7,autoannotated/images/e2476087b3d713ff51326ccdef8bf98643526738368117038f69d6ce4737def7.png,saberzl/SID_Set,medium,1,0.9275962114334106,0.4,1
e249671c3ed8d7ed79103b7e69fc40fd23a2ba201175d7a6ca65a0a73f1b67c4,human_annotated/images/e249671c3ed8d7ed79103b7e69fc40fd23a2ba201175d7a6ca65a0a73f1b67c4.jpg,ComplexDataLab/OpenFake,medium,0,0.39829182624816895,0.4,0
e254467176132a9005a1f8a2f4d22a093881058aab1825b128e650cf11e893a0,autoannotated/images/e254467176132a9005a1f8a2f4d22a093881058aab1825b128e650cf11e893a0.png,saberzl/SID_Set,medium,1,0.9874294400215149,0.4,1
e2c4c8838801862fee61989b4772628118d861c558677f472e3b77f60b2ef43e,autoannotated/images/e2c4c8838801862fee61989b4772628118d861c558677f472e3b77f60b2ef43e.jpg,RRDataset,medium,1,0.6935436129570007,0.4,1
e2cba1fea63e7e7ab9c587055f6747674facd3cde415aabd8be5aa4bb8102298,autoannotated/images/e2cba1fea63e7e7ab9c587055f6747674facd3cde415aabd8be5aa4bb8102298.png,saberzl/SID_Set,medium,1,0.9697530269622803,0.4,1
e2ced96352ff6218c6b0998b365863ea1f2b2cf379638cb31bbe5522accf2898,autoannotated/images/e2ced96352ff6218c6b0998b365863ea1f2b2cf379638cb31bbe5522accf2898.jpg,ComplexDataLab/OpenFake,medium,1,0.9512395858764648,0.4,1
e2e0b673eb9749378c970357a210180a5bd64aa4fed05dc8d37f9489ff1ecd30,autoannotated/images/e2e0b673eb9749378c970357a210180a5bd64aa4fed05dc8d37f9489ff1ecd30.jpg,RRDataset,medium,0,0.6243928074836731,0.4,1
e2e14a9a04893146dfbc213737244db3e0f43b3b6413a4d5e471b839cae96701,autoannotated/images/e2e14a9a04893146dfbc213737244db3e0f43b3b6413a4d5e471b839cae96701.png,RRDataset,medium,1,0.9902355074882507,0.4,1
e2ee51e17fdf741fc68df3d7219a7a821cfa12a32fd509633a59302dddaffea8,autoannotated/images/e2ee51e17fdf741fc68df3d7219a7a821cfa12a32fd509633a59302dddaffea8.jpg,ComplexDataLab/OpenFake,medium,0,0.005315764807164669,0.4,0
e30ca2e6f339a266660a3449c1a39c81d57bf43ab50d67263b584ced6be82359,autoannotated/images/e30ca2e6f339a266660a3449c1a39c81d57bf43ab50d67263b584ced6be82359.jpg,RRDataset,medium,0,0.8995650410652161,0.4,1
e33aa48af584f11945f0b11ccf99276db5289779e51f38509c6eb3a1d4a1a7b0,autoannotated/images/e33aa48af584f11945f0b11ccf99276db5289779e51f38509c6eb3a1d4a1a7b0.png,RRDataset,medium,1,0.9894592761993408,0.4,1
e343059e540802a1fb3b688a4c270c9851f8165322ed9b7e96eecaa5d4f8cb5a,autoannotated/images/e343059e540802a1fb3b688a4c270c9851f8165322ed9b7e96eecaa5d4f8cb5a.jpg,ComplexDataLab/OpenFake,medium,0,0.0004213945067021996,0.4,0
e372dec4b06106de17c8498e832de8372dca39b773a5b8d69175d0b47a329351,autoannotated/images/e372dec4b06106de17c8498e832de8372dca39b773a5b8d69175d0b47a329351.png,saberzl/SID_Set,medium,1,0.9871091842651367,0.4,1
e37b552b23467139fe95dbb82730f0ff29b8735284f7fa830e36e241f7d24f0a,human_annotated/images/e37b552b23467139fe95dbb82730f0ff29b8735284f7fa830e36e241f7d24f0a.jpg,ComplexDataLab/OpenFake,medium,0,0.9975639581680298,0.4,1
e38e491350b78ef6f8b0d8b672dd2241cf791f4a6c92953ecb79a3f3c683c844,autoannotated/images/e38e491350b78ef6f8b0d8b672dd2241cf791f4a6c92953ecb79a3f3c683c844.jpg,RRDataset,medium,0,0.5933319926261902,0.4,1
e39fed98c359c77819fe68978447873c0353a1f0c120f6127e0ac947d3838725,autoannotated/images/e39fed98c359c77819fe68978447873c0353a1f0c120f6127e0ac947d3838725.png,saberzl/SID_Set,medium,1,0.6734865307807922,0.4,1
e3a24520e9bd6af1c62a01747a5e9a1038a28f86f4ec410b99dfe557f3d6f0ec,autoannotated/images/e3a24520e9bd6af1c62a01747a5e9a1038a28f86f4ec410b99dfe557f3d6f0ec.png,saberzl/SID_Set,medium,1,0.9818582534790039,0.4,1
e3fcba18f5421e091c34a951fc82c1739dc87a7656ecce311020aa94c82bc3de,human_annotated/images/e3fcba18f5421e091c34a951fc82c1739dc87a7656ecce311020aa94c82bc3de.png,saberzl/SID_Set,medium,1,0.9855068922042847,0.4,1
e4006e90138861feaf3b9936f087c9c02d2d3946b2fffc7124e47a252cc53c53,autoannotated/images/e4006e90138861feaf3b9936f087c9c02d2d3946b2fffc7124e47a252cc53c53.jpg,RRDataset,medium,0,0.8774040341377258,0.4,1
e417f463240e8161a6ff10871355d68125c834c58a390d841aa029269f3dacd5,autoannotated/images/e417f463240e8161a6ff10871355d68125c834c58a390d841aa029269f3dacd5.png,ComplexDataLab/OpenFake,medium,1,0.9356544613838196,0.4,1
e42949f70524b3607a8a55d1dbc8ae74b6557033413ae15a8b7461c7a87027bd,autoannotated/images/e42949f70524b3607a8a55d1dbc8ae74b6557033413ae15a8b7461c7a87027bd.jpg,saberzl/SID_Set,medium,0,0.7453175187110901,0.4,1
e433e0ccb89d2fdd9cd1f9a4205508208390453485efe83f431504f89629c2f8,human_annotated/images/e433e0ccb89d2fdd9cd1f9a4205508208390453485efe83f431504f89629c2f8.png,RRDataset,medium,1,0.9927532076835632,0.4,1
e4347359ccfbca1425d05e7bb5e793945ce56895cddf82fdc0b153cdf83e413b,autoannotated/images/e4347359ccfbca1425d05e7bb5e793945ce56895cddf82fdc0b153cdf83e413b.png,ComplexDataLab/OpenFake,medium,1,0.7965665459632874,0.4,1
e4392f836a1d2ed899582a62d38298346612bd49e65f6614de9ae7b1702422e0,human_annotated/images/e4392f836a1d2ed899582a62d38298346612bd49e65f6614de9ae7b1702422e0.jpg,ComplexDataLab/OpenFake,medium,0,0.03211013227701187,0.4,0
e44ed1c77456cdfc1d9f7fe3f92be797d5284cab2306850f1af89f5d3de665d7,autoannotated/images/e44ed1c77456cdfc1d9f7fe3f92be797d5284cab2306850f1af89f5d3de665d7.jpg,ComplexDataLab/OpenFake,medium,0,0.0017930228495970368,0.4,0
e47a60c1f49271502f00cd8b7a8bf54790ed3531fb7a6a77a8414b05687126f5,autoannotated/images/e47a60c1f49271502f00cd8b7a8bf54790ed3531fb7a6a77a8414b05687126f5.jpg,ComplexDataLab/OpenFake,medium,1,0.38573870062828064,0.4,0
e48a68cc12af25f634b662b6368953d7718a149f9f2543f957d3bd292bb59c36,autoannotated/images/e48a68cc12af25f634b662b6368953d7718a149f9f2543f957d3bd292bb59c36.jpg,ComplexDataLab/OpenFake,medium,0,0.004695695359259844,0.4,0
e4955009519fbb6eab3ffdce7e3eb048c6adc075ad0649c2331ff55436e17205,human_annotated/images/e4955009519fbb6eab3ffdce7e3eb048c6adc075ad0649c2331ff55436e17205.jpg,ComplexDataLab/OpenFake,medium,0,0.22831177711486816,0.4,0
e4be1032618d0645c8afd62a1da7672fd6148bfcb287eb1f9fed54aeea08256f,autoannotated/images/e4be1032618d0645c8afd62a1da7672fd6148bfcb287eb1f9fed54aeea08256f.jpg,ComplexDataLab/OpenFake,medium,0,0.4395284950733185,0.4,1
e4dcb1b7c5c03ab2cf373802be052964ab017bba57c5d841c81d90347ad06c4c,autoannotated/images/e4dcb1b7c5c03ab2cf373802be052964ab017bba57c5d841c81d90347ad06c4c.jpg,ComplexDataLab/OpenFake,medium,0,0.9872807860374451,0.4,1
e4ed3c70457a2498e20fc160a50dec441c453e1b1ad93a3ef37985b06b967dfe,human_annotated/images/e4ed3c70457a2498e20fc160a50dec441c453e1b1ad93a3ef37985b06b967dfe.jpg,RRDataset,medium,0,0.5040754675865173,0.4,1
e4f4441b66da27740343f3582e16f2b8824e132433b2dfb2ca9b0af0f5da4656,autoannotated/images/e4f4441b66da27740343f3582e16f2b8824e132433b2dfb2ca9b0af0f5da4656.jpg,saberzl/SID_Set,medium,0,0.07134367525577545,0.4,0
e53031879dcc328fde5b7f528f329367b7528a679f5617fe6ab0030cc9d8d022,autoannotated/images/e53031879dcc328fde5b7f528f329367b7528a679f5617fe6ab0030cc9d8d022.jpg,ComplexDataLab/OpenFake,medium,0,0.037891097366809845,0.4,0
e5646b4210884c08c74cbdad4f863cba352337a125e163c510906c17c56bbce1,autoannotated/images/e5646b4210884c08c74cbdad4f863cba352337a125e163c510906c17c56bbce1.jpg,ComplexDataLab/OpenFake,medium,0,0.48410895466804504,0.4,1
e5657ebaf73c003442c84f52ddbc5988c3b01ea959d9e882c69478739322fd25,autoannotated/images/e5657ebaf73c003442c84f52ddbc5988c3b01ea959d9e882c69478739322fd25.png,RRDataset,medium,1,0.8982673287391663,0.4,1
e5664878566d81798c9ca3c86df4b19799156e84ef7754625cd789a34d141f90,autoannotated/images/e5664878566d81798c9ca3c86df4b19799156e84ef7754625cd789a34d141f90.jpg,saberzl/SID_Set,medium,0,0.9015063643455505,0.4,1
e567c49b21c5a1fc0aab1b42abe68c658296d66648dd925aee527a4d93671401,autoannotated/images/e567c49b21c5a1fc0aab1b42abe68c658296d66648dd925aee527a4d93671401.png,saberzl/SID_Set,medium,1,0.9409322738647461,0.4,1
e56d4e3b4f233904ffc0246b706d1f688a63cab2f76c2b7f5acc21901c9d45b2,human_annotated/images/e56d4e3b4f233904ffc0246b706d1f688a63cab2f76c2b7f5acc21901c9d45b2.jpg,RRDataset,medium,0,0.7845959663391113,0.4,1
e56e2f5b66a57a620ba70b556ecf916ec8aa135d73a7d8754afc553d46d58ec8,autoannotated/images/e56e2f5b66a57a620ba70b556ecf916ec8aa135d73a7d8754afc553d46d58ec8.jpg,ComplexDataLab/OpenFake,medium,0,0.01661447249352932,0.4,0
e5837462522907838b0bd72e3cd191ceb4b6124a4c0f27dde75b18a8834385f8,autoannotated/images/e5837462522907838b0bd72e3cd191ceb4b6124a4c0f27dde75b18a8834385f8.png,RRDataset,medium,1,0.9684479236602783,0.4,1
e58412aa319910885afdd37d05af6b7a2985a6529802ff6d24c6f8940b4724f1,autoannotated/images/e58412aa319910885afdd37d05af6b7a2985a6529802ff6d24c6f8940b4724f1.jpg,saberzl/SID_Set,medium,0,0.03101471997797489,0.4,0
e58ae918e5b2c6d32e0891fc36d7d9ce4b3a0dca6bb0d09094eef2765e1b4b05,autoannotated/images/e58ae918e5b2c6d32e0891fc36d7d9ce4b3a0dca6bb0d09094eef2765e1b4b05.jpg,ComplexDataLab/OpenFake,medium,0,0.00018560550233814865,0.4,0
e59c2fb635417bc2508e837cfe2c9fb9966d118d2d38b085ada37dc3d4b7faad,autoannotated/images/e59c2fb635417bc2508e837cfe2c9fb9966d118d2d38b085ada37dc3d4b7faad.png,ComplexDataLab/OpenFake,medium,1,0.924508273601532,0.4,1
e5b1772035127163d2b013f898e1fd26826a1265052ce8bd11856278a40a8435,autoannotated/images/e5b1772035127163d2b013f898e1fd26826a1265052ce8bd11856278a40a8435.png,ComplexDataLab/OpenFake,medium,1,0.9737116694450378,0.4,1
e5b202f9453fff3db7b7c881838e00b8416be51b4e95be88b72f89d3e466f6ca,autoannotated/images/e5b202f9453fff3db7b7c881838e00b8416be51b4e95be88b72f89d3e466f6ca.png,ComplexDataLab/OpenFake,medium,1,0.9424116611480713,0.4,1
e5b62dc872df9c7a5d27c6440bc2a15034e68de462fb8deb37186006a9177e9e,human_annotated/images/e5b62dc872df9c7a5d27c6440bc2a15034e68de462fb8deb37186006a9177e9e.jpg,saberzl/SID_Set,medium,0,0.04215727746486664,0.4,0
e5cdfc26899f3666fec10d98ee0d8f2d4975441d05c73425edb621ef8a957712,autoannotated/images/e5cdfc26899f3666fec10d98ee0d8f2d4975441d05c73425edb621ef8a957712.jpg,saberzl/SID_Set,medium,0,0.8629409670829773,0.4,1
e5f85c20cec3072aeedb0f6bfcf774dc516833d7281dbd678ac13c39a4802e33,autoannotated/images/e5f85c20cec3072aeedb0f6bfcf774dc516833d7281dbd678ac13c39a4802e33.png,saberzl/SID_Set,medium,1,0.9597510695457458,0.4,1
e5fc855d62ecbd60020505cf527c30eed00d6adcd99b2dd97d0886c697929748,human_annotated/images/e5fc855d62ecbd60020505cf527c30eed00d6adcd99b2dd97d0886c697929748.jpg,RRDataset,medium,0,0.27541598677635193,0.4,0
e603f8d55ed0b5d0f42c8eb7c10dd62c90b85930654a2148b89059c855995469,autoannotated/images/e603f8d55ed0b5d0f42c8eb7c10dd62c90b85930654a2148b89059c855995469.jpg,RRDataset,medium,0,0.8896231651306152,0.4,1
e616abc63471ab5f93c0c69b6b17a194580d92827bef74014952f355e09e5cb7,autoannotated/images/e616abc63471ab5f93c0c69b6b17a194580d92827bef74014952f355e09e5cb7.jpg,RRDataset,medium,0,0.7761179208755493,0.4,1
e6262ce0e925617eb3711017976fe1cc3e763e479cc6cbe32f69a1d2479c0749,autoannotated/images/e6262ce0e925617eb3711017976fe1cc3e763e479cc6cbe32f69a1d2479c0749.png,saberzl/SID_Set,medium,1,0.9985997080802917,0.4,1
e62e101cefbb85c6fedb23fa8441b6c3e2e93a58c6bfc4cef691d09f0064e067,autoannotated/images/e62e101cefbb85c6fedb23fa8441b6c3e2e93a58c6bfc4cef691d09f0064e067.jpg,saberzl/SID_Set,medium,0,0.9978905320167542,0.4,1
e637c7511a2de0f3317ffba2951d657895a8c59bb7f1f0b39930133d1932e5ab,autoannotated/images/e637c7511a2de0f3317ffba2951d657895a8c59bb7f1f0b39930133d1932e5ab.jpg,ComplexDataLab/OpenFake,medium,0,0.39860352873802185,0.4,0
e6423eebbf58c6993a10d2a6673f7f1eeb496541ec497dc40017c1cd57de1980,autoannotated/images/e6423eebbf58c6993a10d2a6673f7f1eeb496541ec497dc40017c1cd57de1980.jpg,ComplexDataLab/OpenFake,medium,0,0.019682209938764572,0.4,0
e65c0644c50d6e2a89c2e6ed66a937af3e5feb1f333edb0a0e5afafcfedb296e,autoannotated/images/e65c0644c50d6e2a89c2e6ed66a937af3e5feb1f333edb0a0e5afafcfedb296e.jpg,ComplexDataLab/OpenFake,medium,0,0.843559741973877,0.4,1
e65c80c6a92e9cd91f285c3791f273d7d407af08c129e065d49687b08b9fd3a2,autoannotated/images/e65c80c6a92e9cd91f285c3791f273d7d407af08c129e065d49687b08b9fd3a2.png,saberzl/SID_Set,medium,1,0.8670363426208496,0.4,1
e6714ac06a404b71993ccf545284226f9dac570a94f49e5ca22dd21c344520fc,autoannotated/images/e6714ac06a404b71993ccf545284226f9dac570a94f49e5ca22dd21c344520fc.jpg,ComplexDataLab/OpenFake,medium,0,0.5389344692230225,0.4,1
e674e7586c95e7021a44cc36592804abd71b08d92ce640f8278ca9fd2f33e9d7,autoannotated/images/e674e7586c95e7021a44cc36592804abd71b08d92ce640f8278ca9fd2f33e9d7.png,saberzl/SID_Set,medium,1,0.9221683740615845,0.4,1
e677265ae1ef2920fef1d27a93c33800e43036d3e90c1140ee3afb7bcffbbbe7,autoannotated/images/e677265ae1ef2920fef1d27a93c33800e43036d3e90c1140ee3afb7bcffbbbe7.png,saberzl/SID_Set,medium,1,0.9992135763168335,0.4,1
e69774aaee18786e61b5a35c107f35a34095cc9865b7b0a2434cfc01894d5b37,human_annotated/images/e69774aaee18786e61b5a35c107f35a34095cc9865b7b0a2434cfc01894d5b37.jpg,RRDataset,medium,0,0.03728262707591057,0.4,0
e6a25a862038a436c22a4241568339693b482d2748071610b24dc7e192ad57df,human_annotated/images/e6a25a862038a436c22a4241568339693b482d2748071610b24dc7e192ad57df.png,ComplexDataLab/OpenFake,medium,1,0.55832839012146,0.4,1
e6a26fab0a9c25131d461c353f1989e242717af454a99406807e3e16bf0917c3,autoannotated/images/e6a26fab0a9c25131d461c353f1989e242717af454a99406807e3e16bf0917c3.png,RRDataset,medium,1,0.9983652234077454,0.4,1
e6be6cc8dc285b8024cbd0bc61ef22b7057c72b675a7cf1111caa165e510762d,autoannotated/images/e6be6cc8dc285b8024cbd0bc61ef22b7057c72b675a7cf1111caa165e510762d.png,ComplexDataLab/OpenFake,medium,1,0.9671705961227417,0.4,1
e6c303903c122a1837e5e208d9c873bf309bd1f095e63b3ec46d5cd37ae4c9e3,autoannotated/images/e6c303903c122a1837e5e208d9c873bf309bd1f095e63b3ec46d5cd37ae4c9e3.jpg,ComplexDataLab/OpenFake,medium,0,0.7858929634094238,0.4,1
e6c7cdcc0dfb999d5c5a5585ab6f6a464b7e36851f0ddb60095b38aa7744b627,autoannotated/images/e6c7cdcc0dfb999d5c5a5585ab6f6a464b7e36851f0ddb60095b38aa7744b627.jpg,RRDataset,medium,0,0.9929062128067017,0.4,1
e6d84633f7e23ea2bd1fb0a1477cbfc3c20388686b752fe322abac26d04e1297,human_annotated/images/e6d84633f7e23ea2bd1fb0a1477cbfc3c20388686b752fe322abac26d04e1297.jpg,ComplexDataLab/OpenFake,medium,0,0.5089921951293945,0.4,1
e6ee1e66803b476d5905d40dfa5d3a8d2de79f45a21354fe8569f3d88d6933fc,autoannotated/images/e6ee1e66803b476d5905d40dfa5d3a8d2de79f45a21354fe8569f3d88d6933fc.png,RRDataset,medium,1,0.7806140184402466,0.4,1
e6fd58a9fe7f24edf1c74fe2a009acdd34ecf884b34daf21ba01e7e7b5b60a17,autoannotated/images/e6fd58a9fe7f24edf1c74fe2a009acdd34ecf884b34daf21ba01e7e7b5b60a17.jpg,ComplexDataLab/OpenFake,medium,0,0.024626897647976875,0.4,0
e70508adb481ec12bd75490e8dedb84a96d2d22a0f00d08539aff08e352071c7,autoannotated/images/e70508adb481ec12bd75490e8dedb84a96d2d22a0f00d08539aff08e352071c7.jpg,ComplexDataLab/OpenFake,medium,0,0.13743135333061218,0.4,0
e7086195fe63aa19f2b10dd6aacce516b0d06b391a7fa64c206752df8ff04a65,autoannotated/images/e7086195fe63aa19f2b10dd6aacce516b0d06b391a7fa64c206752df8ff04a65.png,saberzl/SID_Set,medium,1,0.9656039476394653,0.4,1
e71911c9d3f3ca9dc5a69286970ba2e0e4c5c1d29cf69b3228c642f1272e35c4,autoannotated/images/e71911c9d3f3ca9dc5a69286970ba2e0e4c5c1d29cf69b3228c642f1272e35c4.png,RRDataset,medium,1,0.9972859621047974,0.4,1
e72072e798ff187464f449d82fa099f928ad2390c32e48474f18dbfb4428032d,autoannotated/images/e72072e798ff187464f449d82fa099f928ad2390c32e48474f18dbfb4428032d.jpg,RRDataset,medium,0,0.9950537085533142,0.4,1
e730304ab907dc040aa6516eacc6f38ca4b5d1b6ccf5914420fd22628cce2637,autoannotated/images/e730304ab907dc040aa6516eacc6f38ca4b5d1b6ccf5914420fd22628cce2637.jpg,saberzl/SID_Set,medium,0,0.06308785080909729,0.4,0
e7586f21bc6e435c64a007d203f29c1454ad972287159a67308c9659a567d5ea,human_annotated/images/e7586f21bc6e435c64a007d203f29c1454ad972287159a67308c9659a567d5ea.png,ComplexDataLab/OpenFake,medium,1,0.8152910470962524,0.4,1
e75a529350d91d3769bf5dec7041b9a5d251011be24e428da32d52c180e367b9,autoannotated/images/e75a529350d91d3769bf5dec7041b9a5d251011be24e428da32d52c180e367b9.jpg,ComplexDataLab/OpenFake,medium,0,0.000122996571008116,0.4,0
e7939fd793bb9df15f3aa1e262347e7734cd21f76db97772cdc4bf67d9281f1f,human_annotated/images/e7939fd793bb9df15f3aa1e262347e7734cd21f76db97772cdc4bf67d9281f1f.png,RRDataset,medium,1,0.981871485710144,0.4,1
e79690a3c16bdcbd29185acc72bfe22fd562dde0fcc6ca4691198cba7ce3a168,autoannotated/images/e79690a3c16bdcbd29185acc72bfe22fd562dde0fcc6ca4691198cba7ce3a168.jpg,saberzl/SID_Set,medium,0,0.08955228328704834,0.4,0
e79a52a18e9b33be8b745d5d759c30a4e17d9313ae4963fe9b4d02865cb0af6b,autoannotated/images/e79a52a18e9b33be8b745d5d759c30a4e17d9313ae4963fe9b4d02865cb0af6b.jpg,RRDataset,medium,0,0.7570690512657166,0.4,1
e79d2d7c8bac5a6c1a45ac1963348fd2bcce0a4a81f1209f7924aad687a004f2,autoannotated/images/e79d2d7c8bac5a6c1a45ac1963348fd2bcce0a4a81f1209f7924aad687a004f2.jpg,RRDataset,medium,0,0.6207148432731628,0.4,1
e7a47f8237030d196b002bb73670edaf3c085f60e1d1a4dc926f222c38423aa1,human_annotated/images/e7a47f8237030d196b002bb73670edaf3c085f60e1d1a4dc926f222c38423aa1.png,saberzl/SID_Set,medium,1,0.9841403961181641,0.4,1
e7a4ac9fffa947d5ba77c7aa46471390551913cbb6647555a4b208bae3fd98f1,autoannotated/images/e7a4ac9fffa947d5ba77c7aa46471390551913cbb6647555a4b208bae3fd98f1.jpg,ComplexDataLab/OpenFake,medium,0,0.07780983299016953,0.4,0
e7b0ad6ee50f143b48e9049c75c4827f8cbed257d7c5b417063e3b6ec05607fd,autoannotated/images/e7b0ad6ee50f143b48e9049c75c4827f8cbed257d7c5b417063e3b6ec05607fd.jpg,ComplexDataLab/OpenFake,medium,0,0.1442718505859375,0.4,0
e7b65cd48c271fd592fd9f9c9affdf7f0d66fa16b42505a86744694e939b22e3,autoannotated/images/e7b65cd48c271fd592fd9f9c9affdf7f0d66fa16b42505a86744694e939b22e3.png,RRDataset,medium,1,0.9894026517868042,0.4,1
e7f04863ac4c76be60d5f7570305b453498b20fccd69028278b8062a29d2f330,autoannotated/images/e7f04863ac4c76be60d5f7570305b453498b20fccd69028278b8062a29d2f330.png,RRDataset,medium,1,0.8209360837936401,0.4,1
e7f19735d4500db885aff88ebae8a1b1b4166463d4035272eaad2de1a5dcc1eb,autoannotated/images/e7f19735d4500db885aff88ebae8a1b1b4166463d4035272eaad2de1a5dcc1eb.jpg,RRDataset,medium,0,0.988906979560852,0.4,1
e7fa64635337e1cd44ac9745b8769af3afd2c8a8ef9771a4662883c0eb4e553b,autoannotated/images/e7fa64635337e1cd44ac9745b8769af3afd2c8a8ef9771a4662883c0eb4e553b.jpg,RRDataset,medium,0,0.834039032459259,0.4,1
e800cc6b1e962aa0887fe65f7a3ce0f6f1c7cf8b8d727f70d4863cc209d092ff,autoannotated/images/e800cc6b1e962aa0887fe65f7a3ce0f6f1c7cf8b8d727f70d4863cc209d092ff.png,saberzl/SID_Set,medium,1,0.9861019849777222,0.4,1
e807901472d504a7c3fd8f9178a6fedb27f294237c8acb247997cc207cc6110f,autoannotated/images/e807901472d504a7c3fd8f9178a6fedb27f294237c8acb247997cc207cc6110f.png,RRDataset,medium,1,0.7797286510467529,0.4,1
e814d5b553e88c77c7c429ed598c156d1f2b5a9f29ba81929c0d28d4471cca91,human_annotated/images/e814d5b553e88c77c7c429ed598c156d1f2b5a9f29ba81929c0d28d4471cca91.jpg,saberzl/SID_Set,medium,0,0.6422103643417358,0.4,1
e81d73f89f088a01749b5344583f9570a3a9ea8cb9b55ee033119c3dc218cc17,autoannotated/images/e81d73f89f088a01749b5344583f9570a3a9ea8cb9b55ee033119c3dc218cc17.jpg,RRDataset,medium,0,0.3351169526576996,0.4,0
e88e4605f88f7ccfa42792abc0bc3a22110d19d74b30b32b3773541d0eeef4b8,human_annotated/images/e88e4605f88f7ccfa42792abc0bc3a22110d19d74b30b32b3773541d0eeef4b8.png,saberzl/SID_Set,medium,1,0.9911366701126099,0.4,1
e8aa761b3f259c51c450e9e6afb3ef5fb38db2e9a8a160b5e2dc54dc93bf75d2,autoannotated/images/e8aa761b3f259c51c450e9e6afb3ef5fb38db2e9a8a160b5e2dc54dc93bf75d2.png,saberzl/SID_Set,medium,1,0.9996488094329834,0.4,1
e8aed9f118b84313b3312190ab6ff95e8e7f70101ca02f8404916424f3cce28a,human_annotated/images/e8aed9f118b84313b3312190ab6ff95e8e7f70101ca02f8404916424f3cce28a.jpg,saberzl/SID_Set,medium,0,0.2229924499988556,0.4,0
e8c53e6d04aa6181a2e7e6720f036fc92b9efac861a21e433fbfd38d2345a051,autoannotated/images/e8c53e6d04aa6181a2e7e6720f036fc92b9efac861a21e433fbfd38d2345a051.jpg,RRDataset,medium,0,0.5468573570251465,0.4,1
e8c93d61ae13f68b52b6c803a0fe26e6192cb4a5cfad3c95b78adab3d5d7e4bc,autoannotated/images/e8c93d61ae13f68b52b6c803a0fe26e6192cb4a5cfad3c95b78adab3d5d7e4bc.jpg,ComplexDataLab/OpenFake,medium,0,0.06785641610622406,0.4,0
e8dfe80b14382ae7e7413d167a3b3e88a9b1d050e0ad8879b01c5971d2fc6948,human_annotated/images/e8dfe80b14382ae7e7413d167a3b3e88a9b1d050e0ad8879b01c5971d2fc6948.jpg,ComplexDataLab/OpenFake,medium,0,0.7556762099266052,0.4,1
e9290492c05c69ff088fb88b20e6cba7afd6993b4f02fb5dcab88db1537457e2,autoannotated/images/e9290492c05c69ff088fb88b20e6cba7afd6993b4f02fb5dcab88db1537457e2.jpg,ComplexDataLab/OpenFake,medium,0,0.00034044295898638666,0.4,0
e929aefd2e666ecdb3b03a5eb456b21582c0844785fd2c7d03ea20bd08b45a7c,autoannotated/images/e929aefd2e666ecdb3b03a5eb456b21582c0844785fd2c7d03ea20bd08b45a7c.png,saberzl/SID_Set,medium,1,0.973559558391571,0.4,1
e92c07ab9a8c9f867028d07a1fc1c08abc797938627a7d5b8627d1bfd4f39983,autoannotated/images/e92c07ab9a8c9f867028d07a1fc1c08abc797938627a7d5b8627d1bfd4f39983.jpg,saberzl/SID_Set,medium,0,0.6309031248092651,0.4,1
e938c66db62164824175c19603adcc248affb3465ac82042e9ef748a580306d8,autoannotated/images/e938c66db62164824175c19603adcc248affb3465ac82042e9ef748a580306d8.webp,ComplexDataLab/OpenFake,medium,1,0.2632743716239929,0.4,0
e93a51a935ce7f59c66798986208019eb5aecfbdce0aca2d72d04a4cb4f100b8,autoannotated/images/e93a51a935ce7f59c66798986208019eb5aecfbdce0aca2d72d04a4cb4f100b8.jpg,ComplexDataLab/OpenFake,medium,0,0.6990200281143188,0.4,1
e956e3fd9d1c280eeb8919c5181ce09fe2903c0faeab320aa16bdeea373741cf,autoannotated/images/e956e3fd9d1c280eeb8919c5181ce09fe2903c0faeab320aa16bdeea373741cf.jpg,ComplexDataLab/OpenFake,medium,0,5.8081746828975156e-05,0.4,0
e95c6d51825805da7390f362b4385e9fbc46ae05970b754a058dc546ebf0203b,autoannotated/images/e95c6d51825805da7390f362b4385e9fbc46ae05970b754a058dc546ebf0203b.png,saberzl/SID_Set,medium,1,0.8625912070274353,0.4,1
e974c5270c9beb4a5fac394ad7750e613409a4e1c0f17e7ffc91fca96afc3a5d,human_annotated/images/e974c5270c9beb4a5fac394ad7750e613409a4e1c0f17e7ffc91fca96afc3a5d.jpg,saberzl/SID_Set,medium,0,0.031680233776569366,0.4,0
e9871344f460d2a83d328199ace553bb21eec1bbae69717394c6f08d338a9930,autoannotated/images/e9871344f460d2a83d328199ace553bb21eec1bbae69717394c6f08d338a9930.png,saberzl/SID_Set,medium,1,0.9618409276008606,0.4,1
e9a63cfba25176df1091dcabb5e1fec57f5568eb751811e16966e62cd11e8e04,autoannotated/images/e9a63cfba25176df1091dcabb5e1fec57f5568eb751811e16966e62cd11e8e04.png,saberzl/SID_Set,medium,1,0.9978269934654236,0.4,1
e9b62a2d97b009a091d155b8bb73b73561ca417e9889ecb8fca3b1915e6545be,autoannotated/images/e9b62a2d97b009a091d155b8bb73b73561ca417e9889ecb8fca3b1915e6545be.jpg,saberzl/SID_Set,medium,0,0.8670891523361206,0.4,1
e9bb1390d5b92dfd5337782a36502e1101a00fac3d9a997952c86e73642b53ac,autoannotated/images/e9bb1390d5b92dfd5337782a36502e1101a00fac3d9a997952c86e73642b53ac.png,saberzl/SID_Set,medium,1,0.9847217202186584,0.4,1
e9ffd0d6e3d69e32f05d0393abb4feae7ccaba5bf2535a064907cd24683a864c,autoannotated/images/e9ffd0d6e3d69e32f05d0393abb4feae7ccaba5bf2535a064907cd24683a864c.jpg,saberzl/SID_Set,medium,0,0.9885741472244263,0.4,1
ea060d7c89f0ba561222222ab2ae25ce4e58ea699d1e74bd8fe5bdda2ea26572,autoannotated/images/ea060d7c89f0ba561222222ab2ae25ce4e58ea699d1e74bd8fe5bdda2ea26572.png,ComplexDataLab/OpenFake,medium,1,0.9824016690254211,0.4,1
ea1bfb1e40f260397a20b03c45c5ca347d73c1b1df3d630f518a439cf79a4e82,autoannotated/images/ea1bfb1e40f260397a20b03c45c5ca347d73c1b1df3d630f518a439cf79a4e82.png,RRDataset,medium,1,0.8570756912231445,0.4,1
ea1f491e3f8c985b28f83fa15eb336a666183a4fe872460e4aa113aafa444073,human_annotated/images/ea1f491e3f8c985b28f83fa15eb336a666183a4fe872460e4aa113aafa444073.jpg,ComplexDataLab/OpenFake,medium,0,0.0019070329144597054,0.4,0
ea20cbb5c5d78439debe74ebd8fe25106751a3c3b4a9423019a0b9ce7bb6b74d,autoannotated/images/ea20cbb5c5d78439debe74ebd8fe25106751a3c3b4a9423019a0b9ce7bb6b74d.png,ComplexDataLab/OpenFake,medium,1,0.8912093639373779,0.4,1
ea29ab4c83a8c7d68f5cf12f67962647f17e073d2f61a18779f23f3a48192bbe,autoannotated/images/ea29ab4c83a8c7d68f5cf12f67962647f17e073d2f61a18779f23f3a48192bbe.jpg,ComplexDataLab/OpenFake,medium,0,0.7350077629089355,0.4,1
ea4e69dae54b71e1210b8142b53c8c8505cc053dcdff3b557965185b1b3e51ca,autoannotated/images/ea4e69dae54b71e1210b8142b53c8c8505cc053dcdff3b557965185b1b3e51ca.jpg,RRDataset,medium,0,0.20760567486286163,0.4,0
ea5ec078aa1ba9a2175e55d3ca7e3fd51cfa721297eabea7cf4e0b7caaa0e460,autoannotated/images/ea5ec078aa1ba9a2175e55d3ca7e3fd51cfa721297eabea7cf4e0b7caaa0e460.jpg,ComplexDataLab/OpenFake,medium,0,0.0003497182042337954,0.4,0
ea5f887f987e2dcc8c1dd7afde11ecb366c4d32f1d0133d58bf5f2fd051d251e,autoannotated/images/ea5f887f987e2dcc8c1dd7afde11ecb366c4d32f1d0133d58bf5f2fd051d251e.png,ComplexDataLab/OpenFake,medium,1,0.9903174638748169,0.4,1
ea60f801cca8cc31a737f933a8c04aa14437207df783fb63bec812f25e594886,autoannotated/images/ea60f801cca8cc31a737f933a8c04aa14437207df783fb63bec812f25e594886.jpg,RRDataset,medium,0,0.8171368837356567,0.4,1
ea88e4e6d9ac591e831dfb2c5b1e1271f2ddf5d1101ef7ff64b219338263305e,autoannotated/images/ea88e4e6d9ac591e831dfb2c5b1e1271f2ddf5d1101ef7ff64b219338263305e.jpg,saberzl/SID_Set,medium,0,0.13412098586559296,0.4,0
ead5e90d438a3cfc7c122c68f72844e595d652a9a3e37f22d7ef40a9f10f8c59,autoannotated/images/ead5e90d438a3cfc7c122c68f72844e595d652a9a3e37f22d7ef40a9f10f8c59.jpg,RRDataset,medium,0,0.9840973019599915,0.4,1
eaef619dc939ca42453191dce2bcaab1ab07cbe7fd655c82a6c10633eea11181,human_annotated/images/eaef619dc939ca42453191dce2bcaab1ab07cbe7fd655c82a6c10633eea11181.png,RRDataset,medium,1,0.7710387110710144,0.4,1
eaf983cf37edfb3e3366480ef5ffcd2a654c482fdf4899f15213d5737157491b,autoannotated/images/eaf983cf37edfb3e3366480ef5ffcd2a654c482fdf4899f15213d5737157491b.jpg,ComplexDataLab/OpenFake,medium,0,0.15324367582798004,0.4,0
eb028dd17b98123d91dbef771a400522869c1f3acafb6e59d9468698ba8cda56,autoannotated/images/eb028dd17b98123d91dbef771a400522869c1f3acafb6e59d9468698ba8cda56.png,saberzl/SID_Set,medium,1,0.7524427771568298,0.4,1
eb1ef9030b8b6923806336ab2289c3185e7d62a2191f1272ebbe8a098b4999b0,human_annotated/images/eb1ef9030b8b6923806336ab2289c3185e7d62a2191f1272ebbe8a098b4999b0.png,RRDataset,medium,1,0.9273781180381775,0.4,1
eb25386057bf63378375e3a9c1bb6600ddcd3d5eb615eb42dbac095afc0ec08b,autoannotated/images/eb25386057bf63378375e3a9c1bb6600ddcd3d5eb615eb42dbac095afc0ec08b.png,saberzl/SID_Set,medium,1,0.6787385940551758,0.4,1
eb270e52b277d25700e8e60b37c434c8fc8dc01c30079ab7a39a346b9f14c25e,autoannotated/images/eb270e52b277d25700e8e60b37c434c8fc8dc01c30079ab7a39a346b9f14c25e.jpg,ComplexDataLab/OpenFake,medium,0,0.3747323155403137,0.4,0
eb2f6d9a9da66a46fc045d8f2ecfea9af67b7d06bc99c6b42626872607411b45,autoannotated/images/eb2f6d9a9da66a46fc045d8f2ecfea9af67b7d06bc99c6b42626872607411b45.jpg,RRDataset,medium,0,0.9879850745201111,0.4,1
eb4f2e2c8ca26dcba53bdf511fc49c53a636e45b403dfc21d80a72bb45869ae2,autoannotated/images/eb4f2e2c8ca26dcba53bdf511fc49c53a636e45b403dfc21d80a72bb45869ae2.jpg,saberzl/SID_Set,medium,0,0.5226072072982788,0.4,1
eb4fe7b96ed7e5b8a7e4e24e25163c80144548fd68e4a0d32432629b9761278c,autoannotated/images/eb4fe7b96ed7e5b8a7e4e24e25163c80144548fd68e4a0d32432629b9761278c.jpg,saberzl/SID_Set,medium,0,0.15709955990314484,0.4,0
eb5fe23c53e82d40cee8849c03bfb89924044e05e85fa26b04f16a724103f5af,autoannotated/images/eb5fe23c53e82d40cee8849c03bfb89924044e05e85fa26b04f16a724103f5af.jpg,saberzl/SID_Set,medium,0,0.6196374297142029,0.4,1
eb707a0ce56a5706e5060584c005b77a16c41dd3b6816efca2db1f995c5deee9,autoannotated/images/eb707a0ce56a5706e5060584c005b77a16c41dd3b6816efca2db1f995c5deee9.jpg,RRDataset,medium,0,0.3389095366001129,0.4,0
eb72110be5ec5a1de56cb685ce3c48a33e31a3b3354d8d59f087d40819593981,autoannotated/images/eb72110be5ec5a1de56cb685ce3c48a33e31a3b3354d8d59f087d40819593981.jpg,saberzl/SID_Set,medium,0,0.582318902015686,0.4,1
ebe5ffd5a956a99ea75dd03045d1b921441b42dd1aeeba2928a5a8ba640133fb,autoannotated/images/ebe5ffd5a956a99ea75dd03045d1b921441b42dd1aeeba2928a5a8ba640133fb.jpg,RRDataset,medium,0,0.9976555109024048,0.4,1
ec057870e9c342b196d830d0f7b8e71e5ee175d8e1c645a3f070b4a1f301c895,autoannotated/images/ec057870e9c342b196d830d0f7b8e71e5ee175d8e1c645a3f070b4a1f301c895.png,saberzl/SID_Set,medium,1,0.9796287417411804,0.4,1
ec0ccc7fa2722405ae8e46b33d0dcf5f0c22c67f71f57938599ef3aefb53db7a,autoannotated/images/ec0ccc7fa2722405ae8e46b33d0dcf5f0c22c67f71f57938599ef3aefb53db7a.jpg,ComplexDataLab/OpenFake,medium,0,0.006754528731107712,0.4,0
ec0f982485bc5f813930848059f8c417996e049278dfe9d2a0aa67cdcdd0390c,autoannotated/images/ec0f982485bc5f813930848059f8c417996e049278dfe9d2a0aa67cdcdd0390c.png,ComplexDataLab/OpenFake,medium,1,0.7271445989608765,0.4,1
ec514d99143b2938d8a7b20e2fba785642d9a3aaecd29fdb89acaab32d72292b,autoannotated/images/ec514d99143b2938d8a7b20e2fba785642d9a3aaecd29fdb89acaab32d72292b.jpg,RRDataset,medium,0,0.7352792024612427,0.4,1
ec5ea19472b91496afdeeb8982eaa5d8e08c42b41211327213b9af5319cf099a,autoannotated/images/ec5ea19472b91496afdeeb8982eaa5d8e08c42b41211327213b9af5319cf099a.jpg,ComplexDataLab/OpenFake,medium,1,0.0198217760771513,0.4,0
ec5eb889887d0b0dba351ba5abb84506c13cc4db237bb0816a51b9b84ce7745e,autoannotated/images/ec5eb889887d0b0dba351ba5abb84506c13cc4db237bb0816a51b9b84ce7745e.jpg,ComplexDataLab/OpenFake,medium,0,0.09073197096586227,0.4,0
ec786aed6b5c68e840686929e92b21ce92f76c42bd8fbaea02b269cd3c89302d,human_annotated/images/ec786aed6b5c68e840686929e92b21ce92f76c42bd8fbaea02b269cd3c89302d.png,ComplexDataLab/OpenFake,medium,1,0.5474530458450317,0.4,1
ec82175e235fad811f0a997b59f7f5c3c06c462ca072d6097a54102801da6e08,autoannotated/images/ec82175e235fad811f0a997b59f7f5c3c06c462ca072d6097a54102801da6e08.png,RRDataset,medium,1,0.9787200093269348,0.4,1
ec89fdb08f80db87cf02a97461e0f4d4495dab58e0ab9ba687fa56b89e5219c6,autoannotated/images/ec89fdb08f80db87cf02a97461e0f4d4495dab58e0ab9ba687fa56b89e5219c6.jpg,saberzl/SID_Set,medium,0,0.014648092910647392,0.4,0
ec99a4c28c2e4837edd86c49dc0451d1b3201711547bf9dd1b89413a6bacc447,autoannotated/images/ec99a4c28c2e4837edd86c49dc0451d1b3201711547bf9dd1b89413a6bacc447.png,RRDataset,medium,1,0.9458056688308716,0.4,1
eca0a069e517bacca13a875fff96f0b65364e60a96cefc1db44f99ba5d6cd484,autoannotated/images/eca0a069e517bacca13a875fff96f0b65364e60a96cefc1db44f99ba5d6cd484.png,RRDataset,medium,1,0.9970619082450867,0.4,1
ecd372e08ff7dfc1df887b26bc322e71992d491e39006c8f2e56792abe7ca261,autoannotated/images/ecd372e08ff7dfc1df887b26bc322e71992d491e39006c8f2e56792abe7ca261.jpg,saberzl/SID_Set,medium,0,0.5085563063621521,0.4,1
ecde51d05c3e7ae5f7d5b01a62dd87b38759095a08921579f6cf58dd7be6739b,autoannotated/images/ecde51d05c3e7ae5f7d5b01a62dd87b38759095a08921579f6cf58dd7be6739b.png,saberzl/SID_Set,medium,1,0.9758318662643433,0.4,1
ecdf43406997018530a6ef4f63290b06339b9eb49d7d22e25972c9ef87494cbf,autoannotated/images/ecdf43406997018530a6ef4f63290b06339b9eb49d7d22e25972c9ef87494cbf.jpg,ComplexDataLab/OpenFake,medium,0,0.6209776401519775,0.4,1
ed1c84cbe56af98e3c61311cae047e39e8d1494a43b102cfd206580ac27ebb91,autoannotated/images/ed1c84cbe56af98e3c61311cae047e39e8d1494a43b102cfd206580ac27ebb91.png,ComplexDataLab/OpenFake,medium,1,0.8448150753974915,0.4,1
ed533e9e9935b1a7f4c0e2c05cce2d8d3c4621baf2e51cfee213d2fd52d44f77,autoannotated/images/ed533e9e9935b1a7f4c0e2c05cce2d8d3c4621baf2e51cfee213d2fd52d44f77.png,saberzl/SID_Set,medium,1,0.9773733615875244,0.4,1
ed74615f60ab1dd7f336d114818df152ceb41c9396237d35f619a1faa798a033,autoannotated/images/ed74615f60ab1dd7f336d114818df152ceb41c9396237d35f619a1faa798a033.jpg,ComplexDataLab/OpenFake,medium,0,0.10569466650485992,0.4,0
ed7bad72ff369d40b900fe5438b6bb4a97e29203162c8e748814fe8f49a211dd,autoannotated/images/ed7bad72ff369d40b900fe5438b6bb4a97e29203162c8e748814fe8f49a211dd.png,ComplexDataLab/OpenFake,medium,1,0.9675246477127075,0.4,1
ed8dca2c0c4ac137dd420cafb4e52079e24eb5cabb574aa2550cf64742c10f1b,autoannotated/images/ed8dca2c0c4ac137dd420cafb4e52079e24eb5cabb574aa2550cf64742c10f1b.jpg,RRDataset,medium,0,0.980984091758728,0.4,1
eda7db683048a01e68b8e05bbe6bf4e219964e2e79f35101c727a340524b636b,autoannotated/images/eda7db683048a01e68b8e05bbe6bf4e219964e2e79f35101c727a340524b636b.png,saberzl/SID_Set,medium,1,0.9793457984924316,0.4,1
edc32d464c59bb364e9ebf6c528643c22113e8b3be045d7c6c3bda1e59dcee69,autoannotated/images/edc32d464c59bb364e9ebf6c528643c22113e8b3be045d7c6c3bda1e59dcee69.jpg,ComplexDataLab/OpenFake,medium,0,0.0008238958544097841,0.4,0
edece42b56046148558dd1060b5bec988a1fe32cc35a895cc6e5221438f3f1ca,autoannotated/images/edece42b56046148558dd1060b5bec988a1fe32cc35a895cc6e5221438f3f1ca.jpg,RRDataset,medium,0,0.7990049123764038,0.4,1
ee28e5f8b4128e682f9b86f9799dec8f31eb47277a67e5681e1ed53af210f640,autoannotated/images/ee28e5f8b4128e682f9b86f9799dec8f31eb47277a67e5681e1ed53af210f640.jpg,saberzl/SID_Set,medium,0,0.9942837357521057,0.4,1
ee2c72b12d41952ba9dbbb3ea16855a1c4226c3792917c22ad3aa282946b6910,autoannotated/images/ee2c72b12d41952ba9dbbb3ea16855a1c4226c3792917c22ad3aa282946b6910.jpg,RRDataset,medium,0,0.9722002148628235,0.4,1
ee2d799ebcac61c0aed7258296140b695f4ac637b9441eeabaa81bf28760cc8a,autoannotated/images/ee2d799ebcac61c0aed7258296140b695f4ac637b9441eeabaa81bf28760cc8a.png,ComplexDataLab/OpenFake,medium,1,0.832030177116394,0.4,1
ee2e5117ec08d98d4f2070247f254cea9b5c86317066fadb4c15700d0a62fd38,autoannotated/images/ee2e5117ec08d98d4f2070247f254cea9b5c86317066fadb4c15700d0a62fd38.png,RRDataset,medium,1,0.9324765801429749,0.4,1
ee41450164f85320da0be996b2709eb769667ccbcf000dd3b2b2f335ed5d52e4,autoannotated/images/ee41450164f85320da0be996b2709eb769667ccbcf000dd3b2b2f335ed5d52e4.jpg,RRDataset,medium,0,0.08409895747900009,0.4,0
ee451883abda53a3bc5436e8bf839ef85b4b26493d00cc73132b7be58186a721,autoannotated/images/ee451883abda53a3bc5436e8bf839ef85b4b26493d00cc73132b7be58186a721.jpg,ComplexDataLab/OpenFake,medium,0,0.8531564474105835,0.4,1
ee89a5cda1326c99c0b54f85fc18ad130c3b63bf4eb22a76b993fb41f0fc3373,autoannotated/images/ee89a5cda1326c99c0b54f85fc18ad130c3b63bf4eb22a76b993fb41f0fc3373.png,ComplexDataLab/OpenFake,medium,1,0.5824790596961975,0.4,1
ee90bf45b6bd2c08b2b05063ab2502c158693463ca8d3c173fc83eb2894cfa6b,autoannotated/images/ee90bf45b6bd2c08b2b05063ab2502c158693463ca8d3c173fc83eb2894cfa6b.jpg,ComplexDataLab/OpenFake,medium,0,0.00710625946521759,0.4,0
ee94fe3b15d2f482c0c21e209466c2a5f61950f57bb2ca73bbe9084bb24cd4fb,autoannotated/images/ee94fe3b15d2f482c0c21e209466c2a5f61950f57bb2ca73bbe9084bb24cd4fb.png,saberzl/SID_Set,medium,1,0.9293907284736633,0.4,1
eea275f3f35b1f7f49b896ae0db49ec34bd6f90e336d63262dc4315039182afb,human_annotated/images/eea275f3f35b1f7f49b896ae0db49ec34bd6f90e336d63262dc4315039182afb.jpg,RRDataset,medium,0,0.036396875977516174,0.4,0
eeb868b50484439724eacb8464b52adbfbf56350ced3d25bb3fc87c19b312aa9,human_annotated/images/eeb868b50484439724eacb8464b52adbfbf56350ced3d25bb3fc87c19b312aa9.jpg,ComplexDataLab/OpenFake,medium,0,0.7286768555641174,0.4,1
eeb94d4b8c6e3aa02aa4c12aa4f27efa018c71880b4d4b8d1bc5378b96eb27f9,autoannotated/images/eeb94d4b8c6e3aa02aa4c12aa4f27efa018c71880b4d4b8d1bc5378b96eb27f9.png,ComplexDataLab/OpenFake,medium,1,0.9888218641281128,0.4,1
eebc5a29824d06d848f92ad4b7a868a27099cafe6d8df5a3a63d53e7a7b6bfdd,autoannotated/images/eebc5a29824d06d848f92ad4b7a868a27099cafe6d8df5a3a63d53e7a7b6bfdd.jpg,ComplexDataLab/OpenFake,medium,0,0.5993075370788574,0.4,1
eec0dff61bb6cd8a6849fdb74144b5d03c5e48e7ac359ff24b2ae664c14d92d9,autoannotated/images/eec0dff61bb6cd8a6849fdb74144b5d03c5e48e7ac359ff24b2ae664c14d92d9.jpg,ComplexDataLab/OpenFake,medium,1,0.7298821210861206,0.4,1
eec2632e0fdda35f8ce37ae5ecb4b669789def12c0f8a7c0a9838866ad5d72e5,autoannotated/images/eec2632e0fdda35f8ce37ae5ecb4b669789def12c0f8a7c0a9838866ad5d72e5.png,saberzl/SID_Set,medium,1,0.9818304181098938,0.4,1
eec4bd2a1dc1a222ff5231271fe59b5b6a59728ec83d60494acb8a352051e2b5,autoannotated/images/eec4bd2a1dc1a222ff5231271fe59b5b6a59728ec83d60494acb8a352051e2b5.png,ComplexDataLab/OpenFake,medium,1,0.7747278809547424,0.4,1
eed3c009e025261b4ada87056c663156f4171992b0bd43d936df654e3bff0bda,autoannotated/images/eed3c009e025261b4ada87056c663156f4171992b0bd43d936df654e3bff0bda.jpg,saberzl/SID_Set,medium,0,0.0015736994100734591,0.4,0
eeda3ce43277955cb13b07603360dcddf524636e3ae2477beeb0ed8c6507c799,autoannotated/images/eeda3ce43277955cb13b07603360dcddf524636e3ae2477beeb0ed8c6507c799.jpg,ComplexDataLab/OpenFake,medium,0,0.0012260484509170055,0.4,0
ef41fbc2657439a4ca23f0452179799172ab904583fba07520dd333273f7bd54,autoannotated/images/ef41fbc2657439a4ca23f0452179799172ab904583fba07520dd333273f7bd54.jpg,ComplexDataLab/OpenFake,medium,0,0.10177015513181686,0.4,0
ef449ea45b64aaa0ff30621522aae25e2818cd17c5d4ad63cb38b2931b44f918,human_annotated/images/ef449ea45b64aaa0ff30621522aae25e2818cd17c5d4ad63cb38b2931b44f918.jpg,ComplexDataLab/OpenFake,medium,0,0.026337826624512672,0.4,0
ef4863a111dc7c276a15afb91b889562661e3321d1045711b20bd6efb5b0fdbb,human_annotated/images/ef4863a111dc7c276a15afb91b889562661e3321d1045711b20bd6efb5b0fdbb.jpg,ComplexDataLab/OpenFake,medium,0,0.02547682449221611,0.4,0
ef4cc7d7517a0bc4d17b5ba82ebd9df016b0b30782e5634bc099aeb36389c523,autoannotated/images/ef4cc7d7517a0bc4d17b5ba82ebd9df016b0b30782e5634bc099aeb36389c523.png,RRDataset,medium,1,0.9882273077964783,0.4,1
ef4cf1e5e7082a0fbcbc32a153ad9754ab09d1fac4ccfdb61f4f9b8b8c236c86,autoannotated/images/ef4cf1e5e7082a0fbcbc32a153ad9754ab09d1fac4ccfdb61f4f9b8b8c236c86.png,saberzl/SID_Set,medium,1,0.9884673953056335,0.4,1
ef6155a7500102038a289bff05b0c5f6286a9a8ade137f95928187fc4ecc7116,autoannotated/images/ef6155a7500102038a289bff05b0c5f6286a9a8ade137f95928187fc4ecc7116.png,RRDataset,medium,1,0.20373104512691498,0.4,0
efb5aafdd190165af4a9329d1afa09eef67634ce743a78fc95d4fa702748efc8,autoannotated/images/efb5aafdd190165af4a9329d1afa09eef67634ce743a78fc95d4fa702748efc8.png,RRDataset,medium,1,0.9906046986579895,0.4,1
efe0dea29b6e6cb317aef10d4c28f59c2015f31296daec1b9cabc1bc66b77da2,human_annotated/images/efe0dea29b6e6cb317aef10d4c28f59c2015f31296daec1b9cabc1bc66b77da2.png,RRDataset,medium,1,0.9721757173538208,0.4,1
efec09a3717dc405a21fec40e7df9de8250590f44f9d87502537fc6e0e5d0176,autoannotated/images/efec09a3717dc405a21fec40e7df9de8250590f44f9d87502537fc6e0e5d0176.jpg,saberzl/SID_Set,medium,0,0.2391367405653,0.4,0
eff003401d97eab2d2425c696cc8f251664557e3bc2b52c8889e8d1d72c579f1,autoannotated/images/eff003401d97eab2d2425c696cc8f251664557e3bc2b52c8889e8d1d72c579f1.jpg,saberzl/SID_Set,medium,0,0.3234606385231018,0.4,0
f00af1134e2fb816d6904e882cd8a7348691e2ffec0376d5418b92ac528e6ccd,autoannotated/images/f00af1134e2fb816d6904e882cd8a7348691e2ffec0376d5418b92ac528e6ccd.png,saberzl/SID_Set,medium,1,0.9450698494911194,0.4,1
f02094281494da3cbd04d1bf49e78c4d8aad58ad7189bcabcb0dd3b4ef9c678f,autoannotated/images/f02094281494da3cbd04d1bf49e78c4d8aad58ad7189bcabcb0dd3b4ef9c678f.png,ComplexDataLab/OpenFake,medium,1,0.7277532815933228,0.4,1
f029f440c45f2e5a461b4a2d96fc75b9616cc9d0f0d2695dda11642fa9d455f2,autoannotated/images/f029f440c45f2e5a461b4a2d96fc75b9616cc9d0f0d2695dda11642fa9d455f2.png,saberzl/SID_Set,medium,1,0.9695017337799072,0.4,1
f0322af8d451c7bc432ede2f5c01c3ee419bf7c40713023ab83b6679aac26111,autoannotated/images/f0322af8d451c7bc432ede2f5c01c3ee419bf7c40713023ab83b6679aac26111.jpg,saberzl/SID_Set,medium,0,0.4947746992111206,0.4,1
f035160288e487d9c714b7cbb5a3ff60462cee66cba61f2552dde9ea96fdc2a0,autoannotated/images/f035160288e487d9c714b7cbb5a3ff60462cee66cba61f2552dde9ea96fdc2a0.jpg,saberzl/SID_Set,medium,0,0.022504478693008423,0.4,0
f054e829a4a6d80c79af175918b6f802d10b82db5fb9352ee567f8cd1a952c2b,autoannotated/images/f054e829a4a6d80c79af175918b6f802d10b82db5fb9352ee567f8cd1a952c2b.png,ComplexDataLab/OpenFake,medium,1,0.9908757209777832,0.4,1
f06666934bcfbfceb450c16d5345af857fcd4d1aed638b6a6d9d50dfeefcc717,autoannotated/images/f06666934bcfbfceb450c16d5345af857fcd4d1aed638b6a6d9d50dfeefcc717.jpg,saberzl/SID_Set,medium,0,0.9019302725791931,0.4,1
f072d3c8dd343fd8b25bb12ffce4db7bcbeb3552c87187aee511cbf58f338aca,autoannotated/images/f072d3c8dd343fd8b25bb12ffce4db7bcbeb3552c87187aee511cbf58f338aca.jpg,ComplexDataLab/OpenFake,medium,1,0.4907950162887573,0.4,1
f0737f6e1bc4aeadcd4706d33023d13700f5cc5360a0c4ec6ef42f83e605a773,autoannotated/images/f0737f6e1bc4aeadcd4706d33023d13700f5cc5360a0c4ec6ef42f83e605a773.png,ComplexDataLab/OpenFake,medium,1,0.8073481321334839,0.4,1
f08e638722601e640f2a055c10c1f894454decbfe3c9014f0990d91352e21c93,autoannotated/images/f08e638722601e640f2a055c10c1f894454decbfe3c9014f0990d91352e21c93.png,ComplexDataLab/OpenFake,medium,1,0.999799907207489,0.4,1
f09155ac08c55672b8cc43be53c57c4b4987df65d16be059da2a74b05545a698,autoannotated/images/f09155ac08c55672b8cc43be53c57c4b4987df65d16be059da2a74b05545a698.jpg,RRDataset,medium,0,0.9416154026985168,0.4,1
f0c2498c455ea46413cfb5f39e2c9d3b79e71bfffd7ff69532eac4e81f823ada,autoannotated/images/f0c2498c455ea46413cfb5f39e2c9d3b79e71bfffd7ff69532eac4e81f823ada.jpg,saberzl/SID_Set,medium,0,0.21049651503562927,0.4,0
f0cd035663aeb1803e6b472b5f943ff5adfee3fa1d68ae2beb1cb4a101c1dc26,autoannotated/images/f0cd035663aeb1803e6b472b5f943ff5adfee3fa1d68ae2beb1cb4a101c1dc26.png,saberzl/SID_Set,medium,1,0.943245530128479,0.4,1
f0ceecd6eae5d7ba7b876ae28eb901aabdcb83950c1d1336ada0612f735c5288,autoannotated/images/f0ceecd6eae5d7ba7b876ae28eb901aabdcb83950c1d1336ada0612f735c5288.png,ComplexDataLab/OpenFake,medium,1,0.8475493788719177,0.4,1
f14db249c2023ef89fd261af7c73d18f6ff75543753c2d9ce3b43aed41a261ad,autoannotated/images/f14db249c2023ef89fd261af7c73d18f6ff75543753c2d9ce3b43aed41a261ad.jpg,RRDataset,medium,0,0.9774860143661499,0.4,1
f18057150d3de4e175b436e9ba7fb7969d835a1ada192ec9d3ea95840455d0e6,autoannotated/images/f18057150d3de4e175b436e9ba7fb7969d835a1ada192ec9d3ea95840455d0e6.png,RRDataset,medium,1,0.964897096157074,0.4,1
f19b1c24e3bddd20cf978395e030b2fae17ece9bb4a40e5bef76ede2b238e9c1,human_annotated/images/f19b1c24e3bddd20cf978395e030b2fae17ece9bb4a40e5bef76ede2b238e9c1.jpg,ComplexDataLab/OpenFake,medium,0,0.00037352010258473456,0.4,0
f1d2770f574e7356d221c3eb4f46c576ce4da8f163c73f574c9c496783504997,autoannotated/images/f1d2770f574e7356d221c3eb4f46c576ce4da8f163c73f574c9c496783504997.jpg,RRDataset,medium,0,0.7010567784309387,0.4,1
f1e20af3adb9fa8ab370c49260fc89f18448dc0de32ca5fbc7622aa438fcf771,human_annotated/images/f1e20af3adb9fa8ab370c49260fc89f18448dc0de32ca5fbc7622aa438fcf771.png,RRDataset,medium,1,0.9837215542793274,0.4,1
f208d268d06a3f89772dafa1bcdc14851b588d437565e291d3fd9f28ae159958,autoannotated/images/f208d268d06a3f89772dafa1bcdc14851b588d437565e291d3fd9f28ae159958.jpg,ComplexDataLab/OpenFake,medium,0,0.026402698829770088,0.4,0
f22caa39e08d99080071d7c87bd4129768ab56bbafe6e4202df34f7ee12dae40,autoannotated/images/f22caa39e08d99080071d7c87bd4129768ab56bbafe6e4202df34f7ee12dae40.png,RRDataset,medium,1,0.9893198013305664,0.4,1
f2325fd71d1d19db02ccce97a23c9880221e5e5060d4480d819680235ac98f46,autoannotated/images/f2325fd71d1d19db02ccce97a23c9880221e5e5060d4480d819680235ac98f46.png,saberzl/SID_Set,medium,1,0.8018181920051575,0.4,1
f2348e9d1ae15e2904f7adaf958783f1c6c70c6a91db2597a3ba86dc1e0ceb79,autoannotated/images/f2348e9d1ae15e2904f7adaf958783f1c6c70c6a91db2597a3ba86dc1e0ceb79.jpg,saberzl/SID_Set,medium,0,0.9496946334838867,0.4,1
f255b0be1724ca4d59e0547ebb34f7895171ff7128b79d9e785edeb9749d563d,autoannotated/images/f255b0be1724ca4d59e0547ebb34f7895171ff7128b79d9e785edeb9749d563d.png,RRDataset,medium,1,0.9917843341827393,0.4,1
f261de55321515a60143820b17c29702de21627730f6c9810318b5a4d9cba573,human_annotated/images/f261de55321515a60143820b17c29702de21627730f6c9810318b5a4d9cba573.png,saberzl/SID_Set,medium,1,0.7900441884994507,0.4,1
f28d562c454f2d809775f9bc7056aab92205e18513d0b1adc9b1800ef17f0255,autoannotated/images/f28d562c454f2d809775f9bc7056aab92205e18513d0b1adc9b1800ef17f0255.jpg,ComplexDataLab/OpenFake,medium,0,0.025024153292179108,0.4,0
f29727c576cedae9a34374bff4e9ce81120130379d12f74d051c6a575406fd1e,autoannotated/images/f29727c576cedae9a34374bff4e9ce81120130379d12f74d051c6a575406fd1e.jpg,RRDataset,medium,0,0.9754794239997864,0.4,1
f2a820003b63c22618a35d2593635c5f5360c434fc38544413655ffccde26db1,autoannotated/images/f2a820003b63c22618a35d2593635c5f5360c434fc38544413655ffccde26db1.jpg,saberzl/SID_Set,medium,0,0.08757275342941284,0.4,0
f2afa7ea9e49b1cb778cbac98a4f98c87854882b66c4ffeca87dcbe496221ad7,autoannotated/images/f2afa7ea9e49b1cb778cbac98a4f98c87854882b66c4ffeca87dcbe496221ad7.png,RRDataset,medium,1,0.9942982792854309,0.4,1
f2b243c1ba9f320c0e233adfb6b66a18160dfeb7730053918ce42d87c9f5c095,autoannotated/images/f2b243c1ba9f320c0e233adfb6b66a18160dfeb7730053918ce42d87c9f5c095.jpg,ComplexDataLab/OpenFake,medium,0,0.0010892505524680018,0.4,0
f2b6119f46685938bb1b7b274dce02da699e53702efc68d1cb4299997737c072,autoannotated/images/f2b6119f46685938bb1b7b274dce02da699e53702efc68d1cb4299997737c072.png,ComplexDataLab/OpenFake,medium,1,0.09182880818843842,0.4,0
f2b9546501d23ef2d0b7056917092067ceea3434479005fefecfa985b0b2bece,autoannotated/images/f2b9546501d23ef2d0b7056917092067ceea3434479005fefecfa985b0b2bece.png,ComplexDataLab/OpenFake,medium,1,0.9433006048202515,0.4,1
f2cf874d18986bc566922694ba632ff39aa095654fae5bc2788489317b1624f8,human_annotated/images/f2cf874d18986bc566922694ba632ff39aa095654fae5bc2788489317b1624f8.png,ComplexDataLab/OpenFake,medium,1,0.9927281141281128,0.4,1
f2d38cb6c6dc31d535ecec1b5b93565c44a46bb86bba608e7301c0af814f841e,autoannotated/images/f2d38cb6c6dc31d535ecec1b5b93565c44a46bb86bba608e7301c0af814f841e.jpg,ComplexDataLab/OpenFake,medium,0,0.0418623648583889,0.4,0
f2e00f962b781fdba32661610707ac853216503a45bacfd08e9d1ad42d676064,autoannotated/images/f2e00f962b781fdba32661610707ac853216503a45bacfd08e9d1ad42d676064.jpg,ComplexDataLab/OpenFake,medium,0,0.014124851673841476,0.4,0
f3087ec42b093a0d95d1e819991be4ed37264fb9fd43c4fa0daa0d9ecf05c376,autoannotated/images/f3087ec42b093a0d95d1e819991be4ed37264fb9fd43c4fa0daa0d9ecf05c376.png,ComplexDataLab/OpenFake,medium,1,0.9994810223579407,0.4,1
f3214b838b15693fd97e7929e1d1c7e3188a17fc8b055b6d3baf140ae165d676,autoannotated/images/f3214b838b15693fd97e7929e1d1c7e3188a17fc8b055b6d3baf140ae165d676.jpg,ComplexDataLab/OpenFake,medium,1,0.9038568735122681,0.4,1
f340c67311643341beb4e1b8d223875c31b373bf27ab1bbc1f52acd969e4d0b6,human_annotated/images/f340c67311643341beb4e1b8d223875c31b373bf27ab1bbc1f52acd969e4d0b6.jpg,saberzl/SID_Set,medium,0,0.136982724070549,0.4,0
f36b6935ef2b0e36c9eff8de94a6e12e3c7c348c5f163c6c675a09ca9e980434,autoannotated/images/f36b6935ef2b0e36c9eff8de94a6e12e3c7c348c5f163c6c675a09ca9e980434.png,ComplexDataLab/OpenFake,medium,1,0.9976430535316467,0.4,1
f37d0c78bd258f62f15ad6459f53183b43a087737846ba8f36d8187a61bf9b6c,autoannotated/images/f37d0c78bd258f62f15ad6459f53183b43a087737846ba8f36d8187a61bf9b6c.png,RRDataset,medium,1,0.9755095839500427,0.4,1
f3a6a2c6600e5903265e80583cdfc0fe8da6ef099eacb7dbabeeeff9bc84f7b8,autoannotated/images/f3a6a2c6600e5903265e80583cdfc0fe8da6ef099eacb7dbabeeeff9bc84f7b8.jpg,ComplexDataLab/OpenFake,medium,0,0.19386076927185059,0.4,0
f3a8b4afb1fc612de54f174cd641c9e06893093df0da3bc638b4f27715aee8b3,autoannotated/images/f3a8b4afb1fc612de54f174cd641c9e06893093df0da3bc638b4f27715aee8b3.jpg,RRDataset,medium,0,0.9205981492996216,0.4,1
f3b17de77e333317320fd05b06d4dbdefd6f6575e31613df9498bd88ef9cd342,autoannotated/images/f3b17de77e333317320fd05b06d4dbdefd6f6575e31613df9498bd88ef9cd342.jpg,ComplexDataLab/OpenFake,medium,0,0.47979480028152466,0.4,1
f3c58796400839ce3da6f0f7c8c19ef7c27fcec2cbe45e263f71594c18dcc029,autoannotated/images/f3c58796400839ce3da6f0f7c8c19ef7c27fcec2cbe45e263f71594c18dcc029.jpg,RRDataset,medium,0,0.5392993688583374,0.4,1
f3fae82eb58d5c1f609af0ab45d8df0957648fef26952a1cd2958dc3d345f059,human_annotated/images/f3fae82eb58d5c1f609af0ab45d8df0957648fef26952a1cd2958dc3d345f059.jpg,RRDataset,medium,0,0.9230237603187561,0.4,1
f4100eacc9540fa0b00f603c45040698f9e3b6401579cc3e0515d263e9758744,autoannotated/images/f4100eacc9540fa0b00f603c45040698f9e3b6401579cc3e0515d263e9758744.png,saberzl/SID_Set,medium,1,0.9497579336166382,0.4,1
f4115c296be02b1232cbbbd8f7496675ebe3f57d245f6e822b52306f9a279a39,autoannotated/images/f4115c296be02b1232cbbbd8f7496675ebe3f57d245f6e822b52306f9a279a39.png,ComplexDataLab/OpenFake,medium,1,0.8735887408256531,0.4,1
f41bca5c5fe8d055261c9c0d23bb989f1a3a57ba70bc73a24417b223dcd79090,human_annotated/images/f41bca5c5fe8d055261c9c0d23bb989f1a3a57ba70bc73a24417b223dcd79090.jpg,saberzl/SID_Set,medium,0,0.7819662690162659,0.4,1
f434dbd5d856a9195dd0597df88ef240286527e49f5c1095d16545356d344188,autoannotated/images/f434dbd5d856a9195dd0597df88ef240286527e49f5c1095d16545356d344188.png,RRDataset,medium,1,0.9537292718887329,0.4,1
f43905e70b7f00aa13062d503c7e88f420ba92d9a1ccd8831031d909c8fa14ed,autoannotated/images/f43905e70b7f00aa13062d503c7e88f420ba92d9a1ccd8831031d909c8fa14ed.jpg,ComplexDataLab/OpenFake,medium,0,0.7800933718681335,0.4,1
f451533aa0a42aeec70be47ec5ad33e25aa62a0f4eaef27ac6fe8fe1c7e76448,autoannotated/images/f451533aa0a42aeec70be47ec5ad33e25aa62a0f4eaef27ac6fe8fe1c7e76448.png,ComplexDataLab/OpenFake,medium,1,0.9487248659133911,0.4,1
f469b9dc8dc3170977200073899ce8ca34a6a6f827559c27cad6b6a6122517eb,autoannotated/images/f469b9dc8dc3170977200073899ce8ca34a6a6f827559c27cad6b6a6122517eb.jpg,RRDataset,medium,0,0.037545230239629745,0.4,0
f46db00fe1fe2d8073505cfb52a7914d1d9ae1ff69e4ce57d47831f6f378dd62,autoannotated/images/f46db00fe1fe2d8073505cfb52a7914d1d9ae1ff69e4ce57d47831f6f378dd62.png,RRDataset,medium,1,0.9975784420967102,0.4,1
f4a262a639925c241d5d6cf9998217cff37f4fd57b3bf53091f3d0ea90daa756,autoannotated/images/f4a262a639925c241d5d6cf9998217cff37f4fd57b3bf53091f3d0ea90daa756.png,RRDataset,medium,1,0.7891549468040466,0.4,1
f4cab35f85da82dcdd5924abcdef5b8f36b559dd69b763da4e78243c25783bc8,human_annotated/images/f4cab35f85da82dcdd5924abcdef5b8f36b559dd69b763da4e78243c25783bc8.jpg,RRDataset,medium,0,0.8706498146057129,0.4,1
f4d72e9350d6e895afa449b70653ab7d5a2a43ad9f8034096ca3ae2500cc05b2,human_annotated/images/f4d72e9350d6e895afa449b70653ab7d5a2a43ad9f8034096ca3ae2500cc05b2.png,saberzl/SID_Set,medium,1,0.985475480556488,0.4,1
f4dae4a212a3cb4aec21fb30755947044fa8ae3424b85f45111eeb31bbc81d66,autoannotated/images/f4dae4a212a3cb4aec21fb30755947044fa8ae3424b85f45111eeb31bbc81d66.jpg,RRDataset,medium,0,0.008374301716685295,0.4,0
f4f466f50137b8cc3845a22ee00272e2661ca3eeac13b98f2be531551fdcf46a,autoannotated/images/f4f466f50137b8cc3845a22ee00272e2661ca3eeac13b98f2be531551fdcf46a.jpg,ComplexDataLab/OpenFake,medium,0,0.6055899262428284,0.4,1
f505c3d78a55812f0e63a05e436feff3294dd373bd34db5e0a9f8ec90f85ca70,autoannotated/images/f505c3d78a55812f0e63a05e436feff3294dd373bd34db5e0a9f8ec90f85ca70.jpg,ComplexDataLab/OpenFake,medium,0,0.3785848915576935,0.4,0
f546df4fdf2f5a5319d6daf771f11ea1f5fe4141fa95bd815a7cc5c2defe4d7f,autoannotated/images/f546df4fdf2f5a5319d6daf771f11ea1f5fe4141fa95bd815a7cc5c2defe4d7f.jpg,saberzl/SID_Set,medium,0,0.1490677297115326,0.4,0
f54780444020c448f52d0f0a64b49196c6fbc6ae1c692586db92ce9bbedee45d,autoannotated/images/f54780444020c448f52d0f0a64b49196c6fbc6ae1c692586db92ce9bbedee45d.png,ComplexDataLab/OpenFake,medium,1,0.8763118982315063,0.4,1
f550721648558834907d012f2d763b0a7047e09b6422b5a98ee168f7b548ffbb,autoannotated/images/f550721648558834907d012f2d763b0a7047e09b6422b5a98ee168f7b548ffbb.png,RRDataset,medium,1,0.9991902709007263,0.4,1
f57cf95c05f4f391b3ce41a2861b55463fd0704c27797dbf69cd9e80f299f870,autoannotated/images/f57cf95c05f4f391b3ce41a2861b55463fd0704c27797dbf69cd9e80f299f870.png,RRDataset,medium,1,0.9968799352645874,0.4,1
f58f3dafb76293cfe49b7fb91c3281b874cb8435c6afea694eace669d5782841,autoannotated/images/f58f3dafb76293cfe49b7fb91c3281b874cb8435c6afea694eace669d5782841.png,ComplexDataLab/OpenFake,medium,1,0.2636204957962036,0.4,0
f5a00e10260abe45efa2fa5f74f11b78d2dea8888d7ea3c170a5ec261fb20d0d,autoannotated/images/f5a00e10260abe45efa2fa5f74f11b78d2dea8888d7ea3c170a5ec261fb20d0d.jpg,RRDataset,medium,0,0.007769052404910326,0.4,0
f5f9bb0fdfc2a1e3091bea2af07e98fc2b631afd477e9cce3a06f0ea1408f50f,human_annotated/images/f5f9bb0fdfc2a1e3091bea2af07e98fc2b631afd477e9cce3a06f0ea1408f50f.png,RRDataset,medium,1,0.9802932143211365,0.4,1
f5fd91d1bf4ce36b512b0627f2a8ed9b30477ca0e3c86a2e10bb779e82e8565f,autoannotated/images/f5fd91d1bf4ce36b512b0627f2a8ed9b30477ca0e3c86a2e10bb779e82e8565f.png,saberzl/SID_Set,medium,1,0.9819324016571045,0.4,1
f60c927c2c7509438192907b66f9e1bc7c2b289328206efd60b380f852edd340,autoannotated/images/f60c927c2c7509438192907b66f9e1bc7c2b289328206efd60b380f852edd340.jpg,ComplexDataLab/OpenFake,medium,0,0.03368416056036949,0.4,0
f618f3ff6eb434c682a424fc117542b2f2a906f68b7416a5905f71c24f924aeb,autoannotated/images/f618f3ff6eb434c682a424fc117542b2f2a906f68b7416a5905f71c24f924aeb.png,RRDataset,medium,1,0.9780824184417725,0.4,1
f62a81375856d7937de5f10f77fb2e2ff2f79ad5425bb09b7cc190846fc67fa3,human_annotated/images/f62a81375856d7937de5f10f77fb2e2ff2f79ad5425bb09b7cc190846fc67fa3.png,saberzl/SID_Set,medium,1,0.9905349612236023,0.4,1
f63f0bbaa9f9e95015c62451b9fb82d55f188832667e98f404e731d7714f7df6,autoannotated/images/f63f0bbaa9f9e95015c62451b9fb82d55f188832667e98f404e731d7714f7df6.png,ComplexDataLab/OpenFake,medium,1,0.5980113744735718,0.4,1
f66761a9d6bc61bfd09638aa6f4d56016bb33b0c72f9b4410d3961b97f9ce56e,autoannotated/images/f66761a9d6bc61bfd09638aa6f4d56016bb33b0c72f9b4410d3961b97f9ce56e.png,saberzl/SID_Set,medium,1,0.9279831647872925,0.4,1
f68f7534f9d407c72e0b4d982372945f96153166d2bb91068ec2f63ee9e44ecf,autoannotated/images/f68f7534f9d407c72e0b4d982372945f96153166d2bb91068ec2f63ee9e44ecf.png,ComplexDataLab/OpenFake,medium,1,0.9785804748535156,0.4,1
f6abf89224950ec01dd73f3fb40eddf03e31f4c9322d15888e42a6851600740b,autoannotated/images/f6abf89224950ec01dd73f3fb40eddf03e31f4c9322d15888e42a6851600740b.png,RRDataset,medium,1,0.9903692603111267,0.4,1
f6daab63aa541b9db343cec63a3967b90b3d071192ec252de06d139a1e7cf475,autoannotated/images/f6daab63aa541b9db343cec63a3967b90b3d071192ec252de06d139a1e7cf475.png,RRDataset,medium,1,0.9174998998641968,0.4,1
f6e855e6a3066bfe953ccb86a9dd82cbee62f9d9a0d502f65d20173cf78b9e74,human_annotated/images/f6e855e6a3066bfe953ccb86a9dd82cbee62f9d9a0d502f65d20173cf78b9e74.jpg,ComplexDataLab/OpenFake,medium,0,0.3531494736671448,0.4,0
f726d67d4d0490926f241bdc0287132049869d14ffe0284abc1a61ddfcdef827,autoannotated/images/f726d67d4d0490926f241bdc0287132049869d14ffe0284abc1a61ddfcdef827.png,ComplexDataLab/OpenFake,medium,1,0.8942824602127075,0.4,1
f74ede34c1240542f8ff38133c6777e41cfd5405866faefab8b10d2fcb812f8e,autoannotated/images/f74ede34c1240542f8ff38133c6777e41cfd5405866faefab8b10d2fcb812f8e.png,RRDataset,medium,1,0.8155776858329773,0.4,1
f7604e81764616ea566623b37a35ddfd41803e477873ef65788e3198f3f54c11,autoannotated/images/f7604e81764616ea566623b37a35ddfd41803e477873ef65788e3198f3f54c11.png,saberzl/SID_Set,medium,1,0.9844999313354492,0.4,1
f78eca03913e5b56de63506d25f14c418243191f3646264338a241f359ee9628,autoannotated/images/f78eca03913e5b56de63506d25f14c418243191f3646264338a241f359ee9628.jpg,ComplexDataLab/OpenFake,medium,0,0.0006682680686935782,0.4,0
f78f95d8e2830f46562442a549e235f72d056b9a9c305acc5bd820c2ef532722,autoannotated/images/f78f95d8e2830f46562442a549e235f72d056b9a9c305acc5bd820c2ef532722.jpg,ComplexDataLab/OpenFake,medium,0,0.0009198827319778502,0.4,0
f7bd047ca38f4a60feb27f8c29464b445780a0eb97033478b0c7538ea8645a43,human_annotated/images/f7bd047ca38f4a60feb27f8c29464b445780a0eb97033478b0c7538ea8645a43.jpg,saberzl/SID_Set,medium,0,0.29780861735343933,0.4,0
f7bffe0787c404e18b6e935851b7981c950efab3a81d4ef958aff6e970ba9379,autoannotated/images/f7bffe0787c404e18b6e935851b7981c950efab3a81d4ef958aff6e970ba9379.jpg,RRDataset,medium,0,0.6093003749847412,0.4,1
f7c3ad154e7338a6929d31f9c0e2daf31c9ae739e7f940e1d35f65317cb9fbb5,autoannotated/images/f7c3ad154e7338a6929d31f9c0e2daf31c9ae739e7f940e1d35f65317cb9fbb5.jpg,RRDataset,medium,0,0.9119754433631897,0.4,1
f7e74782db0a9c22c7ad7b9c414975afb3c70616c9e143f264fe5c59e79d4203,autoannotated/images/f7e74782db0a9c22c7ad7b9c414975afb3c70616c9e143f264fe5c59e79d4203.jpg,saberzl/SID_Set,medium,0,0.19597242772579193,0.4,0
f7e7b3df3317b399f06c1ea78e2e522f96fd62c7cf3009968797ea870a2caaa8,autoannotated/images/f7e7b3df3317b399f06c1ea78e2e522f96fd62c7cf3009968797ea870a2caaa8.jpg,RRDataset,medium,0,0.46578729152679443,0.4,1
f7f8f48e61417c47dfd110c7e6a68e07b827092303a01f03e36919ecccae12c8,human_annotated/images/f7f8f48e61417c47dfd110c7e6a68e07b827092303a01f03e36919ecccae12c8.png,RRDataset,medium,1,0.9540582895278931,0.4,1
f7ff53c16924bd810fc0766bc98ee3a0da3d4938e8ff4c451a44f21042dfc0d1,autoannotated/images/f7ff53c16924bd810fc0766bc98ee3a0da3d4938e8ff4c451a44f21042dfc0d1.jpg,ComplexDataLab/OpenFake,medium,1,0.8903376460075378,0.4,1
f80173058d0ca09a330e643d476812f85223ac7f133c8bdbeb211639cfddbc5a,human_annotated/images/f80173058d0ca09a330e643d476812f85223ac7f133c8bdbeb211639cfddbc5a.jpg,RRDataset,medium,0,0.18997487425804138,0.4,0
f825cc995c65869e39155db621bf2f57de31a260cb631ba932105a3a7ff74e68,autoannotated/images/f825cc995c65869e39155db621bf2f57de31a260cb631ba932105a3a7ff74e68.png,saberzl/SID_Set,medium,1,0.9954063892364502,0.4,1
f82f4b8c94cec87a824fea0d882e069c2c0e1f1e71a2aa7ab5aab2e256c96ba9,autoannotated/images/f82f4b8c94cec87a824fea0d882e069c2c0e1f1e71a2aa7ab5aab2e256c96ba9.jpg,saberzl/SID_Set,medium,0,0.7621091604232788,0.4,1
f82fe438aa258b467e5def1bf2209892437c1ed4ffd84da86d33c0206c21e66e,autoannotated/images/f82fe438aa258b467e5def1bf2209892437c1ed4ffd84da86d33c0206c21e66e.png,RRDataset,medium,1,0.9818066358566284,0.4,1
f8305b0bce408753d83bb838709025397c98aa7a432fbe57cdedb66038c1c08c,autoannotated/images/f8305b0bce408753d83bb838709025397c98aa7a432fbe57cdedb66038c1c08c.png,saberzl/SID_Set,medium,1,0.9794517159461975,0.4,1
f84e46e8f44b2f7998f8ee1c0f42fa07f531f643f42463b52c406c13502af447,autoannotated/images/f84e46e8f44b2f7998f8ee1c0f42fa07f531f643f42463b52c406c13502af447.png,ComplexDataLab/OpenFake,medium,1,0.9985468983650208,0.4,1
f86031aaf66f4bc36f6b8840a2d1d7ed5a4ae35520a516df05ee534889ddedb3,autoannotated/images/f86031aaf66f4bc36f6b8840a2d1d7ed5a4ae35520a516df05ee534889ddedb3.png,ComplexDataLab/OpenFake,medium,1,0.9989354014396667,0.4,1
f873a67647a3c40e054201c4f4daf6f87717be548c8b10bab4c499e80bc3b393,autoannotated/images/f873a67647a3c40e054201c4f4daf6f87717be548c8b10bab4c499e80bc3b393.png,saberzl/SID_Set,medium,1,0.965288519859314,0.4,1
f8b19eb4860edca3308ce0ef16d27bbd819dc5c419cf9b748fa762334ef488a5,autoannotated/images/f8b19eb4860edca3308ce0ef16d27bbd819dc5c419cf9b748fa762334ef488a5.png,RRDataset,medium,1,0.9983775615692139,0.4,1
f8ce151f6b1c9576f1cf6f7201b6b0052b6191cf9ad5a141009bf1bd2a5fac29,autoannotated/images/f8ce151f6b1c9576f1cf6f7201b6b0052b6191cf9ad5a141009bf1bd2a5fac29.png,saberzl/SID_Set,medium,1,0.9725136160850525,0.4,1
f8ddf07d0685ca85edff178773841a4482a05cf678e4e0b45a30d6789e770398,autoannotated/images/f8ddf07d0685ca85edff178773841a4482a05cf678e4e0b45a30d6789e770398.jpg,ComplexDataLab/OpenFake,medium,0,0.024158500134944916,0.4,0
f8e1d7a5f5e660156be0aeac542c9aa4c27cb2ea8509d93ef10de38d6d84875f,autoannotated/images/f8e1d7a5f5e660156be0aeac542c9aa4c27cb2ea8509d93ef10de38d6d84875f.png,saberzl/SID_Set,medium,1,0.9073100090026855,0.4,1
f8f7fe33cdb07e2859b1d28b5bec8a5e865ae54f193e9e75329a875166516bd9,human_annotated/images/f8f7fe33cdb07e2859b1d28b5bec8a5e865ae54f193e9e75329a875166516bd9.jpg,saberzl/SID_Set,medium,0,0.8673134446144104,0.4,1
f901be9089ca831d2e65e5178cf8d28e3463504bcb505944d602869681bf4884,autoannotated/images/f901be9089ca831d2e65e5178cf8d28e3463504bcb505944d602869681bf4884.jpg,ComplexDataLab/OpenFake,medium,0,0.010113556869328022,0.4,0
f97c5c445262624d9fd47b4d9f8db4a03a5abfcbc9f216abaa0561f9abbc2e29,autoannotated/images/f97c5c445262624d9fd47b4d9f8db4a03a5abfcbc9f216abaa0561f9abbc2e29.jpg,RRDataset,medium,0,0.8818433284759521,0.4,1
f9a86a3dfc787ba1425161e00fa6687f18da123fbceb78716744ddbd3789676d,autoannotated/images/f9a86a3dfc787ba1425161e00fa6687f18da123fbceb78716744ddbd3789676d.jpg,RRDataset,medium,0,0.985450267791748,0.4,1
f9c3596a3388d0a929ee5a43dd74c44c7eac50a58646c14cef596c8ac3b1a630,human_annotated/images/f9c3596a3388d0a929ee5a43dd74c44c7eac50a58646c14cef596c8ac3b1a630.jpg,saberzl/SID_Set,medium,0,0.004284434951841831,0.4,0
f9f908d6f76c9fedc5136b53fc858cfca5933361357c6b5047ad87730186924c,autoannotated/images/f9f908d6f76c9fedc5136b53fc858cfca5933361357c6b5047ad87730186924c.png,ComplexDataLab/OpenFake,medium,1,0.9310078620910645,0.4,1
fa2ed703b49f210195fdd1f3a462f1b95826253121aded4f08fd439b0e8623e7,human_annotated/images/fa2ed703b49f210195fdd1f3a462f1b95826253121aded4f08fd439b0e8623e7.jpg,saberzl/SID_Set,medium,0,0.00031002386822365224,0.4,0
fa57f7d1d3c082f6393e450228e1fd93c04a745fa9210a1fd843b76ec126a838,autoannotated/images/fa57f7d1d3c082f6393e450228e1fd93c04a745fa9210a1fd843b76ec126a838.png,saberzl/SID_Set,medium,1,0.979526162147522,0.4,1
fa68a12c722324e74eb4fd59ae3e032b6bedeca560eb44960ce3da0d1135d774,human_annotated/images/fa68a12c722324e74eb4fd59ae3e032b6bedeca560eb44960ce3da0d1135d774.png,RRDataset,medium,1,0.9985760450363159,0.4,1
fa69240fdc5e48d053602de47738478b2bc115af3354e3b077bb3e414e456e20,autoannotated/images/fa69240fdc5e48d053602de47738478b2bc115af3354e3b077bb3e414e456e20.jpg,ComplexDataLab/OpenFake,medium,0,0.594880998134613,0.4,1
fa7337e6573a7413b505573dd3bd67077b62a92f0b4ea4d96198e3e80d0a2aeb,autoannotated/images/fa7337e6573a7413b505573dd3bd67077b62a92f0b4ea4d96198e3e80d0a2aeb.jpg,RRDataset,medium,0,0.8776610493659973,0.4,1
fa8b0cbd0eb3f08901f9d3820bbf0ad85b72d84537427cbf69c4125e94c5e6bf,autoannotated/images/fa8b0cbd0eb3f08901f9d3820bbf0ad85b72d84537427cbf69c4125e94c5e6bf.jpg,ComplexDataLab/OpenFake,medium,0,0.015449658036231995,0.4,0
fa9d5f8e1337b139e35f4648071dad4d5a94a2a35d77a840b98e1ef9ca2e38f1,autoannotated/images/fa9d5f8e1337b139e35f4648071dad4d5a94a2a35d77a840b98e1ef9ca2e38f1.png,ComplexDataLab/OpenFake,medium,1,0.9874635934829712,0.4,1
fa9ddc05f69dd158c8c7c35b99201cd7c169d0093301893757d0b1c6dc4de8f1,autoannotated/images/fa9ddc05f69dd158c8c7c35b99201cd7c169d0093301893757d0b1c6dc4de8f1.png,RRDataset,medium,1,0.9946916699409485,0.4,1
facd0c9eeba3d26736c51a87ccf53ceb512737a3c5973e35ab15e263ebb835b5,autoannotated/images/facd0c9eeba3d26736c51a87ccf53ceb512737a3c5973e35ab15e263ebb835b5.png,RRDataset,medium,1,0.8360471725463867,0.4,1
facf7e6273d6048f5a9f02722d8080f796bd2e361e3a3c5a0795eedbb2f071b8,autoannotated/images/facf7e6273d6048f5a9f02722d8080f796bd2e361e3a3c5a0795eedbb2f071b8.png,ComplexDataLab/OpenFake,medium,1,0.9972456693649292,0.4,1
fad7b4d2c6511916357cb79988e0fe4a53668e489cb7077997696f64ff437137,autoannotated/images/fad7b4d2c6511916357cb79988e0fe4a53668e489cb7077997696f64ff437137.png,RRDataset,medium,1,0.9949051141738892,0.4,1
fb4488bc21fcc5025f60fc1fd6b6197877e040576aa47baeb32428214516da70,autoannotated/images/fb4488bc21fcc5025f60fc1fd6b6197877e040576aa47baeb32428214516da70.jpg,saberzl/SID_Set,medium,0,0.10818061977624893,0.4,0
fb532c315060ee70a408d7fd081f60e7669126d8ca6de86d8eef959dd21c521f,autoannotated/images/fb532c315060ee70a408d7fd081f60e7669126d8ca6de86d8eef959dd21c521f.jpg,ComplexDataLab/OpenFake,medium,0,0.0023364624939858913,0.4,0
fb5cf8e28931a558d0c19efcc8cc383a483ed74e00ddce5ad33f835f66ba49ce,autoannotated/images/fb5cf8e28931a558d0c19efcc8cc383a483ed74e00ddce5ad33f835f66ba49ce.png,saberzl/SID_Set,medium,1,0.9320380687713623,0.4,1
fb6996dc20083fced80fa456a850709c36c0142dec81b4cdfdc09e7a8d4aba4c,autoannotated/images/fb6996dc20083fced80fa456a850709c36c0142dec81b4cdfdc09e7a8d4aba4c.jpg,saberzl/SID_Set,medium,0,0.12764954566955566,0.4,0
fb8e0b788b1b682bb1982509e6cb0426b2c5ebbfdc0ef17cba01ad211e574a54,human_annotated/images/fb8e0b788b1b682bb1982509e6cb0426b2c5ebbfdc0ef17cba01ad211e574a54.jpg,ComplexDataLab/OpenFake,medium,0,0.00017144138109870255,0.4,0
fbc4634ff5292aa49332d96c685e01cfe5d08aa58e25265d4f09f4186e3c96b8,human_annotated/images/fbc4634ff5292aa49332d96c685e01cfe5d08aa58e25265d4f09f4186e3c96b8.png,RRDataset,medium,1,0.9340551495552063,0.4,1
fbd7f3920e6dbc3021c4f74817602518043a59c7149e5d1edc0fb58a503c563d,autoannotated/images/fbd7f3920e6dbc3021c4f74817602518043a59c7149e5d1edc0fb58a503c563d.jpg,RRDataset,medium,0,0.9543191194534302,0.4,1
fbdbc56f925ca684e2645a753e8c39cd4687197dd14bd73faabb035b21733583,autoannotated/images/fbdbc56f925ca684e2645a753e8c39cd4687197dd14bd73faabb035b21733583.jpg,saberzl/SID_Set,medium,0,0.007806646171957254,0.4,0
fc1438c4ced503b8001013a05f1dca98b0306ef19b770eb48e70005de23c9ae1,human_annotated/images/fc1438c4ced503b8001013a05f1dca98b0306ef19b770eb48e70005de23c9ae1.jpg,RRDataset,medium,0,0.20717740058898926,0.4,0
fc28071a71f3ee56fa1f243abdc0a1031b165e478f536c63628974a22b05bc7a,autoannotated/images/fc28071a71f3ee56fa1f243abdc0a1031b165e478f536c63628974a22b05bc7a.png,saberzl/SID_Set,medium,1,0.9139848947525024,0.4,1
fc3a4ea2433311d267d3ccf567459b3fb727fb7555e46db407b40107937b5313,autoannotated/images/fc3a4ea2433311d267d3ccf567459b3fb727fb7555e46db407b40107937b5313.png,saberzl/SID_Set,medium,1,0.9801550507545471,0.4,1
fc3ea3943af013d79eb072d5a28e273c4f3fe70c1300dfe99bfced77eff6e5c7,human_annotated/images/fc3ea3943af013d79eb072d5a28e273c4f3fe70c1300dfe99bfced77eff6e5c7.png,RRDataset,medium,1,0.9997419714927673,0.4,1
fc477d82a0292c093d71f878ddfb8bd76251956749624d6cc2ee5989f66a145d,human_annotated/images/fc477d82a0292c093d71f878ddfb8bd76251956749624d6cc2ee5989f66a145d.jpg,RRDataset,medium,0,0.8756678104400635,0.4,1
fc6721693659d89e14d0c7ebe2c811bf271397a94e85a6fee7d9911be57e8475,autoannotated/images/fc6721693659d89e14d0c7ebe2c811bf271397a94e85a6fee7d9911be57e8475.png,RRDataset,medium,1,0.9918602108955383,0.4,1
fc70681695700f43d9f9b20a833576643cdb587628ee8bd242387e8d889e2ed0,autoannotated/images/fc70681695700f43d9f9b20a833576643cdb587628ee8bd242387e8d889e2ed0.jpg,saberzl/SID_Set,medium,0,0.7783723473548889,0.4,1
fc82a9c5e0f077b2d03b1894948440ce66fba834ae611a4a442982880c7efc16,autoannotated/images/fc82a9c5e0f077b2d03b1894948440ce66fba834ae611a4a442982880c7efc16.png,saberzl/SID_Set,medium,1,0.9942044615745544,0.4,1
fc8cc7a1188c1d6676e2f96b9f8fb5c510558b616de711aaf18dff9314c2ced3,autoannotated/images/fc8cc7a1188c1d6676e2f96b9f8fb5c510558b616de711aaf18dff9314c2ced3.jpg,ComplexDataLab/OpenFake,medium,0,0.03883768990635872,0.4,0
fcaac3b1e9d4bdcf359fafced9e92ddead0a5f6bf5baa11e05234ab840fa95b6,human_annotated/images/fcaac3b1e9d4bdcf359fafced9e92ddead0a5f6bf5baa11e05234ab840fa95b6.png,ComplexDataLab/OpenFake,medium,1,0.7123540043830872,0.4,1
fcb8509c41b1aace8e26155e530d67c34d1dd57d4e11c96a15278e9e65fadfad,human_annotated/images/fcb8509c41b1aace8e26155e530d67c34d1dd57d4e11c96a15278e9e65fadfad.png,saberzl/SID_Set,medium,1,0.9604394435882568,0.4,1
fcbe912386f3e0fe1ab093ce42f728216d3fc6ea419f0168536ebecab16953fe,autoannotated/images/fcbe912386f3e0fe1ab093ce42f728216d3fc6ea419f0168536ebecab16953fe.jpg,RRDataset,medium,0,0.9623007774353027,0.4,1
fcdc5d26899e531863d674bb390c8596e77d17d396b2de195db7e29e022eaf3e,autoannotated/images/fcdc5d26899e531863d674bb390c8596e77d17d396b2de195db7e29e022eaf3e.jpg,ComplexDataLab/OpenFake,medium,0,0.00041034084279090166,0.4,0
fceec5d2cf8dd7079b764c92a905382e4d9b7d6fb5a4ec2cd0ff0769f01b589a,autoannotated/images/fceec5d2cf8dd7079b764c92a905382e4d9b7d6fb5a4ec2cd0ff0769f01b589a.jpg,RRDataset,medium,0,0.7030633091926575,0.4,1
fcfacf26e9d5b5d3bf564dad7752803a473c97ce2efb34c68f5659c928acf8e8,autoannotated/images/fcfacf26e9d5b5d3bf564dad7752803a473c97ce2efb34c68f5659c928acf8e8.jpg,saberzl/SID_Set,medium,0,0.5329952836036682,0.4,1
fd33a4285630c0b0ed774b1f2a028b830843618e58bc29c393e942935bc8111f,autoannotated/images/fd33a4285630c0b0ed774b1f2a028b830843618e58bc29c393e942935bc8111f.png,ComplexDataLab/OpenFake,medium,1,0.9993839263916016,0.4,1
fd39b0121e98467edce8d2d58a52bdb5e465ce20a63e5f5a6e3177732ec1e523,autoannotated/images/fd39b0121e98467edce8d2d58a52bdb5e465ce20a63e5f5a6e3177732ec1e523.jpg,RRDataset,medium,0,0.8142569661140442,0.4,1
fd40d8992cb6b778f97e408c4595173156d3ddd66d4b3dd1e8a837430a96195b,autoannotated/images/fd40d8992cb6b778f97e408c4595173156d3ddd66d4b3dd1e8a837430a96195b.jpg,RRDataset,medium,0,0.8966057896614075,0.4,1
fd58fb1d663d772c9b8e8438eb61f92d30a31fee1c3a7a35411039bc6deeeca1,autoannotated/images/fd58fb1d663d772c9b8e8438eb61f92d30a31fee1c3a7a35411039bc6deeeca1.png,ComplexDataLab/OpenFake,medium,0,0.23621517419815063,0.4,0
fd5e6e2d91ed978c26ae1dea46eb894081e808942b995d6d31b27bc2c214b052,human_annotated/images/fd5e6e2d91ed978c26ae1dea46eb894081e808942b995d6d31b27bc2c214b052.png,RRDataset,medium,1,0.8441791534423828,0.4,1
fd6766e729c885cce76e7894dc44d7a4c8f08e64a04e351e0fc7e62a308b9926,autoannotated/images/fd6766e729c885cce76e7894dc44d7a4c8f08e64a04e351e0fc7e62a308b9926.png,saberzl/SID_Set,medium,1,0.9901071786880493,0.4,1
fd6982b180e856a7f74f482296c108889ae71a5e7d786ebed7e5bd1c7684e9dd,autoannotated/images/fd6982b180e856a7f74f482296c108889ae71a5e7d786ebed7e5bd1c7684e9dd.jpg,ComplexDataLab/OpenFake,medium,0,0.8553639054298401,0.4,1
fd919ea4d3045734fd587bfaf80595115e83edccaccb04c010b6e6f753e82342,autoannotated/images/fd919ea4d3045734fd587bfaf80595115e83edccaccb04c010b6e6f753e82342.jpg,RRDataset,medium,0,0.8104181289672852,0.4,1
fd968ed13352e403f4b06e8f284391db51b0cf0ce5c46cbecf0272712c27abc1,autoannotated/images/fd968ed13352e403f4b06e8f284391db51b0cf0ce5c46cbecf0272712c27abc1.jpg,RRDataset,medium,0,0.8956679105758667,0.4,1
fdb22708cc3ab5c34edf1a33223c2978ddd494a76b33101ea6cb01ce701078ab,autoannotated/images/fdb22708cc3ab5c34edf1a33223c2978ddd494a76b33101ea6cb01ce701078ab.jpg,saberzl/SID_Set,medium,0,0.45903822779655457,0.4,1
fdbe648f3b80348067e8ac765811c57eb0036d79665420bad38ad3a406302e55,autoannotated/images/fdbe648f3b80348067e8ac765811c57eb0036d79665420bad38ad3a406302e55.jpg,ComplexDataLab/OpenFake,medium,0,0.033192574977874756,0.4,0
fdde77bf7f1e6e02389cdcdfb85272006137a41858c916cabf9335d091a48a66,autoannotated/images/fdde77bf7f1e6e02389cdcdfb85272006137a41858c916cabf9335d091a48a66.jpg,RRDataset,medium,0,0.3375270664691925,0.4,0
fded0a0f7f44852b3d2da5e8c934ed357a5311ec6e10ebebe570cf1a71733399,human_annotated/images/fded0a0f7f44852b3d2da5e8c934ed357a5311ec6e10ebebe570cf1a71733399.jpg,ComplexDataLab/OpenFake,medium,1,0.9569054245948792,0.4,1
fdf4d1de0ed00496974366e555ff8afd3e9fbc028b02edf860d7a6bf2089cb8b,autoannotated/images/fdf4d1de0ed00496974366e555ff8afd3e9fbc028b02edf860d7a6bf2089cb8b.png,saberzl/SID_Set,medium,1,0.992492139339447,0.4,1
fe0669cb7aeaece3921cf48cecb00815660c0f5c0b802f58cdad03398bd9725f,autoannotated/images/fe0669cb7aeaece3921cf48cecb00815660c0f5c0b802f58cdad03398bd9725f.jpg,RRDataset,medium,0,0.7972685098648071,0.4,1
fe1efa0a4ed931ecf87d3ff295336d2b3681cabc81ca765e61aa42ea0ac2df06,autoannotated/images/fe1efa0a4ed931ecf87d3ff295336d2b3681cabc81ca765e61aa42ea0ac2df06.jpg,RRDataset,medium,0,0.9160942435264587,0.4,1
fe3cd5f373d2214f48aadca824c131a6c66669010b44a573d3c8c88410d5c99c,human_annotated/images/fe3cd5f373d2214f48aadca824c131a6c66669010b44a573d3c8c88410d5c99c.jpg,RRDataset,medium,0,0.6746909618377686,0.4,1
fe8bf93c943039d615f98c4b7199ee0079ee1ab6b5e42a4fbb86b67fa26c6784,autoannotated/images/fe8bf93c943039d615f98c4b7199ee0079ee1ab6b5e42a4fbb86b67fa26c6784.jpg,ComplexDataLab/OpenFake,medium,0,0.000507945369463414,0.4,0
fed4e37675fdc0032a0fa264cb318f4248951c26a0694f11503cec35a573e12b,autoannotated/images/fed4e37675fdc0032a0fa264cb318f4248951c26a0694f11503cec35a573e12b.png,ComplexDataLab/OpenFake,medium,1,0.8632684350013733,0.4,1
fed84956ad8d5bc426b30258c986c60ce248c0d45d5b325b1caeb3ee0f707bda,autoannotated/images/fed84956ad8d5bc426b30258c986c60ce248c0d45d5b325b1caeb3ee0f707bda.jpg,ComplexDataLab/OpenFake,medium,0,0.00415409728884697,0.4,0
fef17cc39bab838a9f664d7676a8d2b470628c77240deb1a663e50f6a109511a,autoannotated/images/fef17cc39bab838a9f664d7676a8d2b470628c77240deb1a663e50f6a109511a.png,RRDataset,medium,1,0.9951215386390686,0.4,1
ff053cf238473f4fa8cca8fab83cc8870da7ca94133d8f40c32a9964d05aba21,human_annotated/images/ff053cf238473f4fa8cca8fab83cc8870da7ca94133d8f40c32a9964d05aba21.png,RRDataset,medium,1,0.895529568195343,0.4,1
ff0c205c14e919dd16f5d13920a6719e98e0dbf459df6d4f00176bd1a1f1b73a,autoannotated/images/ff0c205c14e919dd16f5d13920a6719e98e0dbf459df6d4f00176bd1a1f1b73a.jpg,ComplexDataLab/OpenFake,medium,0,0.05019338056445122,0.4,0
ff0ed5e4cec251cfe13c70075dda210700bd37287b89d35bff5a62ad92a25571,autoannotated/images/ff0ed5e4cec251cfe13c70075dda210700bd37287b89d35bff5a62ad92a25571.png,saberzl/SID_Set,medium,1,0.956291913986206,0.4,1
ff13f5e1afd89c8cd64361ae52cfa78111e3759c1c725298a420bb569a06e219,autoannotated/images/ff13f5e1afd89c8cd64361ae52cfa78111e3759c1c725298a420bb569a06e219.jpg,saberzl/SID_Set,medium,0,0.05237019807100296,0.4,0
ff16eb54c52b5199522d32483cdb3cd53cb6e49499015c8b44607340a9789ceb,autoannotated/images/ff16eb54c52b5199522d32483cdb3cd53cb6e49499015c8b44607340a9789ceb.jpg,RRDataset,medium,0,0.7808997631072998,0.4,1
ff2258955382dc8ee2ca7dfc9bd7e9ed9302452a2912fdf1382f36bf77d75683,autoannotated/images/ff2258955382dc8ee2ca7dfc9bd7e9ed9302452a2912fdf1382f36bf77d75683.jpg,RRDataset,medium,0,0.7522590756416321,0.4,1
ff25bbb3dd6285984b174343f154c02447d9316b49dfdba3e51f7726b5d008a0,autoannotated/images/ff25bbb3dd6285984b174343f154c02447d9316b49dfdba3e51f7726b5d008a0.png,ComplexDataLab/OpenFake,medium,1,0.9962016940116882,0.4,1
ff31b93a087854ef123c312ea9f34f4cb3c681f680df5d0dc2698d9169625ebc,human_annotated/images/ff31b93a087854ef123c312ea9f34f4cb3c681f680df5d0dc2698d9169625ebc.png,ComplexDataLab/OpenFake,medium,1,0.1709003746509552,0.4,0
ff441f06a0b9f8b9ba080cb10b51d511c0428f523f25f0712532d82b29f5c636,autoannotated/images/ff441f06a0b9f8b9ba080cb10b51d511c0428f523f25f0712532d82b29f5c636.png,ComplexDataLab/OpenFake,medium,1,0.9250353574752808,0.4,1
ff51b0b3cb51b76d0f7200a6df0d087e713267423b0038c7fe4b27f2bcae783b,autoannotated/images/ff51b0b3cb51b76d0f7200a6df0d087e713267423b0038c7fe4b27f2bcae783b.png,RRDataset,medium,1,0.9623074531555176,0.4,1
ff622ab98286801c2a2123a9f3077c1066f145a9270999052e638a6f3cbf0022,autoannotated/images/ff622ab98286801c2a2123a9f3077c1066f145a9270999052e638a6f3cbf0022.jpg,ComplexDataLab/OpenFake,medium,0,0.00022477675520349294,0.4,0
ff7d9840cdf4fe6284e943c43615570aca0cc02743ba5191ea1f38da9916c235,autoannotated/images/ff7d9840cdf4fe6284e943c43615570aca0cc02743ba5191ea1f38da9916c235.jpg,ComplexDataLab/OpenFake,medium,0,0.927493155002594,0.4,1
ff9ae9028f021a9b3d5a6d14e51f0e3ced95d26f25611f4c3242c03ce84e262a,autoannotated/images/ff9ae9028f021a9b3d5a6d14e51f0e3ced95d26f25611f4c3242c03ce84e262a.jpg,saberzl/SID_Set,medium,0,0.033928267657756805,0.4,0
ffb769a2e2771209a1db1accd478d782f104e1912147163479028a5926809f23,autoannotated/images/ffb769a2e2771209a1db1accd478d782f104e1912147163479028a5926809f23.jpg,ComplexDataLab/OpenFake,medium,0,0.007251403294503689,0.4,0
ffca2be20415697186f2b48dd4678fc9b3e4b5030ae9a7aa5486349351fa6f54,autoannotated/images/ffca2be20415697186f2b48dd4678fc9b3e4b5030ae9a7aa5486349351fa6f54.jpg,RRDataset,medium,0,0.8886262774467468,0.4,1
ffe31c6d0ed2e940f44e302105eeee7e1c27b9fb88c2cf24cae175e23b11bedc,autoannotated/images/ffe31c6d0ed2e940f44e302105eeee7e1c27b9fb88c2cf24cae175e23b11bedc.jpg,ComplexDataLab/OpenFake,medium,0,0.175919309258461,0.4,0
