content_hash,image_path,source_dataset,sensitivity_level,label,probability_fake
00047e1946fdc5314c0f076ce0db75c7cbb8bfcc8496ee2cb89a3deffa2c3eac,images/00047e1946fdc5314c0f076ce0db75c7cbb8bfcc8496ee2cb89a3deffa2c3eac.jpg,saberzl/SID_Set,medium,0,0.0007636001100763679
001ad8105761a89f2cc74f833b1e90df1c60c65d7948cf206180b609259d050c,images/001ad8105761a89f2cc74f833b1e90df1c60c65d7948cf206180b609259d050c.png,RRDataset,medium,1,0.8887396454811096
006889a0c3aaec918b4588904790820ec39e1b97c6e08c6b6a803ecae1d8b6e6,images/006889a0c3aaec918b4588904790820ec39e1b97c6e08c6b6a803ecae1d8b6e6.png,ComplexDataLab/OpenFake,medium,1,0.9414595365524292
006ecef50f937cf692c61c13c25549171f5a6ac3a816f78501353d653cca06da,images/006ecef50f937cf692c61c13c25549171f5a6ac3a816f78501353d653cca06da.jpg,ComplexDataLab/OpenFake,medium,0,0.4672873914241791
008829b6c2c12cba65ef788d6276ccef739f2c79c3834da0013a42fb56e91fcf,images/008829b6c2c12cba65ef788d6276ccef739f2c79c3834da0013a42fb56e91fcf.png,ComplexDataLab/OpenFake,medium,1,0.9860337376594543
0099b30765280306e279de6db498ce56bfaf71b2784b5645442dc565dc49473a,images/0099b30765280306e279de6db498ce56bfaf71b2784b5645442dc565dc49473a.jpg,RRDataset,medium,0,0.9611600637435913
00cbc8d789e764ecea4da45bebbcfa52b372608d710ae1de382996d40f9a8dc7,images/00cbc8d789e764ecea4da45bebbcfa52b372608d710ae1de382996d40f9a8dc7.png,ComplexDataLab/OpenFake,medium,1,0.9984402060508728
00e6cc2b98100da4a8d2fb7868de812fd6b6cedf7277d43c1e60470535a23e9f,images/00e6cc2b98100da4a8d2fb7868de812fd6b6cedf7277d43c1e60470535a23e9f.jpg,RRDataset,medium,0,0.9464271664619446
00e8c18aaa33268122441ad7eb1a2980d9f94dd065c5be4fe79ed4fb6646ad00,images/00e8c18aaa33268122441ad7eb1a2980d9f94dd065c5be4fe79ed4fb6646ad00.jpg,ComplexDataLab/OpenFake,medium,0,0.07733520865440369
011a68a2b099883d03cdb2c19dc38a007c65bffe3aeba1fd0d026e4f8d85d933,images/011a68a2b099883d03cdb2c19dc38a007c65bffe3aeba1fd0d026e4f8d85d933.png,ComplexDataLab/OpenFake,medium,1,0.9914807081222534
0126a08492ae133193d23d77abf6c6fc5e8ec10e44c8cfebce7e6ac0e4e243d8,images/0126a08492ae133193d23d77abf6c6fc5e8ec10e44c8cfebce7e6ac0e4e243d8.jpg,saberzl/SID_Set,medium,0,0.19891540706157684
0127d0b8bcd59b2f90c60f188d68d0299c9d4832df77c4853c0229464648e369,images/0127d0b8bcd59b2f90c60f188d68d0299c9d4832df77c4853c0229464648e369.png,ComplexDataLab/OpenFake,medium,1,0.19355875253677368
014d02224457fd79efab38f7f55b35f63b2b64d679a455cec9e5c7ccf62cdda5,images/014d02224457fd79efab38f7f55b35f63b2b64d679a455cec9e5c7ccf62cdda5.png,ComplexDataLab/OpenFake,medium,1,0.9988842606544495
01901d6963a13165939e31ef73248313565145033418a9613082e0063cceea4d,images/01901d6963a13165939e31ef73248313565145033418a9613082e0063cceea4d.jpg,ComplexDataLab/OpenFake,medium,0,0.7741602063179016
0197454677d4f66eb0b0159da171d0c8da9e7d63511805503199d5eb0e30b461,images/0197454677d4f66eb0b0159da171d0c8da9e7d63511805503199d5eb0e30b461.png,saberzl/SID_Set,medium,1,0.9643429517745972
019fc1983980f42b9b079ffd92a806050fe3dffa10128486f7cd6a3c85082a8a,images/019fc1983980f42b9b079ffd92a806050fe3dffa10128486f7cd6a3c85082a8a.png,RRDataset,medium,1,0.9254338145256042
01b18ee7f96da180a85c3205e39912b4360d5c11982bbcdf053e167e309238ed,images/01b18ee7f96da180a85c3205e39912b4360d5c11982bbcdf053e167e309238ed.jpg,ComplexDataLab/OpenFake,medium,0,8.977448305813596e-05
01b2f2d2e32a785f8e6fc48dbc9862b785f6a6947a58677d3d504368cd9b6214,images/01b2f2d2e32a785f8e6fc48dbc9862b785f6a6947a58677d3d504368cd9b6214.jpg,ComplexDataLab/OpenFake,medium,0,0.05733522027730942
01ed0f495a735cebf575445b4080359d4371638b3e6ae1ae156492ed1b006f44,images/01ed0f495a735cebf575445b4080359d4371638b3e6ae1ae156492ed1b006f44.jpg,RRDataset,medium,0,0.06871207058429718
02246355c564a6bf91290473432288859ee14c77c2da95802df2fae992d9b261,images/02246355c564a6bf91290473432288859ee14c77c2da95802df2fae992d9b261.jpg,RRDataset,medium,0,0.4269222021102905
02704b70f3943efbc63a29c11e2fb5caf68808d596e36035aea48e139919a2cc,images/02704b70f3943efbc63a29c11e2fb5caf68808d596e36035aea48e139919a2cc.jpg,ComplexDataLab/OpenFake,medium,0,0.4608221650123596
028383a2bc29d233f5f1264b66ec16e43fd861654d9ee5978ea8e462b4b43f79,images/028383a2bc29d233f5f1264b66ec16e43fd861654d9ee5978ea8e462b4b43f79.png,ComplexDataLab/OpenFake,medium,1,0.9089142680168152
0299ebb3a3c083dc84694d45979865e9982a7772b08b115b12dafbb460078fd2,images/0299ebb3a3c083dc84694d45979865e9982a7772b08b115b12dafbb460078fd2.png,RRDataset,medium,1,0.9680286645889282
02aba247c6abe5b9a067c041a4e0a65cf166b375e2c4cbc44677b288ffbf8446,images/02aba247c6abe5b9a067c041a4e0a65cf166b375e2c4cbc44677b288ffbf8446.png,ComplexDataLab/OpenFake,medium,1,0.9925711750984192
03183ad87f31c3c99a1bec9f37c98e76d7f6dac9d4851eda5d0a4b4605425d75,images/03183ad87f31c3c99a1bec9f37c98e76d7f6dac9d4851eda5d0a4b4605425d75.jpg,ComplexDataLab/OpenFake,medium,0,0.025586366653442383
034210a00259d977911df2af667420db2d3c1bfffac5db8089823d9508b1ef36,images/034210a00259d977911df2af667420db2d3c1bfffac5db8089823d9508b1ef36.png,ComplexDataLab/OpenFake,medium,1,0.7867130637168884
035ecfeb940c4d35c80b3cc0ccb914d0ac42a26bcc7c582e59257a3f8b5c9a95,images/035ecfeb940c4d35c80b3cc0ccb914d0ac42a26bcc7c582e59257a3f8b5c9a95.png,ComplexDataLab/OpenFake,medium,1,0.5900999307632446
035f9833425f119a6bddb448298b8395c00724ced8cf09a3aad4de4e7454889b,images/035f9833425f119a6bddb448298b8395c00724ced8cf09a3aad4de4e7454889b.png,saberzl/SID_Set,medium,1,0.9803896546363831
0361ed7b660649ee51ab09b026ea1c998052a686aaded4df7c422cee79b04553,images/0361ed7b660649ee51ab09b026ea1c998052a686aaded4df7c422cee79b04553.png,saberzl/SID_Set,medium,1,0.9859297871589661
03688c9b1bb495e0696e35b7d00c15a7999b4af4f590f31724741fd56d18523c,images/03688c9b1bb495e0696e35b7d00c15a7999b4af4f590f31724741fd56d18523c.jpg,saberzl/SID_Set,medium,0,0.03217446058988571
0384a4e4cde6eb15445960c67345e442b99fcfd4f50dae4dd91a0bc65a358419,images/0384a4e4cde6eb15445960c67345e442b99fcfd4f50dae4dd91a0bc65a358419.jpg,RRDataset,medium,0,0.359791100025177
039d62e7d5a6902bc0ec8e8921cd76d941e08a52b3aff0862ed5267f85dc0078,images/039d62e7d5a6902bc0ec8e8921cd76d941e08a52b3aff0862ed5267f85dc0078.jpg,ComplexDataLab/OpenFake,medium,0,0.0037711006589233875
03bcfea1219f53baa2446be2be51b574ff75e3721ab8d0a3204ac1eb140a88f9,images/03bcfea1219f53baa2446be2be51b574ff75e3721ab8d0a3204ac1eb140a88f9.png,RRDataset,medium,1,0.9941233992576599
03d9f1b3182b07231aa95c0fee478d45c5f5ed0e3e87053129237c36ca14cd58,images/03d9f1b3182b07231aa95c0fee478d45c5f5ed0e3e87053129237c36ca14cd58.png,RRDataset,medium,1,0.9234283566474915
03f2e19c06f403e8089f8e58647535b20445590e46225ea4113e463d86a378cb,images/03f2e19c06f403e8089f8e58647535b20445590e46225ea4113e463d86a378cb.png,ComplexDataLab/OpenFake,medium,0,0.7498335242271423
04123341d61ed5d2f72ae9d09735f9656e36f2f7cea293c80e6301b0f63a6c73,images/04123341d61ed5d2f72ae9d09735f9656e36f2f7cea293c80e6301b0f63a6c73.jpg,ComplexDataLab/OpenFake,medium,0,0.36396390199661255
041604145251570586a59390ec61b720cf131a5686547d68b0f28ad6bed2f181,images/041604145251570586a59390ec61b720cf131a5686547d68b0f28ad6bed2f181.jpg,RRDataset,medium,0,0.3497341275215149
04362431d32533d243b45dd970bc15714782f46ae568a68d7f3b277f3f82295c,images/04362431d32533d243b45dd970bc15714782f46ae568a68d7f3b277f3f82295c.jpg,ComplexDataLab/OpenFake,medium,0,0.04890710487961769
04549a213aeabe11d22655e26efc478344b26eda1d1b56395c034f2177e8c90d,images/04549a213aeabe11d22655e26efc478344b26eda1d1b56395c034f2177e8c90d.jpg,ComplexDataLab/OpenFake,medium,0,0.8820500373840332
0547f3652efbefa56db7f9c8369f298a99d35178873d98b91d56f43f377c01f3,images/0547f3652efbefa56db7f9c8369f298a99d35178873d98b91d56f43f377c01f3.png,saberzl/SID_Set,medium,1,0.8977216482162476
0568406b7f243e4c578199527ae3c0cfd501be529960a0d81b25b491a758ea07,images/0568406b7f243e4c578199527ae3c0cfd501be529960a0d81b25b491a758ea07.jpg,RRDataset,medium,0,0.071692556142807
057bc1cf0313880845d41a94b4aaea46eab804d506dc0949243ca7b202f4beb4,images/057bc1cf0313880845d41a94b4aaea46eab804d506dc0949243ca7b202f4beb4.jpg,saberzl/SID_Set,medium,0,0.9438967704772949
05c22cb53a298bde3b21ec354fe68620810f437ec2d2a670b26109d085824f2c,images/05c22cb53a298bde3b21ec354fe68620810f437ec2d2a670b26109d085824f2c.jpg,ComplexDataLab/OpenFake,medium,1,0.8719168901443481
05cf1baa0f57118dc42efc4670dd70afc952ec4d75c977214fb93a369d4056d8,images/05cf1baa0f57118dc42efc4670dd70afc952ec4d75c977214fb93a369d4056d8.png,RRDataset,medium,1,0.9649109840393066
05f2adc828fc440129f78235e85f2af99aa3c003f2f9fc43e5d8ab47c97d8f8e,images/05f2adc828fc440129f78235e85f2af99aa3c003f2f9fc43e5d8ab47c97d8f8e.jpg,saberzl/SID_Set,medium,0,0.021319305524230003
06166c8f82123b51c26e8ff512f6479e255aabfcb6d4dc5ae13e239ed2ee1797,images/06166c8f82123b51c26e8ff512f6479e255aabfcb6d4dc5ae13e239ed2ee1797.png,ComplexDataLab/OpenFake,medium,1,0.9793696999549866
061a8efa3d02f3d7905ddafa05f6c5d2a793da27013c6940471335e286b5f7f8,images/061a8efa3d02f3d7905ddafa05f6c5d2a793da27013c6940471335e286b5f7f8.jpg,ComplexDataLab/OpenFake,medium,0,0.01057943981140852
06c4c335da658b9af994506ce9fd7a709257689add1885ebacf0598e2505fdbe,images/06c4c335da658b9af994506ce9fd7a709257689add1885ebacf0598e2505fdbe.jpg,saberzl/SID_Set,medium,0,0.007464973255991936
06eadc1118dbb9cddf991d8bfcbcd73cc8e7bd39947fcaf2247f20a7007b3089,images/06eadc1118dbb9cddf991d8bfcbcd73cc8e7bd39947fcaf2247f20a7007b3089.jpg,saberzl/SID_Set,medium,0,0.038554199039936066
071197fcfb6f8615b2e6ff492501ffb71dbd113825c51d24ab95144c5f59a779,images/071197fcfb6f8615b2e6ff492501ffb71dbd113825c51d24ab95144c5f59a779.png,saberzl/SID_Set,medium,1,0.9844862222671509
0748fc18a4e203a812acb3f10f27cb6ba055a6682879a0ef0272abe059a7f679,images/0748fc18a4e203a812acb3f10f27cb6ba055a6682879a0ef0272abe059a7f679.jpg,saberzl/SID_Set,medium,0,0.8911606073379517
075f59a5226c597a9d67cbd2482a6ab8f87b39fd4b50cf6b850dd9e12e078492,images/075f59a5226c597a9d67cbd2482a6ab8f87b39fd4b50cf6b850dd9e12e078492.png,ComplexDataLab/OpenFake,medium,1,0.9822680950164795
076b6e1b9585511997caab0ab3481b2b06b8bd2aeebbb3112707760bf4c159e1,images/076b6e1b9585511997caab0ab3481b2b06b8bd2aeebbb3112707760bf4c159e1.png,RRDataset,medium,1,0.9189029335975647
079197288a30e54f5f3e4c826e5d9d9b66dd27ce31bedc9021c2878182d3764a,images/079197288a30e54f5f3e4c826e5d9d9b66dd27ce31bedc9021c2878182d3764a.png,saberzl/SID_Set,medium,1,0.8536595702171326
07ac9cad597a17c8a8a0a0f986888e3b53fd692703562e85c276c69bafb6056c,images/07ac9cad597a17c8a8a0a0f986888e3b53fd692703562e85c276c69bafb6056c.jpg,RRDataset,medium,0,0.4811653792858124
07efa4c46f65faf58d2697e6664af72241dafa8dcae0149ce2060e36a853a8bc,images/07efa4c46f65faf58d2697e6664af72241dafa8dcae0149ce2060e36a853a8bc.png,saberzl/SID_Set,medium,1,0.9884636998176575
082c20baf5166a9e86e9a17dd582148bd232ace5186d4a226cd45092b5195df4,images/082c20baf5166a9e86e9a17dd582148bd232ace5186d4a226cd45092b5195df4.jpg,ComplexDataLab/OpenFake,medium,0,0.026866365224123
083fea3cfd189f8bb1973fe5866f6fd8c43becec181d20b8c045ea9468482bfd,images/083fea3cfd189f8bb1973fe5866f6fd8c43becec181d20b8c045ea9468482bfd.jpg,ComplexDataLab/OpenFake,medium,1,0.9186974167823792
0846ac50b39b5be3285e616c7c70e81ce2d5941b9821ed5816ee8200fe8548e0,images/0846ac50b39b5be3285e616c7c70e81ce2d5941b9821ed5816ee8200fe8548e0.jpg,RRDataset,medium,0,0.9785178899765015
084f83d82c3f81e3b139a52ac082ef0ea939a667f5eeca08a1121adfe9db0122,images/084f83d82c3f81e3b139a52ac082ef0ea939a667f5eeca08a1121adfe9db0122.jpg,saberzl/SID_Set,medium,0,0.07013751566410065
08766ef5b802dfa20790de8b86ad7b40866be06649644d14c7428b6598ab53b0,images/08766ef5b802dfa20790de8b86ad7b40866be06649644d14c7428b6598ab53b0.png,saberzl/SID_Set,medium,1,0.940547525882721
0893ece1927df58e4306632d0589c0fc02a4ac890c992ad0c0853db2692f3351,images/0893ece1927df58e4306632d0589c0fc02a4ac890c992ad0c0853db2692f3351.png,ComplexDataLab/OpenFake,medium,1,0.9910953044891357
08a13c2efd3f79c9de49bd372c652a1c463d00afc132f38141a4dd25c6a96330,images/08a13c2efd3f79c9de49bd372c652a1c463d00afc132f38141a4dd25c6a96330.jpg,ComplexDataLab/OpenFake,medium,0,0.4933040738105774
08d5d4ced4a5c0d73f46f7645e6e59ffe5749b60562abdf8f0fa5111c7494820,images/08d5d4ced4a5c0d73f46f7645e6e59ffe5749b60562abdf8f0fa5111c7494820.jpg,ComplexDataLab/OpenFake,medium,0,0.22709549963474274
08d7b830c58ce1635497fec67c9b61ce43d4ae80129ad6d9f1db6230a4212036,images/08d7b830c58ce1635497fec67c9b61ce43d4ae80129ad6d9f1db6230a4212036.jpg,saberzl/SID_Set,medium,0,0.31153953075408936
08d92bb66db7be10f0ccd12ce83a71c1daf2b6e52fec460fb696da4b797a7129,images/08d92bb66db7be10f0ccd12ce83a71c1daf2b6e52fec460fb696da4b797a7129.png,saberzl/SID_Set,medium,1,0.6610407829284668
08febd1fa1537337e19f40ca6c33b36303d2545b82a9ce984455dff5b7cabb64,images/08febd1fa1537337e19f40ca6c33b36303d2545b82a9ce984455dff5b7cabb64.png,ComplexDataLab/OpenFake,medium,1,0.7357648015022278
092887997d51f7815df6460cea8ab51c106aecb080de7aeaf8fe9ae3febb233a,images/092887997d51f7815df6460cea8ab51c106aecb080de7aeaf8fe9ae3febb233a.jpg,RRDataset,medium,0,0.9241631627082825
092b5fc5bb75fba66281476a87d4b820d7015a8b6a40d4c204bf53c58f0d8c3f,images/092b5fc5bb75fba66281476a87d4b820d7015a8b6a40d4c204bf53c58f0d8c3f.jpg,ComplexDataLab/OpenFake,medium,0,0.09776527434587479
092c39d03b1b2f66a170ae3986f836d0212d55d092f3b7314757b4fd39eabe93,images/092c39d03b1b2f66a170ae3986f836d0212d55d092f3b7314757b4fd39eabe93.jpg,ComplexDataLab/OpenFake,medium,0,0.7039432525634766
094dc682ff1a59e3ef3d2f1ed6ae13ccb66bd15e7c840f7f41132bff4511dd96,images/094dc682ff1a59e3ef3d2f1ed6ae13ccb66bd15e7c840f7f41132bff4511dd96.jpg,saberzl/SID_Set,medium,0,0.16539016366004944
09c0b683f563d2f4a8d8849a1673460ed3567c673fd4c162165e27a1eea6ee23,images/09c0b683f563d2f4a8d8849a1673460ed3567c673fd4c162165e27a1eea6ee23.jpg,ComplexDataLab/OpenFake,medium,0,0.32505685091018677
09d835575205087ba11f9da84e287ae26fc972bf7d6157fb456b3018eb33f352,images/09d835575205087ba11f9da84e287ae26fc972bf7d6157fb456b3018eb33f352.png,ComplexDataLab/OpenFake,medium,1,0.8923169374465942
09e3886b0ee63c011e6337b1860de517aab556f850dffe0414131a2b6af85530,images/09e3886b0ee63c011e6337b1860de517aab556f850dffe0414131a2b6af85530.jpg,saberzl/SID_Set,medium,0,0.472337007522583
09ff3ff85336f4c9115892d584f22e3796c0d76642c599f0e1b963401a61640b,images/09ff3ff85336f4c9115892d584f22e3796c0d76642c599f0e1b963401a61640b.png,saberzl/SID_Set,medium,1,0.9817329049110413
0a1924792c95a4b35cdef6b40e26f6c921d32b094a2b598d4417a0c144c9ec9a,images/0a1924792c95a4b35cdef6b40e26f6c921d32b094a2b598d4417a0c144c9ec9a.jpg,ComplexDataLab/OpenFake,medium,0,0.007006100378930569
0a45e187cfe351c118e6f7d66d89dd041c4a6ee299f0e2c506643a3364af6e29,images/0a45e187cfe351c118e6f7d66d89dd041c4a6ee299f0e2c506643a3364af6e29.jpg,ComplexDataLab/OpenFake,medium,0,0.018336476758122444
0a8d2c0982c673b69ee45e6f516e19fc970d480a7d5d23a140da784774ed5da5,images/0a8d2c0982c673b69ee45e6f516e19fc970d480a7d5d23a140da784774ed5da5.jpg,ComplexDataLab/OpenFake,medium,0,0.00114440789911896
0a921a02ab9e79abccf4ef3e39c2107a511106d0cc0f71137c4f102cee776a1d,images/0a921a02ab9e79abccf4ef3e39c2107a511106d0cc0f71137c4f102cee776a1d.png,ComplexDataLab/OpenFake,medium,1,0.9921503067016602
0a9f0ea61af3d8d498b9efcfd75471d262e4c792e254b6092d57fb4f61ed0d2a,images/0a9f0ea61af3d8d498b9efcfd75471d262e4c792e254b6092d57fb4f61ed0d2a.jpg,ComplexDataLab/OpenFake,medium,0,0.0003408690681681037
0ab51af85e3d83179b0caf8a5354710e281bac2418f0679e648924cd3e40e541,images/0ab51af85e3d83179b0caf8a5354710e281bac2418f0679e648924cd3e40e541.png,ComplexDataLab/OpenFake,medium,1,0.9533790946006775
0af482d1882ef23560905432e0601bf39ac2d3a7fbaaf341c899444a703b9ede,images/0af482d1882ef23560905432e0601bf39ac2d3a7fbaaf341c899444a703b9ede.jpg,RRDataset,medium,0,0.6729695200920105
0b11c6ad97dc14bcc8b6fafa215a586d4d883f4f5a2cdcab3c633b18bf601be0,images/0b11c6ad97dc14bcc8b6fafa215a586d4d883f4f5a2cdcab3c633b18bf601be0.jpg,saberzl/SID_Set,medium,0,0.5779047012329102
0b17025705bf49b28ccffcd659a7931c6ba53c02d1151a848de0ef72ebbf2d97,images/0b17025705bf49b28ccffcd659a7931c6ba53c02d1151a848de0ef72ebbf2d97.jpg,RRDataset,medium,0,0.08525380492210388
0b30022e1685b4b0a910d3afc248d572ab5b939a9544cd0ec879808a2be8ad3e,images/0b30022e1685b4b0a910d3afc248d572ab5b939a9544cd0ec879808a2be8ad3e.png,saberzl/SID_Set,medium,1,0.6685236692428589
0b5a67b5437e537fe8dcff1fbd94b148b9f858815c4e0c993f95d3b8dc7a8734,images/0b5a67b5437e537fe8dcff1fbd94b148b9f858815c4e0c993f95d3b8dc7a8734.jpg,ComplexDataLab/OpenFake,medium,0,0.9536359310150146
0b98c8696a045fdbd7d86234717cd7bf5c3f823e2556d6fd1f486819fcf311e2,images/0b98c8696a045fdbd7d86234717cd7bf5c3f823e2556d6fd1f486819fcf311e2.png,RRDataset,medium,1,0.9923862218856812
0ba2184058d074e9a40c6a61244a31d52928ab8a1bc7a48300e416465ace31d3,images/0ba2184058d074e9a40c6a61244a31d52928ab8a1bc7a48300e416465ace31d3.jpg,saberzl/SID_Set,medium,0,0.987293004989624
0ba4c6c79d3f13652ec83631b721007e44a3b50802543715e77bf6f5bdc36236,images/0ba4c6c79d3f13652ec83631b721007e44a3b50802543715e77bf6f5bdc36236.png,ComplexDataLab/OpenFake,medium,1,0.1966523677110672
0bdc8e5c1a8e4d85066ac01f33176b267cfe36880c32d62d978323fe980dbbec,images/0bdc8e5c1a8e4d85066ac01f33176b267cfe36880c32d62d978323fe980dbbec.jpg,saberzl/SID_Set,medium,0,0.2462315857410431
0c4c604f58c95b076b31e39a6bdcb83013b17653cce427dd2dc44cab6bc0405c,images/0c4c604f58c95b076b31e39a6bdcb83013b17653cce427dd2dc44cab6bc0405c.png,saberzl/SID_Set,medium,1,0.9728241562843323
0c6144c8afc39dd5cabf7eb8571b35bf3c2796aa279dd33cc760dcba73581637,images/0c6144c8afc39dd5cabf7eb8571b35bf3c2796aa279dd33cc760dcba73581637.png,RRDataset,medium,1,0.8895542621612549
0c74f2927e3a9e1481c576943b89a2214b892d03077ce13891fb0974c7a2c970,images/0c74f2927e3a9e1481c576943b89a2214b892d03077ce13891fb0974c7a2c970.png,RRDataset,medium,1,0.7644646167755127
0c978775b84a96bee8f055cb58184925dd6a9c6c7a41a02c0b47b39aa6b6859b,images/0c978775b84a96bee8f055cb58184925dd6a9c6c7a41a02c0b47b39aa6b6859b.png,ComplexDataLab/OpenFake,medium,1,0.9758147597312927
0ca65a1aea6af0bcf0d94b5d7ce9678fc1caa911312577a312369a2484d5e204,images/0ca65a1aea6af0bcf0d94b5d7ce9678fc1caa911312577a312369a2484d5e204.png,saberzl/SID_Set,medium,1,0.9867916107177734
0ca6f1f357555a0fac588b0c7dffee165e42298d168a9d10eef0dc4a5ec896f0,images/0ca6f1f357555a0fac588b0c7dffee165e42298d168a9d10eef0dc4a5ec896f0.jpg,RRDataset,medium,0,0.977853000164032
0cd779e6c854ed392df6e5f3c3ab59c34f640edf454a39fd05e3d1b27b8f1a2d,images/0cd779e6c854ed392df6e5f3c3ab59c34f640edf454a39fd05e3d1b27b8f1a2d.jpg,saberzl/SID_Set,medium,0,0.5985272526741028
0d0cccd8caecc615dce3e00333517ac208cf9ab9ac6a86328d69574029856fb4,images/0d0cccd8caecc615dce3e00333517ac208cf9ab9ac6a86328d69574029856fb4.png,saberzl/SID_Set,medium,1,0.9954788088798523
0d286c848d9db9e3b209ba021d812fda170caa2ac02f197d59fceff43fb6b6a3,images/0d286c848d9db9e3b209ba021d812fda170caa2ac02f197d59fceff43fb6b6a3.png,RRDataset,medium,1,0.9981746673583984
0d591bb0d2aaa5d268f2c2db8f6bfde4b60bbba857f06b712844eb84adc2ff29,images/0d591bb0d2aaa5d268f2c2db8f6bfde4b60bbba857f06b712844eb84adc2ff29.png,saberzl/SID_Set,medium,1,0.9786579608917236
0d6910967163e37fb6263f3e96f8a381a6f4e8e6e2846f348bb54bd7057972eb,images/0d6910967163e37fb6263f3e96f8a381a6f4e8e6e2846f348bb54bd7057972eb.png,ComplexDataLab/OpenFake,medium,1,0.23679962754249573
0d6c0787cf440536f527fa38314b3b464ae138c8240334baae79d3f4252f6c2d,images/0d6c0787cf440536f527fa38314b3b464ae138c8240334baae79d3f4252f6c2d.png,RRDataset,medium,1,0.9350146055221558
0da1632426e629999225ddb1b9c964792096c14270e527a5c4e9c14d0b42625d,images/0da1632426e629999225ddb1b9c964792096c14270e527a5c4e9c14d0b42625d.jpg,RRDataset,medium,0,0.3067893087863922
0da3e68c40100bf728a288a402033d1c2d6163478b0130a0940c922f89ba3ca2,images/0da3e68c40100bf728a288a402033d1c2d6163478b0130a0940c922f89ba3ca2.jpg,ComplexDataLab/OpenFake,medium,0,0.00371334096416831
0deb3d98375d72fa1814f65f1ae36155eec327fd19bbcf534da775efb12c84e2,images/0deb3d98375d72fa1814f65f1ae36155eec327fd19bbcf534da775efb12c84e2.jpg,RRDataset,medium,0,0.971404492855072
0e34ed22d367a36fe41a4ffb4fcfa163372bd140c55f7688af17e1b9e84ededd,images/0e34ed22d367a36fe41a4ffb4fcfa163372bd140c55f7688af17e1b9e84ededd.jpg,RRDataset,medium,0,0.7937597632408142
0e9d4e2ea6ee279becbc88801d0a2c08c10f5f76042dffa611974c548c7d12aa,images/0e9d4e2ea6ee279becbc88801d0a2c08c10f5f76042dffa611974c548c7d12aa.png,RRDataset,medium,1,0.9980746507644653
0efd41d40e015f37a3f04b7556435a99d5da9ffe9f937cd93c9394d668ffb489,images/0efd41d40e015f37a3f04b7556435a99d5da9ffe9f937cd93c9394d668ffb489.jpg,saberzl/SID_Set,medium,0,0.9183892607688904
0f018974851f30413002341d1152f90a3b58a9e2995b266ba8839d88a3f432fb,images/0f018974851f30413002341d1152f90a3b58a9e2995b266ba8839d88a3f432fb.jpg,ComplexDataLab/OpenFake,medium,0,0.00469457171857357
0f137c20e0ceabcab2698736c751ac2bbc377b4e5722c91a10110dc473ab44e8,images/0f137c20e0ceabcab2698736c751ac2bbc377b4e5722c91a10110dc473ab44e8.jpg,saberzl/SID_Set,medium,0,0.9770077466964722
0f1556f57e68c39ad76d806b905a5174d6edbc727b85fcc10d1a71d5226e776a,images/0f1556f57e68c39ad76d806b905a5174d6edbc727b85fcc10d1a71d5226e776a.jpg,RRDataset,medium,0,0.7880587577819824
0f22327997bf074e0fab52cf717f57a279f0aeb8cbd283b7fb3473f870b48919,images/0f22327997bf074e0fab52cf717f57a279f0aeb8cbd283b7fb3473f870b48919.jpg,saberzl/SID_Set,medium,0,0.15095798671245575
0f6b25013150853b93bb8890f4b4c9c5fb29b8c8f5e9d6f6e2e0b97d25406a30,images/0f6b25013150853b93bb8890f4b4c9c5fb29b8c8f5e9d6f6e2e0b97d25406a30.png,RRDataset,medium,1,0.9863016605377197
0f6d3a2db252e38772e399e4805c703d539fe0fede5294ef40726f6c5ad6396d,images/0f6d3a2db252e38772e399e4805c703d539fe0fede5294ef40726f6c5ad6396d.jpg,saberzl/SID_Set,medium,0,0.011817234568297863
0f76c848074696be4e3813cd4e7a2845d0d559e93cf4ca72891e025f5f62297a,images/0f76c848074696be4e3813cd4e7a2845d0d559e93cf4ca72891e025f5f62297a.jpg,saberzl/SID_Set,medium,0,0.9926181435585022
0f7cd12f3a4ab6cc2e390c42f1d4ccfff83175d743abaf07ee1fff592d770edc,images/0f7cd12f3a4ab6cc2e390c42f1d4ccfff83175d743abaf07ee1fff592d770edc.png,saberzl/SID_Set,medium,1,0.9887883067131042
0fac9657a5cf8e240e93292f6fe6284bb0dffb565bf58df50d9269a32da6673f,images/0fac9657a5cf8e240e93292f6fe6284bb0dffb565bf58df50d9269a32da6673f.jpg,RRDataset,medium,0,0.431949645280838
0facca7b2063f90684caad74284ceedabd39d94e8f0b80fe7a0f661cc5b6e223,images/0facca7b2063f90684caad74284ceedabd39d94e8f0b80fe7a0f661cc5b6e223.png,RRDataset,medium,1,0.9947831034660339
0fb61b47bb729eade4e8abf180b3df4502b603884787dfa452960621f59315c2,images/0fb61b47bb729eade4e8abf180b3df4502b603884787dfa452960621f59315c2.jpg,ComplexDataLab/OpenFake,medium,0,0.14884212613105774
0feb07e2dea28e13b01b612c17f72cbc5afd27ae360cde119cb7afc9d1b377bf,images/0feb07e2dea28e13b01b612c17f72cbc5afd27ae360cde119cb7afc9d1b377bf.jpg,saberzl/SID_Set,medium,0,0.3485024571418762
0ff224bcab39341351bfa4b6f87a281302687892ab7a9958e783ee116a27adae,images/0ff224bcab39341351bfa4b6f87a281302687892ab7a9958e783ee116a27adae.png,saberzl/SID_Set,medium,1,0.9727472066879272
0ffe738612c5825e47c7c70df0902ce4577a92ef8ede19ec10e40d1b8cbff650,images/0ffe738612c5825e47c7c70df0902ce4577a92ef8ede19ec10e40d1b8cbff650.jpg,RRDataset,medium,0,0.9893669486045837
100b14dfeed83c07ecdc767d6b8f6f36fc28aab8f57575c6628ebabd47749476,images/100b14dfeed83c07ecdc767d6b8f6f36fc28aab8f57575c6628ebabd47749476.jpg,ComplexDataLab/OpenFake,medium,1,0.8612620830535889
10116d50fcf173f3533d2061e6b9e16bce2f9d6c51bdf2ea9223285a6f5635cb,images/10116d50fcf173f3533d2061e6b9e16bce2f9d6c51bdf2ea9223285a6f5635cb.png,ComplexDataLab/OpenFake,medium,1,0.9782349467277527
10245f45f0c67fe23a1a6899d4a990a81c403cca3059034b189ff9ba8dafda97,images/10245f45f0c67fe23a1a6899d4a990a81c403cca3059034b189ff9ba8dafda97.png,ComplexDataLab/OpenFake,medium,1,0.3366190493106842
103733339b37e2f8da3121679eb1fc941ca1f5bf1878995d326487b7202d7225,images/103733339b37e2f8da3121679eb1fc941ca1f5bf1878995d326487b7202d7225.png,RRDataset,medium,1,0.9702474474906921
104ae6ad23b9f79a6495f0336612cd717f72ee56bc44c8fdff29f7afdfd6078d,images/104ae6ad23b9f79a6495f0336612cd717f72ee56bc44c8fdff29f7afdfd6078d.png,saberzl/SID_Set,medium,1,0.9938631057739258
1071dc3db6ef183a84eaac9b3b5c9c3a0345407fcba6eebbd842ba61454c18de,images/1071dc3db6ef183a84eaac9b3b5c9c3a0345407fcba6eebbd842ba61454c18de.jpg,saberzl/SID_Set,medium,0,0.04642907902598381
10ac94092ec949920512cd6b2973037a9afea6931372e523d3620c8c327c522c,images/10ac94092ec949920512cd6b2973037a9afea6931372e523d3620c8c327c522c.jpg,ComplexDataLab/OpenFake,medium,0,0.6418929696083069
113f795aaf262c182e4e780bfdc398fbd85ad9168e26a9f35f7de67f4760b887,images/113f795aaf262c182e4e780bfdc398fbd85ad9168e26a9f35f7de67f4760b887.png,RRDataset,medium,1,0.9983450174331665
115f9bbab3fa8043909de18ad980e8792323e3186fe559b7debc18b511b06f22,images/115f9bbab3fa8043909de18ad980e8792323e3186fe559b7debc18b511b06f22.png,RRDataset,medium,1,0.6153935790061951
11b521351ea60dde3a25c6c01f01652bfd5dc90fddd38d09ef96e697301325bc,images/11b521351ea60dde3a25c6c01f01652bfd5dc90fddd38d09ef96e697301325bc.png,saberzl/SID_Set,medium,1,0.9965108036994934
11c877264069f47e075d85f7c9c1e47722c4d69603176f65873ed8529748a687,images/11c877264069f47e075d85f7c9c1e47722c4d69603176f65873ed8529748a687.jpg,saberzl/SID_Set,medium,0,0.14270323514938354
11d65232580ed1aead1f0c2e1812e30d3d00ecd7c0dde17ca31c5eefc10e5ad9,images/11d65232580ed1aead1f0c2e1812e30d3d00ecd7c0dde17ca31c5eefc10e5ad9.png,ComplexDataLab/OpenFake,medium,1,0.9850030541419983
11d6de7dbb1bb88fc642caf4abd239e2cd53d345bc8f2a577a5d8f53f0ede5da,images/11d6de7dbb1bb88fc642caf4abd239e2cd53d345bc8f2a577a5d8f53f0ede5da.jpg,saberzl/SID_Set,medium,0,0.05121786892414093
11ddde3d0fe35d97f80c0421f63f84548d42eac7f94cfbfbe41454ed3e0b3ad0,images/11ddde3d0fe35d97f80c0421f63f84548d42eac7f94cfbfbe41454ed3e0b3ad0.jpg,saberzl/SID_Set,medium,0,0.19194185733795166
11ee9475a0c8354f7cd314dee30deac37f98116703c50aff475bf2998791ea1e,images/11ee9475a0c8354f7cd314dee30deac37f98116703c50aff475bf2998791ea1e.jpg,saberzl/SID_Set,medium,0,0.44109827280044556
121b6ed30186ced7a3f0e66d77b68696c710a069c60cf894274d17c574426878,images/121b6ed30186ced7a3f0e66d77b68696c710a069c60cf894274d17c574426878.jpg,saberzl/SID_Set,medium,0,0.9778203964233398
12409b2e442d88dedb40d0e16659e55bd624969679af1faf7f43aa857c5ee137,images/12409b2e442d88dedb40d0e16659e55bd624969679af1faf7f43aa857c5ee137.jpg,ComplexDataLab/OpenFake,medium,0,0.006654747296124697
12668c58ce03cf73396bea3bad88b554c34a59f75df848ac985d9dd208d22c1f,images/12668c58ce03cf73396bea3bad88b554c34a59f75df848ac985d9dd208d22c1f.png,saberzl/SID_Set,medium,1,0.9919888377189636
127bf963d076b8d6815abcdb4c602309cf207abf868458998a683c98848783d5,images/127bf963d076b8d6815abcdb4c602309cf207abf868458998a683c98848783d5.png,ComplexDataLab/OpenFake,medium,1,0.9732015132904053
12fc667c04d3c86d98d6d92ab221efa15d1aa8d3c094306e73e4f39006c13db2,images/12fc667c04d3c86d98d6d92ab221efa15d1aa8d3c094306e73e4f39006c13db2.jpg,saberzl/SID_Set,medium,0,0.16317351162433624
13661344349b2a039123ef0e22a9afba63de0c3192f2a4e57a23107fb546c9c4,images/13661344349b2a039123ef0e22a9afba63de0c3192f2a4e57a23107fb546c9c4.jpg,ComplexDataLab/OpenFake,medium,0,0.1853245347738266
13748c372ba00e7b8b3d79cfa1c311245c9324575e171f4b658ab352bd4507ad,images/13748c372ba00e7b8b3d79cfa1c311245c9324575e171f4b658ab352bd4507ad.jpg,ComplexDataLab/OpenFake,medium,0,0.02173154056072235
137f912e1d209ec96e1090b59233c0f56c03e1dca77428c41734f74575505993,images/137f912e1d209ec96e1090b59233c0f56c03e1dca77428c41734f74575505993.jpg,saberzl/SID_Set,medium,0,0.6461999416351318
13819db5f47508eeddad4594bd6da492486e99265a77decb3f9101d9fe1f399b,images/13819db5f47508eeddad4594bd6da492486e99265a77decb3f9101d9fe1f399b.jpg,RRDataset,medium,0,0.08716122806072235
13838bf0a4678bec86d689e821a3083c187b3f6bba6dad62435b035d6860e7d5,images/13838bf0a4678bec86d689e821a3083c187b3f6bba6dad62435b035d6860e7d5.jpg,saberzl/SID_Set,medium,0,0.8630631566047668
13944cfca8eeab3197cb8b8033e3d4db7a937d2448b0302e591572abe4b1f760,images/13944cfca8eeab3197cb8b8033e3d4db7a937d2448b0302e591572abe4b1f760.png,ComplexDataLab/OpenFake,medium,1,0.9962838292121887
13b3ef4a125d6e68d27ceeb425ad84b5f596db1e4a84212bd55d1fcf87196c39,images/13b3ef4a125d6e68d27ceeb425ad84b5f596db1e4a84212bd55d1fcf87196c39.jpg,saberzl/SID_Set,medium,0,0.25633344054222107
13c45a75dad1960b9f9fc7a54a7b443e924b6e5851715d8f4e92325b7709e477,images/13c45a75dad1960b9f9fc7a54a7b443e924b6e5851715d8f4e92325b7709e477.png,saberzl/SID_Set,medium,1,0.9912760257720947
13c46897e41a98079999097ab568f660237999ae6283ac983e40c6fecc413c41,images/13c46897e41a98079999097ab568f660237999ae6283ac983e40c6fecc413c41.png,ComplexDataLab/OpenFake,medium,1,0.8928788900375366
13dd32f87ee26c1d81a03932949b00989b8b8b69d7e252296bb00365f5fef744,images/13dd32f87ee26c1d81a03932949b00989b8b8b69d7e252296bb00365f5fef744.jpg,ComplexDataLab/OpenFake,medium,1,0.9362194538116455
14253a5bf9a0a88715e4f1863eaa4131e7360b298cf389b70cacaea09fcb7802,images/14253a5bf9a0a88715e4f1863eaa4131e7360b298cf389b70cacaea09fcb7802.jpg,saberzl/SID_Set,medium,0,0.026379507035017014
1434df2cec3248215c2ce1de789b53deeb7607de561b5f2ef8893702c0e5982d,images/1434df2cec3248215c2ce1de789b53deeb7607de561b5f2ef8893702c0e5982d.jpg,RRDataset,medium,0,0.7652220726013184
143d2239be8b27502ad928aa162a8a365bf620671e1fd748153dba217be7fc72,images/143d2239be8b27502ad928aa162a8a365bf620671e1fd748153dba217be7fc72.png,saberzl/SID_Set,medium,1,0.9408536553382874
1476ccacb2ca15cba18839c8b9e6262d91a7f366c4342717d45f05abc0aec035,images/1476ccacb2ca15cba18839c8b9e6262d91a7f366c4342717d45f05abc0aec035.png,RRDataset,medium,1,0.9993532299995422
14892f90843f64d05043a1fd060f02b14d8c22ada2a02d7bb12592c0015f5889,images/14892f90843f64d05043a1fd060f02b14d8c22ada2a02d7bb12592c0015f5889.jpg,ComplexDataLab/OpenFake,medium,0,0.08200089633464813
14a664d7344658742b8d8c5a5190fa1abc61986cc90e7b186f163fad4011dfcc,images/14a664d7344658742b8d8c5a5190fa1abc61986cc90e7b186f163fad4011dfcc.png,saberzl/SID_Set,medium,1,0.9785798788070679
14aba19fca4ea1aae0d9fdd78da761b7bf6f2704ed20656235b4d24fc712bef2,images/14aba19fca4ea1aae0d9fdd78da761b7bf6f2704ed20656235b4d24fc712bef2.jpg,ComplexDataLab/OpenFake,medium,0,0.21495169401168823
14ac295e296b350bef7a22796d6dd6f962353f3b44b3239c331161d62100970c,images/14ac295e296b350bef7a22796d6dd6f962353f3b44b3239c331161d62100970c.jpg,saberzl/SID_Set,medium,0,0.14462941884994507
14bcd2ea8e468de15eb7ca9d16a3370caa8bb467f659b4043df2fcc1350f5628,images/14bcd2ea8e468de15eb7ca9d16a3370caa8bb467f659b4043df2fcc1350f5628.jpg,saberzl/SID_Set,medium,0,0.967743992805481
14c284b8e48774b91bcf9b744be94afbe4f187956fe77f13fa99357b3eee663a,images/14c284b8e48774b91bcf9b744be94afbe4f187956fe77f13fa99357b3eee663a.png,ComplexDataLab/OpenFake,medium,1,0.9345858693122864
14ccd22b4ff7a5370c5ac3f7bd8dad047c581e344bbd21f524df37ba4d077356,images/14ccd22b4ff7a5370c5ac3f7bd8dad047c581e344bbd21f524df37ba4d077356.jpg,saberzl/SID_Set,medium,0,0.9324080944061279
14f513fd84768fdc790b42c5ae5b665f2e2d4f96e33c469ca987b0d5a150ae11,images/14f513fd84768fdc790b42c5ae5b665f2e2d4f96e33c469ca987b0d5a150ae11.jpg,saberzl/SID_Set,medium,0,0.08284793049097061
150e252b157d1adc11b58a1487676d599e40aeb02a1f82cc61870eba77502bf3,images/150e252b157d1adc11b58a1487676d599e40aeb02a1f82cc61870eba77502bf3.png,RRDataset,medium,1,0.978286623954773
153ccd12c2ba1852d9b908a7595ceab2880fc0a5cc5bee099be1a2bd17523f78,images/153ccd12c2ba1852d9b908a7595ceab2880fc0a5cc5bee099be1a2bd17523f78.jpg,saberzl/SID_Set,medium,0,0.03990180417895317
15423dea4c2bd3c293712d2c6dcfc57e09f2de90f285f7fff1a8da7000fbac48,images/15423dea4c2bd3c293712d2c6dcfc57e09f2de90f285f7fff1a8da7000fbac48.png,saberzl/SID_Set,medium,1,0.9557675123214722
1564c851846d5432623a866f7b3a5e24de764de4df025e4bfc903c331041ed38,images/1564c851846d5432623a866f7b3a5e24de764de4df025e4bfc903c331041ed38.png,ComplexDataLab/OpenFake,medium,1,0.28794196248054504
158f234e6953e5ceaa104536689f08922a74c65b05cfadd2ab4a7812b1fb084e,images/158f234e6953e5ceaa104536689f08922a74c65b05cfadd2ab4a7812b1fb084e.png,saberzl/SID_Set,medium,1,0.9686844944953918
159a60c15f074e98ab005b1028adbc2084536fe577df51646c0509ad936704ab,images/159a60c15f074e98ab005b1028adbc2084536fe577df51646c0509ad936704ab.png,ComplexDataLab/OpenFake,medium,1,0.9363215565681458
15d3a422fe6d65815ca6cd46b2d8c98621c5be9f2c7a261f446052b2bd374959,images/15d3a422fe6d65815ca6cd46b2d8c98621c5be9f2c7a261f446052b2bd374959.jpg,RRDataset,medium,0,0.5620002746582031
15dddb8318d3d198e496fe3c8723d5d71a4c475c8e31094ffe788b851ed9aa1d,images/15dddb8318d3d198e496fe3c8723d5d71a4c475c8e31094ffe788b851ed9aa1d.png,ComplexDataLab/OpenFake,medium,1,0.8416568636894226
16085a68c11ec7e38156aeaf0c08eb5ba0e70a21ef0d8c5b6c8ba7743fa7c50e,images/16085a68c11ec7e38156aeaf0c08eb5ba0e70a21ef0d8c5b6c8ba7743fa7c50e.png,saberzl/SID_Set,medium,1,0.9724830985069275
160bc0bc57af8938379209b31d1ff76de80728422008d028098e7ce111465bc4,images/160bc0bc57af8938379209b31d1ff76de80728422008d028098e7ce111465bc4.png,ComplexDataLab/OpenFake,medium,1,0.7175657749176025
161f0a7501ffd5d637fa5d4137dbe3b8f530c90666b2d8ee43147c11473c3b83,images/161f0a7501ffd5d637fa5d4137dbe3b8f530c90666b2d8ee43147c11473c3b83.jpg,saberzl/SID_Set,medium,0,0.013709566555917263
161f202bb986abd629905ea2fefd16a7679a0e38574e9efe1af8692090b7cad2,images/161f202bb986abd629905ea2fefd16a7679a0e38574e9efe1af8692090b7cad2.png,RRDataset,medium,1,0.9059655070304871
163a24d309dd6100490490a3b7ea2a8723a1cb39ce9cdce52201e20042326903,images/163a24d309dd6100490490a3b7ea2a8723a1cb39ce9cdce52201e20042326903.jpg,RRDataset,medium,0,0.8647375702857971
1676bd5789897743587c9d3bca259c029a8760958b17e4e201840a8baf1af383,images/1676bd5789897743587c9d3bca259c029a8760958b17e4e201840a8baf1af383.jpg,saberzl/SID_Set,medium,0,0.42237088084220886
1679aa420705cac2a1bfea454041aacf32a615d1b8f68129d88b8c576f6f1db2,images/1679aa420705cac2a1bfea454041aacf32a615d1b8f68129d88b8c576f6f1db2.jpg,ComplexDataLab/OpenFake,medium,0,0.5175105333328247
167fc1a77539275649a700c0aa6567cd3b9649224808e7caf9c52f760f549d7e,images/167fc1a77539275649a700c0aa6567cd3b9649224808e7caf9c52f760f549d7e.jpg,ComplexDataLab/OpenFake,medium,0,0.022934861481189728
16a2e8eae24a2a885aa33739b75543fed13358427ee3e023f7d3559f443a407c,images/16a2e8eae24a2a885aa33739b75543fed13358427ee3e023f7d3559f443a407c.png,saberzl/SID_Set,medium,1,0.9803928732872009
16aec872399be4e1ded155736a2104117e2663c55237b7d8afcc74e55fba5601,images/16aec872399be4e1ded155736a2104117e2663c55237b7d8afcc74e55fba5601.jpg,ComplexDataLab/OpenFake,medium,0,0.001048300415277481
175a0f865cdd2708d7d76342d9c750c303c811cee85de38e7e086a572959a796,images/175a0f865cdd2708d7d76342d9c750c303c811cee85de38e7e086a572959a796.jpg,saberzl/SID_Set,medium,0,0.4834461212158203
1771183626e16132371803c9122ea394f6647fb06f41e5268589dbe51fd1b596,images/1771183626e16132371803c9122ea394f6647fb06f41e5268589dbe51fd1b596.png,ComplexDataLab/OpenFake,medium,1,0.9723090529441833
1791df1df480fc3a6f30681c165bad3597ba27ec7aaac2356f2bc409e9ad472c,images/1791df1df480fc3a6f30681c165bad3597ba27ec7aaac2356f2bc409e9ad472c.jpg,RRDataset,medium,0,0.44385725259780884
17b16327b31e710e33099d5bbdf9b064a4a89740b4b52914cf275d148020f7e2,images/17b16327b31e710e33099d5bbdf9b064a4a89740b4b52914cf275d148020f7e2.png,ComplexDataLab/OpenFake,medium,1,0.9982592463493347
17b63058c685059cf8d116acde86a5177525309bd1b5208b68208ea6aef1e233,images/17b63058c685059cf8d116acde86a5177525309bd1b5208b68208ea6aef1e233.jpg,ComplexDataLab/OpenFake,medium,0,0.0052610523998737335
18481af923c1eb46606764eefe32ab02e679036b66ffe1827c876ad040795a7b,images/18481af923c1eb46606764eefe32ab02e679036b66ffe1827c876ad040795a7b.png,ComplexDataLab/OpenFake,medium,1,0.7975029349327087
1863f9968a510cd7ccce2a9ea0bf7689417bb78e044045decfccd6886d60b8f5,images/1863f9968a510cd7ccce2a9ea0bf7689417bb78e044045decfccd6886d60b8f5.jpg,RRDataset,medium,0,0.22232717275619507
18677039b1d14ceed604c80d4207873d1f48bd6b1510ceb1a6ff3836b1c67a22,images/18677039b1d14ceed604c80d4207873d1f48bd6b1510ceb1a6ff3836b1c67a22.jpg,RRDataset,medium,0,0.14678886532783508
186a7c729029dec4ee8964638fd861cd7152a392320d4928fd8ce5f21bcb317f,images/186a7c729029dec4ee8964638fd861cd7152a392320d4928fd8ce5f21bcb317f.png,RRDataset,medium,1,0.9434368014335632
18712211c1127285b224807fe7b06db51315ee990936fe20d52cf17934c56ef3,images/18712211c1127285b224807fe7b06db51315ee990936fe20d52cf17934c56ef3.png,saberzl/SID_Set,medium,1,0.9798034429550171
187508b0cba09aa5189880f37d155cf36dede087dda427f738197fbd2fd684c9,images/187508b0cba09aa5189880f37d155cf36dede087dda427f738197fbd2fd684c9.png,saberzl/SID_Set,medium,1,0.9696032404899597
187a6890f0e1601169e483821043f73f14473a907d7612c8d56c3d579a1e43a2,images/187a6890f0e1601169e483821043f73f14473a907d7612c8d56c3d579a1e43a2.png,RRDataset,medium,1,0.9880039691925049
1885de671383273149c2a1c998c85c6a5ccf488cf9a65175f9457ac1d6721d98,images/1885de671383273149c2a1c998c85c6a5ccf488cf9a65175f9457ac1d6721d98.png,ComplexDataLab/OpenFake,medium,1,0.9207774996757507
18a86c9bef8206bf37e3d41dd3d5df8fa34e06b299db11eaabf7cd2c004ddaa7,images/18a86c9bef8206bf37e3d41dd3d5df8fa34e06b299db11eaabf7cd2c004ddaa7.jpg,ComplexDataLab/OpenFake,medium,1,0.979158878326416
18b5a703fb533639ae5b1edecc8d97ec8a5e240275173b1f39f0aad59f6314c4,images/18b5a703fb533639ae5b1edecc8d97ec8a5e240275173b1f39f0aad59f6314c4.png,RRDataset,medium,1,0.9982709884643555
18daf12aa2da356f48f91d94987db33d702523bcb6906b640d6a2e2bdf86b463,images/18daf12aa2da356f48f91d94987db33d702523bcb6906b640d6a2e2bdf86b463.jpg,ComplexDataLab/OpenFake,medium,0,0.02056269720196724
190e79c0a80f24d370bdc91d5b0ccc8ba26374e7029f86cef65fc3441ad1c466,images/190e79c0a80f24d370bdc91d5b0ccc8ba26374e7029f86cef65fc3441ad1c466.jpg,saberzl/SID_Set,medium,0,0.36846432089805603
191a8ba65ff5fae2d68837eb60590b97ddcc5b701c30c8ff7ca9b770e2f13ce8,images/191a8ba65ff5fae2d68837eb60590b97ddcc5b701c30c8ff7ca9b770e2f13ce8.png,saberzl/SID_Set,medium,1,0.9995286464691162
19457c75e39c935c052e5dde70fa274c78a556c58547f9869871594bc9101387,images/19457c75e39c935c052e5dde70fa274c78a556c58547f9869871594bc9101387.png,saberzl/SID_Set,medium,1,0.9658785462379456
196c80108d6be6d6f4133298647e279118b7df27ce9cf55312b48774d9b07c0d,images/196c80108d6be6d6f4133298647e279118b7df27ce9cf55312b48774d9b07c0d.png,RRDataset,medium,1,0.8606728911399841
1982c891e00bd396f991e132074adcc3a15e939be57371ecc1b833522e1f72eb,images/1982c891e00bd396f991e132074adcc3a15e939be57371ecc1b833522e1f72eb.jpg,RRDataset,medium,0,0.873511791229248
198b4ee4455104444b096016a7f3071069f75c4fbfd3755f8d4ad8842bdde63e,images/198b4ee4455104444b096016a7f3071069f75c4fbfd3755f8d4ad8842bdde63e.jpg,RRDataset,medium,0,0.9259418249130249
1991834aa6ef561567cf37ce3ce5aadc0eecbaf46b75c6daf4b3261a07a3a0bc,images/1991834aa6ef561567cf37ce3ce5aadc0eecbaf46b75c6daf4b3261a07a3a0bc.jpg,RRDataset,medium,0,0.8406676650047302
19a5a634bd497453962877b07938da263d71755c511d16ba99aa4c759d92af09,images/19a5a634bd497453962877b07938da263d71755c511d16ba99aa4c759d92af09.jpg,RRDataset,medium,0,0.3452509641647339
19c7f0bd5184a3e640b2bedec797ab6499ce7ffb93a2ebae088769536f25defc,images/19c7f0bd5184a3e640b2bedec797ab6499ce7ffb93a2ebae088769536f25defc.jpg,saberzl/SID_Set,medium,0,0.4408305287361145
19d9bd9b277b6425a04c31d3b9f7d993e62f9dd21766def9ccbaaa907bb217f0,images/19d9bd9b277b6425a04c31d3b9f7d993e62f9dd21766def9ccbaaa907bb217f0.jpg,saberzl/SID_Set,medium,0,0.007852633483707905
19f73e2621e310f4b83b9c81d451c5aaeb67a63b5cca858cdc435262e9beafb1,images/19f73e2621e310f4b83b9c81d451c5aaeb67a63b5cca858cdc435262e9beafb1.jpg,saberzl/SID_Set,medium,0,0.9505249261856079
19ff678e93f0e73e3253d9b50be407d464033e0f4171ef01db8fcc5ba58159af,images/19ff678e93f0e73e3253d9b50be407d464033e0f4171ef01db8fcc5ba58159af.jpg,ComplexDataLab/OpenFake,medium,0,0.20483553409576416
1a0f5cdf7ab03bd0a52e189ce65385a1763cd2669eae67037a9c4c1f9928621c,images/1a0f5cdf7ab03bd0a52e189ce65385a1763cd2669eae67037a9c4c1f9928621c.png,saberzl/SID_Set,medium,1,0.9906344413757324
1a10e13de0f7ba5709ede61ba4eae47b5f9837118f98f838e63d7277d9375e0d,images/1a10e13de0f7ba5709ede61ba4eae47b5f9837118f98f838e63d7277d9375e0d.jpg,ComplexDataLab/OpenFake,medium,0,0.1054299995303154
1a320a3d7d11e9e95f1faa9864c68518ab3829a7ce2f2649b68a1f41e0912dc7,images/1a320a3d7d11e9e95f1faa9864c68518ab3829a7ce2f2649b68a1f41e0912dc7.jpg,saberzl/SID_Set,medium,0,0.04294453561306
1a81b6718f52d4787777fdd0cc65ffd0f61a5311ea5bd20c73217381c5bc0c2e,images/1a81b6718f52d4787777fdd0cc65ffd0f61a5311ea5bd20c73217381c5bc0c2e.png,ComplexDataLab/OpenFake,medium,1,0.9785711169242859
1ae5f72c089dc309dbe0dc7157984efe19146c593839cf84dc434b6610a50ad9,images/1ae5f72c089dc309dbe0dc7157984efe19146c593839cf84dc434b6610a50ad9.jpg,ComplexDataLab/OpenFake,medium,0,0.4156169295310974
1ae640c6e6fa423867b305b25e8b382a5f065061f8ce101e6394b62717254a7a,images/1ae640c6e6fa423867b305b25e8b382a5f065061f8ce101e6394b62717254a7a.png,RRDataset,medium,0,0.9145846366882324
1af942d8ab3e7d2518b12df29992ddf4cf3f2571489c3dbdbdf79f4a6efb3691,images/1af942d8ab3e7d2518b12df29992ddf4cf3f2571489c3dbdbdf79f4a6efb3691.jpg,ComplexDataLab/OpenFake,medium,0,0.00017242664762306958
1afe45d7505bc1fa8fe138c246670aa6839106b61cd4e5c991e74485cdb38dac,images/1afe45d7505bc1fa8fe138c246670aa6839106b61cd4e5c991e74485cdb38dac.jpg,saberzl/SID_Set,medium,0,0.8996776342391968
1b0678c2c6877415d743de26b22c56407fdc7801e12c774805a9fc941304787d,images/1b0678c2c6877415d743de26b22c56407fdc7801e12c774805a9fc941304787d.jpg,saberzl/SID_Set,medium,0,0.8491457104682922
1b9a156cda93a270a42c338aa7c29c2e8c20efa07a6fd4e2c3740dab83d5db10,images/1b9a156cda93a270a42c338aa7c29c2e8c20efa07a6fd4e2c3740dab83d5db10.jpg,saberzl/SID_Set,medium,0,0.9210389256477356
1b9e7c61734bbe03aee1ceabd294cabae982d0cb4cdd27604820a6eda101f702,images/1b9e7c61734bbe03aee1ceabd294cabae982d0cb4cdd27604820a6eda101f702.png,RRDataset,medium,1,0.9897449612617493
1bb9ab4aa45423831f71250ee8721029a432fa78fd0e52d1fa985cbe3b7556f1,images/1bb9ab4aa45423831f71250ee8721029a432fa78fd0e52d1fa985cbe3b7556f1.jpg,saberzl/SID_Set,medium,0,0.5607887506484985
1bcfce7cd8f0175b51ffe4ceae69da445a1484d04c9e8637c83a4506ca4fa2dd,images/1bcfce7cd8f0175b51ffe4ceae69da445a1484d04c9e8637c83a4506ca4fa2dd.webp,ComplexDataLab/OpenFake,medium,1,0.9159026145935059
1be0ff7dd61bb40e9e21b15aeaa62d509f3b4d50e75e4471c9ffa4c96c308900,images/1be0ff7dd61bb40e9e21b15aeaa62d509f3b4d50e75e4471c9ffa4c96c308900.png,saberzl/SID_Set,medium,1,0.9390950202941895
1be2620cb340f2889a3779bd7091ed8c4e42131982d9a2b5534ad7a9aa7070ba,images/1be2620cb340f2889a3779bd7091ed8c4e42131982d9a2b5534ad7a9aa7070ba.png,saberzl/SID_Set,medium,1,0.9528967142105103
1be5e2d9927b3e26d7a9e783e3f14f70b721508011d9d4bb86de940c6a31001a,images/1be5e2d9927b3e26d7a9e783e3f14f70b721508011d9d4bb86de940c6a31001a.jpg,ComplexDataLab/OpenFake,medium,0,0.360822468996048
1c2bd7d8820532f8959f4e311a7a12dd1089a81c3e2a61f58fcd798574422470,images/1c2bd7d8820532f8959f4e311a7a12dd1089a81c3e2a61f58fcd798574422470.png,saberzl/SID_Set,medium,1,0.9799551367759705
1c511eea248274819445d7738f5743951966fa609de309a52140e5b1857bbc1f,images/1c511eea248274819445d7738f5743951966fa609de309a52140e5b1857bbc1f.jpg,ComplexDataLab/OpenFake,medium,0,0.6921270489692688
1c6780a5229c865b623de88042515ee79e69e78d48023d9a74f589c469cf689e,images/1c6780a5229c865b623de88042515ee79e69e78d48023d9a74f589c469cf689e.png,ComplexDataLab/OpenFake,medium,1,0.899928867816925
1c7b3647bde78519d9252f668fabca747174238c881e148610097de71061d235,images/1c7b3647bde78519d9252f668fabca747174238c881e148610097de71061d235.jpg,saberzl/SID_Set,medium,0,0.9671740531921387
1cd1dce733142672cd5255977a560ba779661f369b8f08b8e4f642a778f9f08a,images/1cd1dce733142672cd5255977a560ba779661f369b8f08b8e4f642a778f9f08a.jpg,ComplexDataLab/OpenFake,medium,0,0.13776414096355438
1ce02e67b5980d1a7a57a0f7673fa6b291b17545e72829a02ce7f203cd6dee8d,images/1ce02e67b5980d1a7a57a0f7673fa6b291b17545e72829a02ce7f203cd6dee8d.png,RRDataset,medium,1,0.8673150539398193
1ce5f20d7c4c95c0a6eeb3d912e2f63c98a1103d2636f9ad3b5d4999eea63d58,images/1ce5f20d7c4c95c0a6eeb3d912e2f63c98a1103d2636f9ad3b5d4999eea63d58.jpg,RRDataset,medium,0,0.9567857980728149
1d38a1a5e788bbe0b72ab69b1f96a917dbb6d14a0dbee3a4ef4f1b868c3c42f6,images/1d38a1a5e788bbe0b72ab69b1f96a917dbb6d14a0dbee3a4ef4f1b868c3c42f6.png,RRDataset,medium,1,0.9961329698562622
1d4c9715c5236643c209c5b671dfba7f397ba025ed77f00d832897728017c69c,images/1d4c9715c5236643c209c5b671dfba7f397ba025ed77f00d832897728017c69c.png,RRDataset,medium,1,0.9966772794723511
1d81ec86b6a05e7dfbbf2409bc7978e1f3176df178958ffc83cf2469e112dadc,images/1d81ec86b6a05e7dfbbf2409bc7978e1f3176df178958ffc83cf2469e112dadc.jpg,saberzl/SID_Set,medium,0,0.8433620929718018
1db2cd6eb74b1ab30074042ca1d6628da91c25b99918d5e8fb0991c4732fe07e,images/1db2cd6eb74b1ab30074042ca1d6628da91c25b99918d5e8fb0991c4732fe07e.png,RRDataset,medium,1,0.9919008612632751
1dd3fc6d04b62244e91fc03733f773190a43094dd7a27448003dcb1e02715592,images/1dd3fc6d04b62244e91fc03733f773190a43094dd7a27448003dcb1e02715592.png,RRDataset,medium,1,0.9828821420669556
1ddc677fcc78f68516a3331923ddfb017eaa07842db6921aecfb0845eaacdaf5,images/1ddc677fcc78f68516a3331923ddfb017eaa07842db6921aecfb0845eaacdaf5.png,ComplexDataLab/OpenFake,medium,1,0.9154585003852844
1e1815c3cf036b9a54d15506ee3edc36e925a2ed3a5afe65a0e63cc76c5b6956,images/1e1815c3cf036b9a54d15506ee3edc36e925a2ed3a5afe65a0e63cc76c5b6956.jpg,ComplexDataLab/OpenFake,medium,0,0.0027631064876914024
1e372c98cdb127e8d772bc13a52419c858bc3651ee512dfa36215b15ec4c3132,images/1e372c98cdb127e8d772bc13a52419c858bc3651ee512dfa36215b15ec4c3132.png,RRDataset,medium,1,0.9551034569740295
1e3be06384c93825b2826c82758a2e22895f1e8d13827e7c7b98ab44892b04a5,images/1e3be06384c93825b2826c82758a2e22895f1e8d13827e7c7b98ab44892b04a5.png,RRDataset,medium,1,0.9886854887008667
1e5425fe731c255b04fae5cb0dfc5e8434f6186545852d234d033670d3c449f9,images/1e5425fe731c255b04fae5cb0dfc5e8434f6186545852d234d033670d3c449f9.jpg,saberzl/SID_Set,medium,0,0.9101457595825195
1e61be02e41e4e225d4ab7dac7c375150b1bf86a5f45a90c4616762e89849298,images/1e61be02e41e4e225d4ab7dac7c375150b1bf86a5f45a90c4616762e89849298.jpg,RRDataset,medium,0,0.8515183925628662
1e86aea4d75400d0ca1e174e2358bd0c239d76ffab6f356a64909ce0f17aeb17,images/1e86aea4d75400d0ca1e174e2358bd0c239d76ffab6f356a64909ce0f17aeb17.jpg,ComplexDataLab/OpenFake,medium,0,0.00025198221555911005
1ebd600fca149613da67c19fe286b7caa221c0afa35cc1be3d78efa8178ae71b,images/1ebd600fca149613da67c19fe286b7caa221c0afa35cc1be3d78efa8178ae71b.png,RRDataset,medium,1,0.9933890104293823
1f138752111917dfb17d14f425105459ff243d47b4db1c8750e86b16c1ab75c4,images/1f138752111917dfb17d14f425105459ff243d47b4db1c8750e86b16c1ab75c4.jpg,saberzl/SID_Set,medium,0,0.02472556382417679
1f579705ff91e78cd07f4c5a37c21d74ca7ad1f7a931eb36f5c0dbea365617ec,images/1f579705ff91e78cd07f4c5a37c21d74ca7ad1f7a931eb36f5c0dbea365617ec.jpg,RRDataset,medium,0,0.5632189512252808
1f69e0ebfad23ce45ca1b6ec6f59195f7ffe6d774cb8c360bce54ee3341ca7e0,images/1f69e0ebfad23ce45ca1b6ec6f59195f7ffe6d774cb8c360bce54ee3341ca7e0.png,RRDataset,medium,1,0.912589430809021
1f6d787b0f4beab62e61c1386d9e4121d3485bc557181bf5027c89521c0bdbf0,images/1f6d787b0f4beab62e61c1386d9e4121d3485bc557181bf5027c89521c0bdbf0.jpg,ComplexDataLab/OpenFake,medium,0,0.00034479418536648154
1f96e0577e81ac6c855d00d6398136a507552cdeb4ad8cfbeb5b478fad80d62b,images/1f96e0577e81ac6c855d00d6398136a507552cdeb4ad8cfbeb5b478fad80d62b.png,saberzl/SID_Set,medium,1,0.9950183629989624
1fb12562bf72750061ae14c46388f494c7458e400fa33d3b4df37a4cef7d1c59,images/1fb12562bf72750061ae14c46388f494c7458e400fa33d3b4df37a4cef7d1c59.jpg,RRDataset,medium,0,0.027592573314905167
1fbcc329ce2eca0a15ef45780971a900562688229df75884d1b35f598b44f36a,images/1fbcc329ce2eca0a15ef45780971a900562688229df75884d1b35f598b44f36a.png,saberzl/SID_Set,medium,1,0.9927489161491394
1fc9da9c6849fe1d80a2981815b897aeb8bc106286466266d28e01acc2aea7fc,images/1fc9da9c6849fe1d80a2981815b897aeb8bc106286466266d28e01acc2aea7fc.png,ComplexDataLab/OpenFake,medium,1,0.63112473487854
1ffbe318c71601c7e01c45b979b6d63eba2822c1168ddc599ad0cf24be1e116e,images/1ffbe318c71601c7e01c45b979b6d63eba2822c1168ddc599ad0cf24be1e116e.jpg,saberzl/SID_Set,medium,0,0.0007987683638930321
201a3944a15f8277dc3252c87ea60a35d2c5dadf9bdf7cf6dba4829303b4d6c3,images/201a3944a15f8277dc3252c87ea60a35d2c5dadf9bdf7cf6dba4829303b4d6c3.png,saberzl/SID_Set,medium,1,0.9674662947654724
201d225455d69cde9bf12c03a28460c3c671815efb3697117a6d28feab863bde,images/201d225455d69cde9bf12c03a28460c3c671815efb3697117a6d28feab863bde.jpg,RRDataset,medium,0,0.9957761168479919
202051299b3c85a969c850232af06ff65ca1815c05dd12f92b11bded9346cdeb,images/202051299b3c85a969c850232af06ff65ca1815c05dd12f92b11bded9346cdeb.jpg,ComplexDataLab/OpenFake,medium,1,0.37915071845054626
20417e1c26d98dbe985a4ab739e60dfb1330e340f3632d4b082f05e5d1bdc41d,images/20417e1c26d98dbe985a4ab739e60dfb1330e340f3632d4b082f05e5d1bdc41d.png,saberzl/SID_Set,medium,1,0.9773153066635132
205618b191a6359f037868281a1d2080a198b0d6ca4c09d8db52c86d2dda4f5d,images/205618b191a6359f037868281a1d2080a198b0d6ca4c09d8db52c86d2dda4f5d.png,saberzl/SID_Set,medium,1,0.9772192239761353
206836d644b1161367c6085da37bf09881d3427c0f34e4d8857116e18cb453a1,images/206836d644b1161367c6085da37bf09881d3427c0f34e4d8857116e18cb453a1.png,saberzl/SID_Set,medium,1,0.9707645773887634
2095bd17fb54e13f0ba9966df4b8ef27a7ebc3e4117608a64ffaf6edc3c3e6f3,images/2095bd17fb54e13f0ba9966df4b8ef27a7ebc3e4117608a64ffaf6edc3c3e6f3.jpg,RRDataset,medium,0,0.0016316560795530677
20bd466274c688abc8452f933269fa86ea7188256c2a3ff6e2edac11f965ffa2,images/20bd466274c688abc8452f933269fa86ea7188256c2a3ff6e2edac11f965ffa2.jpg,saberzl/SID_Set,medium,0,0.1255919188261032
20e030659e9887f1546479f72bcc243850b2286dee1c0047e270897dd9e2bffc,images/20e030659e9887f1546479f72bcc243850b2286dee1c0047e270897dd9e2bffc.jpg,saberzl/SID_Set,medium,0,0.013759210705757141
20eb12a89eaf1a8af0ac282c3dd6e89d1517fe082b608b3f3f333cdb279ab30f,images/20eb12a89eaf1a8af0ac282c3dd6e89d1517fe082b608b3f3f333cdb279ab30f.jpg,saberzl/SID_Set,medium,0,0.6285820603370667
20f40fc72b78a4fbcf36e9f31394da7a739e50d418754d37a81e616f20d3acb6,images/20f40fc72b78a4fbcf36e9f31394da7a739e50d418754d37a81e616f20d3acb6.jpg,ComplexDataLab/OpenFake,medium,0,0.10474499315023422
20fbee41667b5ee765ed2c62353a0885f4004570a92b191b60f7e249e3fe7343,images/20fbee41667b5ee765ed2c62353a0885f4004570a92b191b60f7e249e3fe7343.jpg,saberzl/SID_Set,medium,0,0.005991216283291578
210ab0f8fc6859fd37a4ebe1b0b9520505345730486821eedf5a4cb981c16da1,images/210ab0f8fc6859fd37a4ebe1b0b9520505345730486821eedf5a4cb981c16da1.webp,ComplexDataLab/OpenFake,medium,1,0.9747251868247986
210ad771646e8be549b79ee1fe5eccb64e24eabb8c53edfbf15292d52efb2c5c,images/210ad771646e8be549b79ee1fe5eccb64e24eabb8c53edfbf15292d52efb2c5c.jpg,saberzl/SID_Set,medium,0,0.013605417683720589
215fc319b724f92612b408c7c975f3148125687f75c1bd5cdfcb52cde613cab0,images/215fc319b724f92612b408c7c975f3148125687f75c1bd5cdfcb52cde613cab0.jpg,saberzl/SID_Set,medium,0,0.5084123015403748
21773b1538f82236655b407b03afb13c87ec27c054f703e4656333aaeb67bc82,images/21773b1538f82236655b407b03afb13c87ec27c054f703e4656333aaeb67bc82.jpg,ComplexDataLab/OpenFake,medium,0,0.927453875541687
219a080014e0bc6397e72dbb87a5479c0e1c8bd8b0ddcb9ca04f612ca76a6339,images/219a080014e0bc6397e72dbb87a5479c0e1c8bd8b0ddcb9ca04f612ca76a6339.png,RRDataset,medium,1,0.9934053421020508
21ab27fd4f26bc06653dda259fb604f1b23b4c95e2cad1f33f02ab3f7325697e,images/21ab27fd4f26bc06653dda259fb604f1b23b4c95e2cad1f33f02ab3f7325697e.jpg,RRDataset,medium,0,0.01798720471560955
21ea124c36f8366371fb905bd1cd4db4d9b96d3309003dab60772f6341d4392c,images/21ea124c36f8366371fb905bd1cd4db4d9b96d3309003dab60772f6341d4392c.png,ComplexDataLab/OpenFake,medium,1,0.9932419657707214
21fb82c8bef1d4e3c77ba14e05a1d3d5e5b0c1bf68c622220f89622f01d8ad42,images/21fb82c8bef1d4e3c77ba14e05a1d3d5e5b0c1bf68c622220f89622f01d8ad42.png,saberzl/SID_Set,medium,1,0.9934604167938232
2201cecdd3684bdf909ad8d9c444ac6cfe19aed34b6a0420298866273d70f02d,images/2201cecdd3684bdf909ad8d9c444ac6cfe19aed34b6a0420298866273d70f02d.png,RRDataset,medium,1,0.9599665403366089
220b3bb0c02c94f87ea3ca68c216caf799e0d0561c132bd494678b1f634eb633,images/220b3bb0c02c94f87ea3ca68c216caf799e0d0561c132bd494678b1f634eb633.png,RRDataset,medium,1,0.987078070640564
221f4bf5cf93edc6765b243d396293b20441395e48e0b390daa4cf1edcf850a5,images/221f4bf5cf93edc6765b243d396293b20441395e48e0b390daa4cf1edcf850a5.jpg,RRDataset,medium,0,0.9138944745063782
22b239a0faf06fbd49ed094507986d70fd095a2dfdb6fb1ed7af39ad56e402f4,images/22b239a0faf06fbd49ed094507986d70fd095a2dfdb6fb1ed7af39ad56e402f4.jpg,ComplexDataLab/OpenFake,medium,0,0.0003499366284813732
22b32bafa7d23ac7ee065a75540bc3d8939c4ec413972be927c90a6d9eda6b40,images/22b32bafa7d23ac7ee065a75540bc3d8939c4ec413972be927c90a6d9eda6b40.png,ComplexDataLab/OpenFake,medium,1,0.8843321204185486
22b65e60c4f72e2154b8ed8816a1b979f87e36ce680d57dde8f550cade10efb3,images/22b65e60c4f72e2154b8ed8816a1b979f87e36ce680d57dde8f550cade10efb3.png,saberzl/SID_Set,medium,1,0.9794070720672607
22c62153792403ad5d7223c93ee68daa44da0bb2c7f5bbad9d6dc92212293a2e,images/22c62153792403ad5d7223c93ee68daa44da0bb2c7f5bbad9d6dc92212293a2e.jpg,saberzl/SID_Set,medium,0,0.379710853099823
231b2eb5907718354a23a4ffe402eea77fd5ddb9b3954bb3e1acb887db9fb1e7,images/231b2eb5907718354a23a4ffe402eea77fd5ddb9b3954bb3e1acb887db9fb1e7.jpg,saberzl/SID_Set,medium,0,0.9886681437492371
234591f69ed573280e146297f67a0ca4e9684628c61c615f18d590e48411ead1,images/234591f69ed573280e146297f67a0ca4e9684628c61c615f18d590e48411ead1.jpg,saberzl/SID_Set,medium,0,0.7032097578048706
235d9f65a8c97509cac0377ad675b47300331e576b4880821385f46069ad8af7,images/235d9f65a8c97509cac0377ad675b47300331e576b4880821385f46069ad8af7.jpg,saberzl/SID_Set,medium,0,0.7279922962188721
238dc01f477361205f1b78148e651bdfffc9cea68a859313f1a3a9308041c57e,images/238dc01f477361205f1b78148e651bdfffc9cea68a859313f1a3a9308041c57e.jpg,ComplexDataLab/OpenFake,medium,0,0.7215789556503296
238f3f97f7aa7d51e8b51f42cf43558963d24bb428107062086cb1b43debe4df,images/238f3f97f7aa7d51e8b51f42cf43558963d24bb428107062086cb1b43debe4df.jpg,RRDataset,medium,0,0.48278552293777466
23ce68dba52b13b525d1eecd7d7dd44bc386626a7e5280702bfc4d78829d02ce,images/23ce68dba52b13b525d1eecd7d7dd44bc386626a7e5280702bfc4d78829d02ce.png,RRDataset,medium,1,0.959932267665863
2425df686c4ebb5e3e0b5434242f3bac26b9530f63ac0e3234a9c3d57c338a71,images/2425df686c4ebb5e3e0b5434242f3bac26b9530f63ac0e3234a9c3d57c338a71.png,RRDataset,medium,1,0.8267548680305481
242e086db920de3955a343d8eb63dad5ac3ba06e4106b2f68863761f4a72f0f3,images/242e086db920de3955a343d8eb63dad5ac3ba06e4106b2f68863761f4a72f0f3.jpg,RRDataset,medium,0,0.8556097745895386
2432540bf787360e4d81b58b71bf29c5c24dfa6a866bbba40e44ab7bb9df3fea,images/2432540bf787360e4d81b58b71bf29c5c24dfa6a866bbba40e44ab7bb9df3fea.png,ComplexDataLab/OpenFake,medium,1,0.3098345696926117
2432f6e46cb39daab2bed6d38a310b02606bab3d8c56a2d08e30a901e9cb5fc2,images/2432f6e46cb39daab2bed6d38a310b02606bab3d8c56a2d08e30a901e9cb5fc2.jpg,ComplexDataLab/OpenFake,medium,0,0.04016058146953583
244fa1c119c5f1ce6c620608b80d69fa37d770ac565d804261d32e5baade078f,images/244fa1c119c5f1ce6c620608b80d69fa37d770ac565d804261d32e5baade078f.png,ComplexDataLab/OpenFake,medium,1,0.970207691192627
245405dca9ff5ec91ce902a813c082c9eb32fc09f6b4e9f2e70f5834ab8c662c,images/245405dca9ff5ec91ce902a813c082c9eb32fc09f6b4e9f2e70f5834ab8c662c.png,saberzl/SID_Set,medium,1,0.9972416162490845
2464ffea6ce769bd90e3a9fbbe112c208def23ca724c9cec8d643f646ef02f07,images/2464ffea6ce769bd90e3a9fbbe112c208def23ca724c9cec8d643f646ef02f07.jpg,RRDataset,medium,0,0.9557754397392273
249bc76070d4b6dac7fe2d9cd4f9022791155cf53f40ac77a1f1a46824f25d0e,images/249bc76070d4b6dac7fe2d9cd4f9022791155cf53f40ac77a1f1a46824f25d0e.jpg,ComplexDataLab/OpenFake,medium,0,5.687319571734406e-05
249ed2311afff5c2337482ce2f19767ce5ee31877cc83e4b778e2818adb1ace0,images/249ed2311afff5c2337482ce2f19767ce5ee31877cc83e4b778e2818adb1ace0.png,RRDataset,medium,1,0.9951175451278687
24b723f3555be4d0e4a65141ebfc7ffc990649e739d77443490d7dcffa29c9e5,images/24b723f3555be4d0e4a65141ebfc7ffc990649e739d77443490d7dcffa29c9e5.png,ComplexDataLab/OpenFake,medium,1,0.9055649042129517
24c4c671e918f7c19c59fa17dac7809a009b16b52d067a00052474c8226306aa,images/24c4c671e918f7c19c59fa17dac7809a009b16b52d067a00052474c8226306aa.png,saberzl/SID_Set,medium,1,0.921128511428833
25075697d21dec2a3be2c216625a8dc03306d1be27c3518210be1bcee7964c2b,images/25075697d21dec2a3be2c216625a8dc03306d1be27c3518210be1bcee7964c2b.png,RRDataset,medium,1,0.9623459577560425
25132420b6932c0a4cfd259d844dbcca97fd730286082f42486ebb93b5eeb8d7,images/25132420b6932c0a4cfd259d844dbcca97fd730286082f42486ebb93b5eeb8d7.jpg,ComplexDataLab/OpenFake,medium,0,0.8556895852088928
2561b5aef1af714dc2ad6572b1e0aa8307ee3c28307a41d41b707548d7b48049,images/2561b5aef1af714dc2ad6572b1e0aa8307ee3c28307a41d41b707548d7b48049.png,RRDataset,medium,1,0.9453722834587097
258a4fff7d57375204900017cb13fc6f61e4a297958d1c00f29a75e508b16283,images/258a4fff7d57375204900017cb13fc6f61e4a297958d1c00f29a75e508b16283.png,ComplexDataLab/OpenFake,medium,1,0.8384072184562683
259b62241565cbddbedef0871964e97143e41b4a1621eabb59f1ff8af137fd40,images/259b62241565cbddbedef0871964e97143e41b4a1621eabb59f1ff8af137fd40.png,saberzl/SID_Set,medium,1,0.9888797998428345
25a391bc2db5bf67c2da56c8dff03dea99a8770533c4bd0917c97eb299a39196,images/25a391bc2db5bf67c2da56c8dff03dea99a8770533c4bd0917c97eb299a39196.jpg,ComplexDataLab/OpenFake,medium,0,0.2515239417552948
25d07d57f81624369be866dcd8fecd85ad963fc948fab84d03b28fa6f66f087e,images/25d07d57f81624369be866dcd8fecd85ad963fc948fab84d03b28fa6f66f087e.png,RRDataset,medium,1,0.9776132702827454
25dbc9bb5f629818a89bffefe0d640280652b4cbef2fa34f02dc519dd1812618,images/25dbc9bb5f629818a89bffefe0d640280652b4cbef2fa34f02dc519dd1812618.jpg,RRDataset,medium,0,0.37698128819465637
25f6ca5da1c27d4b83b2f225eed83fa221a80ad802611b382dbb28aa180232cd,images/25f6ca5da1c27d4b83b2f225eed83fa221a80ad802611b382dbb28aa180232cd.jpg,ComplexDataLab/OpenFake,medium,0,0.49580925703048706
2615f941b64aa628d24d16cdb7d1da7a2f9975815d49d3f8969eb4fc672b75d9,images/2615f941b64aa628d24d16cdb7d1da7a2f9975815d49d3f8969eb4fc672b75d9.jpg,ComplexDataLab/OpenFake,medium,0,0.007302653510123491
26554ec623d577e9f032586e09f08cd4b2fdcb872c8bffb65eaa0d6e0dba4a29,images/26554ec623d577e9f032586e09f08cd4b2fdcb872c8bffb65eaa0d6e0dba4a29.jpg,saberzl/SID_Set,medium,0,0.8958498239517212
26a57244bce0d8d73e339fb823acfc14134ed844ef1ea28d18826105599261ca,images/26a57244bce0d8d73e339fb823acfc14134ed844ef1ea28d18826105599261ca.jpg,saberzl/SID_Set,medium,0,0.9015119075775146
26d1386fe0f18bd55800603f8bc81c87b95c42438ab94de90088248282620a30,images/26d1386fe0f18bd55800603f8bc81c87b95c42438ab94de90088248282620a30.jpg,saberzl/SID_Set,medium,0,0.28911104798316956
270f6736a2490a238b1a6ed9c97d76adc0a80fad88e3f3e47a9053db2fdc56f5,images/270f6736a2490a238b1a6ed9c97d76adc0a80fad88e3f3e47a9053db2fdc56f5.png,RRDataset,medium,1,0.8960787653923035
273990b3d2312cbca678fc53171979ca5a1b19948f05d1647e9136091731c7d4,images/273990b3d2312cbca678fc53171979ca5a1b19948f05d1647e9136091731c7d4.png,ComplexDataLab/OpenFake,medium,1,0.9964786171913147
274bfe7ff8a246a7504670a9e62b7ded3b7c7355206da3bc8ddbd26fd1ec9f00,images/274bfe7ff8a246a7504670a9e62b7ded3b7c7355206da3bc8ddbd26fd1ec9f00.jpg,RRDataset,medium,0,0.8715513944625854
275d599c78b270ae7a59a921d94febffe3a86d55455897e09cb33a3e1346e8b7,images/275d599c78b270ae7a59a921d94febffe3a86d55455897e09cb33a3e1346e8b7.jpg,saberzl/SID_Set,medium,0,0.10027389973402023
27676cf12a8579e86c2903278ca9895b83138016d5de96f94183b0b0dd736a5f,images/27676cf12a8579e86c2903278ca9895b83138016d5de96f94183b0b0dd736a5f.jpg,ComplexDataLab/OpenFake,medium,0,0.8798498511314392
27959c275c42cb9bef4bb287672e84e13c39ac9bbe2e8cc2990133948315944a,images/27959c275c42cb9bef4bb287672e84e13c39ac9bbe2e8cc2990133948315944a.jpg,ComplexDataLab/OpenFake,medium,0,0.0317259207367897
279cc96aa5a815ac379898e3a41e9107cfbb9873b843654265e22cf576ada49f,images/279cc96aa5a815ac379898e3a41e9107cfbb9873b843654265e22cf576ada49f.jpg,RRDataset,medium,0,0.9896796941757202
27a886a9c1db43eb8f36f42ac30d2024be1a476db0fc3e61cd4ecc06e36655fe,images/27a886a9c1db43eb8f36f42ac30d2024be1a476db0fc3e61cd4ecc06e36655fe.jpg,saberzl/SID_Set,medium,0,0.16305716335773468
27bac3f84c7ce9a35e80c48e466ef30e4a5c0951f021a15f546c8f60d22cf429,images/27bac3f84c7ce9a35e80c48e466ef30e4a5c0951f021a15f546c8f60d22cf429.jpg,RRDataset,medium,0,0.9487547874450684
27c0c0973196a2d3c89f636e7b6068a17bd860804c862891d36284660d5d33b1,images/27c0c0973196a2d3c89f636e7b6068a17bd860804c862891d36284660d5d33b1.jpg,ComplexDataLab/OpenFake,medium,0,0.0032973375637084246
27f6a88a65545ffb99a694d639ce6f5f1a582803a771d843303f34c15d8a3683,images/27f6a88a65545ffb99a694d639ce6f5f1a582803a771d843303f34c15d8a3683.jpg,saberzl/SID_Set,medium,0,0.17382530868053436
281a4ff1e2fef3e13002c26c1821f6462729cef1ffdc184ce6538da338d82c0e,images/281a4ff1e2fef3e13002c26c1821f6462729cef1ffdc184ce6538da338d82c0e.jpg,ComplexDataLab/OpenFake,medium,0,0.9183257222175598
2823a509f7661ac9f4141e8e2a0a14219094c3b8acb571b1e1148fe48b6a26a2,images/2823a509f7661ac9f4141e8e2a0a14219094c3b8acb571b1e1148fe48b6a26a2.jpg,ComplexDataLab/OpenFake,medium,0,0.2398577183485031
2885a5072993bac19f66407d19c14f3f48b6bff88b6becaef4e2ddc51adcbc83,images/2885a5072993bac19f66407d19c14f3f48b6bff88b6becaef4e2ddc51adcbc83.jpg,RRDataset,medium,0,0.19301940500736237
2896e9ee6e0a02103f7c252ab54f66d6e699e4480e860083a15070c6bc5d4e0b,images/2896e9ee6e0a02103f7c252ab54f66d6e699e4480e860083a15070c6bc5d4e0b.png,RRDataset,medium,1,0.9971318244934082
28a9df12939258b439a3fad4aefdc05fd09fb5bf4c9e4903658767cc06259477,images/28a9df12939258b439a3fad4aefdc05fd09fb5bf4c9e4903658767cc06259477.jpg,RRDataset,medium,1,0.8932428359985352
28aad55f47cc94fac797b797c40ef886632c61d770031b77ef253ee2f8f4cb75,images/28aad55f47cc94fac797b797c40ef886632c61d770031b77ef253ee2f8f4cb75.png,RRDataset,medium,1,0.9978525638580322
28cadb11b39940bceee2169f86611add06bed6126976518c32f40be142d8d695,images/28cadb11b39940bceee2169f86611add06bed6126976518c32f40be142d8d695.png,ComplexDataLab/OpenFake,medium,1,0.12106247246265411
28d7ce5200fff94bb0609a5486b19029014d00d9ced09de467c8b50b4f33a783,images/28d7ce5200fff94bb0609a5486b19029014d00d9ced09de467c8b50b4f33a783.png,ComplexDataLab/OpenFake,medium,1,0.9804348945617676
28e860fdcc4bdcd090b8760c9adb072c0ed63bb86d522cad1ab4be0e73af4e1b,images/28e860fdcc4bdcd090b8760c9adb072c0ed63bb86d522cad1ab4be0e73af4e1b.png,saberzl/SID_Set,medium,1,0.9993014335632324
28fa0466753ac97f41c7ae89a4e634aa2b63c6f5964a5c77d221cbf2277f4c8f,images/28fa0466753ac97f41c7ae89a4e634aa2b63c6f5964a5c77d221cbf2277f4c8f.webp,ComplexDataLab/OpenFake,medium,1,0.8777216672897339
28fc59b4391c8122a172865fc538818bb35aa55831a7ade2ef0b490659dcdb75,images/28fc59b4391c8122a172865fc538818bb35aa55831a7ade2ef0b490659dcdb75.jpg,saberzl/SID_Set,medium,0,0.5164221525192261
291ed8d64a11d62e45c507d5c44add44d264f8b69dc07f32fec160aa91d51282,images/291ed8d64a11d62e45c507d5c44add44d264f8b69dc07f32fec160aa91d51282.png,RRDataset,medium,1,0.9806113243103027
292126a83a0b2418b772d4883d6f469e86e0dd1688dda27dfda6fe2785b5a35d,images/292126a83a0b2418b772d4883d6f469e86e0dd1688dda27dfda6fe2785b5a35d.png,saberzl/SID_Set,medium,1,0.9693189263343811
2943a0b308a45d7150970bef160a0c67bf3768bf50ecb552e76ca85dd2716003,images/2943a0b308a45d7150970bef160a0c67bf3768bf50ecb552e76ca85dd2716003.jpg,ComplexDataLab/OpenFake,medium,0,7.053015724522993e-05
2947b67f7d93e8aafd3f99119d193d7af0042231e2c2246f1669297fd339c4a0,images/2947b67f7d93e8aafd3f99119d193d7af0042231e2c2246f1669297fd339c4a0.png,saberzl/SID_Set,medium,1,0.9579179286956787
29680b6392c2fe73c93b893367d55d0cdc9b6690b49086f115f9d1915d62b914,images/29680b6392c2fe73c93b893367d55d0cdc9b6690b49086f115f9d1915d62b914.jpg,ComplexDataLab/OpenFake,medium,0,0.048596303910017014
29681f1da9acdd16b0b32b6cfeecc3d85eddfb25563cdccaf141304e4265bf36,images/29681f1da9acdd16b0b32b6cfeecc3d85eddfb25563cdccaf141304e4265bf36.png,ComplexDataLab/OpenFake,medium,1,0.985220193862915
29773d60470655d4b32829ad4bb82577d9a9079c65a372d7a7eb927097648c69,images/29773d60470655d4b32829ad4bb82577d9a9079c65a372d7a7eb927097648c69.png,saberzl/SID_Set,medium,1,0.9811291098594666
299f3eee2127a6d5950cfeae126b9eb577848a570ecb4558a6376ef643c2847d,images/299f3eee2127a6d5950cfeae126b9eb577848a570ecb4558a6376ef643c2847d.png,saberzl/SID_Set,medium,1,0.9349494576454163
29a3654ae40ffb4317969610caa2668b26bf36abd97199a33d5c3a828a4012ea,images/29a3654ae40ffb4317969610caa2668b26bf36abd97199a33d5c3a828a4012ea.jpg,RRDataset,medium,0,0.866009533405304
29ba495ee9db933e84d3a5bb5aa1fc07cda00e1502bb6622175ac5d7b1226d2e,images/29ba495ee9db933e84d3a5bb5aa1fc07cda00e1502bb6622175ac5d7b1226d2e.jpg,saberzl/SID_Set,medium,0,0.0041556162759661674
2a0e686e53313dceb6234e6122ae9c81b27b54b473105674802669bc6250e0df,images/2a0e686e53313dceb6234e6122ae9c81b27b54b473105674802669bc6250e0df.png,saberzl/SID_Set,medium,1,0.9911337494850159
2a0f8aa142baf462488190b5901f67be6927bc4a0760ebcea00235ad5385a7b5,images/2a0f8aa142baf462488190b5901f67be6927bc4a0760ebcea00235ad5385a7b5.jpg,RRDataset,medium,0,0.184153214097023
2a2c78b2cbf7c7f2c35664165da446b51911fa59b41e825256c10b2ca3778197,images/2a2c78b2cbf7c7f2c35664165da446b51911fa59b41e825256c10b2ca3778197.jpg,saberzl/SID_Set,medium,0,0.987203061580658
2a2dae5c8c368a180bd5bb6a244b4ed579432e49aed447816fa23a95422791f0,images/2a2dae5c8c368a180bd5bb6a244b4ed579432e49aed447816fa23a95422791f0.jpg,RRDataset,medium,0,0.9025745391845703
2a5aeba114ea5646a874c71faa71890d3089d0770880c1be772c49ebca5bba2a,images/2a5aeba114ea5646a874c71faa71890d3089d0770880c1be772c49ebca5bba2a.jpg,saberzl/SID_Set,medium,0,0.07476045936346054
2a71416bd56fbf41e6477b2fb5e7fcaa7922a1cf10966c623f8cdcf35a504262,images/2a71416bd56fbf41e6477b2fb5e7fcaa7922a1cf10966c623f8cdcf35a504262.jpg,saberzl/SID_Set,medium,0,0.31563225388526917
2ac9177444263973f36c8a885913841ac881cd7e43fa29fdd7c5fa0d051faf2b,images/2ac9177444263973f36c8a885913841ac881cd7e43fa29fdd7c5fa0d051faf2b.png,RRDataset,medium,1,0.8940790295600891
2afea4deb8302970fcd39a773ccee969ccf72f4b7cc54285663df7aa5cc65d64,images/2afea4deb8302970fcd39a773ccee969ccf72f4b7cc54285663df7aa5cc65d64.png,ComplexDataLab/OpenFake,medium,1,0.339852899312973
2b11cf7acaf1da939198187526f00d6d99d44a2905ae33d71d2d4b602bc5cd4c,images/2b11cf7acaf1da939198187526f00d6d99d44a2905ae33d71d2d4b602bc5cd4c.jpg,saberzl/SID_Set,medium,0,0.4451245367527008
2b1492034c8be174af5a505272a20e2507b001473567615d4c0b45d96284bb25,images/2b1492034c8be174af5a505272a20e2507b001473567615d4c0b45d96284bb25.jpg,RRDataset,medium,0,0.6944267153739929
2b2ac564e369183734573985705ff4560a97d7a45122d11d0782eb887169cb55,images/2b2ac564e369183734573985705ff4560a97d7a45122d11d0782eb887169cb55.png,RRDataset,medium,1,0.9828284382820129
2b2c58d58c1dea1f4517af7c9ba93c1762c35420f903eea52fd9038873c847dc,images/2b2c58d58c1dea1f4517af7c9ba93c1762c35420f903eea52fd9038873c847dc.jpg,RRDataset,medium,0,0.13367187976837158
2b2c9cbf3fd0894ab127c7fa493d8252d3cda0c007b76f565452d02a369fb1e5,images/2b2c9cbf3fd0894ab127c7fa493d8252d3cda0c007b76f565452d02a369fb1e5.png,ComplexDataLab/OpenFake,medium,1,0.6189417839050293
2b7d8068b766410a483dd8946aad2d30415b70b34c352d99bdf591007e66bee3,images/2b7d8068b766410a483dd8946aad2d30415b70b34c352d99bdf591007e66bee3.jpg,saberzl/SID_Set,medium,0,0.00123998848721385
2b894bff7e5ab3ef0fa03c9d2358f96c36f26780a62e8da2afbcb04483c0086d,images/2b894bff7e5ab3ef0fa03c9d2358f96c36f26780a62e8da2afbcb04483c0086d.png,saberzl/SID_Set,medium,1,0.9899999499320984
2ba9f2ad281358c669664fd53ba16a4b0f73780b37184c4831ecec07d96c9464,images/2ba9f2ad281358c669664fd53ba16a4b0f73780b37184c4831ecec07d96c9464.png,saberzl/SID_Set,medium,1,0.9919074773788452
2bad6545769eb0eda280565963ae92cd261388a316f91ddbbb208cf68a82d598,images/2bad6545769eb0eda280565963ae92cd261388a316f91ddbbb208cf68a82d598.jpg,RRDataset,medium,0,0.8981052041053772
2bbc439f793138b7c3b99e9457d3c2ff7e8a57274760e565bbc549763475b626,images/2bbc439f793138b7c3b99e9457d3c2ff7e8a57274760e565bbc549763475b626.jpg,ComplexDataLab/OpenFake,medium,0,0.7740800976753235
2c16f8e7e37401d5e6b43dc529c8358f1178a46082940c92713cd07a1a8b4b33,images/2c16f8e7e37401d5e6b43dc529c8358f1178a46082940c92713cd07a1a8b4b33.jpg,RRDataset,medium,0,0.6195088624954224
2c1e2af504ffce84a1527da7070ca92b08b16444a1bbbcbe6fbc874dc143e7ea,images/2c1e2af504ffce84a1527da7070ca92b08b16444a1bbbcbe6fbc874dc143e7ea.jpg,RRDataset,medium,1,0.2375655323266983
2c4046be54a5534553c2d07ea0529fe42cf5be8448756c7a37e4e29e154d020e,images/2c4046be54a5534553c2d07ea0529fe42cf5be8448756c7a37e4e29e154d020e.png,saberzl/SID_Set,medium,1,0.9732598066329956
2c61e5a2ad87942c11036759b40c98692c7b6cf06ab3b2a3c771f31dea5a73e8,images/2c61e5a2ad87942c11036759b40c98692c7b6cf06ab3b2a3c771f31dea5a73e8.jpg,ComplexDataLab/OpenFake,medium,0,0.009571701288223267
2c78191d83992e731b62b547939e68e30de8c9850fcdf39181aa10039ae73c84,images/2c78191d83992e731b62b547939e68e30de8c9850fcdf39181aa10039ae73c84.jpg,RRDataset,medium,0,0.912220299243927
2cc8811be7a4f5ac03f084dba2944a54924d1aa807ad1308375f88768cd78836,images/2cc8811be7a4f5ac03f084dba2944a54924d1aa807ad1308375f88768cd78836.png,saberzl/SID_Set,medium,1,0.9757649302482605
2cd302268bcb1b5470907211340d97c0a808cd4f5079925826838b61938bb96b,images/2cd302268bcb1b5470907211340d97c0a808cd4f5079925826838b61938bb96b.jpg,RRDataset,medium,0,0.9032297134399414
2cedd046a1bf6aa83ead3528de882b12bfb8b3cdb79ff6f812e7621ae43e7619,images/2cedd046a1bf6aa83ead3528de882b12bfb8b3cdb79ff6f812e7621ae43e7619.jpg,saberzl/SID_Set,medium,0,0.04464516416192055
2cff00c7f79e9711c904a2810e7d2585f60fc08d107e2c7c944363dbf12eb878,images/2cff00c7f79e9711c904a2810e7d2585f60fc08d107e2c7c944363dbf12eb878.jpg,saberzl/SID_Set,medium,0,0.745479941368103
2d04048fda81ba7530e3dad24b4121242123bc5409faff6fef289290aaae9d08,images/2d04048fda81ba7530e3dad24b4121242123bc5409faff6fef289290aaae9d08.jpg,ComplexDataLab/OpenFake,medium,0,0.0029769467655569315
2d1d1b0034d983c3552cd0a6842080e0a0ffa8e45bc3974cf4d593da53f44825,images/2d1d1b0034d983c3552cd0a6842080e0a0ffa8e45bc3974cf4d593da53f44825.png,RRDataset,medium,1,0.897673487663269
2d391874f9fae7303f4aaee54b5b880e68f208c0f037c52a5f0d9e6154a6cf9d,images/2d391874f9fae7303f4aaee54b5b880e68f208c0f037c52a5f0d9e6154a6cf9d.png,ComplexDataLab/OpenFake,medium,1,0.5322939157485962
2e025f6d395309f0b4c489a4efddaf3467ed23518bad3e1468d3f190155bf7c3,images/2e025f6d395309f0b4c489a4efddaf3467ed23518bad3e1468d3f190155bf7c3.jpg,RRDataset,medium,0,0.5678932666778564
2e1914ab09691e55c6f49ca4d481b0e36265b74f98c8737ca432288d202c5bae,images/2e1914ab09691e55c6f49ca4d481b0e36265b74f98c8737ca432288d202c5bae.jpg,RRDataset,medium,0,0.9880373477935791
2e1ff99c1f4cd9306a6fa9255334eb54cc2e68f796c7144549435fd5a1008ca7,images/2e1ff99c1f4cd9306a6fa9255334eb54cc2e68f796c7144549435fd5a1008ca7.png,RRDataset,medium,1,0.8560684323310852
2e2057104c6913d55bf44b57479bd6126bcf6c33eb4ccd8469787b4587efeb84,images/2e2057104c6913d55bf44b57479bd6126bcf6c33eb4ccd8469787b4587efeb84.jpg,RRDataset,medium,0,0.2913542091846466
2e34205327010e31e5a4d55e4b66d2aa9715990701c62d60e4b204cb8948901f,images/2e34205327010e31e5a4d55e4b66d2aa9715990701c62d60e4b204cb8948901f.jpg,RRDataset,medium,0,0.9458597898483276
2e4a8c113c6474337f27b6c3dfb0800d5528fdcc2e4677aae8915313f84fba07,images/2e4a8c113c6474337f27b6c3dfb0800d5528fdcc2e4677aae8915313f84fba07.jpg,saberzl/SID_Set,medium,0,0.0064741396345198154
2e87e0b4c29bb18868b31a4cc57a4bc3eac10c7f8f11df578edd49811f9e2375,images/2e87e0b4c29bb18868b31a4cc57a4bc3eac10c7f8f11df578edd49811f9e2375.png,ComplexDataLab/OpenFake,medium,1,0.9980669617652893
2e9ad884489c58699a677369db209666bad59fff1c92a84a500db311e12af6ea,images/2e9ad884489c58699a677369db209666bad59fff1c92a84a500db311e12af6ea.jpg,saberzl/SID_Set,medium,0,0.3578898310661316
2ee27d64dd6abc8757b5352bba40781b20e981690c2db22cd649af8c831cb2fc,images/2ee27d64dd6abc8757b5352bba40781b20e981690c2db22cd649af8c831cb2fc.png,ComplexDataLab/OpenFake,medium,1,0.7054792642593384
2ef9deb9e5df67e7051de34343e46a1724872bbb050445255ffa4922b3b5429b,images/2ef9deb9e5df67e7051de34343e46a1724872bbb050445255ffa4922b3b5429b.jpg,ComplexDataLab/OpenFake,medium,0,0.16017168760299683
2f078c8010aef235e6d0fcff95dfa218956c8a4ab0ee1c472b6c33f6a2d51bc2,images/2f078c8010aef235e6d0fcff95dfa218956c8a4ab0ee1c472b6c33f6a2d51bc2.png,RRDataset,medium,1,0.9334834218025208
2f4e52767856766db3b8c93ba96a98cc7caa6117fdbdb472e6cc2e12628e4707,images/2f4e52767856766db3b8c93ba96a98cc7caa6117fdbdb472e6cc2e12628e4707.jpg,ComplexDataLab/OpenFake,medium,0,0.12261135876178741
2f50e5b10e7942a4a438ac4d35a041ec8125effcf600625abd80bcc10568615f,images/2f50e5b10e7942a4a438ac4d35a041ec8125effcf600625abd80bcc10568615f.jpg,RRDataset,medium,0,0.8478325605392456
2f6710bfbad7a6464ab7122d444c68191b2827aa2736bf8cc8879843591d82e3,images/2f6710bfbad7a6464ab7122d444c68191b2827aa2736bf8cc8879843591d82e3.jpg,RRDataset,medium,0,0.9978698492050171
2f715c1d6a6e245d4319a4eb351947e23088146f2d9ee7648404082989056fa3,images/2f715c1d6a6e245d4319a4eb351947e23088146f2d9ee7648404082989056fa3.jpg,RRDataset,medium,0,0.2490270435810089
2f7b11bca7fa597d82b033ce7b2e54ae82eef87ca7e7d2282ad961378243a816,images/2f7b11bca7fa597d82b033ce7b2e54ae82eef87ca7e7d2282ad961378243a816.jpg,ComplexDataLab/OpenFake,medium,0,0.015190716832876205
2f9270b47fb2c46f51e204d1d3fc260ab3628d1b52fa23d9257859ffe8f09402,images/2f9270b47fb2c46f51e204d1d3fc260ab3628d1b52fa23d9257859ffe8f09402.jpg,RRDataset,medium,0,0.020609287545084953
30077fb1c987f946135c6065ceb145aabfe00b3e7be7a8d1d9350fe7360f6160,images/30077fb1c987f946135c6065ceb145aabfe00b3e7be7a8d1d9350fe7360f6160.png,saberzl/SID_Set,medium,1,0.9499216675758362
3043d6f4f21d52ab39952f9e5c5384481be9704fd689be3d9674c97bf9d38ec1,images/3043d6f4f21d52ab39952f9e5c5384481be9704fd689be3d9674c97bf9d38ec1.png,saberzl/SID_Set,medium,1,0.9924830794334412
30568b4bdba0c59f5ce767b4f0fde65d74b8ce92093bdd7619d19777e72c4500,images/30568b4bdba0c59f5ce767b4f0fde65d74b8ce92093bdd7619d19777e72c4500.png,saberzl/SID_Set,medium,1,0.9863077998161316
30bbeeebf2154d6e1244199bee24ffd07f687dee3e8d19bdccad83455b3f3281,images/30bbeeebf2154d6e1244199bee24ffd07f687dee3e8d19bdccad83455b3f3281.png,RRDataset,medium,1,0.6021822094917297
30d7352552aced17ab1270f1ed38a611e87bb75a007aa03bf80c995b56c365e5,images/30d7352552aced17ab1270f1ed38a611e87bb75a007aa03bf80c995b56c365e5.png,ComplexDataLab/OpenFake,medium,1,0.9780554175376892
312180e2c05a28ed1b8efd668b452bba2fb14024a7b0183c8d75b556a28c147a,images/312180e2c05a28ed1b8efd668b452bba2fb14024a7b0183c8d75b556a28c147a.png,ComplexDataLab/OpenFake,medium,1,0.9352256059646606
3121fff0fb06fee74ee7ce171da90cc639f6846786abbf7d582cbd4293e44512,images/3121fff0fb06fee74ee7ce171da90cc639f6846786abbf7d582cbd4293e44512.png,ComplexDataLab/OpenFake,medium,1,0.998635470867157
313cce82f3c03c637047ef4b59efd76e69a9baf6729b30d971da75fe60bce2ea,images/313cce82f3c03c637047ef4b59efd76e69a9baf6729b30d971da75fe60bce2ea.png,RRDataset,medium,1,0.9339361786842346
31615e31a6ee25d01f678556dd0d4b637b40db890e6e52ac307dc3469de7da21,images/31615e31a6ee25d01f678556dd0d4b637b40db890e6e52ac307dc3469de7da21.png,saberzl/SID_Set,medium,1,0.9947522878646851
31c96ec1c4d00cee1f5cf7e973062c9d4197222a845d4c2ec606d5179b0037f6,images/31c96ec1c4d00cee1f5cf7e973062c9d4197222a845d4c2ec606d5179b0037f6.jpg,ComplexDataLab/OpenFake,medium,0,0.00028453883714973927
32065675afc7fb5b8a8196675c978130f00681b9f2b64cdf977f6508e49da7d0,images/32065675afc7fb5b8a8196675c978130f00681b9f2b64cdf977f6508e49da7d0.png,RRDataset,medium,1,0.9814857840538025
323ada0deac835aa02eb5d023c1cb59fce4ba68cc6d85fb3193bfbf8ea74d924,images/323ada0deac835aa02eb5d023c1cb59fce4ba68cc6d85fb3193bfbf8ea74d924.png,saberzl/SID_Set,medium,1,0.981010377407074
323bb2fadc70a402c9fd59d98726fa5612b37ae5ff9f63613af0d331e376e845,images/323bb2fadc70a402c9fd59d98726fa5612b37ae5ff9f63613af0d331e376e845.jpg,saberzl/SID_Set,medium,0,0.019719703122973442
324a9a40366c76e5b55a995f9d60fe960dadfa74a184fbc013cb4d360f70f266,images/324a9a40366c76e5b55a995f9d60fe960dadfa74a184fbc013cb4d360f70f266.jpg,RRDataset,medium,0,0.7745885252952576
3295f87206de31aa4b97ad0feef9b9eccfccccec5209545c7efbb6fa5418d82a,images/3295f87206de31aa4b97ad0feef9b9eccfccccec5209545c7efbb6fa5418d82a.png,saberzl/SID_Set,medium,1,0.9236053824424744
330f404ffd3d6dbec9f8dd5ad04355854da70cb19b3a16cb390be41f72c51dca,images/330f404ffd3d6dbec9f8dd5ad04355854da70cb19b3a16cb390be41f72c51dca.jpg,RRDataset,medium,0,0.134303018450737
3326ce9d8557a3531d3eeae239a4692bf8db0cbb5c34161ff6e94a3f57f98c11,images/3326ce9d8557a3531d3eeae239a4692bf8db0cbb5c34161ff6e94a3f57f98c11.jpg,saberzl/SID_Set,medium,0,0.5333387851715088
33484880eed1968cd54d18e9b4a61c7b98cde871241563e9f97d2864043eb09c,images/33484880eed1968cd54d18e9b4a61c7b98cde871241563e9f97d2864043eb09c.png,ComplexDataLab/OpenFake,medium,1,0.9943706393241882
3351fd00977d9b9b7141a2c75e71c9762d81f8d3ec1b29c1d20f6910f2f0108c,images/3351fd00977d9b9b7141a2c75e71c9762d81f8d3ec1b29c1d20f6910f2f0108c.png,ComplexDataLab/OpenFake,medium,1,0.9324409365653992
3357298b6233ebb421b74d603162697dfa22e0306554ccc22efa9b0e0e61b93d,images/3357298b6233ebb421b74d603162697dfa22e0306554ccc22efa9b0e0e61b93d.png,saberzl/SID_Set,medium,1,0.7593372464179993
335fe38c59ae1f845cabd5d063d20f4c9019f19f78de4cfa3779a644f0d8f462,images/335fe38c59ae1f845cabd5d063d20f4c9019f19f78de4cfa3779a644f0d8f462.jpg,RRDataset,medium,0,0.9603253602981567
33a1b26d3485cfc9f23634a7026fb65523fbf5e4a1a73f407c7c4abad9947c9d,images/33a1b26d3485cfc9f23634a7026fb65523fbf5e4a1a73f407c7c4abad9947c9d.jpg,RRDataset,medium,0,0.4682577848434448
33ec00f664817cab50c1ba97732b7214d71400e7fd474fcc9eb729ccb9d015d9,images/33ec00f664817cab50c1ba97732b7214d71400e7fd474fcc9eb729ccb9d015d9.png,ComplexDataLab/OpenFake,medium,1,0.9645047187805176
33f63c292351a238a642fabcbfafb9a33048e51593fa413d6b8d3345a16c2cb1,images/33f63c292351a238a642fabcbfafb9a33048e51593fa413d6b8d3345a16c2cb1.png,RRDataset,medium,1,0.9637495279312134
340dc663c9acd9d0107fab659067e9289d4ec8a60de1d82570424711d4c835b9,images/340dc663c9acd9d0107fab659067e9289d4ec8a60de1d82570424711d4c835b9.png,saberzl/SID_Set,medium,1,0.9575964212417603
344f699e4b73aafdda3a8bc284655662bfb26cdd0ad172b8d67b9b4950b00dda,images/344f699e4b73aafdda3a8bc284655662bfb26cdd0ad172b8d67b9b4950b00dda.jpg,RRDataset,medium,0,0.011374968104064465
3482eda7e6b9737bb23222fb54bb318c125396f7bc6312dc796dcd8938df532e,images/3482eda7e6b9737bb23222fb54bb318c125396f7bc6312dc796dcd8938df532e.jpg,RRDataset,medium,0,0.7597078084945679
34cddedfccad61fd9ba9b7b6ac4dac8d90f965a0035d2f31e01099418ecfd721,images/34cddedfccad61fd9ba9b7b6ac4dac8d90f965a0035d2f31e01099418ecfd721.png,saberzl/SID_Set,medium,1,0.9966183304786682
34e838ac1f8a3a49aced48cbe85d63cd99d8e4a87c7ea6aa1db09f385d65fcee,images/34e838ac1f8a3a49aced48cbe85d63cd99d8e4a87c7ea6aa1db09f385d65fcee.jpg,ComplexDataLab/OpenFake,medium,0,0.07157021760940552
34f29c4d2bc8fa7ac099cf1731789539b265cee378973f73f06968be4a856849,images/34f29c4d2bc8fa7ac099cf1731789539b265cee378973f73f06968be4a856849.png,saberzl/SID_Set,medium,1,0.9421187043190002
35af12cdc0bd48b7628ec4ee4b4abec71d180e5c135de340e60c5aa8d0f843c4,images/35af12cdc0bd48b7628ec4ee4b4abec71d180e5c135de340e60c5aa8d0f843c4.jpg,saberzl/SID_Set,medium,0,0.6503910422325134
35b5a9fc3add522d90627e19483b78f717aa18ce97c387f0b8db0db6970eeb63,images/35b5a9fc3add522d90627e19483b78f717aa18ce97c387f0b8db0db6970eeb63.jpg,ComplexDataLab/OpenFake,medium,0,0.47739240527153015
35bcb38d922e561044f97ddb10f228cfb7990f9fff03e8ea0e5c79d35bf2ea2d,images/35bcb38d922e561044f97ddb10f228cfb7990f9fff03e8ea0e5c79d35bf2ea2d.jpg,saberzl/SID_Set,medium,0,0.06591790169477463
35c0c4b2a38ed247e44d7ce9281a1baff42728935be482557e37104936a61bc1,images/35c0c4b2a38ed247e44d7ce9281a1baff42728935be482557e37104936a61bc1.jpg,saberzl/SID_Set,medium,0,0.00671848189085722
35cd683364a740fd9216886c42b6f0217e7722d223fa1213e6854310f7ff9e8a,images/35cd683364a740fd9216886c42b6f0217e7722d223fa1213e6854310f7ff9e8a.jpg,RRDataset,medium,0,0.8306320309638977
35e05afb2d0f36b7595d6b570c830f732b9920d8e8678960c31f3c03b1c874c4,images/35e05afb2d0f36b7595d6b570c830f732b9920d8e8678960c31f3c03b1c874c4.jpg,ComplexDataLab/OpenFake,medium,0,0.20305638015270233
36160460a3c5425e1fd8bf8266c88c8cb7e19080529f688cee3c2b813834c2e7,images/36160460a3c5425e1fd8bf8266c88c8cb7e19080529f688cee3c2b813834c2e7.png,saberzl/SID_Set,medium,1,0.9865078926086426
36169fe47a6bf1078b7aca697a1b63085c2df2bee3125b79e487da1c9f44c35d,images/36169fe47a6bf1078b7aca697a1b63085c2df2bee3125b79e487da1c9f44c35d.webp,ComplexDataLab/OpenFake,medium,1,0.9062274098396301
3628d787935f375938ac6a70317aef92ebcbf6c49e43e5d089ef6b7139499444,images/3628d787935f375938ac6a70317aef92ebcbf6c49e43e5d089ef6b7139499444.jpg,ComplexDataLab/OpenFake,medium,0,0.1581319272518158
36973c6888ff61b56438b9a2ab7c3e58c6f69c662c969a1c2f43d57d65c0135a,images/36973c6888ff61b56438b9a2ab7c3e58c6f69c662c969a1c2f43d57d65c0135a.png,ComplexDataLab/OpenFake,medium,1,0.21374039351940155
369ab2bab4336bb12f4250fda9b4eeb44a7f05d437eedc253e8f0d14a6537b90,images/369ab2bab4336bb12f4250fda9b4eeb44a7f05d437eedc253e8f0d14a6537b90.jpg,RRDataset,medium,0,0.7689103484153748
36a84c21d2cdf83dd233ac19a4387d815d8585f5abac716e4cabef29bad69b8a,images/36a84c21d2cdf83dd233ac19a4387d815d8585f5abac716e4cabef29bad69b8a.jpg,ComplexDataLab/OpenFake,medium,0,0.8127847909927368
36e0dc9c69064061c9d2a65143649387d19759b578fe345d12bf11f6b8d841d2,images/36e0dc9c69064061c9d2a65143649387d19759b578fe345d12bf11f6b8d841d2.jpg,ComplexDataLab/OpenFake,medium,0,0.02007557824254036
3714cb6f6c940b672f66b77efe3650e3be661817b3ae22b80a2925c6f4d26524,images/3714cb6f6c940b672f66b77efe3650e3be661817b3ae22b80a2925c6f4d26524.png,saberzl/SID_Set,medium,1,0.9031856656074524
3720995f1c964d3a7b9a39f5b11c23a29b4775030b60b56f428e7e1571c82df1,images/3720995f1c964d3a7b9a39f5b11c23a29b4775030b60b56f428e7e1571c82df1.jpg,RRDataset,medium,0,0.564530611038208
3732205d474dd6f2933b51987e5ce4046c4c6208ef2c80560495cbbea76e7c4b,images/3732205d474dd6f2933b51987e5ce4046c4c6208ef2c80560495cbbea76e7c4b.png,RRDataset,medium,1,0.9430958032608032
37596894c097c2a159eb352076c6330fa91d2e490d4e92aa7661ff20d5c64ae2,images/37596894c097c2a159eb352076c6330fa91d2e490d4e92aa7661ff20d5c64ae2.jpg,ComplexDataLab/OpenFake,medium,0,0.7847055792808533
376726dbd6ac636b3892c10992533e57d1e350c130733149d53af19474156d5f,images/376726dbd6ac636b3892c10992533e57d1e350c130733149d53af19474156d5f.jpg,ComplexDataLab/OpenFake,medium,0,0.0794864222407341
376ad66069d09ede4f8581fd2da1383225539bf1dccfe2f73986c59864dba314,images/376ad66069d09ede4f8581fd2da1383225539bf1dccfe2f73986c59864dba314.jpg,ComplexDataLab/OpenFake,medium,0,0.6177040338516235
376f971ef3139a5a57b5a3d0610604e9763fcd477dedf935e319a18125b86d72,images/376f971ef3139a5a57b5a3d0610604e9763fcd477dedf935e319a18125b86d72.png,saberzl/SID_Set,medium,1,0.986854076385498
3785aa39a5ec31bac9ce1a02a4c1defe531faf964166d772af69dd30d2538e93,images/3785aa39a5ec31bac9ce1a02a4c1defe531faf964166d772af69dd30d2538e93.jpg,RRDataset,medium,0,0.7605261206626892
37d3a785d7a51d92f688e37f116f4b27c355fe13bd820955867bd0d72dc2afbb,images/37d3a785d7a51d92f688e37f116f4b27c355fe13bd820955867bd0d72dc2afbb.jpg,ComplexDataLab/OpenFake,medium,0,0.09968133270740509
37e25093290509888141ba06d2b4f0df262689fbc347bf549c2cfabc1b883e7f,images/37e25093290509888141ba06d2b4f0df262689fbc347bf549c2cfabc1b883e7f.png,ComplexDataLab/OpenFake,medium,1,0.8903369903564453
37ef0036c7bab9cec0cd515c4c0361785649ebff79305d176811a1c7a0e39770,images/37ef0036c7bab9cec0cd515c4c0361785649ebff79305d176811a1c7a0e39770.png,ComplexDataLab/OpenFake,medium,1,0.8388622403144836
3807a5a64f279e119f2d349ab5e9f681d678609764fe2be0f9d5479a408da515,images/3807a5a64f279e119f2d349ab5e9f681d678609764fe2be0f9d5479a408da515.jpg,RRDataset,medium,0,0.9151381850242615
384017e7c90e09a745bd2b5fc0bae6561d7a2fc27e0d26ece34e9aa3a7ccb6bf,images/384017e7c90e09a745bd2b5fc0bae6561d7a2fc27e0d26ece34e9aa3a7ccb6bf.jpg,saberzl/SID_Set,medium,0,0.2580272853374481
38653f34c83b8f742e0114c93ee7b29bffb2fbaf1f78b9393cb06c9afe90082a,images/38653f34c83b8f742e0114c93ee7b29bffb2fbaf1f78b9393cb06c9afe90082a.png,RRDataset,medium,1,0.9849335551261902
3889ae8cb8aa66f857a5e230e0931c0f3147f33726c8b8e2b9e08144a1c448ec,images/3889ae8cb8aa66f857a5e230e0931c0f3147f33726c8b8e2b9e08144a1c448ec.png,saberzl/SID_Set,medium,1,0.9912987351417542
389c2b70b36389ee81aca3334a24dbd4ccb1687fe3807ca48b5120e90f473647,images/389c2b70b36389ee81aca3334a24dbd4ccb1687fe3807ca48b5120e90f473647.jpg,saberzl/SID_Set,medium,0,0.12706363201141357
38ba1962126b50a828b34daf2c1982f0b68cc223903950bca70d2d93c6ac888b,images/38ba1962126b50a828b34daf2c1982f0b68cc223903950bca70d2d93c6ac888b.jpg,RRDataset,medium,0,0.6040018796920776
38d4033ad01e549f999d36aad37fb039478ee2d95f1f4a4b939d39f09c877b86,images/38d4033ad01e549f999d36aad37fb039478ee2d95f1f4a4b939d39f09c877b86.png,RRDataset,medium,1,0.9390772581100464
38e3e55b7c4258fa7f1709e4fbb7cbb1aa1ab30f61d4d722d0d0f4eaa7edf0bc,images/38e3e55b7c4258fa7f1709e4fbb7cbb1aa1ab30f61d4d722d0d0f4eaa7edf0bc.png,RRDataset,medium,1,0.8425977230072021
38f6032a7df32c8af63114dd4f0d2ba4474cad6c9d4b242efdd31b6114e4635e,images/38f6032a7df32c8af63114dd4f0d2ba4474cad6c9d4b242efdd31b6114e4635e.jpg,ComplexDataLab/OpenFake,medium,0,0.012120986357331276
38fb6a733da658d0b7098204def683619672dbad203731296f22f7d4b6743226,images/38fb6a733da658d0b7098204def683619672dbad203731296f22f7d4b6743226.png,RRDataset,medium,1,0.9963679313659668
38fdc3119e8f7724ed1fa21314e18ddafc40080e19a7065d7dcbe6af06fb2072,images/38fdc3119e8f7724ed1fa21314e18ddafc40080e19a7065d7dcbe6af06fb2072.png,ComplexDataLab/OpenFake,medium,1,0.2582961618900299
3928bbdde33f7eed19df8a9c444db2cc42c1743d6599a09e536304e889fb7f43,images/3928bbdde33f7eed19df8a9c444db2cc42c1743d6599a09e536304e889fb7f43.jpg,ComplexDataLab/OpenFake,medium,0,0.4969671666622162
3930bb388e7b4e06f4d1b9cec5ad09b0d385cb7f974961697c39bcf74eaa1c54,images/3930bb388e7b4e06f4d1b9cec5ad09b0d385cb7f974961697c39bcf74eaa1c54.png,saberzl/SID_Set,medium,1,0.997316300868988
393f5a40f06ba0ffe95e4f84ba79ad6f307fe28b4b33cec74585b172ca45a393,images/393f5a40f06ba0ffe95e4f84ba79ad6f307fe28b4b33cec74585b172ca45a393.png,ComplexDataLab/OpenFake,medium,1,0.5966668128967285
394f7b0c0b0f90d2d8c2308a543ce64b2d5a407c62518c71231b2b9e1294bb1d,images/394f7b0c0b0f90d2d8c2308a543ce64b2d5a407c62518c71231b2b9e1294bb1d.jpg,RRDataset,medium,0,0.8236952424049377
3996aac320a00a68a5e5fea1c056d5cffd9d4e218e882e69acf3ff09fb4f56eb,images/3996aac320a00a68a5e5fea1c056d5cffd9d4e218e882e69acf3ff09fb4f56eb.jpg,ComplexDataLab/OpenFake,medium,0,0.04932473227381706
39a5ed9742cb015033ebb852d73df8c349653ed2ab6ee0c5d5c608da55627ed9,images/39a5ed9742cb015033ebb852d73df8c349653ed2ab6ee0c5d5c608da55627ed9.jpg,saberzl/SID_Set,medium,0,0.5536808967590332
39ec16041769b6a7b68ad08b8c382f4d9086f549fdd5f747bc23f0abf1ed456b,images/39ec16041769b6a7b68ad08b8c382f4d9086f549fdd5f747bc23f0abf1ed456b.jpg,RRDataset,medium,0,0.3614376187324524
3a10e2a35e5ac0a621f3ab1d7901378d4e3fb01b2ec50ca91d79b68e10a284e6,images/3a10e2a35e5ac0a621f3ab1d7901378d4e3fb01b2ec50ca91d79b68e10a284e6.jpg,RRDataset,medium,0,0.5410067439079285
3a36954b3c87b356a943b12a8121c75cfdac0a7153bfefa176585a2fc89b6a22,images/3a36954b3c87b356a943b12a8121c75cfdac0a7153bfefa176585a2fc89b6a22.jpg,RRDataset,medium,0,0.05242275446653366
3a4267d842682460378b15ebcabe1af4c7925b3ff08e70ad79674f26af578100,images/3a4267d842682460378b15ebcabe1af4c7925b3ff08e70ad79674f26af578100.png,ComplexDataLab/OpenFake,medium,1,0.9820667505264282
3a50717b05f390c160398cbc3caffe9b32240b8c721fef28a05e43bbd3adaafe,images/3a50717b05f390c160398cbc3caffe9b32240b8c721fef28a05e43bbd3adaafe.jpg,RRDataset,medium,0,0.2557411193847656
3a609a65ec97ccc88b8b67cb777cc18c6418c0373c4b3cca2165c1ed1f07ae4c,images/3a609a65ec97ccc88b8b67cb777cc18c6418c0373c4b3cca2165c1ed1f07ae4c.jpg,RRDataset,medium,0,0.9810567498207092
3a60e0997db63ebdda3decb6329a01ccbe79d8deda3cb886993d7f513fc3808f,images/3a60e0997db63ebdda3decb6329a01ccbe79d8deda3cb886993d7f513fc3808f.jpg,saberzl/SID_Set,medium,0,0.0019327665213495493
3a706702e73297c6fdeeaa0dd0d1c4ff3f18a7c1042a3d9a074eac6a9beaf1f9,images/3a706702e73297c6fdeeaa0dd0d1c4ff3f18a7c1042a3d9a074eac6a9beaf1f9.png,saberzl/SID_Set,medium,1,0.9957435727119446
3a8328d25bb7c33618c01b92b5246c0adeffcc11a4d0b63a200c8544d892a85f,images/3a8328d25bb7c33618c01b92b5246c0adeffcc11a4d0b63a200c8544d892a85f.jpg,saberzl/SID_Set,medium,0,0.7076857089996338
3a85c40850ef850bf45da422482fc1b1c0bd4e20b64495e25a799043127e82d8,images/3a85c40850ef850bf45da422482fc1b1c0bd4e20b64495e25a799043127e82d8.png,saberzl/SID_Set,medium,1,0.9637399315834045
3a9ceb553eff6f25cfd4bbe782172756842460b30e4b46207f9a6b2a5b6fcb35,images/3a9ceb553eff6f25cfd4bbe782172756842460b30e4b46207f9a6b2a5b6fcb35.jpg,RRDataset,medium,0,0.8750693202018738
3ab106a4613d13eb76b2e5738a2be03271f19b546e4710f7a748aa1e0c82da2b,images/3ab106a4613d13eb76b2e5738a2be03271f19b546e4710f7a748aa1e0c82da2b.png,saberzl/SID_Set,medium,1,0.9986497759819031
3ab58063bd82668979a3cbdd0de0e27ec5bf9387fc63d16b1df27aff72c44137,images/3ab58063bd82668979a3cbdd0de0e27ec5bf9387fc63d16b1df27aff72c44137.png,saberzl/SID_Set,medium,1,0.940048336982727
3acac594a2a9404d62f1b546d5b93311f64caf40363a6f75a416cda54cfab5eb,images/3acac594a2a9404d62f1b546d5b93311f64caf40363a6f75a416cda54cfab5eb.png,RRDataset,medium,1,0.9938424825668335
3ad61a2362cf80257a1eccacac502e543a40ddf506890db42d59ab60db770c32,images/3ad61a2362cf80257a1eccacac502e543a40ddf506890db42d59ab60db770c32.jpg,ComplexDataLab/OpenFake,medium,0,0.6914657354354858
3ae707a5631cd7064a1dd52cae70a13ce79106164cf45fc80bf159328915fadc,images/3ae707a5631cd7064a1dd52cae70a13ce79106164cf45fc80bf159328915fadc.png,saberzl/SID_Set,medium,1,0.998241662979126
3b1904dc46d012d1d6cc0e3d7e387b55c443decf20d12de9f1d2e005139d7f69,images/3b1904dc46d012d1d6cc0e3d7e387b55c443decf20d12de9f1d2e005139d7f69.jpg,ComplexDataLab/OpenFake,medium,0,0.45104074478149414
3b28a7de3f4ddc101d925414d510391fb0b95f4a69baeb16b5a65a0f582a4beb,images/3b28a7de3f4ddc101d925414d510391fb0b95f4a69baeb16b5a65a0f582a4beb.png,saberzl/SID_Set,medium,1,0.9906732439994812
3b482396c4b186ecd715d5b4e4611ea08e550e402f8b6293f4097f9e36e1fe06,images/3b482396c4b186ecd715d5b4e4611ea08e550e402f8b6293f4097f9e36e1fe06.png,RRDataset,medium,1,0.9676792025566101
3b551d511809f1f4e30c83687c5d779ec09a00e9995eb7c2bbae7ad56585fe1d,images/3b551d511809f1f4e30c83687c5d779ec09a00e9995eb7c2bbae7ad56585fe1d.jpg,ComplexDataLab/OpenFake,medium,0,0.5606974959373474
3b62f6aba7765a06e8ddb2a49357aadabccb569c339c0f559d889ade5023aa2c,images/3b62f6aba7765a06e8ddb2a49357aadabccb569c339c0f559d889ade5023aa2c.png,RRDataset,medium,1,0.4806469976902008
3b858f1b1e84a6637e8bd7c3035cf576f2605c93dcd3b38ae8b51764808ebaf1,images/3b858f1b1e84a6637e8bd7c3035cf576f2605c93dcd3b38ae8b51764808ebaf1.jpg,ComplexDataLab/OpenFake,medium,0,0.004557506646960974
3bbd3c773ade6c603ccfffc3f506a6752d55db2b09507307594247b79609a44f,images/3bbd3c773ade6c603ccfffc3f506a6752d55db2b09507307594247b79609a44f.jpg,RRDataset,medium,0,0.5206893086433411
3bf71364e40b4dbb5c42d1ef2a49c17fdd9d062aca717e694ac367e6d26f8c98,images/3bf71364e40b4dbb5c42d1ef2a49c17fdd9d062aca717e694ac367e6d26f8c98.jpg,ComplexDataLab/OpenFake,medium,0,0.00110831658821553
3c3ca36c23da06bb17c80b73d93bf1edb095537f53b0298584e6e5367b985ae2,images/3c3ca36c23da06bb17c80b73d93bf1edb095537f53b0298584e6e5367b985ae2.png,RRDataset,medium,1,0.9581027030944824
3c7d3dfec87b51c6a55ecb35fc2c02c85c09568a46584fc001cdf0463ed96748,images/3c7d3dfec87b51c6a55ecb35fc2c02c85c09568a46584fc001cdf0463ed96748.jpg,saberzl/SID_Set,medium,0,0.0027347682043910027
3c8fce2c6181b58ca591f2138609c070d7e3b1b9683a327a8927aab9ab6f9e91,images/3c8fce2c6181b58ca591f2138609c070d7e3b1b9683a327a8927aab9ab6f9e91.png,saberzl/SID_Set,medium,1,0.9952996969223022
3cbf495c9c52092a8524cf0c401d7f23fc626fd701116d48b58cb8d95e3a165a,images/3cbf495c9c52092a8524cf0c401d7f23fc626fd701116d48b58cb8d95e3a165a.jpg,ComplexDataLab/OpenFake,medium,0,0.6583506464958191
3ced37de20490498c2b0fedd148ae1f13782d24872b858753f7811e1626a7892,images/3ced37de20490498c2b0fedd148ae1f13782d24872b858753f7811e1626a7892.png,RRDataset,medium,1,0.9775156378746033
3d1b2e3dfefa5fa16f7b2668cd357afe880a90fa1c84120d0a3a873ba6eef782,images/3d1b2e3dfefa5fa16f7b2668cd357afe880a90fa1c84120d0a3a873ba6eef782.jpg,RRDataset,medium,0,0.4989028573036194
3d25750c572dad08b4e09dca9c9979014e3eda7362ba5c4b59e34d6197d91646,images/3d25750c572dad08b4e09dca9c9979014e3eda7362ba5c4b59e34d6197d91646.png,ComplexDataLab/OpenFake,medium,1,0.9803549647331238
3d332ac21be146054fa5c9aace0e2f72e9753100cafb1e8c6e68bf8a3684475d,images/3d332ac21be146054fa5c9aace0e2f72e9753100cafb1e8c6e68bf8a3684475d.png,RRDataset,medium,1,0.9942122101783752
3d3bd6b5a771625beaacc2deddd4baee956cc5427673d788409de50460a02972,images/3d3bd6b5a771625beaacc2deddd4baee956cc5427673d788409de50460a02972.jpg,RRDataset,medium,0,0.9968644976615906
3d85681430eec9cbbe738f468ab3d7dcfe073659f315d128f2255f012790b030,images/3d85681430eec9cbbe738f468ab3d7dcfe073659f315d128f2255f012790b030.jpg,RRDataset,medium,0,0.6973397731781006
3d9934197fd1eea69d880cb2648008ac5895fe853d15d0d37839b51efea63ff6,images/3d9934197fd1eea69d880cb2648008ac5895fe853d15d0d37839b51efea63ff6.png,saberzl/SID_Set,medium,1,0.9711872935295105
3dba674c8565bd206c954d4a98d36b55263848ddf14ca6d760c5fa171a16e295,images/3dba674c8565bd206c954d4a98d36b55263848ddf14ca6d760c5fa171a16e295.jpg,saberzl/SID_Set,medium,0,0.08489035815000534
3ddf923c917028c2052a20b706be97b4862b0098458e0915590d40c965645ca5,images/3ddf923c917028c2052a20b706be97b4862b0098458e0915590d40c965645ca5.jpg,saberzl/SID_Set,medium,0,0.09455209225416183
3de18d4974abb97a789e3b512a3375defbbc352a44d047c8f484b2dc222841c4,images/3de18d4974abb97a789e3b512a3375defbbc352a44d047c8f484b2dc222841c4.png,ComplexDataLab/OpenFake,medium,1,0.15864130854606628
3df7861925443b286387cf5776b7cd81ceb944dc9a4b91e912f5722e72b193d6,images/3df7861925443b286387cf5776b7cd81ceb944dc9a4b91e912f5722e72b193d6.jpg,RRDataset,medium,0,0.018956495448946953
3e026befa08942199f999b939e6beeacc17d6f07e1454432ff52f3cffc41e46a,images/3e026befa08942199f999b939e6beeacc17d6f07e1454432ff52f3cffc41e46a.jpg,ComplexDataLab/OpenFake,medium,0,0.00298974453471601
3e1bfc9f191163416c02cfe64485706387fa338460157f056b7f7986d736c561,images/3e1bfc9f191163416c02cfe64485706387fa338460157f056b7f7986d736c561.png,RRDataset,medium,1,0.9979937076568604
3e51220c56bebcbd6e1f40f1e0ddbe32eb4fe4261e8c06b64572a55ae28f9642,images/3e51220c56bebcbd6e1f40f1e0ddbe32eb4fe4261e8c06b64572a55ae28f9642.jpg,RRDataset,medium,0,0.10084637999534607
3e5fa0214545b084f1e2636c475562b72e5f642a9ade41be20a9b5f3ff7a37b8,images/3e5fa0214545b084f1e2636c475562b72e5f642a9ade41be20a9b5f3ff7a37b8.png,saberzl/SID_Set,medium,1,0.9846906065940857
3e60e122a3883f64ce3bbd5d62904799860118d08abdcb024d19a9a9b481b134,images/3e60e122a3883f64ce3bbd5d62904799860118d08abdcb024d19a9a9b481b134.jpg,ComplexDataLab/OpenFake,medium,0,0.00942921917885542
3ee5841bf1e8877db11276d47008eb1411c1de46bc3606034292ffbd9e7d5847,images/3ee5841bf1e8877db11276d47008eb1411c1de46bc3606034292ffbd9e7d5847.jpg,RRDataset,medium,0,0.8163978457450867
3efaf7aaf9a1329e5b2886ab64ddbccd0535464314590121d94b9640d0dbaf03,images/3efaf7aaf9a1329e5b2886ab64ddbccd0535464314590121d94b9640d0dbaf03.jpg,RRDataset,medium,0,0.7809438705444336
3f28ac1b52c26e58ca9501bde36234920c8114fe22466375699c39046d55a233,images/3f28ac1b52c26e58ca9501bde36234920c8114fe22466375699c39046d55a233.png,saberzl/SID_Set,medium,1,0.9971283078193665
3f4119d90c1af68cae24f106cbe02e4be7234616e75034e07d1fa842cb85b197,images/3f4119d90c1af68cae24f106cbe02e4be7234616e75034e07d1fa842cb85b197.png,RRDataset,medium,1,0.9789607524871826
3f4dbf2689855d27e14b8c3495b9d01acb3e1e6b50e4c637bfd64360b3168f4e,images/3f4dbf2689855d27e14b8c3495b9d01acb3e1e6b50e4c637bfd64360b3168f4e.jpg,ComplexDataLab/OpenFake,medium,0,0.09715600311756134
3f729b582f929355d177079a7595d68475fa817a8c199a960d9fae9f3135673d,images/3f729b582f929355d177079a7595d68475fa817a8c199a960d9fae9f3135673d.jpg,RRDataset,medium,0,0.7749626636505127
3feeee91e424ea4140b2f6f8a89a83f055f369610e11edf3734adb8ae4547123,images/3feeee91e424ea4140b2f6f8a89a83f055f369610e11edf3734adb8ae4547123.png,ComplexDataLab/OpenFake,medium,1,0.9892966151237488
40a4f24635818f5c1e95007b871d99b019e82c69389628fe7497fe93537bf975,images/40a4f24635818f5c1e95007b871d99b019e82c69389628fe7497fe93537bf975.jpg,RRDataset,medium,0,0.06885784864425659
40a815f9343995feb724b4a5b44c00e04dd3a7e4519d6fc27fb883d27ce76299,images/40a815f9343995feb724b4a5b44c00e04dd3a7e4519d6fc27fb883d27ce76299.png,saberzl/SID_Set,medium,1,0.7723807692527771
40bacbe9365bb8aa11d2f150cbbca113942a89ed0534add3db00da642d89f3d9,images/40bacbe9365bb8aa11d2f150cbbca113942a89ed0534add3db00da642d89f3d9.png,RRDataset,medium,1,0.9946185350418091
40d750b7e16b3608e7e277ffb400c5388bc8775e7489dc817d756f5c4e3cc21f,images/40d750b7e16b3608e7e277ffb400c5388bc8775e7489dc817d756f5c4e3cc21f.png,saberzl/SID_Set,medium,1,0.9720242023468018
40e6a57b5a1466bebd89380ee295fe8ea7ab00930de94f983ed00106501f9dbc,images/40e6a57b5a1466bebd89380ee295fe8ea7ab00930de94f983ed00106501f9dbc.png,saberzl/SID_Set,medium,1,0.9954366087913513
40ef24663e71666361bdcc10e622cc58bc7418f0ff900171eadeb8e4657ae9c7,images/40ef24663e71666361bdcc10e622cc58bc7418f0ff900171eadeb8e4657ae9c7.jpg,ComplexDataLab/OpenFake,medium,0,0.0023083381820470095
40f15738fe7aeca4b0017f0a56e9410268a6868dcfe90ab9e548e1b0cab91513,images/40f15738fe7aeca4b0017f0a56e9410268a6868dcfe90ab9e548e1b0cab91513.png,saberzl/SID_Set,medium,1,0.970748782157898
410a01960cbeedd82eae13942a50ea90a27f28305ab5760b8b396e621e053cb6,images/410a01960cbeedd82eae13942a50ea90a27f28305ab5760b8b396e621e053cb6.png,saberzl/SID_Set,medium,1,0.9933213591575623
41153daf55f37ed9667e2c31d9e66c719e1e857fd92021854bea63761b79b402,images/41153daf55f37ed9667e2c31d9e66c719e1e857fd92021854bea63761b79b402.jpg,saberzl/SID_Set,medium,0,0.024986371397972107
4123300be20248b20c174b9b2ac932bd5c9e28d689673b046783f1c389cfa5e3,images/4123300be20248b20c174b9b2ac932bd5c9e28d689673b046783f1c389cfa5e3.png,RRDataset,medium,1,0.8969449996948242
4128ac2fb8a8b0b6f23879dab8e0fa369db84daaa33f85b23e1c55efa8132a3b,images/4128ac2fb8a8b0b6f23879dab8e0fa369db84daaa33f85b23e1c55efa8132a3b.png,RRDataset,medium,1,0.9445171356201172
4131869931744a8e0addcfcf67e22b5c7272abbd8de5d984877eea5aec4e4ee8,images/4131869931744a8e0addcfcf67e22b5c7272abbd8de5d984877eea5aec4e4ee8.png,saberzl/SID_Set,medium,1,0.9800161719322205
413cf10b1dd0cf15bf18752eee6949c7baa0e35b1e1ef040e82e86582c795967,images/413cf10b1dd0cf15bf18752eee6949c7baa0e35b1e1ef040e82e86582c795967.png,saberzl/SID_Set,medium,1,0.955203115940094
4146a09c6775e77558b499134b0d44f1b8237e92932d90b253f384973c138b7d,images/4146a09c6775e77558b499134b0d44f1b8237e92932d90b253f384973c138b7d.png,saberzl/SID_Set,medium,1,0.8527605533599854
4165cf9084a716e0652d1a095af09267027d4ec1108d8ace7889e6fd6e49a35d,images/4165cf9084a716e0652d1a095af09267027d4ec1108d8ace7889e6fd6e49a35d.png,saberzl/SID_Set,medium,1,0.29960495233535767
4167a551fc197015b25d188aad40adca4f759a2425255ea8818cfc729c7b705a,images/4167a551fc197015b25d188aad40adca4f759a2425255ea8818cfc729c7b705a.jpg,saberzl/SID_Set,medium,0,0.9340639710426331
4174d4c3d19cabda413f6c5c91eba76182a20754bc685ed35b5de8eb11dc9242,images/4174d4c3d19cabda413f6c5c91eba76182a20754bc685ed35b5de8eb11dc9242.png,RRDataset,medium,1,0.9528182148933411
4185f09e712dc233297b31173d955095920719c9cc42e57253291fe6b3cca2cc,images/4185f09e712dc233297b31173d955095920719c9cc42e57253291fe6b3cca2cc.png,ComplexDataLab/OpenFake,medium,1,0.9839216470718384
418f40a4438ca9b9627656071a7896af6ee3de4ac19548239ad0946c3ceecb1c,images/418f40a4438ca9b9627656071a7896af6ee3de4ac19548239ad0946c3ceecb1c.png,saberzl/SID_Set,medium,1,0.9665626883506775
41bd3a3819bed2c50e810ad9df6a92d2ef9f64a685198349601ed457ac2b22d6,images/41bd3a3819bed2c50e810ad9df6a92d2ef9f64a685198349601ed457ac2b22d6.png,RRDataset,medium,1,0.7919997572898865
41d8978c1466df92cf50585a2bf5c299a2bfc4190aa46e120061db394d402f98,images/41d8978c1466df92cf50585a2bf5c299a2bfc4190aa46e120061db394d402f98.jpg,saberzl/SID_Set,medium,0,0.502393901348114
4201ce47b59aa0d0a486614e76f497f11a4a87cc6abccd2fe31e0825546e301f,images/4201ce47b59aa0d0a486614e76f497f11a4a87cc6abccd2fe31e0825546e301f.png,ComplexDataLab/OpenFake,medium,1,0.3235938251018524
423244a617b1b1cdd5ec17bf9fccbcae9cc2db76e26f4f0aefc2f5a52da178ce,images/423244a617b1b1cdd5ec17bf9fccbcae9cc2db76e26f4f0aefc2f5a52da178ce.jpg,RRDataset,medium,0,0.8429478406906128
424199a0f1d2f39ce3a263d965ce9bf318c43efd4ebcca6c9e71b233cc278bf3,images/424199a0f1d2f39ce3a263d965ce9bf318c43efd4ebcca6c9e71b233cc278bf3.png,ComplexDataLab/OpenFake,medium,1,0.9575232863426208
424b3c596299ad1dcba9dfef0a254d2055a6bd866d1fb1ea0a7000785dd9aa4d,images/424b3c596299ad1dcba9dfef0a254d2055a6bd866d1fb1ea0a7000785dd9aa4d.jpg,saberzl/SID_Set,medium,0,0.01354430615901947
42613f61f8f4c5e11acafaa94ecb094b27d77ab10b42c0d028e028610c7d9163,images/42613f61f8f4c5e11acafaa94ecb094b27d77ab10b42c0d028e028610c7d9163.png,RRDataset,medium,1,0.9245647192001343
426c2e9862876b98d255de55fad0fec2f7901a507c2e29de92f1e094faef06d1,images/426c2e9862876b98d255de55fad0fec2f7901a507c2e29de92f1e094faef06d1.png,saberzl/SID_Set,medium,1,0.8317475914955139
426e9be24f0e038bfa61e1aa0a8cf8501e18921c506a1e9cabfe4bcc148b83d7,images/426e9be24f0e038bfa61e1aa0a8cf8501e18921c506a1e9cabfe4bcc148b83d7.png,RRDataset,medium,1,0.9599093794822693
4287fdb03589b70cd85407dabacd5bf750731ad5f3da6c067fc195e713dd5a9d,images/4287fdb03589b70cd85407dabacd5bf750731ad5f3da6c067fc195e713dd5a9d.png,ComplexDataLab/OpenFake,medium,1,0.6520166993141174
428a1ecd1b542c2890bb7334543e9f8daa6458554da9eb9c35782ba5bd91335b,images/428a1ecd1b542c2890bb7334543e9f8daa6458554da9eb9c35782ba5bd91335b.png,ComplexDataLab/OpenFake,medium,1,0.9583156108856201
428a9d7a92546bc0dd2c38029cf5d4cc9bc54cd5bab03b1815ba7a6c59215a8b,images/428a9d7a92546bc0dd2c38029cf5d4cc9bc54cd5bab03b1815ba7a6c59215a8b.jpg,saberzl/SID_Set,medium,0,0.0024817632511258125
42ac5c88083cc769c51fed2a6a6e1ca5dd64be3a792e9d357d21ea00f638fa42,images/42ac5c88083cc769c51fed2a6a6e1ca5dd64be3a792e9d357d21ea00f638fa42.png,RRDataset,medium,1,0.9200199246406555
42b45b6ea9a4f43023017f782e8f732ec4779100f0df7b1f5dc71bfc112924a8,images/42b45b6ea9a4f43023017f782e8f732ec4779100f0df7b1f5dc71bfc112924a8.jpg,RRDataset,medium,0,0.9489269256591797
42f9a03ad2bc280eda6af17c5ceb54fa96f677a214e23cf2ef56faf99b185a24,images/42f9a03ad2bc280eda6af17c5ceb54fa96f677a214e23cf2ef56faf99b185a24.png,RRDataset,medium,1,0.870074987411499
435ee8accb9895472d6b248b4e9902190824cc173ca8f7907a6ce49eb95c1873,images/435ee8accb9895472d6b248b4e9902190824cc173ca8f7907a6ce49eb95c1873.png,ComplexDataLab/OpenFake,medium,1,0.778703510761261
4397b113401b6da75d4890c85e36d0b53ec19ebfe9a62e8eb2f0ca8bf4e4b0b9,images/4397b113401b6da75d4890c85e36d0b53ec19ebfe9a62e8eb2f0ca8bf4e4b0b9.jpg,saberzl/SID_Set,medium,0,0.7792931795120239
439a17e889ce2ee9a6f38f52fb9f839457fe275c681246be2f3dc6f90e019c4c,images/439a17e889ce2ee9a6f38f52fb9f839457fe275c681246be2f3dc6f90e019c4c.png,saberzl/SID_Set,medium,1,0.9944878220558167
43bc8176fb1aa535f139a1646d29469a8b54f6f14ba6e9efd8d5a34cddf3befa,images/43bc8176fb1aa535f139a1646d29469a8b54f6f14ba6e9efd8d5a34cddf3befa.jpg,RRDataset,medium,0,0.21979938447475433
43cfed9e3d2ab40c29cf04319bdcb54e80016a2086dca9b0eafc15f42680079a,images/43cfed9e3d2ab40c29cf04319bdcb54e80016a2086dca9b0eafc15f42680079a.jpg,saberzl/SID_Set,medium,0,0.9739406108856201
43d8cce2be906df1dfcf3628ca5d1e0aea40857f064e9a8166779c47d8b0b873,images/43d8cce2be906df1dfcf3628ca5d1e0aea40857f064e9a8166779c47d8b0b873.jpg,saberzl/SID_Set,medium,0,0.18395677208900452
440325bbac7f25cfe5a8495ba91e686236ea9fe82d6f07f7d2dfeea83c8aa575,images/440325bbac7f25cfe5a8495ba91e686236ea9fe82d6f07f7d2dfeea83c8aa575.png,RRDataset,medium,1,0.9444090723991394
4418e5afbbabbf76b28362d46143389848e8c40e3b8b6c21b4371bd24a731c13,images/4418e5afbbabbf76b28362d46143389848e8c40e3b8b6c21b4371bd24a731c13.jpg,saberzl/SID_Set,medium,0,0.5385913252830505
44304926e81e388cf345add7e789e59feb26e25be2217dc0b05cd03055340a5c,images/44304926e81e388cf345add7e789e59feb26e25be2217dc0b05cd03055340a5c.jpg,ComplexDataLab/OpenFake,medium,0,0.0068686483427882195
4472ea174ac44f4b9ba13c283c2360ea187511bbe379b4a5e1c58f371ef2fe88,images/4472ea174ac44f4b9ba13c283c2360ea187511bbe379b4a5e1c58f371ef2fe88.jpg,ComplexDataLab/OpenFake,medium,0,0.03513766825199127
4522ede7e8dd2ca56aa866bef2fabc4c40927cffcc9abb2b176b8c63a03a74d3,images/4522ede7e8dd2ca56aa866bef2fabc4c40927cffcc9abb2b176b8c63a03a74d3.png,ComplexDataLab/OpenFake,medium,1,0.8179664015769958
45407f9ed7650b1e72a6b110afddacd1ce851e442150493a0b842250d121aff4,images/45407f9ed7650b1e72a6b110afddacd1ce851e442150493a0b842250d121aff4.jpg,RRDataset,medium,0,0.8858738541603088
455dbfd101ed8f7578e1e6d4a25e4006c24979c2d8c8b929cde7835ee16a0cf9,images/455dbfd101ed8f7578e1e6d4a25e4006c24979c2d8c8b929cde7835ee16a0cf9.png,saberzl/SID_Set,medium,1,0.9946459531784058
456ce8a65656b6ac7283488a96f14df94ee76ec5d9d496ef46066f38ae527e36,images/456ce8a65656b6ac7283488a96f14df94ee76ec5d9d496ef46066f38ae527e36.png,ComplexDataLab/OpenFake,medium,1,0.47416752576828003
459a05953f07edb82e8836b40a370cb24c5de6a84b8504d424ff164bacbc7f26,images/459a05953f07edb82e8836b40a370cb24c5de6a84b8504d424ff164bacbc7f26.jpg,ComplexDataLab/OpenFake,medium,0,0.0022641648538410664
45d695342ff282f88aa757731a17bd7ad77a414c5fc3af93b049656c6ff198de,images/45d695342ff282f88aa757731a17bd7ad77a414c5fc3af93b049656c6ff198de.png,ComplexDataLab/OpenFake,medium,1,0.589597225189209
45e218f8835b3588db67a9ff9077c0cd6395ce31ba257096e0519a1a59fe6c06,images/45e218f8835b3588db67a9ff9077c0cd6395ce31ba257096e0519a1a59fe6c06.png,saberzl/SID_Set,medium,1,0.9935122132301331
4609c56e827d93101d3c599f87c387ca195f712eab07c56f15978cda9aa2333f,images/4609c56e827d93101d3c599f87c387ca195f712eab07c56f15978cda9aa2333f.jpg,saberzl/SID_Set,medium,0,0.9963313937187195
460a14b90bdb2ecc73355bfc45a3429b272bc6630d407e7c7ef014eae6e35348,images/460a14b90bdb2ecc73355bfc45a3429b272bc6630d407e7c7ef014eae6e35348.jpg,RRDataset,medium,0,0.9991167187690735
463d956215c4d2e4dcc48adabd78ac3215dee3e393113e78967b05ac74d37be8,images/463d956215c4d2e4dcc48adabd78ac3215dee3e393113e78967b05ac74d37be8.png,ComplexDataLab/OpenFake,medium,1,0.9812605381011963
4643b257e9bb09a0d74a39a8f4bc47603b9aae013f7301d3662db10cd80a0ebb,images/4643b257e9bb09a0d74a39a8f4bc47603b9aae013f7301d3662db10cd80a0ebb.png,RRDataset,medium,1,0.9906774759292603
464cdfacf6c9ea19386ed17f195377e81b958ee8ca80d3b7d6e4dfcef369c74d,images/464cdfacf6c9ea19386ed17f195377e81b958ee8ca80d3b7d6e4dfcef369c74d.png,RRDataset,medium,1,0.9960777163505554
4654735cea8b6e773b754fb0600b539720630d44561edfccf7206c13764c7235,images/4654735cea8b6e773b754fb0600b539720630d44561edfccf7206c13764c7235.png,RRDataset,medium,1,0.9584778547286987
466892248af839aa29bca381f410192e78bd53a96fc9725ca03fd75eb2bb5691,images/466892248af839aa29bca381f410192e78bd53a96fc9725ca03fd75eb2bb5691.jpg,saberzl/SID_Set,medium,0,0.32964956760406494
468f397b531c25599986112fff8f7107530e1ea94083ae6ecd8aaeae4fe1c659,images/468f397b531c25599986112fff8f7107530e1ea94083ae6ecd8aaeae4fe1c659.jpg,saberzl/SID_Set,medium,0,0.00042631328688003123
469fa294f56e88fb68b73529b0ef4ae2ceee6238527684a3acf5da8ccd30f47c,images/469fa294f56e88fb68b73529b0ef4ae2ceee6238527684a3acf5da8ccd30f47c.png,ComplexDataLab/OpenFake,medium,1,0.832877516746521
46aa5b92bb78839089629b67908556ce6b2186844184ef5e5cc25be0275b82ae,images/46aa5b92bb78839089629b67908556ce6b2186844184ef5e5cc25be0275b82ae.png,saberzl/SID_Set,medium,1,0.992340087890625
46bb7ff160c1e9a67457188e75aaecc3ce83f1c7e267c31735bf1913a06b082b,images/46bb7ff160c1e9a67457188e75aaecc3ce83f1c7e267c31735bf1913a06b082b.jpg,RRDataset,medium,0,0.927926242351532
46c2b0a96536c21e98fc9863f81cbfe0647362388ab0fdf62b82a93a3356cbd5,images/46c2b0a96536c21e98fc9863f81cbfe0647362388ab0fdf62b82a93a3356cbd5.jpg,saberzl/SID_Set,medium,0,0.09288236498832703
46d39e83098490d85af0437a349819a0eadc87faa1289a863312dbb2f72b7c23,images/46d39e83098490d85af0437a349819a0eadc87faa1289a863312dbb2f72b7c23.png,saberzl/SID_Set,medium,1,0.9507038593292236
46fbb6b983bbe1e5d1817de94d38b4d658492d0aae9400f8cdf82030ef66c123,images/46fbb6b983bbe1e5d1817de94d38b4d658492d0aae9400f8cdf82030ef66c123.png,saberzl/SID_Set,medium,1,0.8475992679595947
470afb541c53680655c5270fd16135a0f38f87887c43f1cf05860dbd31a32554,images/470afb541c53680655c5270fd16135a0f38f87887c43f1cf05860dbd31a32554.jpg,saberzl/SID_Set,medium,0,0.1349625587463379
472afb192d0021023efa5eaf203c5a53c4b7fe256df388c1fbb04553eebe2ae4,images/472afb192d0021023efa5eaf203c5a53c4b7fe256df388c1fbb04553eebe2ae4.png,RRDataset,medium,1,0.993675172328949
4745060cafee2937b9ac9c4cf554c2e024bc8f7c1e9f79d63e66b6fdf53ad149,images/4745060cafee2937b9ac9c4cf554c2e024bc8f7c1e9f79d63e66b6fdf53ad149.jpg,saberzl/SID_Set,medium,0,0.5065730214118958
47504307bd02f18f2267db4a4775514cc3e8380ef11a0cd02d0acdd65727163c,images/47504307bd02f18f2267db4a4775514cc3e8380ef11a0cd02d0acdd65727163c.png,saberzl/SID_Set,medium,1,0.9801483154296875
4782f0d7bfe9d760f36a3001c9e1d658952fa8d4a0551b436aa312858d7e90b4,images/4782f0d7bfe9d760f36a3001c9e1d658952fa8d4a0551b436aa312858d7e90b4.png,RRDataset,medium,1,0.9196221828460693
479bcadec0e113a237bba009a4202b631d142a52a410d4046f667c0c9d7a5886,images/479bcadec0e113a237bba009a4202b631d142a52a410d4046f667c0c9d7a5886.png,ComplexDataLab/OpenFake,medium,1,0.8420609831809998
47a25c53213dd0730eddfd193561ce0cde7cb424c926986fc44099e231153ca2,images/47a25c53213dd0730eddfd193561ce0cde7cb424c926986fc44099e231153ca2.jpg,saberzl/SID_Set,medium,0,0.5555840730667114
47f8089b9f4aa54a48b0e79e84a3214ea7116c2f879d044662bf9741418d4855,images/47f8089b9f4aa54a48b0e79e84a3214ea7116c2f879d044662bf9741418d4855.jpg,RRDataset,medium,0,0.13664081692695618
47f9c9b2a8f9989a347dad9ee17719d54657e746e4e05f749af4eeac64398f90,images/47f9c9b2a8f9989a347dad9ee17719d54657e746e4e05f749af4eeac64398f90.jpg,ComplexDataLab/OpenFake,medium,0,0.015189805068075657
4803f7e88f7bc9b12d4e1ea8a13ea3c3fe17a8c7a3f4de5cd282be6edc33a503,images/4803f7e88f7bc9b12d4e1ea8a13ea3c3fe17a8c7a3f4de5cd282be6edc33a503.jpg,ComplexDataLab/OpenFake,medium,0,0.030737008899450302
486bef56210c32f3dc965e5cb7117ba1afeec61f3908aedf607e7bbfd8d9e9a3,images/486bef56210c32f3dc965e5cb7117ba1afeec61f3908aedf607e7bbfd8d9e9a3.jpg,ComplexDataLab/OpenFake,medium,0,0.014889786019921303
48baf326ee028b000b92936d8abcf15e84ab89a13b882f5bd4476d923e5ec5ae,images/48baf326ee028b000b92936d8abcf15e84ab89a13b882f5bd4476d923e5ec5ae.png,ComplexDataLab/OpenFake,medium,1,0.9312742948532104
48f89d2ce2ab9e0c21591f9d62f5602687f5c6020baaf397fff7fb4f0d5c443b,images/48f89d2ce2ab9e0c21591f9d62f5602687f5c6020baaf397fff7fb4f0d5c443b.jpg,saberzl/SID_Set,medium,0,0.07905566692352295
490781fc653df043f7150f564b0b16cb838b3de7d2162bf5e118d805d8da7fea,images/490781fc653df043f7150f564b0b16cb838b3de7d2162bf5e118d805d8da7fea.png,ComplexDataLab/OpenFake,medium,1,0.9099762439727783
490e0afdc79cfa11bb9b1a5030d9db43c1385a0cf6b82d452223068f6f295329,images/490e0afdc79cfa11bb9b1a5030d9db43c1385a0cf6b82d452223068f6f295329.jpg,RRDataset,medium,0,0.6730575561523438
4939a017439fe2a1a52769f15fabea5fd4a111b98f01e8961fa36bb5625d47fe,images/4939a017439fe2a1a52769f15fabea5fd4a111b98f01e8961fa36bb5625d47fe.png,saberzl/SID_Set,medium,1,0.6502365469932556
4939e8d6ea3b6d2271b18668401b373c6a991b82b419463cd29f637fdfa2745d,images/4939e8d6ea3b6d2271b18668401b373c6a991b82b419463cd29f637fdfa2745d.png,ComplexDataLab/OpenFake,medium,1,0.9360785484313965
495f62b411289d1abdf3973c4ce83aa8534d72bd76072f8af75f9f660224aea7,images/495f62b411289d1abdf3973c4ce83aa8534d72bd76072f8af75f9f660224aea7.png,ComplexDataLab/OpenFake,medium,1,0.9908359050750732
496d44cf24c7e64b7780272bab89ea677b5a53cbeefada24d2b0e5e6732a83ee,images/496d44cf24c7e64b7780272bab89ea677b5a53cbeefada24d2b0e5e6732a83ee.jpg,ComplexDataLab/OpenFake,medium,0,0.06936018913984299
49718f5912571b65419367db4a90700e5a40bdeb059febeb9f9809fe6f275c53,images/49718f5912571b65419367db4a90700e5a40bdeb059febeb9f9809fe6f275c53.jpg,RRDataset,medium,0,0.7918825149536133
4973691b125c0d346855d2a769df2405781ecbca495dc428f1162849b22f22a3,images/4973691b125c0d346855d2a769df2405781ecbca495dc428f1162849b22f22a3.jpg,ComplexDataLab/OpenFake,medium,0,0.004307303112000227
49bf4e4f64baa58f982fc25105923a7b6838b2b796c7b99a3bc8ecc0a5c18a22,images/49bf4e4f64baa58f982fc25105923a7b6838b2b796c7b99a3bc8ecc0a5c18a22.jpg,saberzl/SID_Set,medium,0,0.002690827241167426
49bfa7279c3d32e7a1db762a9aac22cc3ef3378f72e8c39a1db89c4685ca9a79,images/49bfa7279c3d32e7a1db762a9aac22cc3ef3378f72e8c39a1db89c4685ca9a79.png,ComplexDataLab/OpenFake,medium,1,0.9931017160415649
49d8bfa20b71153f17032767e01651b8a1ac3755e502c165e794a3940a1314b3,images/49d8bfa20b71153f17032767e01651b8a1ac3755e502c165e794a3940a1314b3.png,saberzl/SID_Set,medium,1,0.9622018933296204
49f4addb464ccad840b38abb5b51255e277c200805c380cb9d6fecff58dcc374,images/49f4addb464ccad840b38abb5b51255e277c200805c380cb9d6fecff58dcc374.png,RRDataset,medium,1,0.9966356158256531
4a10fc14f8d8785dcaed7df86a715d4cdf5782f3ecd0e67da1b0541fc2316cfd,images/4a10fc14f8d8785dcaed7df86a715d4cdf5782f3ecd0e67da1b0541fc2316cfd.jpg,ComplexDataLab/OpenFake,medium,0,0.017114201560616493
4a5d78223439769570399be6204e0573ef29c23e01ed12ba4a9952d67069ba22,images/4a5d78223439769570399be6204e0573ef29c23e01ed12ba4a9952d67069ba22.png,saberzl/SID_Set,medium,1,0.9596011638641357
4a6adb1589f8b9e3609a46777d2325c959074a6d6e2f532a8383dd304b14180a,images/4a6adb1589f8b9e3609a46777d2325c959074a6d6e2f532a8383dd304b14180a.jpg,saberzl/SID_Set,medium,0,0.03030521422624588
4a765c28c05a8ee986f2221fc02dde57a05657b25ab3693164b6a309bd816d8d,images/4a765c28c05a8ee986f2221fc02dde57a05657b25ab3693164b6a309bd816d8d.png,saberzl/SID_Set,medium,1,0.8630809187889099
4a81a49d9b9a9c19689e94baef69e250dc9f38f35f124e48bec23f7a2f3bcc86,images/4a81a49d9b9a9c19689e94baef69e250dc9f38f35f124e48bec23f7a2f3bcc86.png,RRDataset,medium,1,0.9319515824317932
4a885a4b225d1c2859d9128d61b0f90579d6983bacfbbe8bb4b43f3586a210f4,images/4a885a4b225d1c2859d9128d61b0f90579d6983bacfbbe8bb4b43f3586a210f4.jpg,RRDataset,medium,0,0.4913204610347748
4a91debc330eaebc7f510716332845282b8be49d7015dfd0cd12ef4d7cdda0d4,images/4a91debc330eaebc7f510716332845282b8be49d7015dfd0cd12ef4d7cdda0d4.png,RRDataset,medium,1,0.8740090131759644
4abcacc017bfce04aed4726653569922a6f30b0b4d2c89969c71dbdd931c7189,images/4abcacc017bfce04aed4726653569922a6f30b0b4d2c89969c71dbdd931c7189.png,saberzl/SID_Set,medium,1,0.9898645281791687
4ac407d4db2cf9e45507bd81511e86cc7876be378e6efa53f810b6d966772e2b,images/4ac407d4db2cf9e45507bd81511e86cc7876be378e6efa53f810b6d966772e2b.png,saberzl/SID_Set,medium,1,0.9974930286407471
4ad63ac1d5a04010b2ec8337bc6da311dc95a75ace24119dbcd3ea8e8c0f8818,images/4ad63ac1d5a04010b2ec8337bc6da311dc95a75ace24119dbcd3ea8e8c0f8818.jpg,RRDataset,medium,0,0.9608622193336487
4af66822abbdf36f464235867b1451427041363201aedee22d2e123c1d00f205,images/4af66822abbdf36f464235867b1451427041363201aedee22d2e123c1d00f205.png,ComplexDataLab/OpenFake,medium,1,0.9956951141357422
4afd8beaebed4d4224790303da497a44e00eb922463b0ff42d4180ef1d1da4ef,images/4afd8beaebed4d4224790303da497a44e00eb922463b0ff42d4180ef1d1da4ef.jpg,saberzl/SID_Set,medium,0,0.4718608558177948
4b182e261ef7c70c3f4be4a5bff9dba360f72153b0796b2ebf89ee8bddc62212,images/4b182e261ef7c70c3f4be4a5bff9dba360f72153b0796b2ebf89ee8bddc62212.png,saberzl/SID_Set,medium,1,0.9517815113067627
4b463814d4ef9592cc0d7b5dd1932f03529158b872ec8f8e840a11d7ec037bc2,images/4b463814d4ef9592cc0d7b5dd1932f03529158b872ec8f8e840a11d7ec037bc2.png,ComplexDataLab/OpenFake,medium,1,0.8183292746543884
4b46898a8685499eb15524f1bcd1d1bed8536cb3fc821d141b9f996de69551f4,images/4b46898a8685499eb15524f1bcd1d1bed8536cb3fc821d141b9f996de69551f4.jpg,RRDataset,medium,0,0.9288142323493958
4b56499445de4bcd8077da03e2c411496488dd2dc092002c9fe8d6d486869dde,images/4b56499445de4bcd8077da03e2c411496488dd2dc092002c9fe8d6d486869dde.jpg,RRDataset,medium,0,0.9387073516845703
4b57ac10add5de22fe235baef3ba95832a153bc4f667b56bd2a0fdcec825911e,images/4b57ac10add5de22fe235baef3ba95832a153bc4f667b56bd2a0fdcec825911e.jpg,ComplexDataLab/OpenFake,medium,0,0.44397592544555664
4b7680ba1ae32bb4cef72e27ee8aaa1ec29502e4e384240d242d979db928678d,images/4b7680ba1ae32bb4cef72e27ee8aaa1ec29502e4e384240d242d979db928678d.png,RRDataset,medium,1,0.9427478313446045
4b78e21d9feb56864a935fa777559480b5506639aea4390e068b38bb0f0c2b81,images/4b78e21d9feb56864a935fa777559480b5506639aea4390e068b38bb0f0c2b81.jpg,RRDataset,medium,0,0.8826161623001099
4b7dc20191b9043343b98650f5773bb7acc53113801bf61e7e43b51dc795f336,images/4b7dc20191b9043343b98650f5773bb7acc53113801bf61e7e43b51dc795f336.jpg,RRDataset,medium,0,0.940696120262146
4b80df1bd7d0b59e89108c3de34c41b481798b7dab52c83e2ec1def86a8d9bff,images/4b80df1bd7d0b59e89108c3de34c41b481798b7dab52c83e2ec1def86a8d9bff.png,ComplexDataLab/OpenFake,medium,1,0.6980685591697693
4b8eec7ad9acfb670f05fbeccbb69be2b10def5ad649433906d2e51bfebfabc6,images/4b8eec7ad9acfb670f05fbeccbb69be2b10def5ad649433906d2e51bfebfabc6.png,RRDataset,medium,1,0.9330071210861206
4ba7331b6b838a868b885ea4c6683ea18c2cde380c0bac1cf8028a409e97d23a,images/4ba7331b6b838a868b885ea4c6683ea18c2cde380c0bac1cf8028a409e97d23a.png,ComplexDataLab/OpenFake,medium,1,0.9973968267440796
4bbc18e9e79c6d0bdb761c547e18341592379e1c696a2fcfab2534cf4097d4c3,images/4bbc18e9e79c6d0bdb761c547e18341592379e1c696a2fcfab2534cf4097d4c3.png,ComplexDataLab/OpenFake,medium,1,0.9813387393951416
4be03b0f1b6da05197314fe0f47586bf43d6dbec7153038767dde96318e62595,images/4be03b0f1b6da05197314fe0f47586bf43d6dbec7153038767dde96318e62595.png,ComplexDataLab/OpenFake,medium,1,0.7898139357566833
4be0a3e6de13da8bbf735935a6a76f252f0a5f316fb92f720b884575162b192c,images/4be0a3e6de13da8bbf735935a6a76f252f0a5f316fb92f720b884575162b192c.png,ComplexDataLab/OpenFake,medium,1,0.34911563992500305
4c382db23d391f84020421fa50d674659307c69fdab71af5ef348f3ca147eb8b,images/4c382db23d391f84020421fa50d674659307c69fdab71af5ef348f3ca147eb8b.jpg,saberzl/SID_Set,medium,0,0.01317248959094286
4c6d93bf5f4e799fb4e9b2f1fdb07356e6787f993c986783e0e111a90bad4928,images/4c6d93bf5f4e799fb4e9b2f1fdb07356e6787f993c986783e0e111a90bad4928.png,saberzl/SID_Set,medium,1,0.9846238493919373
4c72a880038c6e9c0a03286284fc669a7696e09ff49fb7e6653c9ad822f7b0b8,images/4c72a880038c6e9c0a03286284fc669a7696e09ff49fb7e6653c9ad822f7b0b8.jpg,ComplexDataLab/OpenFake,medium,0,0.46475666761398315
4cb61c62d80e382c47e40c22923366ff0f55fbe746fa36d54561647a72cadc6c,images/4cb61c62d80e382c47e40c22923366ff0f55fbe746fa36d54561647a72cadc6c.jpg,ComplexDataLab/OpenFake,medium,0,7.727859156148043e-06
4cc07a988c5437018018c577e02026aa0ec773967aa7b0876f747618c32b4658,images/4cc07a988c5437018018c577e02026aa0ec773967aa7b0876f747618c32b4658.jpg,ComplexDataLab/OpenFake,medium,0,0.021727662533521652
4cc965a92715ed189ce100929122084ccc7e0feb346c735da10f08dbef4a7899,images/4cc965a92715ed189ce100929122084ccc7e0feb346c735da10f08dbef4a7899.png,RRDataset,medium,1,0.9641775488853455
4ce6947946bb9b28a3e511db91f9e7efd8a7773ec77af612e1d30909294e6b40,images/4ce6947946bb9b28a3e511db91f9e7efd8a7773ec77af612e1d30909294e6b40.jpg,saberzl/SID_Set,medium,0,0.5531988143920898
4d0089efc4df6ab6db49dbb0a9a8dff807ff7a331a05b7874ce334655ad61e5b,images/4d0089efc4df6ab6db49dbb0a9a8dff807ff7a331a05b7874ce334655ad61e5b.jpg,RRDataset,medium,0,0.6017971634864807
4d33d291b4094571623f839d1e6237a493ca78b8e1808386a6779b1401c5ee5e,images/4d33d291b4094571623f839d1e6237a493ca78b8e1808386a6779b1401c5ee5e.png,ComplexDataLab/OpenFake,medium,1,0.7860159277915955
4d8bebf58ce5cbe71095e04e030b529dc639fce0ed1894df273d6ec8415779f9,images/4d8bebf58ce5cbe71095e04e030b529dc639fce0ed1894df273d6ec8415779f9.png,saberzl/SID_Set,medium,1,0.8980879187583923
4df879527c292351f90ac0403cd573982fac279864c602f3ef315394c5b174bf,images/4df879527c292351f90ac0403cd573982fac279864c602f3ef315394c5b174bf.jpg,RRDataset,medium,0,0.9680420160293579
4e57edcd4e7dadd56525dd1e607af22822b809cad0ca981779479e561e76f355,images/4e57edcd4e7dadd56525dd1e607af22822b809cad0ca981779479e561e76f355.jpg,saberzl/SID_Set,medium,0,0.0001521838566986844
4e5e8830f312a2409c32d5aefa75433860f3c05162ebde6c75de9942c790e352,images/4e5e8830f312a2409c32d5aefa75433860f3c05162ebde6c75de9942c790e352.png,RRDataset,medium,1,0.9634297490119934
4e834f6804dae3220488acfd58dea1c87fd39361883d9d19e89a1f4d83471d3e,images/4e834f6804dae3220488acfd58dea1c87fd39361883d9d19e89a1f4d83471d3e.jpg,ComplexDataLab/OpenFake,medium,0,0.00024916836991906166
4ea402e4f95e3a3b275b418cbc35f8667bdb99633fdc6cd7084e04b5cbf94e12,images/4ea402e4f95e3a3b275b418cbc35f8667bdb99633fdc6cd7084e04b5cbf94e12.jpg,RRDataset,medium,0,0.08159204572439194
4eaa42fe3a8cd756b514e972c213ee7f06e7c363d17c4240f8f6743d993c76c7,images/4eaa42fe3a8cd756b514e972c213ee7f06e7c363d17c4240f8f6743d993c76c7.jpg,ComplexDataLab/OpenFake,medium,1,0.9153763651847839
4ec9f1bb6af31f482308ce900416941a6f2f7b79a9f948166b22b1c794d5af3e,images/4ec9f1bb6af31f482308ce900416941a6f2f7b79a9f948166b22b1c794d5af3e.png,RRDataset,medium,1,0.9885838031768799
4ecaaa7fdab39708ddc407cc74c3da73dcd2a6375e060bd171ea0ff59e31b6f0,images/4ecaaa7fdab39708ddc407cc74c3da73dcd2a6375e060bd171ea0ff59e31b6f0.jpg,saberzl/SID_Set,medium,0,0.14213916659355164
4ed43b7c8aead172c0d7a9bb3212ed20ca6e8c26c8d05c10b367a0fa3a383390,images/4ed43b7c8aead172c0d7a9bb3212ed20ca6e8c26c8d05c10b367a0fa3a383390.jpg,RRDataset,medium,0,0.47082817554473877
4ee3877a5ed71311aff8a457db513d1ae611ba9d820f5299d448920b6693b07d,images/4ee3877a5ed71311aff8a457db513d1ae611ba9d820f5299d448920b6693b07d.jpg,ComplexDataLab/OpenFake,medium,0,0.0007700399728491902
4f1941ab02b7dd231f59f22faf97dfb1e2cca65fe6f7e58fd9c94e1b2194ef47,images/4f1941ab02b7dd231f59f22faf97dfb1e2cca65fe6f7e58fd9c94e1b2194ef47.png,RRDataset,medium,1,0.9928613305091858
4f1e971d79406d5bb22f91226913baeb27403b9e2908092cc606463d356b4229,images/4f1e971d79406d5bb22f91226913baeb27403b9e2908092cc606463d356b4229.png,ComplexDataLab/OpenFake,medium,1,0.9575401544570923
4f23d8869144a535c2834e28d21a141924e80a9de86162d7a4c3400a2a5e8d75,images/4f23d8869144a535c2834e28d21a141924e80a9de86162d7a4c3400a2a5e8d75.jpg,ComplexDataLab/OpenFake,medium,0,0.05507204681634903
4f467d6cae43e08cf690f53f044a6fd357fb26e6c216a7e37dc513d6a001a0e9,images/4f467d6cae43e08cf690f53f044a6fd357fb26e6c216a7e37dc513d6a001a0e9.png,ComplexDataLab/OpenFake,medium,1,0.916869044303894
4f7b8a77ef2db45045916fc8e82d29f7364f1feb5273dfb36910e29f6da3bba7,images/4f7b8a77ef2db45045916fc8e82d29f7364f1feb5273dfb36910e29f6da3bba7.jpg,saberzl/SID_Set,medium,0,0.5090473294258118
4f82b801e264b8e37a2f01cd76f10366a7eb82420196e28c69f875885072cc0f,images/4f82b801e264b8e37a2f01cd76f10366a7eb82420196e28c69f875885072cc0f.png,saberzl/SID_Set,medium,1,0.8197992444038391
4f928cdfcc8e18724628b283d2b19a588df526248e33f4d59e266fd3e811bdc1,images/4f928cdfcc8e18724628b283d2b19a588df526248e33f4d59e266fd3e811bdc1.png,ComplexDataLab/OpenFake,medium,1,0.9799505472183228
4fb30a82b184c99194299bc733451e0f1db88c1c7205506532ef002866d56cb2,images/4fb30a82b184c99194299bc733451e0f1db88c1c7205506532ef002866d56cb2.png,ComplexDataLab/OpenFake,medium,1,0.09161047637462616
4fb4d69abc625e5811837d7ecb45b095e7228c72a89ab009e69d9021ab81aa24,images/4fb4d69abc625e5811837d7ecb45b095e7228c72a89ab009e69d9021ab81aa24.png,ComplexDataLab/OpenFake,medium,1,0.993477463722229
4fb931462b0f6f0fd5d528c3659ee3bb192359886b85b94887a4b33f07cd8c81,images/4fb931462b0f6f0fd5d528c3659ee3bb192359886b85b94887a4b33f07cd8c81.jpg,RRDataset,medium,0,0.2036491483449936
502a499f410a57e99a220665684228decd287b9644591f90db46d6b88056090b,images/502a499f410a57e99a220665684228decd287b9644591f90db46d6b88056090b.jpg,RRDataset,medium,0,0.5317212343215942
50a1a7e2d04ccdb22c4bc36bde4a80d9b770889bf024bac8585814c846dd1d58,images/50a1a7e2d04ccdb22c4bc36bde4a80d9b770889bf024bac8585814c846dd1d58.jpg,ComplexDataLab/OpenFake,medium,0,0.21681566536426544
51124bf8da03ecf6ba29e7a6faa6316df4654c2ff21253fbc228aa9c18a51ae1,images/51124bf8da03ecf6ba29e7a6faa6316df4654c2ff21253fbc228aa9c18a51ae1.png,ComplexDataLab/OpenFake,medium,1,0.9836957454681396
514314dbe520b48d3ae46eddbd9b43205c535f14c626742ed99d626bbc9b3cc0,images/514314dbe520b48d3ae46eddbd9b43205c535f14c626742ed99d626bbc9b3cc0.jpg,saberzl/SID_Set,medium,0,0.7005782723426819
5144e7728f4f564e82575922eac009f480996f4fce638cf14504f4f55d253353,images/5144e7728f4f564e82575922eac009f480996f4fce638cf14504f4f55d253353.jpg,saberzl/SID_Set,medium,0,0.9303077459335327
514f247e0acdf03fa6c5912c39c891ccffe8dd285e15f19c9fdab9b26b09ae57,images/514f247e0acdf03fa6c5912c39c891ccffe8dd285e15f19c9fdab9b26b09ae57.png,RRDataset,medium,1,0.9802989363670349
518140655b54180bf07d447e944b554feb08752e882071f39021f87484d95165,images/518140655b54180bf07d447e944b554feb08752e882071f39021f87484d95165.jpg,ComplexDataLab/OpenFake,medium,0,0.4609054923057556
5198231bbccb3f3fea22fca0e3e4fbb4aab9de0e749fc409b9a41fb7153e0adb,images/5198231bbccb3f3fea22fca0e3e4fbb4aab9de0e749fc409b9a41fb7153e0adb.png,saberzl/SID_Set,medium,1,0.989669144153595
51ab75c0238ade1d70f6b7ac5efa6dee40d328072584573ac4740120fb037d20,images/51ab75c0238ade1d70f6b7ac5efa6dee40d328072584573ac4740120fb037d20.png,RRDataset,medium,1,0.9900262355804443
51bd4d558939415e61f852baaa0ff8630d9d7c2854ab4634ced94807b045166c,images/51bd4d558939415e61f852baaa0ff8630d9d7c2854ab4634ced94807b045166c.jpg,ComplexDataLab/OpenFake,medium,0,0.0006732867914251983
520cccf45b5116ee5b2054d3c2182fe476e4ea55e3a1e8e2a14cc05450870267,images/520cccf45b5116ee5b2054d3c2182fe476e4ea55e3a1e8e2a14cc05450870267.jpg,RRDataset,medium,0,0.20215150713920593
523a7bfe085df05b414627b2e6596acfa628862fc6925a652cbfce70d99e764a,images/523a7bfe085df05b414627b2e6596acfa628862fc6925a652cbfce70d99e764a.png,ComplexDataLab/OpenFake,medium,1,0.777212917804718
523c8668e8a7053bf1c23bb26f27418e60f5447d5052810ef521d4abd44c0174,images/523c8668e8a7053bf1c23bb26f27418e60f5447d5052810ef521d4abd44c0174.jpg,ComplexDataLab/OpenFake,medium,0,0.6719602346420288
525d2ebf5fbd42a02d0dea8d2cc6e0e621a0aab5fdac87daa3d3533be8499547,images/525d2ebf5fbd42a02d0dea8d2cc6e0e621a0aab5fdac87daa3d3533be8499547.jpg,saberzl/SID_Set,medium,0,0.10372330993413925
5268fc996e656c31b01d65f96f05954584e5ee9ccaa526c47a639968df0a6e40,images/5268fc996e656c31b01d65f96f05954584e5ee9ccaa526c47a639968df0a6e40.jpg,ComplexDataLab/OpenFake,medium,0,0.114085853099823
529ee0d4242aa24a8725aacef8485cb3d32063f08c659ae050697cad3b72763b,images/529ee0d4242aa24a8725aacef8485cb3d32063f08c659ae050697cad3b72763b.jpg,ComplexDataLab/OpenFake,medium,0,0.022458037361502647
52a496695829316323a3990137732b121cb8f315f3326d83104fea44b47df8d9,images/52a496695829316323a3990137732b121cb8f315f3326d83104fea44b47df8d9.png,RRDataset,medium,1,0.9206767678260803
52e7d3dfd3010bc8ad92834760c443ae58faf8042119c265d11fdd0196109e5c,images/52e7d3dfd3010bc8ad92834760c443ae58faf8042119c265d11fdd0196109e5c.jpg,ComplexDataLab/OpenFake,medium,0,0.00024400587426498532
531d2fecea1326acbb7e9b3ea8c9ed74fc3b0344779af5f695c5418a76911f44,images/531d2fecea1326acbb7e9b3ea8c9ed74fc3b0344779af5f695c5418a76911f44.jpg,RRDataset,medium,0,0.5177193284034729
5323ebaf35009df88d9e7fd792d677dbc26668e5695c3e9790cd461a8d572662,images/5323ebaf35009df88d9e7fd792d677dbc26668e5695c3e9790cd461a8d572662.png,RRDataset,medium,1,0.9933391213417053
534b8c403c5b8a55a2b2be1d4fb04dd1a74d39bf1f8dcf8dbe2dd4ad375d9d95,images/534b8c403c5b8a55a2b2be1d4fb04dd1a74d39bf1f8dcf8dbe2dd4ad375d9d95.jpg,saberzl/SID_Set,medium,0,0.988997757434845
53572dbaa686a1bf166eff67ecef1a8ded44646071cd6165c4141ee1294b5cce,images/53572dbaa686a1bf166eff67ecef1a8ded44646071cd6165c4141ee1294b5cce.png,RRDataset,medium,1,0.9628344178199768
53639ce3e88d8bf5a8cefc4144f261b5be9c04ed16059ddb6fa426f17db200ab,images/53639ce3e88d8bf5a8cefc4144f261b5be9c04ed16059ddb6fa426f17db200ab.jpg,RRDataset,medium,0,0.8970599174499512
536fe23fd219f35c818b46e399bba10941db769c026dd8fb6f94dcc4d1324d7f,images/536fe23fd219f35c818b46e399bba10941db769c026dd8fb6f94dcc4d1324d7f.jpg,saberzl/SID_Set,medium,0,0.12532448768615723
538680eba07a3cd07413398b874ac2e3c7f91a9deb29a19447a8160c773d78b0,images/538680eba07a3cd07413398b874ac2e3c7f91a9deb29a19447a8160c773d78b0.png,saberzl/SID_Set,medium,1,0.9769371747970581
538f483df822501d95d31e9e9fc80a5f133e35984f6174cca521f692e2d4ca0b,images/538f483df822501d95d31e9e9fc80a5f133e35984f6174cca521f692e2d4ca0b.jpg,RRDataset,medium,0,0.09542488306760788
53bd451f9936af70981561e90a32736e9cb30bd592e02ed0cb21def6134f7604,images/53bd451f9936af70981561e90a32736e9cb30bd592e02ed0cb21def6134f7604.png,ComplexDataLab/OpenFake,medium,1,0.8459948301315308
53e303e2ffec0bbe10bb9995a0b9b1e95dad6ccc155671ff72624285fdce8cb1,images/53e303e2ffec0bbe10bb9995a0b9b1e95dad6ccc155671ff72624285fdce8cb1.png,saberzl/SID_Set,medium,1,0.997313916683197
53f30ce7c894b9c8eee5fd8c46779c2da1c16811c098748836f756edd700974c,images/53f30ce7c894b9c8eee5fd8c46779c2da1c16811c098748836f756edd700974c.png,RRDataset,medium,1,0.9974338412284851
53f37f7e59acb0ef712a2d48fb159d234880086ddeb82b3f309afdf15f9743f8,images/53f37f7e59acb0ef712a2d48fb159d234880086ddeb82b3f309afdf15f9743f8.png,saberzl/SID_Set,medium,1,0.9921016097068787
542723ce3ea39844fc0c4e15c945358a34d1d001b3e96266d0a9590db8237aef,images/542723ce3ea39844fc0c4e15c945358a34d1d001b3e96266d0a9590db8237aef.jpg,RRDataset,medium,0,0.8397067189216614
54283907be65bc971df39a7671edfd38acb6eca65a3c2e4bcc7fc2bca78b1d81,images/54283907be65bc971df39a7671edfd38acb6eca65a3c2e4bcc7fc2bca78b1d81.jpg,ComplexDataLab/OpenFake,medium,0,0.34115803241729736
54460b59a59a6db6c401ebe14446b811b9fccde311f4544d05b6428be9a14306,images/54460b59a59a6db6c401ebe14446b811b9fccde311f4544d05b6428be9a14306.webp,ComplexDataLab/OpenFake,medium,1,0.8717025518417358
545cbc951c31a08766fdf010a7cc199b8b237302837c64ca01a659ca3701f54d,images/545cbc951c31a08766fdf010a7cc199b8b237302837c64ca01a659ca3701f54d.jpg,saberzl/SID_Set,medium,0,0.9058813452720642
54624aed0c459e67c3e2ebab1b7b1ea8164896d975d4f2703059431c4927b013,images/54624aed0c459e67c3e2ebab1b7b1ea8164896d975d4f2703059431c4927b013.jpg,RRDataset,medium,0,0.9088428616523743
5463ee1163a0715d19106aa0972f356b03e4da9d5f40bb6dde0cb8925566582c,images/5463ee1163a0715d19106aa0972f356b03e4da9d5f40bb6dde0cb8925566582c.png,saberzl/SID_Set,medium,1,0.9960950016975403
5478623763bc92a58ee63a60df702325c86f2537b89803308bffda23af903c33,images/5478623763bc92a58ee63a60df702325c86f2537b89803308bffda23af903c33.jpg,ComplexDataLab/OpenFake,medium,0,0.020580703392624855
5492e2a67dc32dbe282da8b02a1b91163a1599a6027bcdabd70c6a1f579efa25,images/5492e2a67dc32dbe282da8b02a1b91163a1599a6027bcdabd70c6a1f579efa25.jpg,ComplexDataLab/OpenFake,medium,0,0.15026143193244934
549a6d5b71420fd0adce8c7a7df4adc619f28dabbb4599c18c31c8c9adfef1b1,images/549a6d5b71420fd0adce8c7a7df4adc619f28dabbb4599c18c31c8c9adfef1b1.jpg,saberzl/SID_Set,medium,0,0.4134499728679657
54dc7eec19d134ec7a79d17e313378c150ae1a1d9f5e106cc51e5a1b3f8e6b69,images/54dc7eec19d134ec7a79d17e313378c150ae1a1d9f5e106cc51e5a1b3f8e6b69.jpg,RRDataset,medium,0,0.9883149862289429
5504e3ffc491cf064add22fdc3faed0d8fbf2923197f8130213046dca62931a4,images/5504e3ffc491cf064add22fdc3faed0d8fbf2923197f8130213046dca62931a4.jpg,saberzl/SID_Set,medium,0,0.7108577489852905
551ea976360d9a1389d4737f8bcce371ef48fa61471239bc4d2960c2ca0aa08b,images/551ea976360d9a1389d4737f8bcce371ef48fa61471239bc4d2960c2ca0aa08b.jpg,saberzl/SID_Set,medium,0,0.8523076772689819
5542a7dba8e3f242d54d2d190dc9c74f9180b3fa0d97486bffaf99729c3da0c5,images/5542a7dba8e3f242d54d2d190dc9c74f9180b3fa0d97486bffaf99729c3da0c5.jpg,ComplexDataLab/OpenFake,medium,0,0.726229190826416
558409f857639f7220d0004cdc487f9add713b6a16d044a6e9936523100adc88,images/558409f857639f7220d0004cdc487f9add713b6a16d044a6e9936523100adc88.jpg,saberzl/SID_Set,medium,0,0.09778974950313568
5601590a4682fd0e17fbdcbab445fd0925bedeb8559b5fa79c3cc24fa9036c50,images/5601590a4682fd0e17fbdcbab445fd0925bedeb8559b5fa79c3cc24fa9036c50.jpg,RRDataset,medium,0,0.6408220529556274
560916b2623f679bbd66fd17c16d07c0961b584a80dd3b251b6f578bcdd16757,images/560916b2623f679bbd66fd17c16d07c0961b584a80dd3b251b6f578bcdd16757.jpg,RRDataset,medium,0,0.1403544396162033
560ca1ed3ae38681f2ef9297852a2e981c132fabcca6754edf2462ad800d7689,images/560ca1ed3ae38681f2ef9297852a2e981c132fabcca6754edf2462ad800d7689.jpg,RRDataset,medium,0,0.8435418605804443
5610e8f69473d4608a03968fc2b8de8372b500b7cf494a111af0fb7b29c7d416,images/5610e8f69473d4608a03968fc2b8de8372b500b7cf494a111af0fb7b29c7d416.png,RRDataset,medium,1,0.998116135597229
56129ab07db592a745279ddb4050d01b90eac666c7aaae7f88b9d1d7aecf13ce,images/56129ab07db592a745279ddb4050d01b90eac666c7aaae7f88b9d1d7aecf13ce.jpg,RRDataset,medium,0,0.5823825001716614
561dcf3fd6fc39bade95182cade0e311cb40627aa9f72230ed9a9bce6891967c,images/561dcf3fd6fc39bade95182cade0e311cb40627aa9f72230ed9a9bce6891967c.png,RRDataset,medium,1,0.9994055032730103
56232e07993c4a389a2a8c69f6c755839bb785f30b4cbacf5073f275d935db3d,images/56232e07993c4a389a2a8c69f6c755839bb785f30b4cbacf5073f275d935db3d.png,RRDataset,medium,1,0.9800658226013184
562f23a2f3eac586718eec1a3ea5bff7b856fa76c02ce9d235e96f3db17597d3,images/562f23a2f3eac586718eec1a3ea5bff7b856fa76c02ce9d235e96f3db17597d3.jpg,saberzl/SID_Set,medium,0,0.8252101540565491
5671f93a9489fe8953270ad1bac1f94a3eae6a4d53b99e1d13eca521c2f861a3,images/5671f93a9489fe8953270ad1bac1f94a3eae6a4d53b99e1d13eca521c2f861a3.jpg,ComplexDataLab/OpenFake,medium,0,0.7148033976554871
567795f86b738339082b123c61808d9875326a5c07cf6c5e26d4d651dbb5393b,images/567795f86b738339082b123c61808d9875326a5c07cf6c5e26d4d651dbb5393b.jpg,ComplexDataLab/OpenFake,medium,0,0.00046836314140819013
568f828b4cd5cb434eaf501ba50fd1c834077009feef7796c7fcabf082792a26,images/568f828b4cd5cb434eaf501ba50fd1c834077009feef7796c7fcabf082792a26.jpg,ComplexDataLab/OpenFake,medium,0,0.2134188711643219
56dd7e2fb881f8d55015e54358303e66089b26fd210f6bbad1523bf066385ffc,images/56dd7e2fb881f8d55015e54358303e66089b26fd210f6bbad1523bf066385ffc.png,saberzl/SID_Set,medium,1,0.9901667833328247
56de53fd05e26aed9e2d69d32334d1f2a987b93b77ba360b02568c487435f27b,images/56de53fd05e26aed9e2d69d32334d1f2a987b93b77ba360b02568c487435f27b.png,RRDataset,medium,1,0.8885722160339355
5702bcd1ecb58b0f01a3d0a651c742c389e805de29cad92a9a3efdd79d5deb9c,images/5702bcd1ecb58b0f01a3d0a651c742c389e805de29cad92a9a3efdd79d5deb9c.png,saberzl/SID_Set,medium,1,0.9959041476249695
57070ac3f9a4a41939bb5208db8f8017bd1c122df2ee863913452294602ee7aa,images/57070ac3f9a4a41939bb5208db8f8017bd1c122df2ee863913452294602ee7aa.jpg,RRDataset,medium,0,0.36746689677238464
571846ee17bc74fcd0c83f1f91b0785ed574dab464497cbdef89c4211c046bdd,images/571846ee17bc74fcd0c83f1f91b0785ed574dab464497cbdef89c4211c046bdd.jpg,ComplexDataLab/OpenFake,medium,0,0.015979263931512833
572d3c1b811eb7bd804ade56057873e0425227fb4c592f6cc8567636ccca21a8,images/572d3c1b811eb7bd804ade56057873e0425227fb4c592f6cc8567636ccca21a8.jpg,saberzl/SID_Set,medium,0,0.5573683381080627
5736e9f75d8ba603d0d6598e799945387b1e73f803d4ad034f931b32a30b99bf,images/5736e9f75d8ba603d0d6598e799945387b1e73f803d4ad034f931b32a30b99bf.jpg,saberzl/SID_Set,medium,0,0.0025399194564670324
573bfb6a4d9fa7e7029469d9127037184fdc7d3fba56918593e838e42d73f631,images/573bfb6a4d9fa7e7029469d9127037184fdc7d3fba56918593e838e42d73f631.jpg,RRDataset,medium,0,0.8015831708908081
5768474a00cf1a635341319a1d5303941d3580b11c7484292c6837a697a2116b,images/5768474a00cf1a635341319a1d5303941d3580b11c7484292c6837a697a2116b.jpg,ComplexDataLab/OpenFake,medium,0,0.40863627195358276
5796c29ad2086c48eaed9d64ae7611b403437238aea46b133c2e2390560a4c26,images/5796c29ad2086c48eaed9d64ae7611b403437238aea46b133c2e2390560a4c26.png,ComplexDataLab/OpenFake,medium,1,0.9114186763763428
57b5b701ac4a415dce4cfa6ad892cbfc2d8bc96c3765c03ce46ab0d86a2f74a2,images/57b5b701ac4a415dce4cfa6ad892cbfc2d8bc96c3765c03ce46ab0d86a2f74a2.webp,ComplexDataLab/OpenFake,medium,1,0.8143758773803711
5806039a1258ee05270c69fc635dbe70b94fc4fb7919bb5c6eb0f77af1b06b54,images/5806039a1258ee05270c69fc635dbe70b94fc4fb7919bb5c6eb0f77af1b06b54.png,saberzl/SID_Set,medium,1,0.9956062436103821
582e7439ef8ccb71f364654ea16068a33ecdbdd9116a4a5834da3cd3e2f87399,images/582e7439ef8ccb71f364654ea16068a33ecdbdd9116a4a5834da3cd3e2f87399.jpg,saberzl/SID_Set,medium,0,0.7014827132225037
5833fa5393e77433f9a753654f0d3c0894a549a269b2e921703a8ed3320ab3ce,images/5833fa5393e77433f9a753654f0d3c0894a549a269b2e921703a8ed3320ab3ce.jpg,ComplexDataLab/OpenFake,medium,0,0.1191553920507431
587598ebb65d9237db80454ba32c6ac757337b0adfa622b38156d49c8eac5613,images/587598ebb65d9237db80454ba32c6ac757337b0adfa622b38156d49c8eac5613.png,ComplexDataLab/OpenFake,medium,1,0.7855844497680664
58834e2017e4a4e3ef277707c82b29c72a92201ad3123738049b5c0e17c319cc,images/58834e2017e4a4e3ef277707c82b29c72a92201ad3123738049b5c0e17c319cc.png,ComplexDataLab/OpenFake,medium,1,0.6821056008338928
58ac3c299e89dcbcd173cb979ba44eeae0529a0177a34d4d446889f407ef0462,images/58ac3c299e89dcbcd173cb979ba44eeae0529a0177a34d4d446889f407ef0462.png,ComplexDataLab/OpenFake,medium,1,0.9971043467521667
58ba64f67ca3fd5115e126fb8ccbbd9753f11023e676d967fed325293b91e569,images/58ba64f67ca3fd5115e126fb8ccbbd9753f11023e676d967fed325293b91e569.png,ComplexDataLab/OpenFake,medium,1,0.9639034867286682
58c71740878465589b199ffb46cf8ecfbcd867a94518b1f0332ac429b71c8107,images/58c71740878465589b199ffb46cf8ecfbcd867a94518b1f0332ac429b71c8107.jpg,saberzl/SID_Set,medium,0,0.0003837281547021121
58d7a302a72e7a36af8cf81d616935989994694744d8b10b35233c306f3140a0,images/58d7a302a72e7a36af8cf81d616935989994694744d8b10b35233c306f3140a0.png,RRDataset,medium,1,0.9919479489326477
58d979ea736daef7b31149fd953bd867f3d5a1b5abe04abf918899f9f36fe7d5,images/58d979ea736daef7b31149fd953bd867f3d5a1b5abe04abf918899f9f36fe7d5.png,saberzl/SID_Set,medium,1,0.9978787899017334
58e70370ea2877cb7d53ff1640547ef5fc5f0e684dd538ecaf4f618b88e8a494,images/58e70370ea2877cb7d53ff1640547ef5fc5f0e684dd538ecaf4f618b88e8a494.jpg,ComplexDataLab/OpenFake,medium,0,0.14993995428085327
59366b2e91d465033d94e740ad1fc5a4ed71f520cbe985cb57a54475c9caa6f0,images/59366b2e91d465033d94e740ad1fc5a4ed71f520cbe985cb57a54475c9caa6f0.png,RRDataset,medium,1,0.9750558137893677
5939cdb6d71c6ff1aef123149bf7bfa19a9a37d26112d9f9eb8ae3beb9ac7668,images/5939cdb6d71c6ff1aef123149bf7bfa19a9a37d26112d9f9eb8ae3beb9ac7668.png,ComplexDataLab/OpenFake,medium,1,0.46523886919021606
593b9336dd895b1c2a597ad59a86ca7e6235f69ec876d2dbea692ec28789d039,images/593b9336dd895b1c2a597ad59a86ca7e6235f69ec876d2dbea692ec28789d039.jpg,RRDataset,medium,0,0.9065046310424805
5950343b177c7db3e722d0bf62b46451bc608263ddb87ff600aa2680a69d8662,images/5950343b177c7db3e722d0bf62b46451bc608263ddb87ff600aa2680a69d8662.png,saberzl/SID_Set,medium,1,0.9075250625610352
59776cc07a43ab637ec3f4d9fea796c872c67e7d3f21a4aec619e8b937315312,images/59776cc07a43ab637ec3f4d9fea796c872c67e7d3f21a4aec619e8b937315312.jpg,ComplexDataLab/OpenFake,medium,0,0.9318960905075073
598183bfef0274941e47ae42216302dd161b011e9da64b07493cb8a641cdd2dd,images/598183bfef0274941e47ae42216302dd161b011e9da64b07493cb8a641cdd2dd.png,saberzl/SID_Set,medium,1,0.9870213866233826
59b616692e0d7acad673c41c34977ce1d83d4e82ab366064cce17ee955954a0e,images/59b616692e0d7acad673c41c34977ce1d83d4e82ab366064cce17ee955954a0e.jpg,ComplexDataLab/OpenFake,medium,0,0.6249179244041443
59ba9a5bf0e39081402aab13866822ba506f27810ee081f54df7bdd5b65bf6cc,images/59ba9a5bf0e39081402aab13866822ba506f27810ee081f54df7bdd5b65bf6cc.png,RRDataset,medium,1,0.9856469035148621
59ea4008fe56dc2e3aa358ae7ab654d294e63ba8c35e68accfcab11f03972846,images/59ea4008fe56dc2e3aa358ae7ab654d294e63ba8c35e68accfcab11f03972846.png,ComplexDataLab/OpenFake,medium,1,0.12060656398534775
59f351a12e2d48483e06f0dfc3bf1aa0c8a0544c73408e6a51063da92894960b,images/59f351a12e2d48483e06f0dfc3bf1aa0c8a0544c73408e6a51063da92894960b.jpg,ComplexDataLab/OpenFake,medium,1,0.9776091575622559
5a008e204b2f80043f17b8cbdf545e1d29a19d6147b7b4b09c83dfad0f264123,images/5a008e204b2f80043f17b8cbdf545e1d29a19d6147b7b4b09c83dfad0f264123.jpg,saberzl/SID_Set,medium,0,0.16441215574741364
5a137a43c13ba94d8b578f5ca7e78179f078f96cc35df834118ac5dd48507a7b,images/5a137a43c13ba94d8b578f5ca7e78179f078f96cc35df834118ac5dd48507a7b.jpg,RRDataset,medium,0,0.9629716873168945
5a14416e4a432264074136edfeeef4f78a34839480f30aece854106d82bfb3ba,images/5a14416e4a432264074136edfeeef4f78a34839480f30aece854106d82bfb3ba.png,saberzl/SID_Set,medium,1,0.8676468729972839
5a5011515f37f5446fd97444d68f27cf252040b7dbb3598b222e42e78fc664b8,images/5a5011515f37f5446fd97444d68f27cf252040b7dbb3598b222e42e78fc664b8.png,RRDataset,medium,1,0.9819245338439941
5a59f322c876ae58314db34e0d0c151f07b4ff1fae4227afc2e2cd5403d65b27,images/5a59f322c876ae58314db34e0d0c151f07b4ff1fae4227afc2e2cd5403d65b27.jpg,ComplexDataLab/OpenFake,medium,0,0.11375491321086884
5a6a19c4f24683a219765990cf78a25a458d0c8be021b9d03f491f425a2bef89,images/5a6a19c4f24683a219765990cf78a25a458d0c8be021b9d03f491f425a2bef89.jpg,RRDataset,medium,0,0.30411672592163086
5a7ea67f2ef925d6f3be883ca0e101d777570089fc333ef822c87ee1983b9863,images/5a7ea67f2ef925d6f3be883ca0e101d777570089fc333ef822c87ee1983b9863.jpg,ComplexDataLab/OpenFake,medium,0,0.177717387676239
5a80b6aa144308674bda1f1bb261274ae9118013c4b44b4a98ea22ea5d134efa,images/5a80b6aa144308674bda1f1bb261274ae9118013c4b44b4a98ea22ea5d134efa.jpg,ComplexDataLab/OpenFake,medium,0,0.012899970635771751
5a8efcb8af621c654e459ab6d0db6889c5c8238e4718359334788b9fda8978ac,images/5a8efcb8af621c654e459ab6d0db6889c5c8238e4718359334788b9fda8978ac.png,ComplexDataLab/OpenFake,medium,1,0.7226734161376953
5a9e2ec41f18608d292eed6101884027f77a2ee51e5084207cd8e2213b1aae25,images/5a9e2ec41f18608d292eed6101884027f77a2ee51e5084207cd8e2213b1aae25.jpg,saberzl/SID_Set,medium,0,0.4314022362232208
5ab45ff0b0c8954bfef48f86ff22c300928fae3e98a7976f04c144e3e31f2c2e,images/5ab45ff0b0c8954bfef48f86ff22c300928fae3e98a7976f04c144e3e31f2c2e.png,ComplexDataLab/OpenFake,medium,1,0.990486204624176
5ae6be53395820c9d7d49ca1a5047c85fae7019b9c70efaef95c0974760ce97e,images/5ae6be53395820c9d7d49ca1a5047c85fae7019b9c70efaef95c0974760ce97e.jpg,saberzl/SID_Set,medium,0,0.0046114232391119
5af84c4fc8b90735983559e81187e944f0e2288c06b2b34e1037a4c7a4562773,images/5af84c4fc8b90735983559e81187e944f0e2288c06b2b34e1037a4c7a4562773.png,ComplexDataLab/OpenFake,medium,1,0.999421238899231
5b3ec6e2479e4831a758fe06d7be841e3f5481d88b255ac0f9c56f3e3990155c,images/5b3ec6e2479e4831a758fe06d7be841e3f5481d88b255ac0f9c56f3e3990155c.jpg,saberzl/SID_Set,medium,0,0.08067002147436142
5b75695d3e9d041c42c49cdfed94c8e9698fb8d2931e81aa59498f9758cc663d,images/5b75695d3e9d041c42c49cdfed94c8e9698fb8d2931e81aa59498f9758cc663d.jpg,ComplexDataLab/OpenFake,medium,0,0.47028544545173645
5b99433135dc96fedfaaefa6a9eb2f10c62cfe86c2237cebe6333d887c894b3c,images/5b99433135dc96fedfaaefa6a9eb2f10c62cfe86c2237cebe6333d887c894b3c.jpg,ComplexDataLab/OpenFake,medium,0,0.3106710612773895
5bc0016c9583ab2272825ad427f2acc1abb069034b91a0fa3a77f60e05f6dac3,images/5bc0016c9583ab2272825ad427f2acc1abb069034b91a0fa3a77f60e05f6dac3.png,RRDataset,medium,1,0.8949272036552429
5bcdc1ac3ebf28593953e04e97b957f9765ca4d1830094d8bbf17c9feedf17ab,images/5bcdc1ac3ebf28593953e04e97b957f9765ca4d1830094d8bbf17c9feedf17ab.webp,ComplexDataLab/OpenFake,medium,1,0.9711403250694275
5bed6b61dfb4b3cbc0ad6fc881d1fefee657327445a21e1da5e344eb5fce4d52,images/5bed6b61dfb4b3cbc0ad6fc881d1fefee657327445a21e1da5e344eb5fce4d52.png,saberzl/SID_Set,medium,1,0.9715064167976379
5c061a7f7651c2081f8dc408f61d8ad00ffa741f85741fad2f2c7f0ae5a8bbd7,images/5c061a7f7651c2081f8dc408f61d8ad00ffa741f85741fad2f2c7f0ae5a8bbd7.jpg,saberzl/SID_Set,medium,0,0.1732228547334671
5c1f96ecd51af7cf2722b920aa38cfa569ef6ba95ad393dc13df2ad6dd48b79b,images/5c1f96ecd51af7cf2722b920aa38cfa569ef6ba95ad393dc13df2ad6dd48b79b.jpg,saberzl/SID_Set,medium,0,0.3070438504219055
5c32335ecc2a185d2e3f77e3698dd4f4592beb2459a31a4364f1b8efccf3f058,images/5c32335ecc2a185d2e3f77e3698dd4f4592beb2459a31a4364f1b8efccf3f058.jpg,RRDataset,medium,0,0.4592010974884033
5c99b21d9212140c364852950f5fef2cbad1ca30d42d1a2d177bafcd90c4047a,images/5c99b21d9212140c364852950f5fef2cbad1ca30d42d1a2d177bafcd90c4047a.png,saberzl/SID_Set,medium,1,0.8102624416351318
5c9e668642cc880f400506fa10510136ef1334bd6b6a9a2320eec4c7ca240c48,images/5c9e668642cc880f400506fa10510136ef1334bd6b6a9a2320eec4c7ca240c48.jpg,ComplexDataLab/OpenFake,medium,0,0.12015362083911896
5ca94d8f9a88b2d264ad08098bb49a19bca654b3338ab1d8a3de90560113cc10,images/5ca94d8f9a88b2d264ad08098bb49a19bca654b3338ab1d8a3de90560113cc10.png,ComplexDataLab/OpenFake,medium,1,0.9606860876083374
5d0587e2d07c1aaaa82a3b70b58b3f435b64823fd4e1d2721c38020b590ecd5e,images/5d0587e2d07c1aaaa82a3b70b58b3f435b64823fd4e1d2721c38020b590ecd5e.jpg,RRDataset,medium,0,0.7160291075706482
5d255f93568bb585f6a2b01c9d9512cadf162326ca0784aee4462a7a930e83a3,images/5d255f93568bb585f6a2b01c9d9512cadf162326ca0784aee4462a7a930e83a3.jpg,RRDataset,medium,0,0.00870518572628498
5d56b1e9792895d70c9a33974af2c11f9d8ab5a2f54aeea14ff44461a55f70f0,images/5d56b1e9792895d70c9a33974af2c11f9d8ab5a2f54aeea14ff44461a55f70f0.jpg,ComplexDataLab/OpenFake,medium,0,0.05885634943842888
5d6277307f8b594dd63c77dc4b78252084efdbfa55f6c5900b33992d7507aeaa,images/5d6277307f8b594dd63c77dc4b78252084efdbfa55f6c5900b33992d7507aeaa.png,RRDataset,medium,1,0.9873720407485962
5d680e860d975bc682a40a2529fc9e30cb32960b91b05dfbb2e9ca57d038c262,images/5d680e860d975bc682a40a2529fc9e30cb32960b91b05dfbb2e9ca57d038c262.png,RRDataset,medium,1,0.7771843671798706
5d68a824448c765b75cfff0e7906f43dbd6e34c19ae6950196304cc08b18c031,images/5d68a824448c765b75cfff0e7906f43dbd6e34c19ae6950196304cc08b18c031.jpg,RRDataset,medium,0,0.16478286683559418
5d6beaa1c22e1cf92c8835233a9f7fc91184f3d334d8bac4af479642690a7d05,images/5d6beaa1c22e1cf92c8835233a9f7fc91184f3d334d8bac4af479642690a7d05.png,ComplexDataLab/OpenFake,medium,1,0.9146499037742615
5d7f679b9113bc0d3ee84f48f6329c2ff4bd63386d440ace3729bfe8edca4fb8,images/5d7f679b9113bc0d3ee84f48f6329c2ff4bd63386d440ace3729bfe8edca4fb8.png,RRDataset,medium,1,0.9098563194274902
5d85226dd0f511f035feb81877cfe6c1671bb1fcb851485cac2a781be68e1d18,images/5d85226dd0f511f035feb81877cfe6c1671bb1fcb851485cac2a781be68e1d18.jpg,ComplexDataLab/OpenFake,medium,0,0.0009874127572402358
5d85b69c4e49d5e0b419964a085891c8bba13ca22a0b33f878284c64a89af1b6,images/5d85b69c4e49d5e0b419964a085891c8bba13ca22a0b33f878284c64a89af1b6.jpg,ComplexDataLab/OpenFake,medium,1,0.4012375473976135
5d8b101dd32d031b1b720d211ae31be6d0be0a1acfeda97c61f9bbce0bb63218,images/5d8b101dd32d031b1b720d211ae31be6d0be0a1acfeda97c61f9bbce0bb63218.png,saberzl/SID_Set,medium,1,0.9925922155380249
5dadfc04088efb653f1433791a5c1ca4d91ead807d2e42fa214f256f770d48cf,images/5dadfc04088efb653f1433791a5c1ca4d91ead807d2e42fa214f256f770d48cf.jpg,saberzl/SID_Set,medium,0,0.0026467067655175924
5db733a02dbbb335bc759185ad9583a6750cbdb8601611d6278f6a964b0f144d,images/5db733a02dbbb335bc759185ad9583a6750cbdb8601611d6278f6a964b0f144d.jpg,saberzl/SID_Set,medium,0,0.2305845320224762
5db9757d6f5339a1daa591c1140a5307fa676d461ac5af4bd350f8982a75238e,images/5db9757d6f5339a1daa591c1140a5307fa676d461ac5af4bd350f8982a75238e.png,RRDataset,medium,1,0.9327138066291809
5dbc805ca4396d8c35d3b15ea2c50285919318ed5f780ca1b06af8d50a8384c0,images/5dbc805ca4396d8c35d3b15ea2c50285919318ed5f780ca1b06af8d50a8384c0.png,ComplexDataLab/OpenFake,medium,1,0.9779510498046875
5e40b7f3bebcd0cffcf5683cdb3cdaef30a88ea9203f2d8a8e87ad4a4ac077c9,images/5e40b7f3bebcd0cffcf5683cdb3cdaef30a88ea9203f2d8a8e87ad4a4ac077c9.png,ComplexDataLab/OpenFake,medium,1,0.8823128342628479
5e5bbf8cbc81cb882db71d878b8cb459d566c5342130efc9864cd16b5b168f0d,images/5e5bbf8cbc81cb882db71d878b8cb459d566c5342130efc9864cd16b5b168f0d.jpg,saberzl/SID_Set,medium,0,0.2777819037437439
5ec7507706c214806876fcb48a0655335ec1bfce83b9706e11742a8af596a761,images/5ec7507706c214806876fcb48a0655335ec1bfce83b9706e11742a8af596a761.png,ComplexDataLab/OpenFake,medium,1,0.9162282347679138
5ed0fb025fef1934945dcf9c02abdf052778da49c9f303c8c04cf416783c9d8a,images/5ed0fb025fef1934945dcf9c02abdf052778da49c9f303c8c04cf416783c9d8a.png,RRDataset,medium,1,0.967596173286438
5ee9ad8c13c7038227e3cc8e531897c144ab4264e67f4bc3a46c24142d6ac5dd,images/5ee9ad8c13c7038227e3cc8e531897c144ab4264e67f4bc3a46c24142d6ac5dd.jpg,saberzl/SID_Set,medium,0,0.6704292297363281
5eeb1d72bcd0f99b3869a07a3f1f655e21365430a5d720f017768954cb0a3e30,images/5eeb1d72bcd0f99b3869a07a3f1f655e21365430a5d720f017768954cb0a3e30.jpg,saberzl/SID_Set,medium,0,0.003213756252080202
5f5de9d195fabd264db87d5b428829885e0abeba30c3c223c837a9b67bb17883,images/5f5de9d195fabd264db87d5b428829885e0abeba30c3c223c837a9b67bb17883.png,saberzl/SID_Set,medium,1,0.9969603419303894
5f69b7d55356ddd6d631232e7016b73ff5b69629404fed4bc79727b8aced496d,images/5f69b7d55356ddd6d631232e7016b73ff5b69629404fed4bc79727b8aced496d.jpg,saberzl/SID_Set,medium,0,0.3372457027435303
5f9e5f4d099b8094dc3f72206c0e9f3b57890c0967c7fb1d7f467616c1d8c65e,images/5f9e5f4d099b8094dc3f72206c0e9f3b57890c0967c7fb1d7f467616c1d8c65e.png,ComplexDataLab/OpenFake,medium,1,0.9875829815864563
5fad4b8db531276b73263edc137e35e9177d34890b0cb4332c52cc97ad62c310,images/5fad4b8db531276b73263edc137e35e9177d34890b0cb4332c52cc97ad62c310.jpg,RRDataset,medium,0,0.9511786103248596
5fb33107ac59bef1fcf69c1f95e57db4e0863ac5c36139d66fdc1ae0a383d449,images/5fb33107ac59bef1fcf69c1f95e57db4e0863ac5c36139d66fdc1ae0a383d449.png,ComplexDataLab/OpenFake,medium,1,0.4952729046344757
6061a5bb09b6ac0fc23a505ae7f3136daabc91cef988954a9a4d3abe73373995,images/6061a5bb09b6ac0fc23a505ae7f3136daabc91cef988954a9a4d3abe73373995.jpg,ComplexDataLab/OpenFake,medium,0,0.003974404186010361
60634c9a29034a59bb6e943ac372c396e222af38120c8f2d71b83c720165a834,images/60634c9a29034a59bb6e943ac372c396e222af38120c8f2d71b83c720165a834.jpg,ComplexDataLab/OpenFake,medium,0,0.9127486944198608
60846da2b60eb5caa454ac73a8daaab0ba5f5760909341e24f7f5130a6479967,images/60846da2b60eb5caa454ac73a8daaab0ba5f5760909341e24f7f5130a6479967.jpg,RRDataset,medium,0,0.7272287011146545
609cc40185e765073712c92dc3c58e363eb4c683ff5cd2658fc1f481ca930789,images/609cc40185e765073712c92dc3c58e363eb4c683ff5cd2658fc1f481ca930789.png,saberzl/SID_Set,medium,1,0.960859477519989
609eda2155b05800513ca2221d237437c4fd17d8106b56a642c540736c1935ce,images/609eda2155b05800513ca2221d237437c4fd17d8106b56a642c540736c1935ce.png,saberzl/SID_Set,medium,1,0.8312978148460388
6109fc8aa8891dbc6bb37be63ea216d99c1cfa49f4dbcff78586274cccab45c7,images/6109fc8aa8891dbc6bb37be63ea216d99c1cfa49f4dbcff78586274cccab45c7.png,RRDataset,medium,1,0.9996180534362793
6110517bdff70a5bb1bcf0b679c93c4e89890a78e7d1210b8720263896616d30,images/6110517bdff70a5bb1bcf0b679c93c4e89890a78e7d1210b8720263896616d30.png,RRDataset,medium,1,0.9704415202140808
6116c903f45c0499d52181a737eae6167d8781453da3ed62cfdd0740ca79807f,images/6116c903f45c0499d52181a737eae6167d8781453da3ed62cfdd0740ca79807f.png,saberzl/SID_Set,medium,1,0.8895223140716553
612a346113d6db642be0adcd7daeefcd79c927a13968b250d5cf64f8f627cc3c,images/612a346113d6db642be0adcd7daeefcd79c927a13968b250d5cf64f8f627cc3c.png,RRDataset,medium,1,0.838387668132782
612aa162b72a7896cb41c6cda8313a9ae45dbcb5a22135ab9addcaa979f5e6a6,images/612aa162b72a7896cb41c6cda8313a9ae45dbcb5a22135ab9addcaa979f5e6a6.png,ComplexDataLab/OpenFake,medium,1,0.9619325399398804
613918085d28a4d0e51a50ec0da8db2265a16e15718d48ca233d2c027379c6ce,images/613918085d28a4d0e51a50ec0da8db2265a16e15718d48ca233d2c027379c6ce.jpg,saberzl/SID_Set,medium,0,0.052276622503995895
614409660d7bc480a716ba5548b6514c7a9db5ffdd7e938e34dea6e007ff32cd,images/614409660d7bc480a716ba5548b6514c7a9db5ffdd7e938e34dea6e007ff32cd.jpg,ComplexDataLab/OpenFake,medium,0,0.5222145318984985
6146a2b2a8107c10a1e30896ddc04be24699473f1e4523531609b3ee8e85287f,images/6146a2b2a8107c10a1e30896ddc04be24699473f1e4523531609b3ee8e85287f.jpg,saberzl/SID_Set,medium,0,0.05202662944793701
61505a6e89778e40bb1e6828f5fa9a2545b8406ca97fbf3e45e0b4c68f720b23,images/61505a6e89778e40bb1e6828f5fa9a2545b8406ca97fbf3e45e0b4c68f720b23.jpg,ComplexDataLab/OpenFake,medium,0,0.461137980222702
615e300f9cafcb2ba83520e279f4cea5412663893d740b24919aae1aa8c2c939,images/615e300f9cafcb2ba83520e279f4cea5412663893d740b24919aae1aa8c2c939.jpg,RRDataset,medium,0,0.11110758781433105
61a8146c4e21d0998b1801e85166aaa050c009ca6e05500200e10e7cfbd639e8,images/61a8146c4e21d0998b1801e85166aaa050c009ca6e05500200e10e7cfbd639e8.png,RRDataset,medium,1,0.997703492641449
61d4ab018d80da20aff78137a9d4987c27fb9792d6c14d53fe9ec8778715051f,images/61d4ab018d80da20aff78137a9d4987c27fb9792d6c14d53fe9ec8778715051f.png,ComplexDataLab/OpenFake,medium,1,0.9227657914161682
61e0332946ff38a35a3fdb6830ec096bfe5ae49e8ab6e8a04355730730701b82,images/61e0332946ff38a35a3fdb6830ec096bfe5ae49e8ab6e8a04355730730701b82.jpg,saberzl/SID_Set,medium,0,0.8744800090789795
620807e87e4f47b68eac67708d228ce5302b65ed5947d269a36e213af1161ddb,images/620807e87e4f47b68eac67708d228ce5302b65ed5947d269a36e213af1161ddb.png,RRDataset,medium,1,0.7809945940971375
62124b13e24ef0ddbafa7b0f65ecac525333daa5b0ebe4f6f2d13897e633c47e,images/62124b13e24ef0ddbafa7b0f65ecac525333daa5b0ebe4f6f2d13897e633c47e.png,ComplexDataLab/OpenFake,medium,1,0.9932447075843811
6218b395e0d1888bad7f627be967b4c5bb80456a3950ee6c2d6db67c1151191b,images/6218b395e0d1888bad7f627be967b4c5bb80456a3950ee6c2d6db67c1151191b.png,RRDataset,medium,1,0.8827800154685974
622cff069a36d5da6b4061157cf155e4058c9ed7066a5323ebd957abe9c0e2d9,images/622cff069a36d5da6b4061157cf155e4058c9ed7066a5323ebd957abe9c0e2d9.png,RRDataset,medium,1,0.9894910454750061
6240e55e9e4e580691a1c593729c39303aa984e723dc3ee7d2cb11b599ea5dc4,images/6240e55e9e4e580691a1c593729c39303aa984e723dc3ee7d2cb11b599ea5dc4.png,ComplexDataLab/OpenFake,medium,1,0.9892471432685852
62437e31b5098984f70eef1d8dbd2820695d6fcf182fe54572cce2d859251dad,images/62437e31b5098984f70eef1d8dbd2820695d6fcf182fe54572cce2d859251dad.jpg,saberzl/SID_Set,medium,0,0.11047045141458511
626b732637ed5859a1eb394609f82d4de50d262722b7664dd463087b3e3a7ccb,images/626b732637ed5859a1eb394609f82d4de50d262722b7664dd463087b3e3a7ccb.jpg,RRDataset,medium,0,0.9800959825515747
627b081df829f25880c792373ffdd1dfad46a7556b1c160a28c816d14443f2f2,images/627b081df829f25880c792373ffdd1dfad46a7556b1c160a28c816d14443f2f2.png,saberzl/SID_Set,medium,1,0.9723868370056152
62d2a3b5c43c2ff741103a2a8bfe2ebf6991337006caa03ab823243c8eb1cae4,images/62d2a3b5c43c2ff741103a2a8bfe2ebf6991337006caa03ab823243c8eb1cae4.png,saberzl/SID_Set,medium,1,0.934684157371521
62e3c8bf91b6801c660dbee1ffaaf7189f3820822c38bf9d8b2e427180ab69d9,images/62e3c8bf91b6801c660dbee1ffaaf7189f3820822c38bf9d8b2e427180ab69d9.png,RRDataset,medium,1,0.8027064204216003
634d46bf724f7672a188dbf23db4e3fc3d789700da13e628e9a118284241fb64,images/634d46bf724f7672a188dbf23db4e3fc3d789700da13e628e9a118284241fb64.png,RRDataset,medium,1,0.9605520963668823
6365d1822f2cba2cb9c8b2b1123aa42fd64cdd3c553ac87a2cab94cbb51b6470,images/6365d1822f2cba2cb9c8b2b1123aa42fd64cdd3c553ac87a2cab94cbb51b6470.png,ComplexDataLab/OpenFake,medium,1,0.8064250946044922
639eb577226be3612ee2444fff43f5d1ecd8ef1cc9a8c9dfea51ad79f86d2efe,images/639eb577226be3612ee2444fff43f5d1ecd8ef1cc9a8c9dfea51ad79f86d2efe.jpg,saberzl/SID_Set,medium,0,0.2841154932975769
63e1abeeacdff9bb27a7246ca0d46680094b71ef2d3c810b83483d90b81ba421,images/63e1abeeacdff9bb27a7246ca0d46680094b71ef2d3c810b83483d90b81ba421.png,ComplexDataLab/OpenFake,medium,1,0.6585785150527954
63fa6303271aca3f50865c41e8bae8414a1c2ff8c7591ae8a7cf848ca9a85247,images/63fa6303271aca3f50865c41e8bae8414a1c2ff8c7591ae8a7cf848ca9a85247.png,RRDataset,medium,1,0.8604087829589844
6432259a10bbb88bac20f3b4d92616098c8690983a217d4d3ee770272b2cc8ed,images/6432259a10bbb88bac20f3b4d92616098c8690983a217d4d3ee770272b2cc8ed.jpg,saberzl/SID_Set,medium,0,0.00339384819380939
6433af075246cd9dd88b6f87958cc18deb2d1f520881f31e1d8798d88bad4309,images/6433af075246cd9dd88b6f87958cc18deb2d1f520881f31e1d8798d88bad4309.jpg,RRDataset,medium,0,0.9135210514068604
644cb1e4bdf5e2b796cc40679a4540f428622b55c31dd4a30b706eab3a0bfa27,images/644cb1e4bdf5e2b796cc40679a4540f428622b55c31dd4a30b706eab3a0bfa27.jpg,ComplexDataLab/OpenFake,medium,0,0.00754837691783905
64a073c77cad3cabf5d89d4dcad69564015ffa10b9e2871792aa67628556084e,images/64a073c77cad3cabf5d89d4dcad69564015ffa10b9e2871792aa67628556084e.png,RRDataset,medium,1,0.8637680411338806
64b32851cf7610a6725d4325315dc7df8ae079fad6931102a2957a42f63e133b,images/64b32851cf7610a6725d4325315dc7df8ae079fad6931102a2957a42f63e133b.jpg,RRDataset,medium,0,0.9918564558029175
64c1e49318dbd47326d32114af2fd3a8c145a06cf18ce67a763027e17239db4e,images/64c1e49318dbd47326d32114af2fd3a8c145a06cf18ce67a763027e17239db4e.jpg,ComplexDataLab/OpenFake,medium,0,0.00010701044811867177
653d89253da6c1f1dbd9cd55fc20c99dbdbfa2a2dfdaf3ce2cc7d5bb6c657f2d,images/653d89253da6c1f1dbd9cd55fc20c99dbdbfa2a2dfdaf3ce2cc7d5bb6c657f2d.png,saberzl/SID_Set,medium,1,0.9899196624755859
655179587453dbf9a4f3b7bd1772a599fa9727354a420be67b41b72790cab024,images/655179587453dbf9a4f3b7bd1772a599fa9727354a420be67b41b72790cab024.jpg,ComplexDataLab/OpenFake,medium,0,0.02852700650691986
6573a05e0f042ff897860af408a1e852567e14ff1b7861647f3f69c6a03a8017,images/6573a05e0f042ff897860af408a1e852567e14ff1b7861647f3f69c6a03a8017.png,saberzl/SID_Set,medium,1,0.9914430975914001
65aec9aa0fa6f174f645b5f3cb80d651b1f323e862175b92f3efb564c00a4764,images/65aec9aa0fa6f174f645b5f3cb80d651b1f323e862175b92f3efb564c00a4764.jpg,ComplexDataLab/OpenFake,medium,0,0.8985382914543152
65b4bc7009465d98a62eebac022758cbb0e459618c64ad52b0e37efebb10f877,images/65b4bc7009465d98a62eebac022758cbb0e459618c64ad52b0e37efebb10f877.png,ComplexDataLab/OpenFake,medium,1,0.8713095188140869
65c12e6f65cba368dcecfc2a931c42980ade56a7018555ca9e1a3561be5cac6c,images/65c12e6f65cba368dcecfc2a931c42980ade56a7018555ca9e1a3561be5cac6c.jpg,ComplexDataLab/OpenFake,medium,0,0.40049314498901367
65c77270a9ed29a7db33664374c0f6911fac6097b12da4fca47f42c7c05beeca,images/65c77270a9ed29a7db33664374c0f6911fac6097b12da4fca47f42c7c05beeca.png,RRDataset,medium,1,0.969353437423706
65e22c1aebb70755cf0889923750dd3e349ca0bdc313c542d1efce2067d95c58,images/65e22c1aebb70755cf0889923750dd3e349ca0bdc313c542d1efce2067d95c58.jpg,saberzl/SID_Set,medium,0,0.7966927289962769
65edb2b5d37d8f107c692d52733dbc66b5f25f692052d2726b99765e822b0f2c,images/65edb2b5d37d8f107c692d52733dbc66b5f25f692052d2726b99765e822b0f2c.jpg,saberzl/SID_Set,medium,0,0.5119175314903259
66454cda10666ba074a74a6d4f396f6fea518319816d6ff6c0fe2769dd49a2cf,images/66454cda10666ba074a74a6d4f396f6fea518319816d6ff6c0fe2769dd49a2cf.png,saberzl/SID_Set,medium,1,0.9615723490715027
664878a4f78a74d56043eb9e097cdfe007457c001e8a881a1778becdae4106fe,images/664878a4f78a74d56043eb9e097cdfe007457c001e8a881a1778becdae4106fe.png,saberzl/SID_Set,medium,1,0.9879949688911438
664ebbfcfde81849303f05d41709140352ee89f7a8bad475c74f574ec766ab99,images/664ebbfcfde81849303f05d41709140352ee89f7a8bad475c74f574ec766ab99.jpg,saberzl/SID_Set,medium,0,0.4271741509437561
6676f8daa910bdaef79ecb280bb21b4a001490a775fbb6916ce05ee1db348d01,images/6676f8daa910bdaef79ecb280bb21b4a001490a775fbb6916ce05ee1db348d01.png,RRDataset,medium,1,0.9724108576774597
66784fcab41816cbe9a87974b6f0a3f7cbea10ef5797201144498f03bd1acb93,images/66784fcab41816cbe9a87974b6f0a3f7cbea10ef5797201144498f03bd1acb93.png,ComplexDataLab/OpenFake,medium,1,0.6957513689994812
6684783d39370cad62e35792b5b8501a22969d42224f9803a88e849ece0969fc,images/6684783d39370cad62e35792b5b8501a22969d42224f9803a88e849ece0969fc.jpg,ComplexDataLab/OpenFake,medium,0,0.17314857244491577
6686802ad82bdcfe8836fcbf97be5304612ca655919f5bf4fec51ce98c8193c0,images/6686802ad82bdcfe8836fcbf97be5304612ca655919f5bf4fec51ce98c8193c0.png,ComplexDataLab/OpenFake,medium,1,0.9785112738609314
6688f2e87b7938130440b335d728330bd18901634606a831d07306ce6c11a7ca,images/6688f2e87b7938130440b335d728330bd18901634606a831d07306ce6c11a7ca.jpg,ComplexDataLab/OpenFake,medium,0,0.07950369268655777
66bf7434d7333de2c74758090af8b4464566795679dadfaeb437f68d09c0865b,images/66bf7434d7333de2c74758090af8b4464566795679dadfaeb437f68d09c0865b.jpg,saberzl/SID_Set,medium,0,0.09747041761875153
66cdce476b5de3679465c6e8b9f6435f41e9cbc5a01d6ea5fb0e034d3eb4776b,images/66cdce476b5de3679465c6e8b9f6435f41e9cbc5a01d6ea5fb0e034d3eb4776b.jpg,ComplexDataLab/OpenFake,medium,0,0.2984626591205597
66d53afefd8f37af30c4eacf5dc27b5759d0bb9880395d25f02ad7c0ea84c2db,images/66d53afefd8f37af30c4eacf5dc27b5759d0bb9880395d25f02ad7c0ea84c2db.png,saberzl/SID_Set,medium,1,0.9767416715621948
66ebebfe61092a58fefab8a3403ac3e8d0a4c79b08258d28f82f1bc20f5593c1,images/66ebebfe61092a58fefab8a3403ac3e8d0a4c79b08258d28f82f1bc20f5593c1.png,saberzl/SID_Set,medium,1,0.9464896321296692
66ec07f3268afb98181f2731532e73529c0f8f5063b1b1031364da558e81340b,images/66ec07f3268afb98181f2731532e73529c0f8f5063b1b1031364da558e81340b.jpg,saberzl/SID_Set,medium,0,0.05110027268528938
66fa8781915ddfc34d1e12e2d4861664c6b79be980548c93f8ef45fdb324adad,images/66fa8781915ddfc34d1e12e2d4861664c6b79be980548c93f8ef45fdb324adad.jpg,RRDataset,medium,0,0.08988551050424576
67103560b7f48a342fcf54f428c4c0de9cc23370208290138e7c3aa46ceee49f,images/67103560b7f48a342fcf54f428c4c0de9cc23370208290138e7c3aa46ceee49f.jpg,saberzl/SID_Set,medium,0,0.03212177753448486
671898b909b5469641f2b38722cde001fa6d1d96572ea1bf279c1736d6ed4021,images/671898b909b5469641f2b38722cde001fa6d1d96572ea1bf279c1736d6ed4021.jpg,RRDataset,medium,0,0.02794492430984974
6721c9afd2cdf9b930c1cc850b87224dcb850ca829d50e2ac2c04ee4afe1ecfb,images/6721c9afd2cdf9b930c1cc850b87224dcb850ca829d50e2ac2c04ee4afe1ecfb.png,saberzl/SID_Set,medium,1,0.9526663422584534
6768aaecbdbb990bcf9544f30e0b066769d630ef6e1242621762520c3eefafc8,images/6768aaecbdbb990bcf9544f30e0b066769d630ef6e1242621762520c3eefafc8.jpg,ComplexDataLab/OpenFake,medium,1,0.847773015499115
67713c1f9fbdc01790fb8bcc69c25f1e5e44485c1788f2939cee4e758c44fa17,images/67713c1f9fbdc01790fb8bcc69c25f1e5e44485c1788f2939cee4e758c44fa17.jpg,RRDataset,medium,0,0.9998133778572083
679bb9a6a297c82d449849e2b18096083d645586cec4d48eb012ec03cd11f92a,images/679bb9a6a297c82d449849e2b18096083d645586cec4d48eb012ec03cd11f92a.png,saberzl/SID_Set,medium,1,0.9816170930862427
682718cebfe6e5533c3c32edda72d32bd2714930b5cf38c05fa5477592b833d7,images/682718cebfe6e5533c3c32edda72d32bd2714930b5cf38c05fa5477592b833d7.png,ComplexDataLab/OpenFake,medium,1,0.9710564613342285
6835897ccb9f02871a2d62d05430193dff627471e4e6769f98b3aee91f32e2fc,images/6835897ccb9f02871a2d62d05430193dff627471e4e6769f98b3aee91f32e2fc.jpg,saberzl/SID_Set,medium,0,0.04963904991745949
685e75a856fc0c25228841d7263a8e5b505a5a1364f212dd2f846ea8bf6ce91f,images/685e75a856fc0c25228841d7263a8e5b505a5a1364f212dd2f846ea8bf6ce91f.jpg,saberzl/SID_Set,medium,0,0.38530153036117554
6863ced20abed1eb154ab61072e2fab6b9a65d839186d9c3e783a9f0335a6f4f,images/6863ced20abed1eb154ab61072e2fab6b9a65d839186d9c3e783a9f0335a6f4f.jpg,RRDataset,medium,0,0.8799686431884766
68a3d31d164fc543cea2978b63173f0a26d29e9deb5749f138aeb4c15f8c25eb,images/68a3d31d164fc543cea2978b63173f0a26d29e9deb5749f138aeb4c15f8c25eb.jpg,ComplexDataLab/OpenFake,medium,0,0.0013748635537922382
68a81f61491f9612bd71c160b1625648045423e05b1efe53da14472a1931bc05,images/68a81f61491f9612bd71c160b1625648045423e05b1efe53da14472a1931bc05.jpg,ComplexDataLab/OpenFake,medium,0,0.08831015974283218
68dfa19f9c378552dc703fdc4d3f3e02c5719c98ccc79494439c9ccbe5a54d6f,images/68dfa19f9c378552dc703fdc4d3f3e02c5719c98ccc79494439c9ccbe5a54d6f.png,saberzl/SID_Set,medium,1,0.924394965171814
68ebf76b0fc0bd06e3d72f2f08a935d04eeb0d93e558ae0b3d6273b7cdf5bde9,images/68ebf76b0fc0bd06e3d72f2f08a935d04eeb0d93e558ae0b3d6273b7cdf5bde9.jpg,saberzl/SID_Set,medium,0,0.011074751615524292
6923ba4b7a9c1fd0c09aa48d11ef0ce72084c5f911b13144b5397011c8dd65d0,images/6923ba4b7a9c1fd0c09aa48d11ef0ce72084c5f911b13144b5397011c8dd65d0.jpg,RRDataset,medium,0,0.5686882138252258
6938e3d8070de85a2d2d9e1d62136902dd0050c035d70441eacbd97ecc0b89a0,images/6938e3d8070de85a2d2d9e1d62136902dd0050c035d70441eacbd97ecc0b89a0.jpg,RRDataset,medium,0,0.9834166765213013
6965fa89e9f7103ca53d09b3c5a65bad7d21c5c0b88f4f7b83811e3213844d0f,images/6965fa89e9f7103ca53d09b3c5a65bad7d21c5c0b88f4f7b83811e3213844d0f.png,saberzl/SID_Set,medium,1,0.931665301322937
6997e7f523b94a6363c5ae6fbaf4034aac6959923186e8ad00ecfc97175a67c2,images/6997e7f523b94a6363c5ae6fbaf4034aac6959923186e8ad00ecfc97175a67c2.png,RRDataset,medium,1,0.9991177916526794
69c641c9511ac4273bae9542588a910deded38aca885f41b00b51305d1e08cb7,images/69c641c9511ac4273bae9542588a910deded38aca885f41b00b51305d1e08cb7.png,ComplexDataLab/OpenFake,medium,1,0.9516782760620117
69ee5e572ac48f529d8b5d4be293cdffe65d8692f86ac792a8e6c22d49e0ebf3,images/69ee5e572ac48f529d8b5d4be293cdffe65d8692f86ac792a8e6c22d49e0ebf3.jpg,saberzl/SID_Set,medium,0,0.15345165133476257
6a4b688424ac4ae534366c3458edce650c975d0a8b4eb12c2fef740769e9e465,images/6a4b688424ac4ae534366c3458edce650c975d0a8b4eb12c2fef740769e9e465.png,saberzl/SID_Set,medium,1,0.9195567965507507
6a4f8a6c3d50a4e80192ba96671ae34cc494c968758eddd3b84e385e043190e0,images/6a4f8a6c3d50a4e80192ba96671ae34cc494c968758eddd3b84e385e043190e0.jpg,saberzl/SID_Set,medium,0,0.01932739093899727
6a60e18fca7f61f3043640451826a74cf3d838591fc8b1e8f16e0c018dc629ef,images/6a60e18fca7f61f3043640451826a74cf3d838591fc8b1e8f16e0c018dc629ef.png,ComplexDataLab/OpenFake,medium,1,0.4533096253871918
6b1a6da6ffa5d74df6ff0534735cd7c8fc584ed989ae0370ff9824fa2e27acb8,images/6b1a6da6ffa5d74df6ff0534735cd7c8fc584ed989ae0370ff9824fa2e27acb8.png,ComplexDataLab/OpenFake,medium,1,0.8699100613594055
6b5c4caa9f8c827cf1ac9b6e2501e0dc1b3490f37b3200bdc311c1fe537f298d,images/6b5c4caa9f8c827cf1ac9b6e2501e0dc1b3490f37b3200bdc311c1fe537f298d.jpg,saberzl/SID_Set,medium,0,0.952121913433075
6b6a431123b4e99848b9496dc11a8bafb2173fcc511a76b4d746629656e88e51,images/6b6a431123b4e99848b9496dc11a8bafb2173fcc511a76b4d746629656e88e51.png,saberzl/SID_Set,medium,1,0.879123866558075
6b93fd69341ce012a80c23320f635341df277026130a4323ef7b1a4b54b2a241,images/6b93fd69341ce012a80c23320f635341df277026130a4323ef7b1a4b54b2a241.jpg,ComplexDataLab/OpenFake,medium,0,0.06465157121419907
6ba601f562c0167929f36be1969e771119bdd80d6bd786616a52306da167ee87,images/6ba601f562c0167929f36be1969e771119bdd80d6bd786616a52306da167ee87.jpg,ComplexDataLab/OpenFake,medium,1,0.9381952285766602
6c0f2ed8f2953a45e3b7068c3d7ab17a876081920fcb5981f726a6836cec60fc,images/6c0f2ed8f2953a45e3b7068c3d7ab17a876081920fcb5981f726a6836cec60fc.jpg,RRDataset,medium,0,0.9171393513679504
6c1aa3919335fa9bbfcbe8366a2e716f31b726f6bb9115c5dd43d6396b271984,images/6c1aa3919335fa9bbfcbe8366a2e716f31b726f6bb9115c5dd43d6396b271984.jpg,ComplexDataLab/OpenFake,medium,0,0.10917584598064423
6c214f9227f769046bb878374ab6f349dd3c4d336a519d0a0b97988beb67422e,images/6c214f9227f769046bb878374ab6f349dd3c4d336a519d0a0b97988beb67422e.png,ComplexDataLab/OpenFake,medium,1,0.9915221929550171
6c35d8194182547646f5565dabc5f1f7ab04bdee7eece4ad083c32a1cd5d90b8,images/6c35d8194182547646f5565dabc5f1f7ab04bdee7eece4ad083c32a1cd5d90b8.jpg,saberzl/SID_Set,medium,0,0.24858629703521729
6c35ff429686aaa64588e89aa36c79d1e0e6d5efb4c2100c73cf77b08586e16e,images/6c35ff429686aaa64588e89aa36c79d1e0e6d5efb4c2100c73cf77b08586e16e.png,RRDataset,medium,1,0.9391005039215088
6c857503ce267cbc4313de2db31286bd5a89370d6723cbdbdb6384f4296fe8b6,images/6c857503ce267cbc4313de2db31286bd5a89370d6723cbdbdb6384f4296fe8b6.png,saberzl/SID_Set,medium,1,0.9266678690910339
6cbf056d63b08ec45e64ba7bdfe787d9340586fb91a0a2c12299d7b416009e90,images/6cbf056d63b08ec45e64ba7bdfe787d9340586fb91a0a2c12299d7b416009e90.jpg,ComplexDataLab/OpenFake,medium,0,0.011033080518245697
6d0bdedde6b0b83fdeffa49d2c2a731d531f9dca10ad30cca301e626cc3a06bf,images/6d0bdedde6b0b83fdeffa49d2c2a731d531f9dca10ad30cca301e626cc3a06bf.png,saberzl/SID_Set,medium,1,0.9606101512908936
6d120d09228578f1f213a629b1b9d736d63dd2bff9975d5e92a91913fec9f58e,images/6d120d09228578f1f213a629b1b9d736d63dd2bff9975d5e92a91913fec9f58e.jpg,saberzl/SID_Set,medium,0,0.34882012009620667
6d1dd26c722324045c9d3e5fcec6d6f1b9576ea46744db4b0fcf630d1758cf99,images/6d1dd26c722324045c9d3e5fcec6d6f1b9576ea46744db4b0fcf630d1758cf99.png,RRDataset,medium,1,0.8702701330184937
6d3485970ff3d94b7010c9e9f8154d180a2628f4f16e5e5c9a47caf05baade07,images/6d3485970ff3d94b7010c9e9f8154d180a2628f4f16e5e5c9a47caf05baade07.jpg,saberzl/SID_Set,medium,0,0.07131480425596237
6d39a889cb7d73eb72f7aa1cef2bfba7ff430779b31ea861b528a106d6353a87,images/6d39a889cb7d73eb72f7aa1cef2bfba7ff430779b31ea861b528a106d6353a87.jpg,RRDataset,medium,0,0.4713330566883087
6d490936989a28fff2930ebc5ea5f8ff2bb02a8c0c61fff1e591037a01f6cb8c,images/6d490936989a28fff2930ebc5ea5f8ff2bb02a8c0c61fff1e591037a01f6cb8c.jpg,ComplexDataLab/OpenFake,medium,0,0.1992965191602707
6d6f2b26cfd5da01ae1a97c067afa6c8d5ca52f9ee17f2f7a487b1790fd7f737,images/6d6f2b26cfd5da01ae1a97c067afa6c8d5ca52f9ee17f2f7a487b1790fd7f737.png,saberzl/SID_Set,medium,1,0.9848247170448303
6d907b94a64bd6c32b0dcdb8e8df84fbd341b0c7504629157b541724db8b90e9,images/6d907b94a64bd6c32b0dcdb8e8df84fbd341b0c7504629157b541724db8b90e9.png,saberzl/SID_Set,medium,1,0.9795921444892883
6dd977ad5e664d3eeee021fa2e5daa9ff5cd24df75dcf709c66633194c70df48,images/6dd977ad5e664d3eeee021fa2e5daa9ff5cd24df75dcf709c66633194c70df48.jpg,ComplexDataLab/OpenFake,medium,0,0.2553609311580658
6dee5a0541187e17e1b2c80edac69c9deb3da97c1b7e1e7a44d089a9a8498491,images/6dee5a0541187e17e1b2c80edac69c9deb3da97c1b7e1e7a44d089a9a8498491.png,ComplexDataLab/OpenFake,medium,1,0.966405987739563
6e01e5a9e67156c9a8d1eeba104b985d8d9b801a8317c11e430916ba01372c5d,images/6e01e5a9e67156c9a8d1eeba104b985d8d9b801a8317c11e430916ba01372c5d.jpg,RRDataset,medium,0,0.8161472082138062
6e2fc3b916425d91196d59e0a0882568ca5a65022cd5e456da5bbca575a6885d,images/6e2fc3b916425d91196d59e0a0882568ca5a65022cd5e456da5bbca575a6885d.jpg,RRDataset,medium,0,0.8290249705314636
6e338dca86ab6929ba2f196ae5fdca76045571e76825285b2f4178716f25b085,images/6e338dca86ab6929ba2f196ae5fdca76045571e76825285b2f4178716f25b085.jpg,RRDataset,medium,0,0.9662153124809265
6e6c841fa6a4474109ba708a69bc19610f590e0a58eafe593082bc234db98b97,images/6e6c841fa6a4474109ba708a69bc19610f590e0a58eafe593082bc234db98b97.jpg,RRDataset,medium,0,0.9896953105926514
6e7e935d673fa401faa1f8c00d1d4fa7aea959d1d2b5e9768fd86876bc311721,images/6e7e935d673fa401faa1f8c00d1d4fa7aea959d1d2b5e9768fd86876bc311721.jpg,RRDataset,medium,1,0.33682045340538025
6e994ab59887bdd227ec307832c32f565d4df693a61b83654395d455ff682dc9,images/6e994ab59887bdd227ec307832c32f565d4df693a61b83654395d455ff682dc9.jpg,ComplexDataLab/OpenFake,medium,1,0.7596787214279175
6e9dde5952b5a038c37ceb20f8670471b190048508ef7b93e4282f9887f5ce89,images/6e9dde5952b5a038c37ceb20f8670471b190048508ef7b93e4282f9887f5ce89.png,saberzl/SID_Set,medium,1,0.9529732465744019
6ead2a18fa4f67a73f3c505b05ade4b49f19a49e7c2ed04117516f7b1705901c,images/6ead2a18fa4f67a73f3c505b05ade4b49f19a49e7c2ed04117516f7b1705901c.jpg,RRDataset,medium,0,0.8578332662582397
6eba3ccf3bedda664d1c8422a4d54f4818ac7e8f1ce2f4f7ab558a86281d4179,images/6eba3ccf3bedda664d1c8422a4d54f4818ac7e8f1ce2f4f7ab558a86281d4179.png,saberzl/SID_Set,medium,1,0.9826535582542419
6edf3ff0f54eedc0717a1ada4e2023e6ed169b37f21dd36787bad5df102ad49b,images/6edf3ff0f54eedc0717a1ada4e2023e6ed169b37f21dd36787bad5df102ad49b.jpg,ComplexDataLab/OpenFake,medium,0,0.25010931491851807
6f4aa8043f842929f56dfc497c898bdbe151fa705fed4149776aba752c38e990,images/6f4aa8043f842929f56dfc497c898bdbe151fa705fed4149776aba752c38e990.png,RRDataset,medium,1,0.8512837290763855
6f4b0d6f94f8e97b057ef70c466cbb3404f243811c669db14030bc756cf1324e,images/6f4b0d6f94f8e97b057ef70c466cbb3404f243811c669db14030bc756cf1324e.jpg,saberzl/SID_Set,medium,0,0.2763808071613312
6f605da3eed2d0984ac459361672be6f85c06deda2f3d2d98ec1b7c184d44152,images/6f605da3eed2d0984ac459361672be6f85c06deda2f3d2d98ec1b7c184d44152.jpg,saberzl/SID_Set,medium,0,0.2640568017959595
6f80ce0f10889d499c1c0de0695b53d95d2bfb61143b1ed92824dfe02a66156b,images/6f80ce0f10889d499c1c0de0695b53d95d2bfb61143b1ed92824dfe02a66156b.png,ComplexDataLab/OpenFake,medium,1,0.9987142086029053
6f871c3c64e0f4f05d4c6991d148b365348e5d7b1229f58087c38e4a2e6322fa,images/6f871c3c64e0f4f05d4c6991d148b365348e5d7b1229f58087c38e4a2e6322fa.png,ComplexDataLab/OpenFake,medium,1,0.8663666248321533
6f92dede2a7387c227c02727d114874f88763cc8389ecc60cdface70aa258bd6,images/6f92dede2a7387c227c02727d114874f88763cc8389ecc60cdface70aa258bd6.png,ComplexDataLab/OpenFake,medium,1,0.9994351267814636
6f9a207483fdb543bb81eefdef526f069a0800455cdd4a0563f425ee3f6db2ce,images/6f9a207483fdb543bb81eefdef526f069a0800455cdd4a0563f425ee3f6db2ce.png,RRDataset,medium,1,0.7680456042289734
6fd28a5382295822b7458b012d390e2378edf60cb4db5163550e4892c24db641,images/6fd28a5382295822b7458b012d390e2378edf60cb4db5163550e4892c24db641.jpg,ComplexDataLab/OpenFake,medium,0,0.2789273262023926
6ff0b6c64e4ef01dc983d36657c55a14631621298bf944a74e19af935451afbf,images/6ff0b6c64e4ef01dc983d36657c55a14631621298bf944a74e19af935451afbf.jpg,saberzl/SID_Set,medium,0,0.5614816546440125
6ffc049108776487bd3ae4b1f29b4eec0d3d92ad8d9e0e05077221103f7a0a67,images/6ffc049108776487bd3ae4b1f29b4eec0d3d92ad8d9e0e05077221103f7a0a67.jpg,RRDataset,medium,0,0.2839664816856384
70079649bb5e67374a9504c7666249903f9ccd2b8088b8c6768dcbcda5553c6e,images/70079649bb5e67374a9504c7666249903f9ccd2b8088b8c6768dcbcda5553c6e.jpg,ComplexDataLab/OpenFake,medium,0,0.6578634977340698
702a4890b4c6269bc5ac82e4ce37f73e2ca03adf9c9ab23b73a73fce3db09c65,images/702a4890b4c6269bc5ac82e4ce37f73e2ca03adf9c9ab23b73a73fce3db09c65.jpg,saberzl/SID_Set,medium,0,0.01476124208420515
704c761b4ff6595e24387a4a06ed42512208793e84682efe20cf955a4aa12e37,images/704c761b4ff6595e24387a4a06ed42512208793e84682efe20cf955a4aa12e37.png,ComplexDataLab/OpenFake,medium,1,0.8766413331031799
705d9ea6b21a5061464aca3d81d2c3bca975ceaa042565eba5bd86c5ea1aafbc,images/705d9ea6b21a5061464aca3d81d2c3bca975ceaa042565eba5bd86c5ea1aafbc.jpg,ComplexDataLab/OpenFake,medium,0,0.3302476704120636
7092f64372de916345e95a1ed03bd16e489c331ea6dcac6ea861ad5d8a1b5762,images/7092f64372de916345e95a1ed03bd16e489c331ea6dcac6ea861ad5d8a1b5762.jpg,RRDataset,medium,0,0.2785574793815613
70a22a5f0552ba2ccba497633a00aa8e833fcc797e69bddc96631bad79843ad9,images/70a22a5f0552ba2ccba497633a00aa8e833fcc797e69bddc96631bad79843ad9.jpg,RRDataset,medium,0,0.7772599458694458
70a64e55cdc0c88d17d39d05263a38188dc0c601db04346c480f9f1c40d9406d,images/70a64e55cdc0c88d17d39d05263a38188dc0c601db04346c480f9f1c40d9406d.png,ComplexDataLab/OpenFake,medium,1,0.908083975315094
70a6c75bfc03d9f519c34e7ad04b608826d703e5f0981581e046051d9123beab,images/70a6c75bfc03d9f519c34e7ad04b608826d703e5f0981581e046051d9123beab.jpg,RRDataset,medium,0,0.907596230506897
70aa7f6a58066c4fd93d05ed5b03228385aa7250a9caebc468fa8be34f71e2e4,images/70aa7f6a58066c4fd93d05ed5b03228385aa7250a9caebc468fa8be34f71e2e4.jpg,RRDataset,medium,0,0.678731381893158
70ac850399a2df17397e20c572beb7f260679ead16a799c735e45129b1ae083a,images/70ac850399a2df17397e20c572beb7f260679ead16a799c735e45129b1ae083a.jpg,saberzl/SID_Set,medium,0,0.0035749482922255993
70b7f8eaffc28921e961fcd17c4950ce4b44910393e26d68b4ebaa16d3dae069,images/70b7f8eaffc28921e961fcd17c4950ce4b44910393e26d68b4ebaa16d3dae069.png,ComplexDataLab/OpenFake,medium,1,0.998272180557251
70c4d7e09c93702424470328ad73ab01ff0612e83998c65f91f0493d64244b6f,images/70c4d7e09c93702424470328ad73ab01ff0612e83998c65f91f0493d64244b6f.jpg,saberzl/SID_Set,medium,0,0.9099873900413513
70c8e4f7ea3d7048f2f4aefb0254d160e6b1da3de252c0e058b2467438c6bba9,images/70c8e4f7ea3d7048f2f4aefb0254d160e6b1da3de252c0e058b2467438c6bba9.jpg,saberzl/SID_Set,medium,0,0.4241805076599121
7141da06945d58660ab8e5bae63a5dc98127f05aa881f070171dd34bd132d834,images/7141da06945d58660ab8e5bae63a5dc98127f05aa881f070171dd34bd132d834.jpg,ComplexDataLab/OpenFake,medium,1,0.12680818140506744
7144d5e3186fd9f708242c10455ec0f93e81998ebb924060557ba43d5d7c9b74,images/7144d5e3186fd9f708242c10455ec0f93e81998ebb924060557ba43d5d7c9b74.png,saberzl/SID_Set,medium,1,0.9695968627929688
71455c055e395f9a915cc06f11f4a0b10ab8ff8771cef47e298d06bf8cafd1a5,images/71455c055e395f9a915cc06f11f4a0b10ab8ff8771cef47e298d06bf8cafd1a5.png,saberzl/SID_Set,medium,1,0.9073606133460999
715d25d6bd8e98447fb6e93d579ba673ffee537e860084d34b4dfdd2f8ddbded,images/715d25d6bd8e98447fb6e93d579ba673ffee537e860084d34b4dfdd2f8ddbded.png,saberzl/SID_Set,medium,1,0.9263469576835632
71a1d5308b5f77a3fa38e7399411f7a1d26939a2066888c3e85ce5bd90610f94,images/71a1d5308b5f77a3fa38e7399411f7a1d26939a2066888c3e85ce5bd90610f94.jpg,ComplexDataLab/OpenFake,medium,0,0.8024352788925171
71b3e0fb2143150992de2e41112f6e2e28ec28a1f60c5492bddc3fa36004088c,images/71b3e0fb2143150992de2e41112f6e2e28ec28a1f60c5492bddc3fa36004088c.jpg,ComplexDataLab/OpenFake,medium,0,0.1881559193134308
71dd542d7c9d6642adb7ee44f289c195689ebf363f3e3725bd339663032eab5f,images/71dd542d7c9d6642adb7ee44f289c195689ebf363f3e3725bd339663032eab5f.png,RRDataset,medium,1,0.9364956021308899
71ed52186c729ebce1f08353e0e4f575cca0ab092cc4e77438d2cacf9a1f385f,images/71ed52186c729ebce1f08353e0e4f575cca0ab092cc4e77438d2cacf9a1f385f.png,RRDataset,medium,1,0.9753283262252808
721948175c89508b6dd52529ab42e0d0c97f3765ecf2966ed6d8b22299b447af,images/721948175c89508b6dd52529ab42e0d0c97f3765ecf2966ed6d8b22299b447af.jpg,RRDataset,medium,0,0.23433466255664825
725a705daf5a3488c5b13269bfbd714aa721a4c7116dbf7ed36887b475df7ae7,images/725a705daf5a3488c5b13269bfbd714aa721a4c7116dbf7ed36887b475df7ae7.jpg,RRDataset,medium,0,0.8731358051300049
725d45040546098cb0c130fe43a9411979efad6dcb8b864732761f97e4dd40e3,images/725d45040546098cb0c130fe43a9411979efad6dcb8b864732761f97e4dd40e3.jpg,ComplexDataLab/OpenFake,medium,0,0.16190527379512787
72730d105c3c7013c8f2f058afe5f6883aa8b61c5d654f5616688c77a56c5514,images/72730d105c3c7013c8f2f058afe5f6883aa8b61c5d654f5616688c77a56c5514.png,ComplexDataLab/OpenFake,medium,1,0.9611151218414307
729db014ea5dce9407544b23d5ca383de8bd0aea4f15e10c0f4eef099199aacf,images/729db014ea5dce9407544b23d5ca383de8bd0aea4f15e10c0f4eef099199aacf.jpg,RRDataset,medium,0,0.5927188992500305
72a8e3c675623c1587f80372aa19d9c043848b602044d984faacf469da344d0f,images/72a8e3c675623c1587f80372aa19d9c043848b602044d984faacf469da344d0f.png,saberzl/SID_Set,medium,1,0.649396538734436
72aa195d63299e96c9ce6e1094df89330a6d1847aeda7700296a6878d50c7e0f,images/72aa195d63299e96c9ce6e1094df89330a6d1847aeda7700296a6878d50c7e0f.jpg,RRDataset,medium,0,0.4719020128250122
72e5bdcd0e437f4f32fc5f7ec74e012281fbab9b80202198e938908ce9acbb36,images/72e5bdcd0e437f4f32fc5f7ec74e012281fbab9b80202198e938908ce9acbb36.jpg,saberzl/SID_Set,medium,0,0.07923763990402222
732bee5fab7e0c778df9df01b4eb359f0f5ce6c59c096eba9497e339fe89d519,images/732bee5fab7e0c778df9df01b4eb359f0f5ce6c59c096eba9497e339fe89d519.png,RRDataset,medium,1,0.9201363325119019
7342d93bf98dfc21dbc15d636bedcf03b68e92ecd1c6f876cc075f508d26ac8a,images/7342d93bf98dfc21dbc15d636bedcf03b68e92ecd1c6f876cc075f508d26ac8a.jpg,RRDataset,medium,0,0.034308046102523804
735986b1226ec088e657663e2e83677dbaed4e83fb9dded44ceef2b916a7431d,images/735986b1226ec088e657663e2e83677dbaed4e83fb9dded44ceef2b916a7431d.png,RRDataset,medium,1,0.9042373299598694
73627aa8f931e00a4934ade6dd22e8c37b477febfe14302eff30a92899bf9654,images/73627aa8f931e00a4934ade6dd22e8c37b477febfe14302eff30a92899bf9654.webp,ComplexDataLab/OpenFake,medium,1,0.06650950759649277
7373a545a7d4299bbaba9a8bfb71f8ec36c0ea58cde0b16b55bc12da62c15122,images/7373a545a7d4299bbaba9a8bfb71f8ec36c0ea58cde0b16b55bc12da62c15122.png,ComplexDataLab/OpenFake,medium,1,0.38162341713905334
7378d0f734f4421b7b295f8556a2d67fd32a5316eb7532e9a0678289fe0c5439,images/7378d0f734f4421b7b295f8556a2d67fd32a5316eb7532e9a0678289fe0c5439.jpg,RRDataset,medium,0,0.14607729017734528
738652d0d05b975d9ea9b268144514a1378626df6afa982ddace2885d9abc496,images/738652d0d05b975d9ea9b268144514a1378626df6afa982ddace2885d9abc496.png,saberzl/SID_Set,medium,1,0.9955087900161743
73a204e8592e8de513bcb6383fd11e0991a6b87ece8735b00e867d89e5aa8456,images/73a204e8592e8de513bcb6383fd11e0991a6b87ece8735b00e867d89e5aa8456.jpg,saberzl/SID_Set,medium,0,0.7965391874313354
73ace201487ffe965dbb064b575a6d8064280b48a9e98d7e1a7534ee7944f10d,images/73ace201487ffe965dbb064b575a6d8064280b48a9e98d7e1a7534ee7944f10d.jpg,saberzl/SID_Set,medium,0,0.9379863739013672
73d1c6b02e363db41e92897e97f6d9aa5389313c4a1530aa0828d67927fac5c5,images/73d1c6b02e363db41e92897e97f6d9aa5389313c4a1530aa0828d67927fac5c5.jpg,RRDataset,medium,0,0.5629266500473022
73d3afcf8c06b05d707fbbfb31f685a479eb22fabe7335bba0ae01549b01fc17,images/73d3afcf8c06b05d707fbbfb31f685a479eb22fabe7335bba0ae01549b01fc17.jpg,RRDataset,medium,0,0.8707432150840759
73fe48cc20b16b518e7d8fc9d3537981f5dddd79da4248f075e00144ea638d06,images/73fe48cc20b16b518e7d8fc9d3537981f5dddd79da4248f075e00144ea638d06.jpg,saberzl/SID_Set,medium,0,0.5575246810913086
740293eb0bf739810e862b297714cafda2b5cbb47862884f9ab4e004d0cf7094,images/740293eb0bf739810e862b297714cafda2b5cbb47862884f9ab4e004d0cf7094.png,RRDataset,medium,1,0.9969730377197266
74087cb9c3457ed9b7ac915122f2e7be33432744eca9843b530ae30506e75b6f,images/74087cb9c3457ed9b7ac915122f2e7be33432744eca9843b530ae30506e75b6f.png,RRDataset,medium,1,0.955621600151062
74125b0e5af4ec68a88f987573f0fdfa2d067556c010d33d3601cb79247327d0,images/74125b0e5af4ec68a88f987573f0fdfa2d067556c010d33d3601cb79247327d0.png,ComplexDataLab/OpenFake,medium,1,0.9493308067321777
7438e104ee9ac7c0f1805afa7aa14902abf969ec84163e243abd81d6c8816086,images/7438e104ee9ac7c0f1805afa7aa14902abf969ec84163e243abd81d6c8816086.jpg,RRDataset,medium,0,0.22126510739326477
743f88d7c27236c555f848eb2745796d45329db9256c5d0e5020a2e630b9e93a,images/743f88d7c27236c555f848eb2745796d45329db9256c5d0e5020a2e630b9e93a.png,RRDataset,medium,1,0.9915387034416199
74b8a598ad6d727a5a89894bc04b4042a5d86e4fa82a78b2647fc23b26081475,images/74b8a598ad6d727a5a89894bc04b4042a5d86e4fa82a78b2647fc23b26081475.jpg,saberzl/SID_Set,medium,0,0.23255661129951477
74cdc10cac55834f7a069a7b4d5403e51dd14167abd0a2d574acaef2af711115,images/74cdc10cac55834f7a069a7b4d5403e51dd14167abd0a2d574acaef2af711115.png,saberzl/SID_Set,medium,1,0.9794819951057434
750b1786b6d55bdb8600aff43d0e793bf73a833005b8313b7ab446d11907d797,images/750b1786b6d55bdb8600aff43d0e793bf73a833005b8313b7ab446d11907d797.png,ComplexDataLab/OpenFake,medium,1,0.9976422190666199
750da4c4929cf25c6150baaed9856cd871a3ada180c5f8148677037b61c9e32a,images/750da4c4929cf25c6150baaed9856cd871a3ada180c5f8148677037b61c9e32a.jpg,ComplexDataLab/OpenFake,medium,0,0.3417275547981262
752314720c1eed19fd95ce1e0b4a6232295985587782ecd2ba1bff58326b2f3b,images/752314720c1eed19fd95ce1e0b4a6232295985587782ecd2ba1bff58326b2f3b.png,ComplexDataLab/OpenFake,medium,1,0.7404829263687134
7529ebe99e8724293170a85bbf2c805d8a5b3421be0818e5f79a16d0d7bef0c9,images/7529ebe99e8724293170a85bbf2c805d8a5b3421be0818e5f79a16d0d7bef0c9.png,ComplexDataLab/OpenFake,medium,1,0.9947525262832642
754ec0479e61d701421b63a5d9beeba1f574c8b750d29f6c036672e406afbd50,images/754ec0479e61d701421b63a5d9beeba1f574c8b750d29f6c036672e406afbd50.jpg,ComplexDataLab/OpenFake,medium,0,0.001040444360114634
755da03f844bcfc466e159fafbb9fc301cf1951ab6799f4267c98528adf96e58,images/755da03f844bcfc466e159fafbb9fc301cf1951ab6799f4267c98528adf96e58.png,ComplexDataLab/OpenFake,medium,1,0.7498739957809448
75c4f3b91f19e3dac3002506e67b6b48d084b9041c56e982493380269381b154,images/75c4f3b91f19e3dac3002506e67b6b48d084b9041c56e982493380269381b154.png,RRDataset,medium,1,0.8226941823959351
75c97689c4126590e2eabb5af3201262e9db4bcfa2512c07017f7abed13d25e6,images/75c97689c4126590e2eabb5af3201262e9db4bcfa2512c07017f7abed13d25e6.jpg,saberzl/SID_Set,medium,0,0.06788818538188934
75e47b4cd903f2d21bc96f1252b319dbc004b8351fa9a12232c5b8661e922e4d,images/75e47b4cd903f2d21bc96f1252b319dbc004b8351fa9a12232c5b8661e922e4d.jpg,ComplexDataLab/OpenFake,medium,0,8.505563164362684e-05
7677c2739a85bba3ab01202196061fa2c0cf2ab6b98ec6e297ee0e9cd1ca3f32,images/7677c2739a85bba3ab01202196061fa2c0cf2ab6b98ec6e297ee0e9cd1ca3f32.jpg,saberzl/SID_Set,medium,0,0.10834717750549316
7693687a47bfd68f70514b08323af2dc3a1922d753f5855e96092b9bf983e500,images/7693687a47bfd68f70514b08323af2dc3a1922d753f5855e96092b9bf983e500.jpg,saberzl/SID_Set,medium,0,0.8777269124984741
76f1dbff2ff43628c8337048837c940941c72103c93487ac3f8458c3dbd5e5f9,images/76f1dbff2ff43628c8337048837c940941c72103c93487ac3f8458c3dbd5e5f9.png,RRDataset,medium,1,0.9927514791488647
7713596f4e46946555c276359514d9f84d45f26d60e4d995832ca1735524fc55,images/7713596f4e46946555c276359514d9f84d45f26d60e4d995832ca1735524fc55.jpg,RRDataset,medium,0,0.955893874168396
77177c991b13748ef87eafd59f19805f8f98d09145505b3619f561d84d0260d2,images/77177c991b13748ef87eafd59f19805f8f98d09145505b3619f561d84d0260d2.jpg,ComplexDataLab/OpenFake,medium,1,0.024501755833625793
771ff579728a7325e192f87ca59b18a72f89a938648015fbc10497a96c8798da,images/771ff579728a7325e192f87ca59b18a72f89a938648015fbc10497a96c8798da.jpg,ComplexDataLab/OpenFake,medium,0,0.5862001776695251
77289796f4c98eb0448211aef42d9269c5c404ae6cb4cba245e9011c80e9aba8,images/77289796f4c98eb0448211aef42d9269c5c404ae6cb4cba245e9011c80e9aba8.jpg,saberzl/SID_Set,medium,0,0.09363546222448349
7733241418bbda447c258037ed5182ec9ad4cd43855edfbe379ba14f6851dbed,images/7733241418bbda447c258037ed5182ec9ad4cd43855edfbe379ba14f6851dbed.jpg,ComplexDataLab/OpenFake,medium,0,0.022723983973264694
7736baef42d9dcdd78f18a7e8d48907fb78153650fcea5aa1e61e9520e3de3e5,images/7736baef42d9dcdd78f18a7e8d48907fb78153650fcea5aa1e61e9520e3de3e5.jpg,saberzl/SID_Set,medium,0,0.12382787466049194
77390138b1b8bc3db5b9d110d54530af7642a50b2612eaf711b90c97cfc7553a,images/77390138b1b8bc3db5b9d110d54530af7642a50b2612eaf711b90c97cfc7553a.jpg,RRDataset,medium,0,0.0009473874233663082
7745ce3263d1c611692552f719756afe6dfdeab87903c80a8dfdd124e400fd4b,images/7745ce3263d1c611692552f719756afe6dfdeab87903c80a8dfdd124e400fd4b.png,ComplexDataLab/OpenFake,medium,1,0.8120721578598022
775391a468799350ecdeb4a0e60af47ec93609b2f3bd12e8081249e4e23cce15,images/775391a468799350ecdeb4a0e60af47ec93609b2f3bd12e8081249e4e23cce15.png,ComplexDataLab/OpenFake,medium,1,0.8055062294006348
7758711718c959b9ae3a29fdccf988d2f43159202f30676327c5a0ae5a571370,images/7758711718c959b9ae3a29fdccf988d2f43159202f30676327c5a0ae5a571370.jpg,RRDataset,medium,0,0.6125662326812744
77634dd74b9242a22810fbeedb46f528ccbdfc345bd66d8cfeb7e7103eca3c04,images/77634dd74b9242a22810fbeedb46f528ccbdfc345bd66d8cfeb7e7103eca3c04.png,ComplexDataLab/OpenFake,medium,1,0.7273733615875244
77638f5a44b913f37561cd7c630cd40c8cb68e69a7b2857b38b7d181df3d9417,images/77638f5a44b913f37561cd7c630cd40c8cb68e69a7b2857b38b7d181df3d9417.png,RRDataset,medium,1,0.9973781108856201
777e4808d48b18afd0a7fa9b337084ff5d830bcc062e5faf0e38f4604278219b,images/777e4808d48b18afd0a7fa9b337084ff5d830bcc062e5faf0e38f4604278219b.png,saberzl/SID_Set,medium,1,0.8943285942077637
778556f6f02b5594634a7674a0307e078e22f808327fa031a033fac33f3b0fc6,images/778556f6f02b5594634a7674a0307e078e22f808327fa031a033fac33f3b0fc6.jpg,saberzl/SID_Set,medium,0,0.9230124950408936
778b3e9f1f298f6cc16e33953203e25f401514df283eb0e92c4091b63b33f2e1,images/778b3e9f1f298f6cc16e33953203e25f401514df283eb0e92c4091b63b33f2e1.jpg,RRDataset,medium,1,0.8541556596755981
779a5d7156c1e3876e6e68fa5b19035b333609c9209c6313d04382421807926b,images/779a5d7156c1e3876e6e68fa5b19035b333609c9209c6313d04382421807926b.jpg,ComplexDataLab/OpenFake,medium,0,0.00010373286932008341
77b0ad3bdba2a8bbbfb052498b360f5616fc238f7869a33593d7ae1a7fde3376,images/77b0ad3bdba2a8bbbfb052498b360f5616fc238f7869a33593d7ae1a7fde3376.jpg,saberzl/SID_Set,medium,0,0.5397665500640869
77c43e2fd3dd2c908bf67f49890590f6834c127454322aaf3770008eed3b10fb,images/77c43e2fd3dd2c908bf67f49890590f6834c127454322aaf3770008eed3b10fb.jpg,saberzl/SID_Set,medium,0,0.0010805235942825675
77e7efed817f521642a7b2856c4714fa37a4da37094f6a530a007bf1bb167fa8,images/77e7efed817f521642a7b2856c4714fa37a4da37094f6a530a007bf1bb167fa8.jpg,ComplexDataLab/OpenFake,medium,0,0.6210206747055054
78255a63ffa6df6f53b149b2ad2630c331cd9becd311372ffaa26086d5cc3cb1,images/78255a63ffa6df6f53b149b2ad2630c331cd9becd311372ffaa26086d5cc3cb1.jpg,ComplexDataLab/OpenFake,medium,0,0.0012926174094900489
7836772d91390c365f94a588541885364de2ef4694a4cfabfab2f3fcd2a5ee50,images/7836772d91390c365f94a588541885364de2ef4694a4cfabfab2f3fcd2a5ee50.jpg,RRDataset,medium,0,0.951321542263031
783906ac73c518a9bd63ef7926f3511b66060e3c8813112873bbe86055adb218,images/783906ac73c518a9bd63ef7926f3511b66060e3c8813112873bbe86055adb218.png,saberzl/SID_Set,medium,1,0.9834287762641907
78967e6c59f2c35741dd05f349ee710450788e992ff9a89f66b61ce67368f29e,images/78967e6c59f2c35741dd05f349ee710450788e992ff9a89f66b61ce67368f29e.jpg,saberzl/SID_Set,medium,0,0.0685870572924614
78a6d28af57d4d2529ab4c9efeee7b0e300741edaef87ba1f445c3fd7ef214fe,images/78a6d28af57d4d2529ab4c9efeee7b0e300741edaef87ba1f445c3fd7ef214fe.png,saberzl/SID_Set,medium,1,0.9682783484458923
78c77628147070b832628a46f843b25398bc690aeb85314e3e51bda8773bff32,images/78c77628147070b832628a46f843b25398bc690aeb85314e3e51bda8773bff32.jpg,RRDataset,medium,0,0.9924569129943848
78e9d6ecdf4644797826f768cd028d10cbb8550fd666494491fcbdd9403c1393,images/78e9d6ecdf4644797826f768cd028d10cbb8550fd666494491fcbdd9403c1393.jpg,saberzl/SID_Set,medium,0,0.004730712156742811
78f33e2730ed0f5c343ceeccaf92d9dbcd54d541b4c65bd0c9137476767d55da,images/78f33e2730ed0f5c343ceeccaf92d9dbcd54d541b4c65bd0c9137476767d55da.png,RRDataset,medium,1,0.8028187155723572
79062dc43b02c76d3e84138de0f958a1f915ae803ec6bc6c535c6cf9b5ede12f,images/79062dc43b02c76d3e84138de0f958a1f915ae803ec6bc6c535c6cf9b5ede12f.jpg,saberzl/SID_Set,medium,0,0.6330966353416443
79b0c5a05ee04a637dacf4c9e7a10d62bc6b0768615321cf9785e8949c01494a,images/79b0c5a05ee04a637dacf4c9e7a10d62bc6b0768615321cf9785e8949c01494a.jpg,saberzl/SID_Set,medium,0,0.0649627149105072
79d57f0594272c20faf2e9486549ceda03ad3ad2d2c346c5530ce3a8ca458aab,images/79d57f0594272c20faf2e9486549ceda03ad3ad2d2c346c5530ce3a8ca458aab.jpg,ComplexDataLab/OpenFake,medium,1,0.5388296246528625
7a33fd76a0d80353172c7d115e85345744575eb98d5b31a2cff34de26c01ee9a,images/7a33fd76a0d80353172c7d115e85345744575eb98d5b31a2cff34de26c01ee9a.jpg,RRDataset,medium,0,0.6534131169319153
7a3a1da3f38244b16d43f10d51b5c269270af028cf1ed4d3bcba3c8c4bdf4f68,images/7a3a1da3f38244b16d43f10d51b5c269270af028cf1ed4d3bcba3c8c4bdf4f68.png,saberzl/SID_Set,medium,1,0.8470245003700256
7a5556c04f2b539df59baa8b5762a1431bc4707462b309d64f18186a50fa2332,images/7a5556c04f2b539df59baa8b5762a1431bc4707462b309d64f18186a50fa2332.png,RRDataset,medium,1,0.9695278406143188
7a5a420db1c0016b05f9c41ff0d1a4008316c110d05778d70a218ce48086c0cb,images/7a5a420db1c0016b05f9c41ff0d1a4008316c110d05778d70a218ce48086c0cb.png,saberzl/SID_Set,medium,1,0.9909362196922302
7a802308ef82d19f411ef43caf2f8f3164b6120b9e9c249235f812e8c5ae0cd8,images/7a802308ef82d19f411ef43caf2f8f3164b6120b9e9c249235f812e8c5ae0cd8.png,saberzl/SID_Set,medium,1,0.9975836277008057
7aa24c7e73f7ab6d011e3c03350f075f6d71813cf0b32a73a1734906f19e0671,images/7aa24c7e73f7ab6d011e3c03350f075f6d71813cf0b32a73a1734906f19e0671.png,saberzl/SID_Set,medium,1,0.9915611147880554
7acbdd73d03a7f2edbd3ede8be63c886f542a5593cf340a46ba9b27dce7bd9c2,images/7acbdd73d03a7f2edbd3ede8be63c886f542a5593cf340a46ba9b27dce7bd9c2.jpg,saberzl/SID_Set,medium,0,0.05266100540757179
7b2e94deb04f83f71f95b75dc6559806e304cd2f1f1131cb5a43471ee50cc89f,images/7b2e94deb04f83f71f95b75dc6559806e304cd2f1f1131cb5a43471ee50cc89f.png,ComplexDataLab/OpenFake,medium,1,0.9868549108505249
7b3f99ee04763aac44efe1fe85fcba9777918d6e0d3504d54952379b71ea5d5f,images/7b3f99ee04763aac44efe1fe85fcba9777918d6e0d3504d54952379b71ea5d5f.jpg,RRDataset,medium,0,0.9159916043281555
7b4ecd6f9121a8aca64af711cac2ecc80472949a000e6bd679ac1dd184bbfe2e,images/7b4ecd6f9121a8aca64af711cac2ecc80472949a000e6bd679ac1dd184bbfe2e.png,RRDataset,medium,1,0.9595230221748352
7ba89be293e6ebe7fd23565f723160e19063f28ea7d0c42c2718a39f0cf32dae,images/7ba89be293e6ebe7fd23565f723160e19063f28ea7d0c42c2718a39f0cf32dae.png,saberzl/SID_Set,medium,1,0.971310019493103
7bae8debc599b64eed4a22ff8b36685a484af6c2b65da1bdc47de30f376e38a9,images/7bae8debc599b64eed4a22ff8b36685a484af6c2b65da1bdc47de30f376e38a9.png,ComplexDataLab/OpenFake,medium,1,0.9793319702148438
7bbe2ba0e97bf624886507a4b7a31e42cf7d0fa761ddd009e906debddf5acd80,images/7bbe2ba0e97bf624886507a4b7a31e42cf7d0fa761ddd009e906debddf5acd80.jpg,RRDataset,medium,0,0.4360803961753845
7bbfe3787ee35fcbd73d7d595f13c2c88dacf00d5783ec1402b3e5a7744e3e1b,images/7bbfe3787ee35fcbd73d7d595f13c2c88dacf00d5783ec1402b3e5a7744e3e1b.jpg,ComplexDataLab/OpenFake,medium,0,0.05716174840927124
7bc7406ac31ef26e7a1cf22f8fdae2ce4b4ad0d9631e07b5469b7112d11e5e12,images/7bc7406ac31ef26e7a1cf22f8fdae2ce4b4ad0d9631e07b5469b7112d11e5e12.png,RRDataset,medium,1,0.993989109992981
7bc7f1ad8e58f6528d2328dfdef6f9aa2a518feba0b22b329ef7db37af120dca,images/7bc7f1ad8e58f6528d2328dfdef6f9aa2a518feba0b22b329ef7db37af120dca.jpg,ComplexDataLab/OpenFake,medium,0,0.6249752044677734
7bd10ce59dad8c908448c18374d8e51baa10a3902d81f69331bdcea4c0739685,images/7bd10ce59dad8c908448c18374d8e51baa10a3902d81f69331bdcea4c0739685.png,ComplexDataLab/OpenFake,medium,1,0.433134526014328
7bd972aaa9e4813504a3e3aaf68a8efef8bcfe10eadcbc292395440a2a2b4f9e,images/7bd972aaa9e4813504a3e3aaf68a8efef8bcfe10eadcbc292395440a2a2b4f9e.png,RRDataset,medium,1,0.9798589944839478
7be2d13c96f01448be47a95c2ed2cb7a40a3caa7780965a118c2d452604f6913,images/7be2d13c96f01448be47a95c2ed2cb7a40a3caa7780965a118c2d452604f6913.png,saberzl/SID_Set,medium,1,0.822057843208313
7be44606d8691c77cce1ccd0ec88b73779edc2169115112474b7108183f808f7,images/7be44606d8691c77cce1ccd0ec88b73779edc2169115112474b7108183f808f7.png,ComplexDataLab/OpenFake,medium,1,0.4582006633281708
7be72deeb180224db56e51464c3eff72107d0864f27821f122d89abeab08fe64,images/7be72deeb180224db56e51464c3eff72107d0864f27821f122d89abeab08fe64.png,RRDataset,medium,1,0.6847594976425171
7bf41e09a14279201d5d815eb16831c7db2b7a1ef307af5b6520089f5f59ba61,images/7bf41e09a14279201d5d815eb16831c7db2b7a1ef307af5b6520089f5f59ba61.jpg,saberzl/SID_Set,medium,0,0.344685822725296
7c1df858d60db21d5a65a704f607cd629326917ddda9f7be3e8e1a1f6ec4f891,images/7c1df858d60db21d5a65a704f607cd629326917ddda9f7be3e8e1a1f6ec4f891.png,ComplexDataLab/OpenFake,medium,1,0.9972978234291077
7c3d86850bcac1e1240288402f51678ba977b3643f78b20349999e0ee1bf8a71,images/7c3d86850bcac1e1240288402f51678ba977b3643f78b20349999e0ee1bf8a71.jpg,saberzl/SID_Set,medium,0,0.5621856451034546
7c4c64e1f04da309aa89e05dff60cf94fd15eb1ae6180a52cb87ad18b9a8e16c,images/7c4c64e1f04da309aa89e05dff60cf94fd15eb1ae6180a52cb87ad18b9a8e16c.png,saberzl/SID_Set,medium,1,0.99069744348526
7c548e181d16dbbc0bb8e63b94b9138ffc00a3828a0e0404d9a27f79b69b4b5e,images/7c548e181d16dbbc0bb8e63b94b9138ffc00a3828a0e0404d9a27f79b69b4b5e.png,RRDataset,medium,1,0.9687300324440002
7c8525ad50f03bcb1b57691c29721db8d20141f2a5132b7bd4715ee698aa030d,images/7c8525ad50f03bcb1b57691c29721db8d20141f2a5132b7bd4715ee698aa030d.jpg,RRDataset,medium,0,0.010516837239265442
7c85bc6d53957bda55297295043b2288bf8bc92800a30ea7b6c00effc1a2cfe1,images/7c85bc6d53957bda55297295043b2288bf8bc92800a30ea7b6c00effc1a2cfe1.jpg,RRDataset,medium,0,0.9957184195518494
7ca443e3cdcb1de8722455b56fa4841e5b52cb21ca0badbfbec1b085c837e9da,images/7ca443e3cdcb1de8722455b56fa4841e5b52cb21ca0badbfbec1b085c837e9da.jpg,RRDataset,medium,0,0.9270873665809631
7cac4e9ee971802e5150099a684f3370b295ba199f4b7cb30fc37f5f811def6b,images/7cac4e9ee971802e5150099a684f3370b295ba199f4b7cb30fc37f5f811def6b.jpg,RRDataset,medium,0,0.9025928974151611
7cb58bfe005df971be6b62bb2a38761ca607cdb86f9ac6572e3f811fffb07a48,images/7cb58bfe005df971be6b62bb2a38761ca607cdb86f9ac6572e3f811fffb07a48.jpg,ComplexDataLab/OpenFake,medium,0,0.9743170738220215
7ce9a13258d901ca65d0bcd4df16d29000db04e8b9c2cf29014b5ba236068171,images/7ce9a13258d901ca65d0bcd4df16d29000db04e8b9c2cf29014b5ba236068171.png,RRDataset,medium,1,0.8577794432640076
7cec17db3799387e2d9000775d341e9337983eb279356ff3f6e2538bdcf4aad7,images/7cec17db3799387e2d9000775d341e9337983eb279356ff3f6e2538bdcf4aad7.jpg,RRDataset,medium,0,0.26242730021476746
7d24a4642f42ff50ae0698ec540abaefe60349cac94851ce9362d860da8d6247,images/7d24a4642f42ff50ae0698ec540abaefe60349cac94851ce9362d860da8d6247.png,RRDataset,medium,1,0.9977826476097107
7d295337064c35bd24d6a170c9611a01b3b89e313e98f4147b1d54d866040028,images/7d295337064c35bd24d6a170c9611a01b3b89e313e98f4147b1d54d866040028.png,saberzl/SID_Set,medium,1,0.8752703070640564
7d539ca34fb07213aec089352969435bcf2c3fde1cefc0e88320935f3522c1de,images/7d539ca34fb07213aec089352969435bcf2c3fde1cefc0e88320935f3522c1de.jpg,ComplexDataLab/OpenFake,medium,0,0.10692445933818817
7d570f902ff22c79f4ee9633a98558b399eedb32d979239fc3e8baa080aabc90,images/7d570f902ff22c79f4ee9633a98558b399eedb32d979239fc3e8baa080aabc90.png,saberzl/SID_Set,medium,1,0.9367426037788391
7d727bdf33b25d2ca149692ca92f29b791c2d1e60beccf52bda18dadac54a441,images/7d727bdf33b25d2ca149692ca92f29b791c2d1e60beccf52bda18dadac54a441.jpg,saberzl/SID_Set,medium,0,0.6461705565452576
7daaf0cfc22ee675ad12a5913f4b534366643844ee8444940a7794b9f9a2d1e2,images/7daaf0cfc22ee675ad12a5913f4b534366643844ee8444940a7794b9f9a2d1e2.png,ComplexDataLab/OpenFake,medium,1,0.9206607937812805
7db834b7759e20c8c6129afd0b3e07aa7cbd63a46f5e4fbf95e076dfbc836fc5,images/7db834b7759e20c8c6129afd0b3e07aa7cbd63a46f5e4fbf95e076dfbc836fc5.png,RRDataset,medium,1,0.9987693428993225
7dc84b4c565b540da1224d8a5bb1254c5a08c481123583bec09ad77e6a87b712,images/7dc84b4c565b540da1224d8a5bb1254c5a08c481123583bec09ad77e6a87b712.jpg,RRDataset,medium,0,0.5103341341018677
7de8a30365e8968d8cde50280423f8e71ecedf4ec0a566520770ce335989f9e3,images/7de8a30365e8968d8cde50280423f8e71ecedf4ec0a566520770ce335989f9e3.jpg,RRDataset,medium,0,0.8754139542579651
7e43a3d4edbe1e5ea5269eebf2581b833957807458f8af6de36080cb5956cdd3,images/7e43a3d4edbe1e5ea5269eebf2581b833957807458f8af6de36080cb5956cdd3.png,saberzl/SID_Set,medium,1,0.9560569524765015
7eb447a12e04f7d1b9f4179115d2a0ce9bfb1e26154ef303415575dc9e1ffccd,images/7eb447a12e04f7d1b9f4179115d2a0ce9bfb1e26154ef303415575dc9e1ffccd.png,RRDataset,medium,1,0.9879684448242188
7ee60c29ea261f440ac29d67097abbcd7752d75a3f0a4b5dd555c4303b0163cd,images/7ee60c29ea261f440ac29d67097abbcd7752d75a3f0a4b5dd555c4303b0163cd.jpg,RRDataset,medium,0,0.9805814027786255
7efd64a9ba8c43293943cdadae44dccab473b4866655ff8922e75c3fdf58e902,images/7efd64a9ba8c43293943cdadae44dccab473b4866655ff8922e75c3fdf58e902.jpg,ComplexDataLab/OpenFake,medium,0,0.003378300927579403
7f1ca0e35f77cec495ac2573f3af2eb4760aa8b2eed68611ff2775ff75f3751f,images/7f1ca0e35f77cec495ac2573f3af2eb4760aa8b2eed68611ff2775ff75f3751f.png,saberzl/SID_Set,medium,1,0.9288570880889893
7faafbdcb7449bd7d9d80dd271eff9c1240eea9ea681d092164c5dc5f06f72b7,images/7faafbdcb7449bd7d9d80dd271eff9c1240eea9ea681d092164c5dc5f06f72b7.jpg,saberzl/SID_Set,medium,0,0.29711344838142395
7fc952f7fd00ea4b702a9f57d826e5804f7450a710acb6d0ab8e3fd3004f0906,images/7fc952f7fd00ea4b702a9f57d826e5804f7450a710acb6d0ab8e3fd3004f0906.jpg,RRDataset,medium,0,0.9545583128929138
7fcd3a18f8174cad0fbd19a8bfcc58523e46b851ec1c978efb19da8a8d87c9cc,images/7fcd3a18f8174cad0fbd19a8bfcc58523e46b851ec1c978efb19da8a8d87c9cc.png,ComplexDataLab/OpenFake,medium,1,0.9909105896949768
7fdde9755f6d1d17e5e32b5af8e76b6b86a553a56dafbbd11af35f1d5b4f9e2d,images/7fdde9755f6d1d17e5e32b5af8e76b6b86a553a56dafbbd11af35f1d5b4f9e2d.png,RRDataset,medium,1,0.44204169511795044
7fe305a10717fac9b5ee7e835b61c6e9f8c08ea369a79296111b636983ba9790,images/7fe305a10717fac9b5ee7e835b61c6e9f8c08ea369a79296111b636983ba9790.jpg,saberzl/SID_Set,medium,0,0.13671875
803bf6037d95c4ed63b4427aee2ebf451392513ec874433016ffa385d802c273,images/803bf6037d95c4ed63b4427aee2ebf451392513ec874433016ffa385d802c273.png,ComplexDataLab/OpenFake,medium,1,0.4883746802806854
8093cfc2570fc45e3ff570d19684c1dc3b8381acdfa2c4c3ba5d2c2ce3404f25,images/8093cfc2570fc45e3ff570d19684c1dc3b8381acdfa2c4c3ba5d2c2ce3404f25.jpg,RRDataset,medium,0,0.9783212542533875
80aa692800b66fc045d1aecb03593feb2141596b4855658256aa11c5a39d8741,images/80aa692800b66fc045d1aecb03593feb2141596b4855658256aa11c5a39d8741.jpg,RRDataset,medium,0,0.6201158761978149
80aef590889dd05272952938da51f2b0c8e312224071e41df0d56e695bb5f60f,images/80aef590889dd05272952938da51f2b0c8e312224071e41df0d56e695bb5f60f.png,ComplexDataLab/OpenFake,medium,1,0.9836212396621704
80b4988a4f563fe112d643681acee7e975d1f7f510749b7a3880b28c2b7ad1b5,images/80b4988a4f563fe112d643681acee7e975d1f7f510749b7a3880b28c2b7ad1b5.png,saberzl/SID_Set,medium,1,0.9832784533500671
80bc1be5b506e09030db191d6ea8023f16e9d8301cdfa9ddee0514c755cb0d6b,images/80bc1be5b506e09030db191d6ea8023f16e9d8301cdfa9ddee0514c755cb0d6b.jpg,ComplexDataLab/OpenFake,medium,0,0.0026609061751514673
80f4a91593423faad6728c889e6778787e83a5516b60c52534aa8bd7c297d71f,images/80f4a91593423faad6728c889e6778787e83a5516b60c52534aa8bd7c297d71f.jpg,ComplexDataLab/OpenFake,medium,0,0.8046016693115234
810ef2259ef21a7dc0c23ad566ad9c05b572495e5558275fad403f39a75c1db2,images/810ef2259ef21a7dc0c23ad566ad9c05b572495e5558275fad403f39a75c1db2.jpg,saberzl/SID_Set,medium,0,0.48180294036865234
81233115617a5bb4b6a7a45c665f6de4acb135465f86c05308ee00580e01c5d4,images/81233115617a5bb4b6a7a45c665f6de4acb135465f86c05308ee00580e01c5d4.jpg,RRDataset,medium,0,0.9829188585281372
812dcaca8a9787eede8dec584e826948673a2c732ffbfdb4bd2a9ccdd8738340,images/812dcaca8a9787eede8dec584e826948673a2c732ffbfdb4bd2a9ccdd8738340.jpg,RRDataset,medium,0,0.5198312997817993
814c87385bfc1e2acb6d73208f75975b2e8df9f1dac07b9d268380ba8a1d4ace,images/814c87385bfc1e2acb6d73208f75975b2e8df9f1dac07b9d268380ba8a1d4ace.jpg,saberzl/SID_Set,medium,0,0.00013642759586218745
816b3cebb6a491059bf8e50ade322f38f743b4773b93b53ee4c004490091cbf8,images/816b3cebb6a491059bf8e50ade322f38f743b4773b93b53ee4c004490091cbf8.png,ComplexDataLab/OpenFake,medium,1,0.998863697052002
81822208c22982c09859d63606aa8d1f6a0d0ade58f58a3b97dbe36a53d54c88,images/81822208c22982c09859d63606aa8d1f6a0d0ade58f58a3b97dbe36a53d54c88.jpg,saberzl/SID_Set,medium,0,0.9950409531593323
819328e74e533b2ff2a064332edece4a25321da413343f1b540dd9861e134547,images/819328e74e533b2ff2a064332edece4a25321da413343f1b540dd9861e134547.png,ComplexDataLab/OpenFake,medium,1,0.9610192179679871
819639d87e853ad839ede31c5271003c2e69215d617f4e01e007aa3a9d5b21cf,images/819639d87e853ad839ede31c5271003c2e69215d617f4e01e007aa3a9d5b21cf.jpg,RRDataset,medium,0,0.05658545345067978
81d3e0b4ba168327bed6cd81b25ee1aaea0d2751e51655778dbd5dbc934e4bef,images/81d3e0b4ba168327bed6cd81b25ee1aaea0d2751e51655778dbd5dbc934e4bef.jpg,RRDataset,medium,0,0.6283599734306335
81d462e32a82ad4178326f0ef5f3fa8dd2fb94d9b49d31b37b44363582851041,images/81d462e32a82ad4178326f0ef5f3fa8dd2fb94d9b49d31b37b44363582851041.jpg,ComplexDataLab/OpenFake,medium,0,0.2250588983297348
81d76d5a2b632f8117d3bc0f230639c3f15b94aa033b970af50b36bc05313ed7,images/81d76d5a2b632f8117d3bc0f230639c3f15b94aa033b970af50b36bc05313ed7.jpg,ComplexDataLab/OpenFake,medium,0,0.14301708340644836
81dcabd031ac6b0c66347e0534932b6a089d97cf8576017de9f78da5af415a4a,images/81dcabd031ac6b0c66347e0534932b6a089d97cf8576017de9f78da5af415a4a.jpg,ComplexDataLab/OpenFake,medium,1,0.9460214972496033
81f791f1559cd1c94d123e609a9af32afef47bab3199681d816e0fa8d295604a,images/81f791f1559cd1c94d123e609a9af32afef47bab3199681d816e0fa8d295604a.png,RRDataset,medium,1,0.9647542834281921
820335e464877f98e27170e165ec5d39796d9d37d3753ddc976489cc0c7c2446,images/820335e464877f98e27170e165ec5d39796d9d37d3753ddc976489cc0c7c2446.png,ComplexDataLab/OpenFake,medium,1,0.6478859782218933
8208dccff55599c743f76312b3c50bf824042b7ce64effe6d00ead12c3983c60,images/8208dccff55599c743f76312b3c50bf824042b7ce64effe6d00ead12c3983c60.png,ComplexDataLab/OpenFake,medium,1,0.9993509650230408
82118259e21e4df27abd09f01d3bda7018a51476249c0ebaba491ec0283e18e3,images/82118259e21e4df27abd09f01d3bda7018a51476249c0ebaba491ec0283e18e3.png,RRDataset,medium,1,0.9018933176994324
823a07aa9037e7b4b7bc749ea159c5d624bfb7191924191a89dc5cbce211d137,images/823a07aa9037e7b4b7bc749ea159c5d624bfb7191924191a89dc5cbce211d137.jpg,saberzl/SID_Set,medium,0,0.013609346002340317
8293965e93a182c0651b81d3f1f2fb07e381e474f7d07ee82e6c8f1814d2665d,images/8293965e93a182c0651b81d3f1f2fb07e381e474f7d07ee82e6c8f1814d2665d.png,ComplexDataLab/OpenFake,medium,1,0.2888774275779724
82a16478f7e9029eafb4070e05b00a7736b0a51df61d0cfeba647dd7ca6185d8,images/82a16478f7e9029eafb4070e05b00a7736b0a51df61d0cfeba647dd7ca6185d8.png,ComplexDataLab/OpenFake,medium,1,0.9906766414642334
82c3a4bdb0d6d205d52bcad6c069830752a2a7969daf1c8477142a62ad24dc2d,images/82c3a4bdb0d6d205d52bcad6c069830752a2a7969daf1c8477142a62ad24dc2d.png,saberzl/SID_Set,medium,1,0.9802830219268799
82c9c8a0396019df0820b7c519ad72d67e91fa4bc99be8376867314f6041f322,images/82c9c8a0396019df0820b7c519ad72d67e91fa4bc99be8376867314f6041f322.jpg,RRDataset,medium,0,0.5598634481430054
82d074c14e2a4af16f87ead60788e069678744a68ef2304b1d5d76afc7830827,images/82d074c14e2a4af16f87ead60788e069678744a68ef2304b1d5d76afc7830827.jpg,ComplexDataLab/OpenFake,medium,0,0.00018399533291812986
83120f13978d5fe0b75a183968ecfbcb50408ed49594952a3d19c99d823685e7,images/83120f13978d5fe0b75a183968ecfbcb50408ed49594952a3d19c99d823685e7.jpg,ComplexDataLab/OpenFake,medium,0,0.006403548177331686
834189c714dc796214d1b3bd63ceec1867f7304ca84b218755753000b93e4f77,images/834189c714dc796214d1b3bd63ceec1867f7304ca84b218755753000b93e4f77.jpg,ComplexDataLab/OpenFake,medium,0,0.18070805072784424
835380e9e54399089aa3788d2ea7df016fbc2fd6bf4d30f1deb82aebac768f35,images/835380e9e54399089aa3788d2ea7df016fbc2fd6bf4d30f1deb82aebac768f35.jpg,saberzl/SID_Set,medium,0,0.005761505104601383
83970b7c7e3b6be97d3918c16378ff3dcb6699c5f018ae11f34cbccd2fb3ae1a,images/83970b7c7e3b6be97d3918c16378ff3dcb6699c5f018ae11f34cbccd2fb3ae1a.png,ComplexDataLab/OpenFake,medium,1,0.7362173795700073
839a18de7ad11488a9535f5ec44ed9043382181981b0cb16d09a0ffe80ac5a70,images/839a18de7ad11488a9535f5ec44ed9043382181981b0cb16d09a0ffe80ac5a70.jpg,RRDataset,medium,0,0.9793624877929688
83b2ad1a95ed8af043e943b8661e8b36d2de50fc54a9d88fc7faa3c44a673c44,images/83b2ad1a95ed8af043e943b8661e8b36d2de50fc54a9d88fc7faa3c44a673c44.jpg,RRDataset,medium,0,0.07032925635576248
83c6090227ecc040f66fcdde879beb070751817957ae5eb310bf714dff7efeaf,images/83c6090227ecc040f66fcdde879beb070751817957ae5eb310bf714dff7efeaf.jpg,ComplexDataLab/OpenFake,medium,1,0.9659950137138367
83f9bbe909f5f3d1dbf0551ada380b38573065c81c1868f75b3b308b3f3b94f2,images/83f9bbe909f5f3d1dbf0551ada380b38573065c81c1868f75b3b308b3f3b94f2.jpg,ComplexDataLab/OpenFake,medium,0,0.2588070034980774
840924248f1a376b73031773396ca4033be3c41ee6b35e9be79982f84fa8fbde,images/840924248f1a376b73031773396ca4033be3c41ee6b35e9be79982f84fa8fbde.jpg,RRDataset,medium,0,0.06889381259679794
841defef79d77595f2976b3b804e7db6d796739b29272bd1b0d5ed9aefe1f691,images/841defef79d77595f2976b3b804e7db6d796739b29272bd1b0d5ed9aefe1f691.png,ComplexDataLab/OpenFake,medium,1,0.70453941822052
8453d29302a58f9ec26ec5d6fc65b7978bddcba15be8bfd2aab6cc8cf552dc4b,images/8453d29302a58f9ec26ec5d6fc65b7978bddcba15be8bfd2aab6cc8cf552dc4b.png,saberzl/SID_Set,medium,1,0.9222757816314697
845e4a1c989002592a9829fbba914785a5ae58f7827038f40e9779b72c2763cb,images/845e4a1c989002592a9829fbba914785a5ae58f7827038f40e9779b72c2763cb.jpg,ComplexDataLab/OpenFake,medium,1,0.8265526294708252
8479a0a2888c8e28382340d0be2111e6ca93f7835343b4aef2256f42cc37dffa,images/8479a0a2888c8e28382340d0be2111e6ca93f7835343b4aef2256f42cc37dffa.png,RRDataset,medium,1,0.9787390828132629
84c501d850e58048038b935535cf96972140c607fa7e2a102254d137485d586f,images/84c501d850e58048038b935535cf96972140c607fa7e2a102254d137485d586f.jpg,ComplexDataLab/OpenFake,medium,0,0.0005656233406625688
84f73ce1d377bafc355425bfa89d1cbff6244e790056935f54383ac78a5d5271,images/84f73ce1d377bafc355425bfa89d1cbff6244e790056935f54383ac78a5d5271.jpg,RRDataset,medium,0,0.9019373655319214
85009551b5b0f70177ab6c73e0803fa4f0192735a42ad6aaaa325a6f3773bd66,images/85009551b5b0f70177ab6c73e0803fa4f0192735a42ad6aaaa325a6f3773bd66.jpg,saberzl/SID_Set,medium,0,0.10672900080680847
85072883d5be975f9e19ee510e9032ad37c8aeaa382ea5efe56b1eba82f20567,images/85072883d5be975f9e19ee510e9032ad37c8aeaa382ea5efe56b1eba82f20567.jpg,RRDataset,medium,0,0.8700461983680725
85595b36d6acca648f451fd50a56beff3a8f0cccdbbea99c0ac86f8d670ae555,images/85595b36d6acca648f451fd50a56beff3a8f0cccdbbea99c0ac86f8d670ae555.jpg,saberzl/SID_Set,medium,0,0.1677892655134201
8563cd19239f1dcb82566de5ec26a1b1967e6576a88d9bc2fd87e236e699c675,images/8563cd19239f1dcb82566de5ec26a1b1967e6576a88d9bc2fd87e236e699c675.jpg,RRDataset,medium,0,0.001668902114033699
8573f5491240d6f172345e41586a2be09fdcf110dc9efd1c15beb302cd980be9,images/8573f5491240d6f172345e41586a2be09fdcf110dc9efd1c15beb302cd980be9.jpg,RRDataset,medium,0,0.9771939516067505
857926049646f3cf46f1a1e440431e6c224f6396fec0364b2b1fad097720ed46,images/857926049646f3cf46f1a1e440431e6c224f6396fec0364b2b1fad097720ed46.png,saberzl/SID_Set,medium,1,0.9890269637107849
85945a461217c3280cf8cdd354015601033ff8dab1da908a2eb286be5238f226,images/85945a461217c3280cf8cdd354015601033ff8dab1da908a2eb286be5238f226.png,saberzl/SID_Set,medium,1,0.9875968098640442
85a69583c000bfb534050c222a303eb63b6e927866893816b8741e0cb3c834e2,images/85a69583c000bfb534050c222a303eb63b6e927866893816b8741e0cb3c834e2.png,saberzl/SID_Set,medium,1,0.9821297526359558
85f712a12c06aa7f2d058b7dd8ff3066b906962da08f119b48924e407a6b863b,images/85f712a12c06aa7f2d058b7dd8ff3066b906962da08f119b48924e407a6b863b.png,saberzl/SID_Set,medium,1,0.960295557975769
860014905a621bdd70fe672a0824d161e90d73eaa0f7643380184919f60b87ac,images/860014905a621bdd70fe672a0824d161e90d73eaa0f7643380184919f60b87ac.png,saberzl/SID_Set,medium,1,0.8578323721885681
8610b07b8b1623939841f0f112d244868632463cfe941891a0f4d53fb3ec9fe6,images/8610b07b8b1623939841f0f112d244868632463cfe941891a0f4d53fb3ec9fe6.png,RRDataset,medium,1,0.9742485284805298
862146398cf7f34f69e3379cce283b1a51079f20c46a758c08406e451e9f5851,images/862146398cf7f34f69e3379cce283b1a51079f20c46a758c08406e451e9f5851.png,RRDataset,medium,1,0.9713903069496155
86492403a8a5240b255106960c4c05c6f71a833e18e3555941140e72968c4433,images/86492403a8a5240b255106960c4c05c6f71a833e18e3555941140e72968c4433.png,saberzl/SID_Set,medium,1,0.9966603517532349
8690572b7b55d791d588bca2937c2aeb155e9f925457fc694c61a5305bbdc201,images/8690572b7b55d791d588bca2937c2aeb155e9f925457fc694c61a5305bbdc201.jpg,RRDataset,medium,0,0.4819117486476898
86cc3ef4f7e8dcae51817331dc79617653623e9195f1d9928067238701e25ab3,images/86cc3ef4f7e8dcae51817331dc79617653623e9195f1d9928067238701e25ab3.png,ComplexDataLab/OpenFake,medium,1,0.898351788520813
86d03c6e20a313e01528e27e3c2fc8172cf971dc0ae7254b20400386be707c6a,images/86d03c6e20a313e01528e27e3c2fc8172cf971dc0ae7254b20400386be707c6a.jpg,ComplexDataLab/OpenFake,medium,0,0.018242185935378075
86d63fe870351eca9592cd3161a4c32b8bd5bdc02c470e8dae5a7cac501c47e6,images/86d63fe870351eca9592cd3161a4c32b8bd5bdc02c470e8dae5a7cac501c47e6.jpg,saberzl/SID_Set,medium,0,0.011321982368826866
86fd3f8d1212af2d7024f31dc60885f1022c545352f772f7513b037a5a5b5bba,images/86fd3f8d1212af2d7024f31dc60885f1022c545352f772f7513b037a5a5b5bba.png,ComplexDataLab/OpenFake,medium,1,0.9236763715744019
8701b7b9e25e05321269d28070eb27ac8394f6c3a74c8c6165250bc28458c999,images/8701b7b9e25e05321269d28070eb27ac8394f6c3a74c8c6165250bc28458c999.png,saberzl/SID_Set,medium,1,0.9731851816177368
8753ac00ec3af899ef85a733c671dec6766d20eb7a0a137e2584a707e0784099,images/8753ac00ec3af899ef85a733c671dec6766d20eb7a0a137e2584a707e0784099.jpg,ComplexDataLab/OpenFake,medium,0,0.001923681702464819
877ad51fac4210fb817b3eeac13665011c94c9162d91d539dc00983bd4d1f4a0,images/877ad51fac4210fb817b3eeac13665011c94c9162d91d539dc00983bd4d1f4a0.png,saberzl/SID_Set,medium,1,0.9519362449645996
87912cb2316fff39030011e7e63593dfaaf3955f8f663660a4d9e744b22acefb,images/87912cb2316fff39030011e7e63593dfaaf3955f8f663660a4d9e744b22acefb.png,ComplexDataLab/OpenFake,medium,1,0.9747914671897888
879290cf44409008b74c8f8f746efa5963302d3b6b2d46bd0b3d2e488c6e850c,images/879290cf44409008b74c8f8f746efa5963302d3b6b2d46bd0b3d2e488c6e850c.jpg,RRDataset,medium,0,0.945480227470398
87af98122ffbb2721bdad414fb28e3d4cd70a3504e6b8f9354fb4ebc17769a7b,images/87af98122ffbb2721bdad414fb28e3d4cd70a3504e6b8f9354fb4ebc17769a7b.jpg,saberzl/SID_Set,medium,0,0.22739483416080475
87b7b547c66f95e8bdea175182fe679f5672b319a05bdf5b3bdb36b1410b32e7,images/87b7b547c66f95e8bdea175182fe679f5672b319a05bdf5b3bdb36b1410b32e7.jpg,RRDataset,medium,0,0.7065639495849609
87ec87ae5c8c1294bf8c7872b6e9f316f7ac1873ddcd8752a5584581eb919b72,images/87ec87ae5c8c1294bf8c7872b6e9f316f7ac1873ddcd8752a5584581eb919b72.jpg,RRDataset,medium,0,0.42500266432762146
87f459197f17b1992f2b776c5280f5f0854a00d572f407304c6f27e19bd3aa30,images/87f459197f17b1992f2b776c5280f5f0854a00d572f407304c6f27e19bd3aa30.png,RRDataset,medium,1,0.9870408177375793
881c7390821000cfb88ca0dfaa0c410f7cfa9b0838232a295d2086abb96ad1f5,images/881c7390821000cfb88ca0dfaa0c410f7cfa9b0838232a295d2086abb96ad1f5.png,saberzl/SID_Set,medium,1,0.9129170179367065
88488584cb09be0919944e3b5efb5bb144a09e0424baf97a3e07f31bef73513d,images/88488584cb09be0919944e3b5efb5bb144a09e0424baf97a3e07f31bef73513d.jpg,saberzl/SID_Set,medium,0,0.10638117790222168
886743c3360f6933bf22930f24a0efdd183d11cf98d5e695848bb443abaa1b5c,images/886743c3360f6933bf22930f24a0efdd183d11cf98d5e695848bb443abaa1b5c.jpg,ComplexDataLab/OpenFake,medium,0,0.7403312921524048
88697857ba2cc443a298152d43a2585398659a6564e55f17e07e98829b16ef1e,images/88697857ba2cc443a298152d43a2585398659a6564e55f17e07e98829b16ef1e.jpg,saberzl/SID_Set,medium,0,0.16559673845767975
8899e3d311ef896f9f2c85da634c4d21eae01f028e124dfb0f89b57a1e648dae,images/8899e3d311ef896f9f2c85da634c4d21eae01f028e124dfb0f89b57a1e648dae.png,ComplexDataLab/OpenFake,medium,1,0.23395763337612152
889ce6748a2963be31a09762d85f679cd93deb290ebd3fc5d995fd1951f982af,images/889ce6748a2963be31a09762d85f679cd93deb290ebd3fc5d995fd1951f982af.jpg,ComplexDataLab/OpenFake,medium,0,0.0024029798805713654
88e7eaf6a4ead48da3b7f7770b862088b6be320b6ec987909acdd80183bafc5e,images/88e7eaf6a4ead48da3b7f7770b862088b6be320b6ec987909acdd80183bafc5e.png,saberzl/SID_Set,medium,1,0.9470954537391663
88eef34fa418b57bb1c4f229659e2c0cff6af4e5a1068fe44521a587086df71b,images/88eef34fa418b57bb1c4f229659e2c0cff6af4e5a1068fe44521a587086df71b.png,ComplexDataLab/OpenFake,medium,1,0.9250970482826233
88fe7407cab33434b1a09d0219121a519fc1e4e1956773125eee25860f526203,images/88fe7407cab33434b1a09d0219121a519fc1e4e1956773125eee25860f526203.png,RRDataset,medium,1,0.9913333058357239
89085f2896202886f9c8a8b7cb442e6955c661cfb6e3486013258961b6762714,images/89085f2896202886f9c8a8b7cb442e6955c661cfb6e3486013258961b6762714.jpg,RRDataset,medium,0,0.07364041358232498
8947dd0d5cfb9c442a8472164d203729bd22db8abc9c326d364dd2c1520cb7e3,images/8947dd0d5cfb9c442a8472164d203729bd22db8abc9c326d364dd2c1520cb7e3.jpg,saberzl/SID_Set,medium,0,0.7503438591957092
894a71b9a5b24603e0ee87f67f588e4af20123bb325e351d95723e2a7b5e290b,images/894a71b9a5b24603e0ee87f67f588e4af20123bb325e351d95723e2a7b5e290b.png,ComplexDataLab/OpenFake,medium,1,0.5569263696670532
898c8e364288097caeb6b92e0102d0d5a0ba580a0dabfc56eea19455de64d53d,images/898c8e364288097caeb6b92e0102d0d5a0ba580a0dabfc56eea19455de64d53d.png,ComplexDataLab/OpenFake,medium,1,0.8741393089294434
89bb86d2553903602f78ff24ee16b988a818f1618a77b069aeb7d660bc1afc7b,images/89bb86d2553903602f78ff24ee16b988a818f1618a77b069aeb7d660bc1afc7b.jpg,saberzl/SID_Set,medium,0,0.49144771695137024
89d01b2d3788b0b89500e3795d980e4d6eb5aab7ce41c2a82ddada44606d98cf,images/89d01b2d3788b0b89500e3795d980e4d6eb5aab7ce41c2a82ddada44606d98cf.jpg,RRDataset,medium,0,0.4503805935382843
89d1e0399f3dd7b21c0ede0e804ecbdebb5ab3583655394862a895f5ba0a39e2,images/89d1e0399f3dd7b21c0ede0e804ecbdebb5ab3583655394862a895f5ba0a39e2.png,RRDataset,medium,1,0.9974997639656067
89eb13770dde9a87021c4c85e5512dcd8e799df60f1348838d75470cd1e0c35e,images/89eb13770dde9a87021c4c85e5512dcd8e799df60f1348838d75470cd1e0c35e.png,RRDataset,medium,1,0.9978682994842529
89ecdca5cda370713a982cebeef86ed645fef86146cf549500e82cdb46a820ce,images/89ecdca5cda370713a982cebeef86ed645fef86146cf549500e82cdb46a820ce.png,ComplexDataLab/OpenFake,medium,1,0.6583494544029236
89f121e79fa57ac2ba2cd3bafbc4ebe4bcdd05efd5010e92ee51bf313f1f91c9,images/89f121e79fa57ac2ba2cd3bafbc4ebe4bcdd05efd5010e92ee51bf313f1f91c9.jpg,ComplexDataLab/OpenFake,medium,0,0.0004994550836272538
89ff7238df2bec086cdb88ba452cc3e0e9091e517567d852e6a3eb8a11c222a5,images/89ff7238df2bec086cdb88ba452cc3e0e9091e517567d852e6a3eb8a11c222a5.jpg,saberzl/SID_Set,medium,0,0.3232039511203766
8a2377fb6120447925226d8d7e043537bfa29f3013ab9fb98520d71d8b07d0dc,images/8a2377fb6120447925226d8d7e043537bfa29f3013ab9fb98520d71d8b07d0dc.jpg,RRDataset,medium,0,0.9788118004798889
8a24ea846c097c53341a9dc35780e50b18ec5a3ed316372c577c22b195ce6763,images/8a24ea846c097c53341a9dc35780e50b18ec5a3ed316372c577c22b195ce6763.jpg,saberzl/SID_Set,medium,0,0.08144127577543259
8a2f6a5544a901909c58f9ce07a0e507948d6f3f0abc933378d63694ef1d6093,images/8a2f6a5544a901909c58f9ce07a0e507948d6f3f0abc933378d63694ef1d6093.png,ComplexDataLab/OpenFake,medium,1,0.9654297232627869
8a466f83f0762eb7a5e10eb330c5d4898423fafab282c5cb9a7743b29bc5265f,images/8a466f83f0762eb7a5e10eb330c5d4898423fafab282c5cb9a7743b29bc5265f.jpg,ComplexDataLab/OpenFake,medium,0,0.9302443861961365
8a6fa8e16b1a94e3c558eef55a9f8d3e1943f613e127b8a38cf1915d3b553608,images/8a6fa8e16b1a94e3c558eef55a9f8d3e1943f613e127b8a38cf1915d3b553608.jpg,saberzl/SID_Set,medium,0,0.0712798684835434
8a8532a4762d73135da88ea26dc9fd415f41a81b9239498eca3dbbbd29560daa,images/8a8532a4762d73135da88ea26dc9fd415f41a81b9239498eca3dbbbd29560daa.png,saberzl/SID_Set,medium,1,0.9758083820343018
8a93257e9aa1b7932c9c09d3ddbb4f3def645bcf658576482574dbe235c781b0,images/8a93257e9aa1b7932c9c09d3ddbb4f3def645bcf658576482574dbe235c781b0.jpg,saberzl/SID_Set,medium,0,0.1654738336801529
8aa902cd64d05219e6961cba90ccee484b6d7cd24da5028d5e4c7c866c92ce3f,images/8aa902cd64d05219e6961cba90ccee484b6d7cd24da5028d5e4c7c866c92ce3f.png,ComplexDataLab/OpenFake,medium,1,0.6754131317138672
8ab0232f0c06802058d6b3acd6f00fc425048815fb88651336c1dd9fbbb68780,images/8ab0232f0c06802058d6b3acd6f00fc425048815fb88651336c1dd9fbbb68780.jpg,RRDataset,medium,0,0.9785601496696472
8abcd07238ba5fad9d21b1c837c6b379a1900ce069286876f67d3d4691e022ef,images/8abcd07238ba5fad9d21b1c837c6b379a1900ce069286876f67d3d4691e022ef.jpg,ComplexDataLab/OpenFake,medium,0,0.4703851640224457
8b05fc787cadcdc6e31000b13ef813ce3a424416f83d43415aca058e9ea5b1ae,images/8b05fc787cadcdc6e31000b13ef813ce3a424416f83d43415aca058e9ea5b1ae.png,ComplexDataLab/OpenFake,medium,1,0.10617022216320038
8b11bd3aa380bf37932c4ff8aab2754df1bc79f655c4fc256696c4facc7f9742,images/8b11bd3aa380bf37932c4ff8aab2754df1bc79f655c4fc256696c4facc7f9742.jpg,ComplexDataLab/OpenFake,medium,0,0.005135711282491684
8b2046668df6dfdac3c79f680f5603a2e33a83cc3f6186e9ef125ca41a57a9ed,images/8b2046668df6dfdac3c79f680f5603a2e33a83cc3f6186e9ef125ca41a57a9ed.png,ComplexDataLab/OpenFake,medium,1,0.9516283869743347
8b36e2f2a4e153874804ca8e7ebae3af034161cded93fc62f3d2d0878fc4014a,images/8b36e2f2a4e153874804ca8e7ebae3af034161cded93fc62f3d2d0878fc4014a.jpg,RRDataset,medium,0,0.995808482170105
8b5673509b4d85fd61df1dea70ab1ab6275e68331def8d992597c69aee11f72f,images/8b5673509b4d85fd61df1dea70ab1ab6275e68331def8d992597c69aee11f72f.png,ComplexDataLab/OpenFake,medium,1,0.9318574666976929
8b5c496b3e2f5605c3f5ecd64aa51111093fabe667d70a1bedbc41ef680825cd,images/8b5c496b3e2f5605c3f5ecd64aa51111093fabe667d70a1bedbc41ef680825cd.jpg,RRDataset,medium,0,0.9032042622566223
8b6893b99e0244b9df32b42a211f90288ca21741aaf7c4b43122d2cbed1e8c68,images/8b6893b99e0244b9df32b42a211f90288ca21741aaf7c4b43122d2cbed1e8c68.jpg,RRDataset,medium,0,0.9274206757545471
8b6d995ecb5bddca986b3d797bb6e80e58574ddebd5530fb859309180cc79da7,images/8b6d995ecb5bddca986b3d797bb6e80e58574ddebd5530fb859309180cc79da7.jpg,saberzl/SID_Set,medium,0,0.0016717439284548163
8b9d048b70ba4ccded5ce7b589a7535b9d2ba95e4ebdff0ecd498b35a81458ff,images/8b9d048b70ba4ccded5ce7b589a7535b9d2ba95e4ebdff0ecd498b35a81458ff.jpg,saberzl/SID_Set,medium,0,0.8884882926940918
8baadbda6894d60778326dab05225be2910b64ce4ea86d2fd8b270791fa2ff1b,images/8baadbda6894d60778326dab05225be2910b64ce4ea86d2fd8b270791fa2ff1b.png,RRDataset,medium,1,0.8830199837684631
8bcf64fd9dbb9ab0f63029c966c56d458794ab4cf8a116566b2e7cb6d776178a,images/8bcf64fd9dbb9ab0f63029c966c56d458794ab4cf8a116566b2e7cb6d776178a.png,saberzl/SID_Set,medium,1,0.8030080199241638
8bd6a4eff9cb694312151e3c86f733b062b4aa418b0474d206a3d0fcec4e03a8,images/8bd6a4eff9cb694312151e3c86f733b062b4aa418b0474d206a3d0fcec4e03a8.jpg,ComplexDataLab/OpenFake,medium,0,0.0274016335606575
8c30634aaf56be3cd37eb98c2b7b25414ab3c1717ba702d57f368a87dc0d19d0,images/8c30634aaf56be3cd37eb98c2b7b25414ab3c1717ba702d57f368a87dc0d19d0.jpg,ComplexDataLab/OpenFake,medium,0,0.7266422510147095
8c3a18c40029629e368f5789b26ffa5c344d7bb9668c2bb0120ee75f0d49855d,images/8c3a18c40029629e368f5789b26ffa5c344d7bb9668c2bb0120ee75f0d49855d.png,saberzl/SID_Set,medium,1,0.967166006565094
8c46404edb383e4b5810d558ea97e1986aabc9a997d6cfd2e114b2bc37bb81fa,images/8c46404edb383e4b5810d558ea97e1986aabc9a997d6cfd2e114b2bc37bb81fa.png,ComplexDataLab/OpenFake,medium,1,0.9939150214195251
8c5838b6fc7b7dd26c2799ca0d29fc745fdde0392ce49c9ce5d9fab0b3cba914,images/8c5838b6fc7b7dd26c2799ca0d29fc745fdde0392ce49c9ce5d9fab0b3cba914.jpg,RRDataset,medium,0,0.30702242255210876
8c58b5a826382457176e30525f4ceafebfcae13dbb83315de6b3ff52690de689,images/8c58b5a826382457176e30525f4ceafebfcae13dbb83315de6b3ff52690de689.png,RRDataset,medium,1,0.982395350933075
8c96469c8686182648a0591e807111c83b84d2ec0d5f783847ab3101846477ba,images/8c96469c8686182648a0591e807111c83b84d2ec0d5f783847ab3101846477ba.jpg,ComplexDataLab/OpenFake,medium,0,0.2370944768190384
8cbc7f638bfb8877cf08008018ca65b826dbab17b2d501bda3f85518b2da6f8d,images/8cbc7f638bfb8877cf08008018ca65b826dbab17b2d501bda3f85518b2da6f8d.png,RRDataset,medium,1,0.9948174357414246
8cc8bd108f9cd09b6d271b57aff41f680495bb1d5cee9869b6baef3670bdf272,images/8cc8bd108f9cd09b6d271b57aff41f680495bb1d5cee9869b6baef3670bdf272.jpg,RRDataset,medium,0,0.970982015132904
8d08140adb94887be953e7681f20ede07702dc007caeb32cda591fbfcc65eb21,images/8d08140adb94887be953e7681f20ede07702dc007caeb32cda591fbfcc65eb21.png,saberzl/SID_Set,medium,1,0.9577646851539612
8d148fac0c18572ccc7cf07de5bd2a94ca01edf736ead3d721dd69863b85396c,images/8d148fac0c18572ccc7cf07de5bd2a94ca01edf736ead3d721dd69863b85396c.jpg,saberzl/SID_Set,medium,0,0.02125997468829155
8d2553bba786e4a0f17397ce4d277309784116001733b8c21c01d53451b83174,images/8d2553bba786e4a0f17397ce4d277309784116001733b8c21c01d53451b83174.jpg,ComplexDataLab/OpenFake,medium,0,0.12711188197135925
8d3a9914192603104e838d850657c65833487d027b54102bd52d654cae1c4ded,images/8d3a9914192603104e838d850657c65833487d027b54102bd52d654cae1c4ded.jpg,ComplexDataLab/OpenFake,medium,0,0.8300997018814087
8d63c538487fc60cbd408bde7e75483b912c298f0efec5752ec697a20eb83fab,images/8d63c538487fc60cbd408bde7e75483b912c298f0efec5752ec697a20eb83fab.png,RRDataset,medium,1,0.9184623956680298
8d67755ba4855ff5ded094c495dcfbe2fb4b2437f4144e9db9f5a4f622805144,images/8d67755ba4855ff5ded094c495dcfbe2fb4b2437f4144e9db9f5a4f622805144.jpg,RRDataset,medium,0,0.9946470856666565
8dbb2273603d95f9c4a72644d0c9720660f849cf98b1eb0cf53718aad4f1ad20,images/8dbb2273603d95f9c4a72644d0c9720660f849cf98b1eb0cf53718aad4f1ad20.jpg,saberzl/SID_Set,medium,0,0.04387480765581131
8dc38f803c50b2bcad31fca203921aec7714bf8d7b122a159f7512339547fdc5,images/8dc38f803c50b2bcad31fca203921aec7714bf8d7b122a159f7512339547fdc5.png,saberzl/SID_Set,medium,1,0.9729509353637695
8dc7352baddd91fc8da3b1b5a1e4e21959be5956c08b59bd89e993dd0bdf5fb9,images/8dc7352baddd91fc8da3b1b5a1e4e21959be5956c08b59bd89e993dd0bdf5fb9.png,ComplexDataLab/OpenFake,medium,1,0.970472514629364
8dc74f58df0fe7e6f95b49196f40082cc55f48cf5e802c122804938fb47040da,images/8dc74f58df0fe7e6f95b49196f40082cc55f48cf5e802c122804938fb47040da.png,RRDataset,medium,1,0.9864943027496338
8e5e0727e0cc079cc8df687eb2b2d65a1dfe21d8e1f946d324cae69bf2740e8e,images/8e5e0727e0cc079cc8df687eb2b2d65a1dfe21d8e1f946d324cae69bf2740e8e.jpg,saberzl/SID_Set,medium,0,0.84037184715271
8e77de5b16701e4e89dfb7f2d6d298c2a3fbab9d8a70948398298c594923fa71,images/8e77de5b16701e4e89dfb7f2d6d298c2a3fbab9d8a70948398298c594923fa71.jpg,saberzl/SID_Set,medium,0,0.01880829781293869
8f14bd714287fa33ca7964c34faabe867bd40c89640cc98319a114fb16898a88,images/8f14bd714287fa33ca7964c34faabe867bd40c89640cc98319a114fb16898a88.png,RRDataset,medium,1,0.9937602877616882
8f15754acc7c3f30af9506ee77e15ce6332b48326184f709b776a35e44b192fb,images/8f15754acc7c3f30af9506ee77e15ce6332b48326184f709b776a35e44b192fb.jpg,ComplexDataLab/OpenFake,medium,0,0.22219567000865936
8f88b1f7100b0421ca5e3f327c14086fee9ae9dbf0bbf5163995004ee74ab4af,images/8f88b1f7100b0421ca5e3f327c14086fee9ae9dbf0bbf5163995004ee74ab4af.jpg,saberzl/SID_Set,medium,0,0.06805165857076645
8fa374456b458650d288da1311dd2183ff458ab87b0c1fbac7916b21fd24abf7,images/8fa374456b458650d288da1311dd2183ff458ab87b0c1fbac7916b21fd24abf7.png,RRDataset,medium,1,0.7321861982345581
8fd4c0a6f6e5239c7441d781c04b994091573ffe6b4f3bf1a41ba25ea1dbed98,images/8fd4c0a6f6e5239c7441d781c04b994091573ffe6b4f3bf1a41ba25ea1dbed98.jpg,ComplexDataLab/OpenFake,medium,0,0.4249396026134491
8fdca0f42a5695a746fbef446551e5d57cf6caad913e9a548b20674f9db2fbaf,images/8fdca0f42a5695a746fbef446551e5d57cf6caad913e9a548b20674f9db2fbaf.png,RRDataset,medium,1,0.9977318644523621
8fe0f1732484710f4ed588930e50851a8ede28666324be3418200ca208b0df74,images/8fe0f1732484710f4ed588930e50851a8ede28666324be3418200ca208b0df74.jpg,saberzl/SID_Set,medium,0,0.80986088514328
8fe27d9c10acf01f1616e4b5d97ff618a71ab8226ec51b4b0b139b6f995a145d,images/8fe27d9c10acf01f1616e4b5d97ff618a71ab8226ec51b4b0b139b6f995a145d.jpg,saberzl/SID_Set,medium,0,0.8718464374542236
8ff40304740f412cba3e219ee8927f707f308735103b9f9c400c6e5f4b8d5f71,images/8ff40304740f412cba3e219ee8927f707f308735103b9f9c400c6e5f4b8d5f71.jpg,saberzl/SID_Set,medium,0,0.7516431212425232
9015cb975e2013119fff3b4cf26892aaa823e82c405f20a2feb83b4bab4a41d8,images/9015cb975e2013119fff3b4cf26892aaa823e82c405f20a2feb83b4bab4a41d8.jpg,ComplexDataLab/OpenFake,medium,0,0.04213157668709755
901c7d9651dae882d07927af34b1f34aef604d16362316c559b455e4c79808eb,images/901c7d9651dae882d07927af34b1f34aef604d16362316c559b455e4c79808eb.png,ComplexDataLab/OpenFake,medium,1,0.9788023233413696
90353ceea4479167ca404e0d79ecc5e420cc7a6914cfe272e2abf4a23b1590fe,images/90353ceea4479167ca404e0d79ecc5e420cc7a6914cfe272e2abf4a23b1590fe.png,RRDataset,medium,1,0.8532119989395142
9039e6d87c2391243214a434aebb03446cbe21c8e52a380ca2d503f29b52da4c,images/9039e6d87c2391243214a434aebb03446cbe21c8e52a380ca2d503f29b52da4c.png,ComplexDataLab/OpenFake,medium,1,0.5790975689888
904bd3b760f4afc84446dc561d6deb98997b2c1f1db3ad2a3ee920577edf9db2,images/904bd3b760f4afc84446dc561d6deb98997b2c1f1db3ad2a3ee920577edf9db2.png,RRDataset,medium,1,0.9187836050987244
907e2a92d2b6cff527b469e831b4f775386996cc38486e64932d77d51ca24fd4,images/907e2a92d2b6cff527b469e831b4f775386996cc38486e64932d77d51ca24fd4.jpg,RRDataset,medium,0,0.8213441371917725
9086bafc8cc45802ec70ba0f424211e15a7d80725a8227f0e64fdbe8bf89ad3a,images/9086bafc8cc45802ec70ba0f424211e15a7d80725a8227f0e64fdbe8bf89ad3a.png,saberzl/SID_Set,medium,1,0.9502851366996765
90b04581e49b1c5859e40f80c988d9b7498dbbc04a061afbeea5c509e7bd43d1,images/90b04581e49b1c5859e40f80c988d9b7498dbbc04a061afbeea5c509e7bd43d1.png,saberzl/SID_Set,medium,1,0.9756984114646912
90b7161e4ed4b93e06e235974bc2949b55c02af5f6166ade767188acadff4516,images/90b7161e4ed4b93e06e235974bc2949b55c02af5f6166ade767188acadff4516.jpg,RRDataset,medium,0,0.17677675187587738
90c9d2f067e19a04449710778695c22399930adebb97e606e6f17a3b349e4dd8,images/90c9d2f067e19a04449710778695c22399930adebb97e606e6f17a3b349e4dd8.jpg,ComplexDataLab/OpenFake,medium,0,0.014498838223516941
90cd233cb809707f81e858fd5176df18849102e27c7984ba7b4ebf3128cf84f3,images/90cd233cb809707f81e858fd5176df18849102e27c7984ba7b4ebf3128cf84f3.png,RRDataset,medium,1,0.9945918917655945
90fe3ba71607e89988a3a38028a5c83b84d7e8355ad3596f0ec1dcfe9b33e00a,images/90fe3ba71607e89988a3a38028a5c83b84d7e8355ad3596f0ec1dcfe9b33e00a.png,RRDataset,medium,1,0.9963918328285217
911615ac047bd907f12f1ea157b15334870911d426607eb221fc1705d135d617,images/911615ac047bd907f12f1ea157b15334870911d426607eb221fc1705d135d617.jpg,RRDataset,medium,0,0.9215370416641235
913bca0b72c8df16ec83946a9ba7f0b51b3431d9a7e11c9b332320493da32549,images/913bca0b72c8df16ec83946a9ba7f0b51b3431d9a7e11c9b332320493da32549.jpg,ComplexDataLab/OpenFake,medium,0,0.001218784018419683
913f7197abf65aa7814498b7b717260c990ef4bff939635dc1eec02bf47cb806,images/913f7197abf65aa7814498b7b717260c990ef4bff939635dc1eec02bf47cb806.png,ComplexDataLab/OpenFake,medium,1,0.9012992978096008
914a862432741593303d71ef453add25c553be679392b937da38ffc0f4de6ea1,images/914a862432741593303d71ef453add25c553be679392b937da38ffc0f4de6ea1.jpg,ComplexDataLab/OpenFake,medium,1,0.709842324256897
914ae46c5a8844736e58531ee91106c2206f672ddb375853fc77402a6f15e251,images/914ae46c5a8844736e58531ee91106c2206f672ddb375853fc77402a6f15e251.jpg,ComplexDataLab/OpenFake,medium,1,0.3497009575366974
919f43a967f226b44e42d6212682e3b316fd5496f29d4de0f7acbda693839a8f,images/919f43a967f226b44e42d6212682e3b316fd5496f29d4de0f7acbda693839a8f.png,saberzl/SID_Set,medium,1,0.9924929738044739
91c1f75d4d615bb6cbc79db0faa96aebb38dfb95dea9193a4745ed19c290cfbf,images/91c1f75d4d615bb6cbc79db0faa96aebb38dfb95dea9193a4745ed19c290cfbf.jpg,ComplexDataLab/OpenFake,medium,0,0.23465923964977264
923f12bda098a724ac95ee88a5f1677760528598e5a28c7b136f46cf14defa33,images/923f12bda098a724ac95ee88a5f1677760528598e5a28c7b136f46cf14defa33.jpg,saberzl/SID_Set,medium,0,0.965797483921051
92ad9e2e5b79a79df6b71a37de8905918077563d9631dd2d663c96b65412ec46,images/92ad9e2e5b79a79df6b71a37de8905918077563d9631dd2d663c96b65412ec46.jpg,RRDataset,medium,0,0.156147301197052
92b6c45c96b961bf4f1bf097369b9237aa1bdf7abc1b712a86343217f243057a,images/92b6c45c96b961bf4f1bf097369b9237aa1bdf7abc1b712a86343217f243057a.jpg,saberzl/SID_Set,medium,0,0.21896369755268097
92c9f63324c950a64e47a597f6742e477df088a0d215794a60b64ecffbed1b6a,images/92c9f63324c950a64e47a597f6742e477df088a0d215794a60b64ecffbed1b6a.png,saberzl/SID_Set,medium,1,0.9598895311355591
92eab66c814fdcb701751d8a715fcfc382eb4860e01a32c2eb47e5b2a1079f7d,images/92eab66c814fdcb701751d8a715fcfc382eb4860e01a32c2eb47e5b2a1079f7d.jpg,RRDataset,medium,0,0.0030929099302738905
92ec100acb1ba8c225d3244d3be5b0e9750f74d7c909c9c96e3c02ef18c57310,images/92ec100acb1ba8c225d3244d3be5b0e9750f74d7c909c9c96e3c02ef18c57310.jpg,saberzl/SID_Set,medium,0,0.009615344926714897
9307331d08913cb7eaa4dee6970042a29f7eba4c9412d7edec366f6e00cde957,images/9307331d08913cb7eaa4dee6970042a29f7eba4c9412d7edec366f6e00cde957.jpg,RRDataset,medium,0,0.9857132434844971
931f14cd3f155a6873ee9ca9d5bac355637a5da03e3bc2b9d3f6ebd1ec6e598a,images/931f14cd3f155a6873ee9ca9d5bac355637a5da03e3bc2b9d3f6ebd1ec6e598a.jpg,ComplexDataLab/OpenFake,medium,0,0.1511860191822052
9320b71d71d86bbe3564fb7fcb078bdc983e3021dbd1d45da27ac66adb9e1671,images/9320b71d71d86bbe3564fb7fcb078bdc983e3021dbd1d45da27ac66adb9e1671.png,saberzl/SID_Set,medium,1,0.5534316301345825
933f13343692fd4f9f3a1ed918282c4636e6c145884cf23991c9d52fccb34e3e,images/933f13343692fd4f9f3a1ed918282c4636e6c145884cf23991c9d52fccb34e3e.jpg,ComplexDataLab/OpenFake,medium,0,0.5343220233917236
934f49e84f630b17320dcf970e1f75f5eacf3d025df3d6e5500e1d8e2b96c628,images/934f49e84f630b17320dcf970e1f75f5eacf3d025df3d6e5500e1d8e2b96c628.jpg,ComplexDataLab/OpenFake,medium,0,0.0008845027186907828
938960688c68ca9f9e19fef02d6dad09dcbb677362afecb2d2f8427750253a88,images/938960688c68ca9f9e19fef02d6dad09dcbb677362afecb2d2f8427750253a88.jpg,saberzl/SID_Set,medium,0,0.7483764290809631
941c0e47af0886c73831edd72e3564ca4453e7182f58e14aeb6e29bbe6289bd1,images/941c0e47af0886c73831edd72e3564ca4453e7182f58e14aeb6e29bbe6289bd1.jpg,saberzl/SID_Set,medium,0,0.10152474045753479
944510fe14c3fb117b82bd52ba7c2cde6ab697b152a72a8aff4aade60e42dd93,images/944510fe14c3fb117b82bd52ba7c2cde6ab697b152a72a8aff4aade60e42dd93.png,ComplexDataLab/OpenFake,medium,1,0.9864428043365479
94b494140f96a51362f2f2e603bcbd43a7208198f1c5f162d98fd6020f73ac4e,images/94b494140f96a51362f2f2e603bcbd43a7208198f1c5f162d98fd6020f73ac4e.jpg,saberzl/SID_Set,medium,0,0.07409507036209106
94bb32d33cca2fcf17923743e0aa658640b6d815c651faf3b9750073adc58923,images/94bb32d33cca2fcf17923743e0aa658640b6d815c651faf3b9750073adc58923.jpg,saberzl/SID_Set,medium,0,0.031801577657461166
94bbb2bf7d9fbb0e1ff77b55f8cf29108986795eaecbefb9beeb75a7bc9d22b2,images/94bbb2bf7d9fbb0e1ff77b55f8cf29108986795eaecbefb9beeb75a7bc9d22b2.jpg,saberzl/SID_Set,medium,0,0.10075581073760986
94c00b3abc316b5c08895ef80d4fec83782cc6b445d754441727097cb3c433fa,images/94c00b3abc316b5c08895ef80d4fec83782cc6b445d754441727097cb3c433fa.jpg,RRDataset,medium,0,0.9560426473617554
94c4dbe3e28a4bfcc030e925b96a44cc22d4c6333267639ceb1f92cefc2efbee,images/94c4dbe3e28a4bfcc030e925b96a44cc22d4c6333267639ceb1f92cefc2efbee.jpg,ComplexDataLab/OpenFake,medium,0,0.7449733018875122
94cf25893ce19b4bc876372fe5fb38f9a989ca79be24d4aad83a71f1a4aee488,images/94cf25893ce19b4bc876372fe5fb38f9a989ca79be24d4aad83a71f1a4aee488.png,ComplexDataLab/OpenFake,medium,1,0.9714647531509399
94d1ac876d3d5a4a8a76c5e9896415030f690686706b265b51cb69c26f09666f,images/94d1ac876d3d5a4a8a76c5e9896415030f690686706b265b51cb69c26f09666f.png,ComplexDataLab/OpenFake,medium,1,0.7282518744468689
94e6069b3f631ab0f818891b09703d89e0bd7041bd1441bc3773c565e0c90b0b,images/94e6069b3f631ab0f818891b09703d89e0bd7041bd1441bc3773c565e0c90b0b.png,saberzl/SID_Set,medium,1,0.9066216945648193
95230accca3c1c9945a0c269733711e790479ec5310de83aa8178b622dc4f113,images/95230accca3c1c9945a0c269733711e790479ec5310de83aa8178b622dc4f113.jpg,saberzl/SID_Set,medium,0,0.12970612943172455
953a3f83985da689117ee6fa2fbaa16e9c4f6b7c1a1ff7ae5988b354fc0862c5,images/953a3f83985da689117ee6fa2fbaa16e9c4f6b7c1a1ff7ae5988b354fc0862c5.png,saberzl/SID_Set,medium,1,0.8964776992797852
953e4a406c646642c4843d1e2bf42c4cb82c2307f131b4aaa9d838fab2984ee8,images/953e4a406c646642c4843d1e2bf42c4cb82c2307f131b4aaa9d838fab2984ee8.png,saberzl/SID_Set,medium,1,0.9821620583534241
956ccb7ecad497df0dc2e52afe758f8576a6a842ace64b55a13edacb4f37765e,images/956ccb7ecad497df0dc2e52afe758f8576a6a842ace64b55a13edacb4f37765e.jpg,saberzl/SID_Set,medium,0,0.0046167317777872086
958ae99d7a4f84f145b9bb783e04d77505a724f66f331cdcc7a2b522b00012c7,images/958ae99d7a4f84f145b9bb783e04d77505a724f66f331cdcc7a2b522b00012c7.png,RRDataset,medium,1,0.9013585448265076
958d92953323a9ce8a445f154313eb1228ee9c0242023a42de6fd738efe1da30,images/958d92953323a9ce8a445f154313eb1228ee9c0242023a42de6fd738efe1da30.png,RRDataset,medium,1,0.9770871996879578
95b7d2b3df85a02c1c5ec4b6d3cd33f17a01207f3989d7c204d6485276f16ce2,images/95b7d2b3df85a02c1c5ec4b6d3cd33f17a01207f3989d7c204d6485276f16ce2.jpg,ComplexDataLab/OpenFake,medium,0,0.07235337793827057
95bcc53f407dcae4d9f5fc29c32c164f1660fc2982cde89e5a15a779db3f9c86,images/95bcc53f407dcae4d9f5fc29c32c164f1660fc2982cde89e5a15a779db3f9c86.png,RRDataset,medium,1,0.9962573051452637
95e1eec2701911821dee35d753bc90cb4f4113db95edfa51e7c3af88d5307551,images/95e1eec2701911821dee35d753bc90cb4f4113db95edfa51e7c3af88d5307551.jpg,ComplexDataLab/OpenFake,medium,0,0.001914675929583609
9607be75271a83a5ee43a8d9e261b0bba2f7b0d991170b2cb4836b927849e80b,images/9607be75271a83a5ee43a8d9e261b0bba2f7b0d991170b2cb4836b927849e80b.png,saberzl/SID_Set,medium,1,0.9989230036735535
960b56c34bdde5a03c4d949772b4dc61f6f5a0ece9acc7a7463201447245212b,images/960b56c34bdde5a03c4d949772b4dc61f6f5a0ece9acc7a7463201447245212b.jpg,RRDataset,medium,0,0.9658192992210388
966ddfeca437daf72cd1c84f9a3abc533e1ab64215827ccdc90d3b668bd2f2f8,images/966ddfeca437daf72cd1c84f9a3abc533e1ab64215827ccdc90d3b668bd2f2f8.jpg,RRDataset,medium,0,0.9136825203895569
966ed5212355caa3eafa0ed9cd54f85d237d5f000bfd73c68626c5dcf591f0fd,images/966ed5212355caa3eafa0ed9cd54f85d237d5f000bfd73c68626c5dcf591f0fd.jpg,RRDataset,medium,0,0.19220159947872162
96bd491ce52ccce8a17548a1efe8935cf74f3fa2a4ec2bdd531623c2273d09c8,images/96bd491ce52ccce8a17548a1efe8935cf74f3fa2a4ec2bdd531623c2273d09c8.jpg,ComplexDataLab/OpenFake,medium,0,0.006132257170975208
96f343fb64af446b91d96bf6de007e62ef3b673a03733fe3912f977d4930c95c,images/96f343fb64af446b91d96bf6de007e62ef3b673a03733fe3912f977d4930c95c.png,ComplexDataLab/OpenFake,medium,1,0.26658129692077637
9706ff89f1d083b7096b818bb95e7ee2e61c5897bce05b21061b406b06d2cd09,images/9706ff89f1d083b7096b818bb95e7ee2e61c5897bce05b21061b406b06d2cd09.jpg,RRDataset,medium,0,0.8465237021446228
970d8d51a1e640d917d52d3630af0fa1aa907d8078df004609d97f550aff38d4,images/970d8d51a1e640d917d52d3630af0fa1aa907d8078df004609d97f550aff38d4.jpg,RRDataset,medium,0,0.11501512676477432
971d56475d53de8c1b3b2683eea1eeb2da72cfff718d8a73afeabbdfdfa1b8de,images/971d56475d53de8c1b3b2683eea1eeb2da72cfff718d8a73afeabbdfdfa1b8de.jpg,saberzl/SID_Set,medium,0,0.6942044496536255
971e9d53debebe609b7e2f0628666a376a06f387c89e92b3feeeebb01012b6f1,images/971e9d53debebe609b7e2f0628666a376a06f387c89e92b3feeeebb01012b6f1.png,saberzl/SID_Set,medium,1,0.9922820925712585
97a1e9d63ddb1197f180ca170950ce53ed2aa178298fde797a67759a81c0e0ad,images/97a1e9d63ddb1197f180ca170950ce53ed2aa178298fde797a67759a81c0e0ad.png,saberzl/SID_Set,medium,1,0.9858681559562683
97b19adae87d35a46634498f71e36430fc5b9aede73a39e0ee8deff47c2cc17b,images/97b19adae87d35a46634498f71e36430fc5b9aede73a39e0ee8deff47c2cc17b.png,ComplexDataLab/OpenFake,medium,1,0.9712356328964233
97ced8342eb06fe47ae9cbe6041251a78e452da19336f8608d5b28bc6a7fcb11,images/97ced8342eb06fe47ae9cbe6041251a78e452da19336f8608d5b28bc6a7fcb11.png,RRDataset,medium,1,0.8718598484992981
97fcad9be441462a1444eed808d4a42d6d9614e6b7b54ec0280bde75db40cc9b,images/97fcad9be441462a1444eed808d4a42d6d9614e6b7b54ec0280bde75db40cc9b.png,ComplexDataLab/OpenFake,medium,1,0.39635950326919556
985c84c8f9db0571c78e3c3f73f80ad6b50060cb15edc59af1282d19eeb975da,images/985c84c8f9db0571c78e3c3f73f80ad6b50060cb15edc59af1282d19eeb975da.png,saberzl/SID_Set,medium,1,0.984183132648468
986932a4e6c416777b72d499e783d238fce89332d2d94221afffcaaf1e559ba9,images/986932a4e6c416777b72d499e783d238fce89332d2d94221afffcaaf1e559ba9.jpg,saberzl/SID_Set,medium,0,0.006737068761140108
986e86e24270819058fdb57748d6fbada5e360ba9ed7845b718321d0618f8098,images/986e86e24270819058fdb57748d6fbada5e360ba9ed7845b718321d0618f8098.jpg,ComplexDataLab/OpenFake,medium,0,0.014075507409870625
98ad010b4d4c14a13b7e4da630182712a83fc3c1bddc76768eecf6d6169453af,images/98ad010b4d4c14a13b7e4da630182712a83fc3c1bddc76768eecf6d6169453af.png,saberzl/SID_Set,medium,1,0.9817488193511963
98ba608a2cb3adf6cfcb6e445b1dab49d29a0251df048977b610d1283bd27b77,images/98ba608a2cb3adf6cfcb6e445b1dab49d29a0251df048977b610d1283bd27b77.jpg,ComplexDataLab/OpenFake,medium,1,0.934565007686615
98da6a17e4c20c88bfd0c09251adfb926f3027f36840d16981c120d7317cc6cb,images/98da6a17e4c20c88bfd0c09251adfb926f3027f36840d16981c120d7317cc6cb.png,saberzl/SID_Set,medium,1,0.9726937413215637
98ecd534a74274236b988e91bd48d3cf3848d41a36b5a40a0e604975eda4a51f,images/98ecd534a74274236b988e91bd48d3cf3848d41a36b5a40a0e604975eda4a51f.png,RRDataset,medium,1,0.4900703728199005
9925b9aac07eecfbb345abcd7a8baa00cc710f1555af1462f34d9671aeb9c3be,images/9925b9aac07eecfbb345abcd7a8baa00cc710f1555af1462f34d9671aeb9c3be.png,RRDataset,medium,1,0.8406962156295776
9986445cccea52327520c6b4507182ba228a4d405b95770ea84eb36442b9bad0,images/9986445cccea52327520c6b4507182ba228a4d405b95770ea84eb36442b9bad0.jpg,saberzl/SID_Set,medium,0,0.2058153748512268
99a78cea6417dc24aa62d7faa24fcfafbf71e326dd1e4a0d1031cf8ec4762355,images/99a78cea6417dc24aa62d7faa24fcfafbf71e326dd1e4a0d1031cf8ec4762355.jpg,ComplexDataLab/OpenFake,medium,0,0.026452185586094856
99ac536e683c6fa45de67615276990b3a3ada5ee6257fa584e3f3c1c31611820,images/99ac536e683c6fa45de67615276990b3a3ada5ee6257fa584e3f3c1c31611820.png,ComplexDataLab/OpenFake,medium,1,0.6939816474914551
99acd5936bfb4028d4ac810ca1c01dd5becd51466c6be237c588a3f763b13ee3,images/99acd5936bfb4028d4ac810ca1c01dd5becd51466c6be237c588a3f763b13ee3.png,RRDataset,medium,1,0.9907790422439575
99ae7a66ebf585cef8203536c8c606eca6e9c9bc159cffefce0d0029dd0237fa,images/99ae7a66ebf585cef8203536c8c606eca6e9c9bc159cffefce0d0029dd0237fa.png,RRDataset,medium,1,0.9156757593154907
99c8994eb8fd6e2f55480d942f6fd79c2332494cbf7217578e2c0dd6ea895b56,images/99c8994eb8fd6e2f55480d942f6fd79c2332494cbf7217578e2c0dd6ea895b56.jpg,ComplexDataLab/OpenFake,medium,0,0.24923236668109894
99e8be5a954f1c5fea13c5f9cf3a249b7eddaa196055f32534c6b0c3de87df8e,images/99e8be5a954f1c5fea13c5f9cf3a249b7eddaa196055f32534c6b0c3de87df8e.png,RRDataset,medium,1,0.9959642887115479
9a3a7b82353dcd03ae467fa7beb4e41b0da82a8b89cd688e6823596aa5115816,images/9a3a7b82353dcd03ae467fa7beb4e41b0da82a8b89cd688e6823596aa5115816.jpg,ComplexDataLab/OpenFake,medium,0,0.8739068508148193
9a3f1005808b6c868311db28a561a7ca1ddd12cf164eaa3996166a0d896697e8,images/9a3f1005808b6c868311db28a561a7ca1ddd12cf164eaa3996166a0d896697e8.jpg,ComplexDataLab/OpenFake,medium,0,0.20046809315681458
9a417fde328282f9e2624d47686cb87dda0595b529655718fefd8faf6953b356,images/9a417fde328282f9e2624d47686cb87dda0595b529655718fefd8faf6953b356.jpg,RRDataset,medium,0,0.9404519200325012
9a76da226e9ed6bae8f9d584593021a84f5f92c6df59b2551762dee77fbd594b,images/9a76da226e9ed6bae8f9d584593021a84f5f92c6df59b2551762dee77fbd594b.jpg,RRDataset,medium,0,0.7795003652572632
9a930a0bd31ed0a9312e2a8821ba003d9540b29247fa535570a79876d4aa6bf4,images/9a930a0bd31ed0a9312e2a8821ba003d9540b29247fa535570a79876d4aa6bf4.png,RRDataset,medium,1,0.7107993364334106
9acdcc1abbec2ef66fa55ae84e37a2e307df84e33e078fd28044a4feaf48b9d3,images/9acdcc1abbec2ef66fa55ae84e37a2e307df84e33e078fd28044a4feaf48b9d3.png,RRDataset,medium,1,0.9816973805427551
9ad7b44a06740d6f4a70617820270de332716daea427282901902eff5a5e12ad,images/9ad7b44a06740d6f4a70617820270de332716daea427282901902eff5a5e12ad.jpg,RRDataset,medium,0,0.9957324862480164
9adf0f2b5735bd5f8b7e41dc1aee984edc6746eb0971ae78f2a842ae038a55ee,images/9adf0f2b5735bd5f8b7e41dc1aee984edc6746eb0971ae78f2a842ae038a55ee.png,ComplexDataLab/OpenFake,medium,1,0.9963304400444031
9b0737e9674eec8d08bcf12795db9b5f18329c2f33c15ab29e8287bbc19951b6,images/9b0737e9674eec8d08bcf12795db9b5f18329c2f33c15ab29e8287bbc19951b6.png,saberzl/SID_Set,medium,1,0.9752539396286011
9b1110c760e94416dc5784878512e63a32d37a4feeaeb91f8bcf4d2164d1c42c,images/9b1110c760e94416dc5784878512e63a32d37a4feeaeb91f8bcf4d2164d1c42c.jpg,saberzl/SID_Set,medium,0,0.023273425176739693
9b1413c1e9751d4c3b899f1af052e866eaa571a3e2e3e5aba8c273f0fd478496,images/9b1413c1e9751d4c3b899f1af052e866eaa571a3e2e3e5aba8c273f0fd478496.jpg,ComplexDataLab/OpenFake,medium,0,0.5201650261878967
9b339fff811bea2308be8dafa04a42bb50668d74a27c385fdc4fefbce0ff1ea2,images/9b339fff811bea2308be8dafa04a42bb50668d74a27c385fdc4fefbce0ff1ea2.jpg,RRDataset,medium,0,0.24009501934051514
9b4cd0907680975d5abf6963928e38fdfb44ccf81cf4588582587e941a7208c2,images/9b4cd0907680975d5abf6963928e38fdfb44ccf81cf4588582587e941a7208c2.jpg,RRDataset,medium,0,0.9635816812515259
9b5fcc055663f9275003cd8e4a2e344293b16f142ac5498c282626ef95e0ce64,images/9b5fcc055663f9275003cd8e4a2e344293b16f142ac5498c282626ef95e0ce64.jpg,ComplexDataLab/OpenFake,medium,0,0.8444692492485046
9b6361d82fe1f12556072048d7115bb2272a327fa7ebdbd11e34a482e3c592b8,images/9b6361d82fe1f12556072048d7115bb2272a327fa7ebdbd11e34a482e3c592b8.png,ComplexDataLab/OpenFake,medium,1,0.9902966618537903
9b9bfdb6464b0c6920554447ad3e40e4d5500c7a95e293f038fa12b881b03c50,images/9b9bfdb6464b0c6920554447ad3e40e4d5500c7a95e293f038fa12b881b03c50.jpg,ComplexDataLab/OpenFake,medium,0,0.0017633824609220028
9bacf7dfc788642aeb54aba9a5c823a3670bcf1b0e44fc07597ca5d0fc2d4135,images/9bacf7dfc788642aeb54aba9a5c823a3670bcf1b0e44fc07597ca5d0fc2d4135.png,RRDataset,medium,1,0.9836367964744568
9be3a8571bcdb565162cfe94bd65efbdad714d8fe2215482d431a0de9077fa0a,images/9be3a8571bcdb565162cfe94bd65efbdad714d8fe2215482d431a0de9077fa0a.png,RRDataset,medium,1,0.9954322576522827
9c063f46555aac031b736758fb6bbb9e47840d2473a64ece7a6e4d71c7f3948f,images/9c063f46555aac031b736758fb6bbb9e47840d2473a64ece7a6e4d71c7f3948f.png,saberzl/SID_Set,medium,1,0.9960941672325134
9c183f44a3274757cd3557b00ed53066f02ca2a8dc3b8bc762e371671eb2de16,images/9c183f44a3274757cd3557b00ed53066f02ca2a8dc3b8bc762e371671eb2de16.jpg,ComplexDataLab/OpenFake,medium,0,0.2746821641921997
9c2496ec15720ea414d0efac8cebaee1b1495c3f199a2c657ba187b5b36d2127,images/9c2496ec15720ea414d0efac8cebaee1b1495c3f199a2c657ba187b5b36d2127.jpg,RRDataset,medium,0,0.1398789882659912
9c2bd64bef5e73a249ecf01ae1ca447cacdf82f43204f8019b54f02e2812c5c9,images/9c2bd64bef5e73a249ecf01ae1ca447cacdf82f43204f8019b54f02e2812c5c9.png,RRDataset,medium,1,0.9794974327087402
9c35189ae1c07b7723077bde41659b2ac1b7f69258c359b9d353ca82830d2d25,images/9c35189ae1c07b7723077bde41659b2ac1b7f69258c359b9d353ca82830d2d25.png,ComplexDataLab/OpenFake,medium,1,0.9771084785461426
9c4860e8b897f8fa7f9e56973ab2f0e5462db0ffa9b0d4a8d9186df5807e2848,images/9c4860e8b897f8fa7f9e56973ab2f0e5462db0ffa9b0d4a8d9186df5807e2848.png,RRDataset,medium,1,0.9730808734893799
9c4cb17bbd8c72227ccecd0403e8c17d178f17227570268c4a925acd68af4756,images/9c4cb17bbd8c72227ccecd0403e8c17d178f17227570268c4a925acd68af4756.png,saberzl/SID_Set,medium,1,0.9859558343887329
9c6a2c1d0698bb27366e9c142bbe49e6da93a59575df2b0d0f18734454480ddb,images/9c6a2c1d0698bb27366e9c142bbe49e6da93a59575df2b0d0f18734454480ddb.png,saberzl/SID_Set,medium,1,0.9798905849456787
9c732068881311debf381caec9e3b87505f54077219f48470f5c4bfb1bcd161d,images/9c732068881311debf381caec9e3b87505f54077219f48470f5c4bfb1bcd161d.jpg,saberzl/SID_Set,medium,0,0.1333857625722885
9c8d9bf84c125013351caa5e9946bebc8ae847fb6b61b50eef4cfb17928ce38f,images/9c8d9bf84c125013351caa5e9946bebc8ae847fb6b61b50eef4cfb17928ce38f.jpg,saberzl/SID_Set,medium,0,0.21317842602729797
9c974147a30c419acecd2b4307805cbfcb327a5ea1b9e66f306d0d4d595cd633,images/9c974147a30c419acecd2b4307805cbfcb327a5ea1b9e66f306d0d4d595cd633.png,ComplexDataLab/OpenFake,medium,1,0.6646779775619507
9cf9d287e4404c5b32d137c7e2cd6bacdbeed4b41be1bd3164ffefd7cc9437c2,images/9cf9d287e4404c5b32d137c7e2cd6bacdbeed4b41be1bd3164ffefd7cc9437c2.png,saberzl/SID_Set,medium,1,0.9788286089897156
9d0d6fa16cfed129b60c0914aeeb0afcd16a3a1c73fc16e3b30e6134b5dab1c1,images/9d0d6fa16cfed129b60c0914aeeb0afcd16a3a1c73fc16e3b30e6134b5dab1c1.jpg,RRDataset,medium,0,0.8812465667724609
9d2473dd296ef81337410aa553a8ab300198da0880b9039709bcb1ef7afcce36,images/9d2473dd296ef81337410aa553a8ab300198da0880b9039709bcb1ef7afcce36.png,ComplexDataLab/OpenFake,medium,1,0.8909503817558289
9d334b7d22c0839f345c1d25a34db8556d0c4cb877f6b4c485f4c17bef597d56,images/9d334b7d22c0839f345c1d25a34db8556d0c4cb877f6b4c485f4c17bef597d56.png,RRDataset,medium,1,0.9979434609413147
9d407ea31ea1143ca788518c66333189c87ff7d194105092dcd8029c2f44bf80,images/9d407ea31ea1143ca788518c66333189c87ff7d194105092dcd8029c2f44bf80.png,RRDataset,medium,1,0.9917928576469421
9d4160124607cffffc1435c4a186cf53246318a63d6decba2304df84334a3a0f,images/9d4160124607cffffc1435c4a186cf53246318a63d6decba2304df84334a3a0f.jpg,saberzl/SID_Set,medium,0,0.9569472074508667
9d42319e36aea664746daa1c178936e1198e0cdaa55fbf7dc307ba1f56fa19fa,images/9d42319e36aea664746daa1c178936e1198e0cdaa55fbf7dc307ba1f56fa19fa.png,RRDataset,medium,1,0.9665483236312866
9d45fdd714443d5ad928667c6f0e9a1eced51a19efeb85d805101e80731d3d16,images/9d45fdd714443d5ad928667c6f0e9a1eced51a19efeb85d805101e80731d3d16.jpg,RRDataset,medium,0,0.8264650106430054
9d4968614dae077c14fa0960724f587e4c67e1f05e35dfeb66bd50c5828ec447,images/9d4968614dae077c14fa0960724f587e4c67e1f05e35dfeb66bd50c5828ec447.jpg,RRDataset,medium,0,0.967677652835846
9d8f51ba4f57cf282154a37f36011068723e5e33bd9cdd4705f08dca721d0fc4,images/9d8f51ba4f57cf282154a37f36011068723e5e33bd9cdd4705f08dca721d0fc4.jpg,RRDataset,medium,0,0.5990095734596252
9db093c2e55dc12b91a61ad3d217c1c2b8bed609b731160420cba0c7b2c3d96c,images/9db093c2e55dc12b91a61ad3d217c1c2b8bed609b731160420cba0c7b2c3d96c.jpg,ComplexDataLab/OpenFake,medium,0,0.00977062527090311
9dcd612254d658e451be275c4f15236ea725e8eb8ce4290d84b075a228c25f64,images/9dcd612254d658e451be275c4f15236ea725e8eb8ce4290d84b075a228c25f64.png,saberzl/SID_Set,medium,1,0.9988859295845032
9dde535b3a4c710b6cd98242d1a2f5f200f4e72146abadf0175abfa549370025,images/9dde535b3a4c710b6cd98242d1a2f5f200f4e72146abadf0175abfa549370025.jpg,saberzl/SID_Set,medium,0,0.8592326641082764
9deaa756fe999c03ac6e38a399b0b74551203b90ca6c91085422afd46fdb5848,images/9deaa756fe999c03ac6e38a399b0b74551203b90ca6c91085422afd46fdb5848.jpg,ComplexDataLab/OpenFake,medium,0,0.24586984515190125
9df41bc836c49970cba9f238aa82c0518f31d6afcf85b94b45c9811dade3a2cc,images/9df41bc836c49970cba9f238aa82c0518f31d6afcf85b94b45c9811dade3a2cc.jpg,saberzl/SID_Set,medium,0,0.7749491333961487
9e0bae0c6ffd84c243884af24ea4192c5ae579c26a6ebc56aedab6a3ef44dd87,images/9e0bae0c6ffd84c243884af24ea4192c5ae579c26a6ebc56aedab6a3ef44dd87.jpg,saberzl/SID_Set,medium,0,0.07923565059900284
9e2cfe823e06b91cce174a57f1d22adcb448e3aebad6e6fc17a5785afc1fab28,images/9e2cfe823e06b91cce174a57f1d22adcb448e3aebad6e6fc17a5785afc1fab28.jpg,ComplexDataLab/OpenFake,medium,0,0.5899873971939087
9e43e2dba505c8e014acf23f237f8aadd6186e217574ffee454e535e80e8b391,images/9e43e2dba505c8e014acf23f237f8aadd6186e217574ffee454e535e80e8b391.jpg,RRDataset,medium,0,0.16696247458457947
9e6cfcaae10e054dc0133a2d5a16eade1d14e11ab42ee6875b956f26cd537645,images/9e6cfcaae10e054dc0133a2d5a16eade1d14e11ab42ee6875b956f26cd537645.png,RRDataset,medium,1,0.970893919467926
9eab8965aa4d807f2e492b9d862c964a4defd29b1f064c4e078b5a46d37d58c7,images/9eab8965aa4d807f2e492b9d862c964a4defd29b1f064c4e078b5a46d37d58c7.png,RRDataset,medium,1,0.9909090399742126
9ec38e6d708ab17bf4bb77a7363bef5b7b2905d827f6d6d7ded69b1083ecb5eb,images/9ec38e6d708ab17bf4bb77a7363bef5b7b2905d827f6d6d7ded69b1083ecb5eb.png,RRDataset,medium,1,0.9363707900047302
9ec8f11f7fa7caf79be1e88dcc6df4034ee8c3d677ee2ed5a8704afcc58817a2,images/9ec8f11f7fa7caf79be1e88dcc6df4034ee8c3d677ee2ed5a8704afcc58817a2.jpg,RRDataset,medium,0,0.9851813316345215
9f4bcddc09cc9741e68ce8a8c6fcd5133c54672a934d08049c0f3b35f43df756,images/9f4bcddc09cc9741e68ce8a8c6fcd5133c54672a934d08049c0f3b35f43df756.jpg,saberzl/SID_Set,medium,0,0.13970313966274261
9f97c23cac859e8a9ac23cc057fb145259c50dcfd4d4b77c5ec6fbffe0343429,images/9f97c23cac859e8a9ac23cc057fb145259c50dcfd4d4b77c5ec6fbffe0343429.jpg,ComplexDataLab/OpenFake,medium,0,6.084013875806704e-05
9f97ccc65619a780390e7f128b620910e083a9b0c02efedf1975161f3bd80272,images/9f97ccc65619a780390e7f128b620910e083a9b0c02efedf1975161f3bd80272.png,RRDataset,medium,1,0.9815969467163086
9fc3c20fb1a50b25accf9eae693de9299d71ee12bf9569edf3f874568fcde076,images/9fc3c20fb1a50b25accf9eae693de9299d71ee12bf9569edf3f874568fcde076.png,saberzl/SID_Set,medium,1,0.9827859997749329
9fe32fdc3e3c34e5873d548c537d98eab28f0dad430766536afee65c793585f8,images/9fe32fdc3e3c34e5873d548c537d98eab28f0dad430766536afee65c793585f8.png,ComplexDataLab/OpenFake,medium,1,0.49841034412384033
9fff46ab29a82ac3f9b25f807dc34b926d191230ceb5392870ac0445481c8efb,images/9fff46ab29a82ac3f9b25f807dc34b926d191230ceb5392870ac0445481c8efb.png,RRDataset,medium,1,0.8365098834037781
a007e6bff7034a15aa0c94380ec0ede19046bd5149bc4eabf83acc12c431e8bf,images/a007e6bff7034a15aa0c94380ec0ede19046bd5149bc4eabf83acc12c431e8bf.png,RRDataset,medium,1,0.9287461638450623
a008ef2dc30d1f000cd9abddb466cf274ef045409466c49f985d11eb7cf9e7f2,images/a008ef2dc30d1f000cd9abddb466cf274ef045409466c49f985d11eb7cf9e7f2.jpg,RRDataset,medium,0,0.9745927453041077
a00b340a492d7e2611cc39eab0cb6411a4b163490975125651e1bedf0eb84f0c,images/a00b340a492d7e2611cc39eab0cb6411a4b163490975125651e1bedf0eb84f0c.jpg,saberzl/SID_Set,medium,0,0.16454873979091644
a0180026629dae545fb8518ba0773e00becf8070fd95625f55cc524faeae0df5,images/a0180026629dae545fb8518ba0773e00becf8070fd95625f55cc524faeae0df5.png,RRDataset,medium,1,0.9491891264915466
a04be6505115f4e074869acfcf4d1107a9cc99e981bada2949371ed7846c3704,images/a04be6505115f4e074869acfcf4d1107a9cc99e981bada2949371ed7846c3704.png,saberzl/SID_Set,medium,1,0.8893514275550842
a04ecb0cb349bfad11d0dcd311a2ff8fdcc1a201678b54b382c7ef2103536ee3,images/a04ecb0cb349bfad11d0dcd311a2ff8fdcc1a201678b54b382c7ef2103536ee3.jpg,RRDataset,medium,0,0.03507041558623314
a06377665409bd08baca5dc9e7569af12072d04ffc80e5fe3b9a97b0835b5983,images/a06377665409bd08baca5dc9e7569af12072d04ffc80e5fe3b9a97b0835b5983.jpg,saberzl/SID_Set,medium,0,0.8459962606430054
a06aeebaf65d206b3596460830fd99e864e954dfbe105e546e83c77238fdffa8,images/a06aeebaf65d206b3596460830fd99e864e954dfbe105e546e83c77238fdffa8.jpg,saberzl/SID_Set,medium,0,0.48231950402259827
a0afac405d22bb01e4b9a0ee0a5e590a0df99857fc602ec1174b24ba5a5427c5,images/a0afac405d22bb01e4b9a0ee0a5e590a0df99857fc602ec1174b24ba5a5427c5.png,RRDataset,medium,1,0.8972497582435608
a0b2e9a60b87b8b09ed643dd8c21814f45f73aec095f72f88cad0e338077d0c4,images/a0b2e9a60b87b8b09ed643dd8c21814f45f73aec095f72f88cad0e338077d0c4.png,ComplexDataLab/OpenFake,medium,1,0.9374642372131348
a0c2db345ed24dfa10fcb5d346253f9009061013083d00b8b06a0180f193187b,images/a0c2db345ed24dfa10fcb5d346253f9009061013083d00b8b06a0180f193187b.jpg,saberzl/SID_Set,medium,0,0.00023717079602647573
a0d2b7425218605cd0b629ce1984019f4bbfd97e58ffde8eef4d1183e01a8ae7,images/a0d2b7425218605cd0b629ce1984019f4bbfd97e58ffde8eef4d1183e01a8ae7.png,saberzl/SID_Set,medium,1,0.9919547438621521
a0ea4781b70a1a6b9b7496488e08ddd1a299ce581665e1a448da7c2358987622,images/a0ea4781b70a1a6b9b7496488e08ddd1a299ce581665e1a448da7c2358987622.jpg,RRDataset,medium,0,0.9152033925056458
a12df7db17bbce52565068274cd57314e3a9b2214421c4ca9bb16868de954aa6,images/a12df7db17bbce52565068274cd57314e3a9b2214421c4ca9bb16868de954aa6.png,RRDataset,medium,1,0.978320837020874
a1548667bfac3eacf208d3e958698e70f151df7560bd82b7153a57ffa375a8be,images/a1548667bfac3eacf208d3e958698e70f151df7560bd82b7153a57ffa375a8be.png,RRDataset,medium,1,0.9677061438560486
a15c8dd0c2389252b23eb28967ed600f3e95cce8cf8b8b3906ce06ab0a9319db,images/a15c8dd0c2389252b23eb28967ed600f3e95cce8cf8b8b3906ce06ab0a9319db.jpg,RRDataset,medium,0,0.6959336996078491
a168b533c53e8f6d0c686d8b65c6d56a25ce9cfa41698ddfc336748654690c03,images/a168b533c53e8f6d0c686d8b65c6d56a25ce9cfa41698ddfc336748654690c03.png,saberzl/SID_Set,medium,1,0.9864600896835327
a1795e5106690d3129aeb9501849bfcf26ce48980d92be6dd76dc2af60425c20,images/a1795e5106690d3129aeb9501849bfcf26ce48980d92be6dd76dc2af60425c20.jpg,saberzl/SID_Set,medium,0,0.6650400161743164
a1860559fe75c8c80ac4db69a2b5eb470ce1860acf15aeea4bc4b8b0d2212107,images/a1860559fe75c8c80ac4db69a2b5eb470ce1860acf15aeea4bc4b8b0d2212107.jpg,ComplexDataLab/OpenFake,medium,0,0.6501717567443848
a1b8e42a32e818032b34662924ee01f0713efdd056e5ddea1e00a424b43d3145,images/a1b8e42a32e818032b34662924ee01f0713efdd056e5ddea1e00a424b43d3145.png,RRDataset,medium,1,0.9981229901313782
a232797add332691a5943af9cf1f3389fa8b66758113b4ef925d9b7f0c1da3da,images/a232797add332691a5943af9cf1f3389fa8b66758113b4ef925d9b7f0c1da3da.jpg,ComplexDataLab/OpenFake,medium,0,0.014096949249505997
a24002f8bc0c92108d006e0c3b8c1c7ca0891e2b3c8cf4ee3ee2ad3af20e2438,images/a24002f8bc0c92108d006e0c3b8c1c7ca0891e2b3c8cf4ee3ee2ad3af20e2438.png,ComplexDataLab/OpenFake,medium,1,0.9971555471420288
a2433214d2aae8f17af43af92db1907811e50c980a24523664d9575f210cdcb0,images/a2433214d2aae8f17af43af92db1907811e50c980a24523664d9575f210cdcb0.png,RRDataset,medium,1,0.9872352480888367
a2719ff2211ff896349270ebd154a99fe2c6d2a379271960058f92f0c259ed7a,images/a2719ff2211ff896349270ebd154a99fe2c6d2a379271960058f92f0c259ed7a.png,RRDataset,medium,1,0.9508257508277893
a27dd4cb0ebb3bcc6fbaa7d180649aba6d1b0b0e99e1581980802fb228dcddb1,images/a27dd4cb0ebb3bcc6fbaa7d180649aba6d1b0b0e99e1581980802fb228dcddb1.png,RRDataset,medium,1,0.9993878602981567
a2aee8abda8796864a14211e37e6e00d1a318ebb0c2427d59894827d049acb04,images/a2aee8abda8796864a14211e37e6e00d1a318ebb0c2427d59894827d049acb04.png,ComplexDataLab/OpenFake,medium,1,0.9888796806335449
a2c7603f7930ed3763a5a669e5bc540b291bedec59a7749fced8383f545d3abe,images/a2c7603f7930ed3763a5a669e5bc540b291bedec59a7749fced8383f545d3abe.jpg,ComplexDataLab/OpenFake,medium,0,1.895166133181192e-05
a2d6b66dab35bb1fc4d5755331f9948beffe9ab9511d895bcfab06b42f0b8760,images/a2d6b66dab35bb1fc4d5755331f9948beffe9ab9511d895bcfab06b42f0b8760.jpg,saberzl/SID_Set,medium,0,0.6641764044761658
a2df70027902a05bf6a2260333cb23796db56ff66d095d440e7a0d78d2327e3b,images/a2df70027902a05bf6a2260333cb23796db56ff66d095d440e7a0d78d2327e3b.jpg,ComplexDataLab/OpenFake,medium,0,0.9270965456962585
a2fead0592f16577c98885185b99d14f5396ee6f92aac2a900eaa12dc6a79129,images/a2fead0592f16577c98885185b99d14f5396ee6f92aac2a900eaa12dc6a79129.png,saberzl/SID_Set,medium,1,0.9211554527282715
a30dbf1ff0aff6be6b77d354824d067721399d93ea030879b0d321ee4ab0d081,images/a30dbf1ff0aff6be6b77d354824d067721399d93ea030879b0d321ee4ab0d081.jpg,ComplexDataLab/OpenFake,medium,0,0.23626917600631714
a30e54112556fd00846c892a583e5ce6586802f0c7a0150c0e21efadccb38cc4,images/a30e54112556fd00846c892a583e5ce6586802f0c7a0150c0e21efadccb38cc4.png,ComplexDataLab/OpenFake,medium,1,0.4556056559085846
a328454eb311c9546c5a27ef40b3d5cd303565a58487421afbc47df1789efabe,images/a328454eb311c9546c5a27ef40b3d5cd303565a58487421afbc47df1789efabe.jpg,saberzl/SID_Set,medium,0,0.005593090783804655
a32c6006337dad14fdbb9964a11846f940cf02b1367ff3627af2fb9e4ecc3452,images/a32c6006337dad14fdbb9964a11846f940cf02b1367ff3627af2fb9e4ecc3452.jpg,saberzl/SID_Set,medium,0,0.16266554594039917
a34772eea57dc36be07304b32b0595998285bc0fe647ebfcda0a7994c629a600,images/a34772eea57dc36be07304b32b0595998285bc0fe647ebfcda0a7994c629a600.png,ComplexDataLab/OpenFake,medium,1,0.9896005392074585
a35ec7631c74a033d4a216e239df8bdb0884055b17817cd451d12cfd131fe212,images/a35ec7631c74a033d4a216e239df8bdb0884055b17817cd451d12cfd131fe212.png,saberzl/SID_Set,medium,1,0.9885722398757935
a37b31e1d2c79a56e53f0acbce59c6682adb02566e24bc22b6c27c5bcf8df0e8,images/a37b31e1d2c79a56e53f0acbce59c6682adb02566e24bc22b6c27c5bcf8df0e8.jpg,saberzl/SID_Set,medium,0,0.5662455558776855
a39211c3481dd5213001bcfb63961dfd7605741af34237d6c6157671d35f088a,images/a39211c3481dd5213001bcfb63961dfd7605741af34237d6c6157671d35f088a.jpg,RRDataset,medium,0,0.2846192419528961
a3bbca22bae8f6b1738c81045c1cd2073ce4294fd6580a88c796f9f6b98dd395,images/a3bbca22bae8f6b1738c81045c1cd2073ce4294fd6580a88c796f9f6b98dd395.png,ComplexDataLab/OpenFake,medium,1,0.9993579983711243
a413336015fe6f7f0fe66e394d67b4e432bebd363a7cba4d500ab6b463d3c8f7,images/a413336015fe6f7f0fe66e394d67b4e432bebd363a7cba4d500ab6b463d3c8f7.jpg,saberzl/SID_Set,medium,0,0.6717155575752258
a41ac26a314970704cbc765646bbaa0fc08cede48ea5b57970be9a51869cd4a8,images/a41ac26a314970704cbc765646bbaa0fc08cede48ea5b57970be9a51869cd4a8.jpg,RRDataset,medium,0,0.06727266311645508
a425dc0f32f892551055a121435fc24fd49a3aa03122692088aa752e385269b7,images/a425dc0f32f892551055a121435fc24fd49a3aa03122692088aa752e385269b7.jpg,RRDataset,medium,0,0.9895427227020264
a42f808877939f32ed5bf4c00408cb11f1d068151cbd30c6f5cde3864bd69b14,images/a42f808877939f32ed5bf4c00408cb11f1d068151cbd30c6f5cde3864bd69b14.jpg,ComplexDataLab/OpenFake,medium,0,0.020418932661414146
a4567c3a09342eddc16bda7ecffe45d8f276c827b939bc886bbcd2b8aa584547,images/a4567c3a09342eddc16bda7ecffe45d8f276c827b939bc886bbcd2b8aa584547.png,RRDataset,medium,1,0.9944522976875305
a4ca213e0be259f02d5a3b45e536b07f0ff3c10571152be3b5b0bec30aeca021,images/a4ca213e0be259f02d5a3b45e536b07f0ff3c10571152be3b5b0bec30aeca021.jpg,RRDataset,medium,0,0.8205206990242004
a4cf876a17d94777e3428bd4227b55a702543ec5bd3b8cc845e29609ee079002,images/a4cf876a17d94777e3428bd4227b55a702543ec5bd3b8cc845e29609ee079002.jpg,RRDataset,medium,0,0.9798332452774048
a54653d18d860f574bf25a7b6590db5617601f005620e2e1fd01f15d77fc80b4,images/a54653d18d860f574bf25a7b6590db5617601f005620e2e1fd01f15d77fc80b4.jpg,ComplexDataLab/OpenFake,medium,0,0.0018749769078567624
a54b918632ebfa36fe3aa032325a7aa18da9eb442bf37b29dfed5746fdb25178,images/a54b918632ebfa36fe3aa032325a7aa18da9eb442bf37b29dfed5746fdb25178.png,RRDataset,medium,1,0.9956119060516357
a54c3c60bbd22f760b376280ad4b0b093966ac7f27f5f60c707d99020ea3d81c,images/a54c3c60bbd22f760b376280ad4b0b093966ac7f27f5f60c707d99020ea3d81c.jpg,ComplexDataLab/OpenFake,medium,0,0.004020331427454948
a568ad1b69441665a8e7b5eb3e1138145264d45530aaced2ad81b0513d02fcc7,images/a568ad1b69441665a8e7b5eb3e1138145264d45530aaced2ad81b0513d02fcc7.jpg,RRDataset,medium,0,0.3952772915363312
a56dda3f2c41c55ac80e9f9ce0172321f207e56896e1a5861d219e68ec6574d1,images/a56dda3f2c41c55ac80e9f9ce0172321f207e56896e1a5861d219e68ec6574d1.png,ComplexDataLab/OpenFake,medium,1,0.9771358966827393
a583f7d090df7d96eece1c366993b7fab2710e1e4fb13f91d843ff53fd9bb764,images/a583f7d090df7d96eece1c366993b7fab2710e1e4fb13f91d843ff53fd9bb764.png,saberzl/SID_Set,medium,1,0.9955116510391235
a584e03d68e5096602b76577a0974ab8af435e7fdd3a13ec9acbef9c50563960,images/a584e03d68e5096602b76577a0974ab8af435e7fdd3a13ec9acbef9c50563960.png,saberzl/SID_Set,medium,1,0.9987998008728027
a5872be9b14695349f713645b04755400bde9490e001a3becdc057ab44e0f217,images/a5872be9b14695349f713645b04755400bde9490e001a3becdc057ab44e0f217.png,RRDataset,medium,1,0.9985999464988708
a58cd4d42e9a3f2ed63c083b0e12ad0aaf501821d46393fe6a1cb981ead82361,images/a58cd4d42e9a3f2ed63c083b0e12ad0aaf501821d46393fe6a1cb981ead82361.jpg,ComplexDataLab/OpenFake,medium,0,0.29115864634513855
a5d2b70ef0450a6265a5114e8bdcf50a0fd30a1882a769098a927c81e41fe04f,images/a5d2b70ef0450a6265a5114e8bdcf50a0fd30a1882a769098a927c81e41fe04f.png,RRDataset,medium,1,0.9851709008216858
a5f7847a6a5f8552cd87257d757f94db8cde76b58556f1b211db4c936b80285c,images/a5f7847a6a5f8552cd87257d757f94db8cde76b58556f1b211db4c936b80285c.png,RRDataset,medium,1,0.9645678400993347
a62e5b2c5bd39f3184b596e644ccb891add30206de2a55161233113c1d97d4c7,images/a62e5b2c5bd39f3184b596e644ccb891add30206de2a55161233113c1d97d4c7.jpg,ComplexDataLab/OpenFake,medium,0,0.02010657638311386
a63b3fa6bf944079aa8e809f15447f43fd7ba0303593c81fc5653bcdf5455842,images/a63b3fa6bf944079aa8e809f15447f43fd7ba0303593c81fc5653bcdf5455842.jpg,saberzl/SID_Set,medium,0,0.03825528919696808
a644353320ccebfe735ca7507dcfe5399a644339803846cfed85a13af39009bb,images/a644353320ccebfe735ca7507dcfe5399a644339803846cfed85a13af39009bb.jpg,ComplexDataLab/OpenFake,medium,0,0.0029591417405754328
a650c7e987b5a6222dd18253180897318ff73fe752e6c38a986e58c42370be0a,images/a650c7e987b5a6222dd18253180897318ff73fe752e6c38a986e58c42370be0a.jpg,RRDataset,medium,0,0.8789286017417908
a6607bb83a26fb86d2cd4628b3ae873844466ee4144e89454039047feefa684c,images/a6607bb83a26fb86d2cd4628b3ae873844466ee4144e89454039047feefa684c.jpg,saberzl/SID_Set,medium,0,0.0006145996158011258
a67c15d7540e16b631c3e0de79dc8a050a1168cb23cccefac2928ae05d1ab870,images/a67c15d7540e16b631c3e0de79dc8a050a1168cb23cccefac2928ae05d1ab870.png,RRDataset,medium,1,0.9236743450164795
a68a6cc3bce273a0f2743c7b8704ee5e18954b23df2c1eaeace9a4387009ae8a,images/a68a6cc3bce273a0f2743c7b8704ee5e18954b23df2c1eaeace9a4387009ae8a.jpg,RRDataset,medium,0,0.9489023685455322
a68da55ffe02afda500b5695d3a3a4ffd9e4f304dca4fb5679b52f36ae320618,images/a68da55ffe02afda500b5695d3a3a4ffd9e4f304dca4fb5679b52f36ae320618.png,ComplexDataLab/OpenFake,medium,1,0.47899916768074036
a6993b845a8b79a61a22cf5dbe57a9142ca5fb863f6d24525845f9923ea0bd4f,images/a6993b845a8b79a61a22cf5dbe57a9142ca5fb863f6d24525845f9923ea0bd4f.jpg,RRDataset,medium,0,0.5461710691452026
a69f21d1d9d7e2778833d7f98370a2984cd55ed9d6e6a3445f28411f8977c3f8,images/a69f21d1d9d7e2778833d7f98370a2984cd55ed9d6e6a3445f28411f8977c3f8.png,saberzl/SID_Set,medium,1,0.8766860365867615
a6ae0e37dd46d7d46d8a44716e24379e158d46ba05ec21b2ac5c54e1c4d6dd33,images/a6ae0e37dd46d7d46d8a44716e24379e158d46ba05ec21b2ac5c54e1c4d6dd33.jpg,saberzl/SID_Set,medium,0,0.2929193377494812
a6dfe42179857c5936b2db20ce3450e565db999581f181fc5ae5286ead8f9d55,images/a6dfe42179857c5936b2db20ce3450e565db999581f181fc5ae5286ead8f9d55.jpg,ComplexDataLab/OpenFake,medium,0,0.00048820607480593026
a700b20162e022a552f81c5d13a29d34a74dc06c1801b044bf43304f348afa2b,images/a700b20162e022a552f81c5d13a29d34a74dc06c1801b044bf43304f348afa2b.jpg,ComplexDataLab/OpenFake,medium,0,0.4161330759525299
a743d4415bb34e9a8a06dbb1233679200689b86f0a0f7c11f4164c8e4f346a8e,images/a743d4415bb34e9a8a06dbb1233679200689b86f0a0f7c11f4164c8e4f346a8e.png,RRDataset,medium,1,0.9806982278823853
a74d4bdefa25374f4aa912aa8d1fbeedeca2fb0f23b473bb3d51275b64126dca,images/a74d4bdefa25374f4aa912aa8d1fbeedeca2fb0f23b473bb3d51275b64126dca.png,RRDataset,medium,1,0.9965453743934631
a750914ee731fc6ce31ece52b100d02bf89d4ff52a8100b9b5513bf947fffabf,images/a750914ee731fc6ce31ece52b100d02bf89d4ff52a8100b9b5513bf947fffabf.jpg,saberzl/SID_Set,medium,0,0.0011054612696170807
a7a1244583e789dfb4fedf56adfb1375791c9ed2addfb02125177de534c38c6a,images/a7a1244583e789dfb4fedf56adfb1375791c9ed2addfb02125177de534c38c6a.png,ComplexDataLab/OpenFake,medium,1,0.8190109133720398
a7b014575ea48b652cae323cecdb74aefffbb1b4459a5c2ba0275f75ee8a0efd,images/a7b014575ea48b652cae323cecdb74aefffbb1b4459a5c2ba0275f75ee8a0efd.jpg,RRDataset,medium,0,0.9656478762626648
a7db1c24aa919036c2114334e8349474e351abd6513ea487f0fb31eacf74d4b0,images/a7db1c24aa919036c2114334e8349474e351abd6513ea487f0fb31eacf74d4b0.jpg,RRDataset,medium,0,0.8351758122444153
a7f0ffe61c5beccef27634e4764d881496417ce29712969925336cdc4e47a7f6,images/a7f0ffe61c5beccef27634e4764d881496417ce29712969925336cdc4e47a7f6.jpg,ComplexDataLab/OpenFake,medium,0,0.006654041353613138
a8224a388d6dcb80ba0799d36a1fd0dbc23c0daeaceb85b1291e7ea705c99a3c,images/a8224a388d6dcb80ba0799d36a1fd0dbc23c0daeaceb85b1291e7ea705c99a3c.jpg,RRDataset,medium,0,0.6639150977134705
a826f9bb379062476432f794209c788ce5d8063f5f760fd6d5c44ac3fb0a9654,images/a826f9bb379062476432f794209c788ce5d8063f5f760fd6d5c44ac3fb0a9654.jpg,saberzl/SID_Set,medium,0,0.8135059475898743
a82fa4fdefb9a9b59a1936e6386cf32ec70d03c62f936cd1f63cee2d4663b5d6,images/a82fa4fdefb9a9b59a1936e6386cf32ec70d03c62f936cd1f63cee2d4663b5d6.jpg,RRDataset,medium,0,0.2354978322982788
a8821bea5985281e1cb1df753a7fccfcf79662b122508f4c01e5625ce47d60a6,images/a8821bea5985281e1cb1df753a7fccfcf79662b122508f4c01e5625ce47d60a6.jpg,RRDataset,medium,0,0.8938392400741577
a893fd91b9be62d488a1bd290a6e41fda6dca8e2238c09a04eb07774948754ec,images/a893fd91b9be62d488a1bd290a6e41fda6dca8e2238c09a04eb07774948754ec.png,ComplexDataLab/OpenFake,medium,1,0.9856278896331787
a8956a5346936cd0769d1a17aa41ffa452fd4fce3003208e2857eb1f495a260a,images/a8956a5346936cd0769d1a17aa41ffa452fd4fce3003208e2857eb1f495a260a.jpg,ComplexDataLab/OpenFake,medium,0,0.016191421076655388
a897890a68519d43deb360bde55c49aaadd83107ffc7e2783d72f5c3b8d49b1d,images/a897890a68519d43deb360bde55c49aaadd83107ffc7e2783d72f5c3b8d49b1d.png,ComplexDataLab/OpenFake,medium,1,0.7132512331008911
a8a0c41691a1840784e54d8b5d75e41b4344b8dc02eefba608bb7497556e3c79,images/a8a0c41691a1840784e54d8b5d75e41b4344b8dc02eefba608bb7497556e3c79.jpg,ComplexDataLab/OpenFake,medium,0,0.011171919293701649
a8c06ad5c878d5a613ccd5e2ebe7119d27fc8a8529323c7c3d82975fe73f5553,images/a8c06ad5c878d5a613ccd5e2ebe7119d27fc8a8529323c7c3d82975fe73f5553.png,saberzl/SID_Set,medium,1,0.9665383696556091
a8cf7be2641fe71f88f29b5c83880283001dea7233114fa3e6ac095240a8d536,images/a8cf7be2641fe71f88f29b5c83880283001dea7233114fa3e6ac095240a8d536.jpg,ComplexDataLab/OpenFake,medium,0,0.7981281876564026
a91a61ea14c44614f866a616abf69f41bcbf3be8c7b56caa47bc6c6d131602d0,images/a91a61ea14c44614f866a616abf69f41bcbf3be8c7b56caa47bc6c6d131602d0.png,saberzl/SID_Set,medium,1,0.8342846632003784
a931ab98b58711df06cbb2b69a8ad57e8b83685f99af7b108a9be77534977cfa,images/a931ab98b58711df06cbb2b69a8ad57e8b83685f99af7b108a9be77534977cfa.png,RRDataset,medium,1,0.9841104745864868
a93561b8d84663b2d9ad4ab7dedfd8a4b38815fde5b0730e65eaec5788235d13,images/a93561b8d84663b2d9ad4ab7dedfd8a4b38815fde5b0730e65eaec5788235d13.jpg,RRDataset,medium,0,0.9881904125213623
a93c9cc9e97b2dd4f3c06713955cfbdbfe1b158be6bd45c6020e0197df075aeb,images/a93c9cc9e97b2dd4f3c06713955cfbdbfe1b158be6bd45c6020e0197df075aeb.jpg,RRDataset,medium,0,0.9716038703918457
a94591a954620a989fde0d01c0d9ed10a0d43a52f9ffdf20f616412d2d869b04,images/a94591a954620a989fde0d01c0d9ed10a0d43a52f9ffdf20f616412d2d869b04.jpg,RRDataset,medium,0,0.9973673224449158
a95d9c8effd97fb5baee7872f322746c4523b39a6c87ff7e180d50782faf69da,images/a95d9c8effd97fb5baee7872f322746c4523b39a6c87ff7e180d50782faf69da.png,saberzl/SID_Set,medium,1,0.9810603857040405
a987eb6d8d60c5b88a56a54d369db92d14883be9a5f4188c740c5d93c6f21bc6,images/a987eb6d8d60c5b88a56a54d369db92d14883be9a5f4188c740c5d93c6f21bc6.jpg,RRDataset,medium,0,0.9210253953933716
a988a181761dbb518f36eade7235514f30ccad851bce02348d32799419b5ffad,images/a988a181761dbb518f36eade7235514f30ccad851bce02348d32799419b5ffad.png,ComplexDataLab/OpenFake,medium,1,0.11931868642568588
a99e94fafeb8a6e9b97d6f52f70f5001db9fe19390d3561a233c2f9fc816152f,images/a99e94fafeb8a6e9b97d6f52f70f5001db9fe19390d3561a233c2f9fc816152f.png,RRDataset,medium,1,0.8906214237213135
a9becb885763732c1d5938e4b43e5ba7ca494d3ca6a0d75729f7791c4a9a060e,images/a9becb885763732c1d5938e4b43e5ba7ca494d3ca6a0d75729f7791c4a9a060e.jpg,ComplexDataLab/OpenFake,medium,0,0.4840683341026306
a9ce74cefdd2a2f4e7c8376cba09456b88735831bc8ae4dd9b0c71b73fcac432,images/a9ce74cefdd2a2f4e7c8376cba09456b88735831bc8ae4dd9b0c71b73fcac432.png,ComplexDataLab/OpenFake,medium,1,0.11183931678533554
a9d6365c2d7a510a9159cd6b7388df91a1af6e2aa1b47804016d05c3994e4972,images/a9d6365c2d7a510a9159cd6b7388df91a1af6e2aa1b47804016d05c3994e4972.png,saberzl/SID_Set,medium,1,0.8776537775993347
aa068ada86bf0b7edf893e710b7c4c2327f5e2caaf3fcdb684ef1032450d7c03,images/aa068ada86bf0b7edf893e710b7c4c2327f5e2caaf3fcdb684ef1032450d7c03.png,saberzl/SID_Set,medium,1,0.9820696115493774
aa0a079e62900c61cd0e7406339ae6459e4fdb4303a208fd577e75c88fe8405d,images/aa0a079e62900c61cd0e7406339ae6459e4fdb4303a208fd577e75c88fe8405d.jpg,ComplexDataLab/OpenFake,medium,0,0.0031933817081153393
aa3a5f11eccc9fc9db4f8cff4ba7bb67b1f6945618efe8f548bb10cb29c03153,images/aa3a5f11eccc9fc9db4f8cff4ba7bb67b1f6945618efe8f548bb10cb29c03153.png,RRDataset,medium,1,0.929472029209137
aaa78c2f9b2e06b915e94acf01c25a1e75d7d69b109eb13bee262302757a8a81,images/aaa78c2f9b2e06b915e94acf01c25a1e75d7d69b109eb13bee262302757a8a81.webp,ComplexDataLab/OpenFake,medium,1,0.8370400667190552
aac36c7b5a4d0d8ca525f7aef4b6e58bc1e27cc6b76124df78cb685bc80fb355,images/aac36c7b5a4d0d8ca525f7aef4b6e58bc1e27cc6b76124df78cb685bc80fb355.png,ComplexDataLab/OpenFake,medium,1,0.5383643507957458
aafff8b7daa172abe264327d4c129732fd4a4fcf98d566fd8f27bea61cdea30d,images/aafff8b7daa172abe264327d4c129732fd4a4fcf98d566fd8f27bea61cdea30d.png,ComplexDataLab/OpenFake,medium,1,0.9989894032478333
ab0ec21e097cc09bac3898d60b4f6a02cb7db7903cf8a5e8be6b0e7460a1c1c2,images/ab0ec21e097cc09bac3898d60b4f6a02cb7db7903cf8a5e8be6b0e7460a1c1c2.jpg,saberzl/SID_Set,medium,0,0.822474479675293
ab2bdd5044f03f998261a135b62fe176371819876566f03916da85e6cbe3517c,images/ab2bdd5044f03f998261a135b62fe176371819876566f03916da85e6cbe3517c.png,ComplexDataLab/OpenFake,medium,1,0.22427372634410858
ab3280b08d474b9d64bf188064e5553545fbd93904c082ea6ccc3ca6ef2f319b,images/ab3280b08d474b9d64bf188064e5553545fbd93904c082ea6ccc3ca6ef2f319b.jpg,ComplexDataLab/OpenFake,medium,1,0.39704322814941406
ab839491b79de797dad024e301eefa7d676f690a5af13ff75f42418c06636015,images/ab839491b79de797dad024e301eefa7d676f690a5af13ff75f42418c06636015.jpg,RRDataset,medium,0,0.44951361417770386
ab9c4619643a3079281aeec8e4a699d5f9a500dd0291d2b2d335718213344bcb,images/ab9c4619643a3079281aeec8e4a699d5f9a500dd0291d2b2d335718213344bcb.jpg,ComplexDataLab/OpenFake,medium,0,0.0007475904421880841
abc15338fae0572abb90f6b8b61665ac693bee5764a6e2a18ab309e3798d0caa,images/abc15338fae0572abb90f6b8b61665ac693bee5764a6e2a18ab309e3798d0caa.jpg,saberzl/SID_Set,medium,0,0.5764504075050354
abc17788d13151f28c50b282a43d91208356b8c153d5eceb5bcf78b010e44775,images/abc17788d13151f28c50b282a43d91208356b8c153d5eceb5bcf78b010e44775.png,saberzl/SID_Set,medium,1,0.9381791949272156
abc71dc8dfca2492283dabfacdd81bba4476d81dfa064879a65e8aa84ceeb39d,images/abc71dc8dfca2492283dabfacdd81bba4476d81dfa064879a65e8aa84ceeb39d.png,saberzl/SID_Set,medium,1,0.9298437833786011
abd68893fbfcc7044c3b54348d20b8eb763c7794169607143967dcb263692ce6,images/abd68893fbfcc7044c3b54348d20b8eb763c7794169607143967dcb263692ce6.png,saberzl/SID_Set,medium,1,0.9245432019233704
abf5ed3408abfae12e0a9da87e8b044586c4d7b67a315492f27ca5a79e7ba314,images/abf5ed3408abfae12e0a9da87e8b044586c4d7b67a315492f27ca5a79e7ba314.jpg,saberzl/SID_Set,medium,0,0.20673803985118866
ac01aa8e06535d74f4a49afd1ec46850ccf95dd67b4cc95145b36f1b8dcfa3dc,images/ac01aa8e06535d74f4a49afd1ec46850ccf95dd67b4cc95145b36f1b8dcfa3dc.jpg,saberzl/SID_Set,medium,0,0.8546609878540039
ac4ac06d2a2b5a516ef62e9d7dd3e724a06b171ef78213e2e21f9157d68ab75c,images/ac4ac06d2a2b5a516ef62e9d7dd3e724a06b171ef78213e2e21f9157d68ab75c.jpg,RRDataset,medium,0,0.7580503821372986
acb9b26f990de446b527c0d3c7434457e4b0714f106b1884240d30da24640fac,images/acb9b26f990de446b527c0d3c7434457e4b0714f106b1884240d30da24640fac.jpg,RRDataset,medium,0,0.8455488085746765
ace4816b8651359458dd6a5cb5970dc6208672c12957b84c0ef08ecfcee6076f,images/ace4816b8651359458dd6a5cb5970dc6208672c12957b84c0ef08ecfcee6076f.jpg,saberzl/SID_Set,medium,0,0.9591310620307922
ad0fc3fc85cbc004836355e3f7afd6273d5045c268ff2eba6937f6a89e75f6a8,images/ad0fc3fc85cbc004836355e3f7afd6273d5045c268ff2eba6937f6a89e75f6a8.jpg,saberzl/SID_Set,medium,0,0.09068377315998077
ad188a152cafe67db775967478eff0501f6647f179e56ea6a7e1ac33ae279ea6,images/ad188a152cafe67db775967478eff0501f6647f179e56ea6a7e1ac33ae279ea6.png,RRDataset,medium,1,0.9884019494056702
ad2d31d1e6cd53ca72954181803d66a882110fc192875153c1d12529916a4a05,images/ad2d31d1e6cd53ca72954181803d66a882110fc192875153c1d12529916a4a05.jpg,ComplexDataLab/OpenFake,medium,0,8.481394615955651e-05
ad8bb7d46b2e7ccca5db42064a1e4695a49e2af2ea6221f16f842d5b55e8c495,images/ad8bb7d46b2e7ccca5db42064a1e4695a49e2af2ea6221f16f842d5b55e8c495.png,saberzl/SID_Set,medium,1,0.9886288642883301
ad9ab8d455fa79aaebc6086ce1601116a1eecd3e28713ee770cc0da41634437b,images/ad9ab8d455fa79aaebc6086ce1601116a1eecd3e28713ee770cc0da41634437b.jpg,ComplexDataLab/OpenFake,medium,0,0.00498383492231369
ada6f45b7d91c772d480ba130dc1f9a9a05f67b2051c13a99595ed020bc604b3,images/ada6f45b7d91c772d480ba130dc1f9a9a05f67b2051c13a99595ed020bc604b3.png,RRDataset,medium,1,0.9974420070648193
addbf5d2ce48d2d20d05430bdfa36f4e3f44ab23032a55427d95cd4ed01d0b24,images/addbf5d2ce48d2d20d05430bdfa36f4e3f44ab23032a55427d95cd4ed01d0b24.jpg,ComplexDataLab/OpenFake,medium,0,0.8984473347663879
ade3c0bb566f4ddc8bfe2aa077d0355e847602f8d230b852656600e396d5f12f,images/ade3c0bb566f4ddc8bfe2aa077d0355e847602f8d230b852656600e396d5f12f.png,RRDataset,medium,1,0.9781705737113953
ade5ca43c55b8acfbfe979395fb3c0ed00143dd474baea1937ed7140cbe0e286,images/ade5ca43c55b8acfbfe979395fb3c0ed00143dd474baea1937ed7140cbe0e286.jpg,ComplexDataLab/OpenFake,medium,0,0.00366025697439909
adfee4f0139a7b35727b7c8d89ce882b20bf3b8467ebd633f94a4078c72afe37,images/adfee4f0139a7b35727b7c8d89ce882b20bf3b8467ebd633f94a4078c72afe37.jpg,saberzl/SID_Set,medium,0,0.09341736137866974
ae054ba0aefe238b4654defefe781888917eb50ff8c1b3b8ddd5fa7557d540b7,images/ae054ba0aefe238b4654defefe781888917eb50ff8c1b3b8ddd5fa7557d540b7.png,saberzl/SID_Set,medium,1,0.9819406270980835
ae8413dc3697f829005241a91667e4cea072672dcc05af9bdfc5470fd30ae09e,images/ae8413dc3697f829005241a91667e4cea072672dcc05af9bdfc5470fd30ae09e.png,RRDataset,medium,1,0.9811099767684937
ae8693055ed42b56d656453c0b0f0a5152967f269463e74558a241b745d448e0,images/ae8693055ed42b56d656453c0b0f0a5152967f269463e74558a241b745d448e0.png,saberzl/SID_Set,medium,1,0.9393275380134583
aea0008075233ac7465687e71ea6998a0d0968c6d73df4adc7b5d651b2e1ddd8,images/aea0008075233ac7465687e71ea6998a0d0968c6d73df4adc7b5d651b2e1ddd8.jpg,ComplexDataLab/OpenFake,medium,0,0.48384761810302734
aea4e6628ff2aabf11c7e6e00e1f9dcb364be6452e4b9a2659da98451f9242db,images/aea4e6628ff2aabf11c7e6e00e1f9dcb364be6452e4b9a2659da98451f9242db.jpg,RRDataset,medium,0,0.6873699426651001
aeda4affd38c7e1f159ccdc1e7182063a13ffa8ec6c1c9d0fa4f6b192d895cd7,images/aeda4affd38c7e1f159ccdc1e7182063a13ffa8ec6c1c9d0fa4f6b192d895cd7.png,saberzl/SID_Set,medium,1,0.8943371772766113
af0a7b067e4129f3afa551d3b649c0a5cf35fc0fcc2c4c0b20e0319dab947703,images/af0a7b067e4129f3afa551d3b649c0a5cf35fc0fcc2c4c0b20e0319dab947703.jpg,RRDataset,medium,1,0.3818761110305786
af0d21915421839d5f638655ee42eceb6fc246002d2f109f71815f332f68991d,images/af0d21915421839d5f638655ee42eceb6fc246002d2f109f71815f332f68991d.png,RRDataset,medium,1,0.9721987247467041
af36666f1eaaf06ee2255eb818ffe5da130fed88269ec09ccf4b1f1ac2314945,images/af36666f1eaaf06ee2255eb818ffe5da130fed88269ec09ccf4b1f1ac2314945.png,ComplexDataLab/OpenFake,medium,1,0.9636682868003845
af3a1f1c88de8bdad6f12dd9068349c6f6952a9886f3eb13e181ba3131da6531,images/af3a1f1c88de8bdad6f12dd9068349c6f6952a9886f3eb13e181ba3131da6531.jpg,ComplexDataLab/OpenFake,medium,0,0.14811429381370544
af4f203010be0cfad83dae2cc43e5a0fccb1fd1e229f2793beeb29ceb3e530c8,images/af4f203010be0cfad83dae2cc43e5a0fccb1fd1e229f2793beeb29ceb3e530c8.png,ComplexDataLab/OpenFake,medium,1,0.6813822984695435
af552d2341f8d480f6d1dc5287d1fa2d815b12b25b9df7e119f75b1ddbf2e0c0,images/af552d2341f8d480f6d1dc5287d1fa2d815b12b25b9df7e119f75b1ddbf2e0c0.png,RRDataset,medium,1,0.9994722008705139
af5a0a45d756b394b9b7ea31602fb226f31d0e6e317ceaec329564806e5026d6,images/af5a0a45d756b394b9b7ea31602fb226f31d0e6e317ceaec329564806e5026d6.jpg,ComplexDataLab/OpenFake,medium,0,0.0006753110210411251
afa0af2464bfd2bed635039e1e0034b7faad566faf0502a4d4fb161bb722e04e,images/afa0af2464bfd2bed635039e1e0034b7faad566faf0502a4d4fb161bb722e04e.jpg,ComplexDataLab/OpenFake,medium,0,0.5456171035766602
afc50a40411a47c64eb9542c21ca3cb3761b6a0a64d20492bf2f25e5ae00780d,images/afc50a40411a47c64eb9542c21ca3cb3761b6a0a64d20492bf2f25e5ae00780d.jpg,RRDataset,medium,0,0.3070787191390991
afc67d1b3f2786cd231a6cd967f74fb79bb5d2df3d52b09892d6748e0516578e,images/afc67d1b3f2786cd231a6cd967f74fb79bb5d2df3d52b09892d6748e0516578e.jpg,ComplexDataLab/OpenFake,medium,0,0.0068864282220602036
afd911345c125a167d200fc202c1465b94304c00f8cfd4fa95f0b6aead6f307c,images/afd911345c125a167d200fc202c1465b94304c00f8cfd4fa95f0b6aead6f307c.jpg,RRDataset,medium,0,0.9961761236190796
b03a25834213a3ff1f25168151e4da9e1de22efa025a672428a2f5bff53c9fa4,images/b03a25834213a3ff1f25168151e4da9e1de22efa025a672428a2f5bff53c9fa4.jpg,RRDataset,medium,0,0.8824458718299866
b064f2696f488290d6a9327db95b73c2defccdcacfddb830bf124d46e72ae382,images/b064f2696f488290d6a9327db95b73c2defccdcacfddb830bf124d46e72ae382.jpg,saberzl/SID_Set,medium,0,0.02616974711418152
b06b91bf0874507bd3d6ddf7da178df5167b5507ce7d29682f3be085cb12bc36,images/b06b91bf0874507bd3d6ddf7da178df5167b5507ce7d29682f3be085cb12bc36.png,ComplexDataLab/OpenFake,medium,1,0.7584808468818665
b09bd149f8e1f0fc42c7b5bfbdcde956e1356ab73b9d81d4506f1029bb3f52cc,images/b09bd149f8e1f0fc42c7b5bfbdcde956e1356ab73b9d81d4506f1029bb3f52cc.png,saberzl/SID_Set,medium,1,0.9355739951133728
b0d348036ed6f32468addd56e1cbac2c9ae56a051bfe63e0f18dab58f59ef991,images/b0d348036ed6f32468addd56e1cbac2c9ae56a051bfe63e0f18dab58f59ef991.jpg,ComplexDataLab/OpenFake,medium,0,0.6062713265419006
b0e8dd9b3a5310dda59b3caba6a4c6bfe8ea97a6235a8c144c70a2cf24da5506,images/b0e8dd9b3a5310dda59b3caba6a4c6bfe8ea97a6235a8c144c70a2cf24da5506.png,ComplexDataLab/OpenFake,medium,1,0.9990594983100891
b0ea220a0aa0f12ecc4746cc79321abe65a5219617b4e99c211cf2c7c27202e1,images/b0ea220a0aa0f12ecc4746cc79321abe65a5219617b4e99c211cf2c7c27202e1.jpg,RRDataset,medium,0,0.9501661062240601
b11558ea1f118792bbb26e92d5a69ca42c1b24815d81a69f7eb90e54add71040,images/b11558ea1f118792bbb26e92d5a69ca42c1b24815d81a69f7eb90e54add71040.jpg,saberzl/SID_Set,medium,0,0.1688149869441986
b121de150f62ab984b0e43ccd74079b20bdebebc7c2d81b78a1d9ecb10b5b618,images/b121de150f62ab984b0e43ccd74079b20bdebebc7c2d81b78a1d9ecb10b5b618.png,saberzl/SID_Set,medium,1,0.992838442325592
b149341d6e7ddc72cd7a33a553a081abcf46e3817fdd911215c9d0fa939ea5c2,images/b149341d6e7ddc72cd7a33a553a081abcf46e3817fdd911215c9d0fa939ea5c2.jpg,saberzl/SID_Set,medium,0,0.06650383025407791
b15e44ed3282127ff2a175d4545be9fef4d6fe48924d20f698d5b700aa9c81eb,images/b15e44ed3282127ff2a175d4545be9fef4d6fe48924d20f698d5b700aa9c81eb.jpg,ComplexDataLab/OpenFake,medium,0,0.0005873700138181448
b1632949448f5c018a993c51b2d8598e21afd31795901bd590259f5b16077de7,images/b1632949448f5c018a993c51b2d8598e21afd31795901bd590259f5b16077de7.jpg,saberzl/SID_Set,medium,0,0.16705432534217834
b1a94a035aaf9d7cf3ca9192d1b487f141d5edaee1917f81870ffeed58014492,images/b1a94a035aaf9d7cf3ca9192d1b487f141d5edaee1917f81870ffeed58014492.png,RRDataset,medium,1,0.9990962743759155
b1cb24a878fa7bea3292f16f93a403ba543b7d65718fdffe96aba7a6358d6fc8,images/b1cb24a878fa7bea3292f16f93a403ba543b7d65718fdffe96aba7a6358d6fc8.png,RRDataset,medium,1,0.9908340573310852
b1cc32d56565d43b3adbe6d49499ab0ddf9bc8a302685dff897b5af2372f3efb,images/b1cc32d56565d43b3adbe6d49499ab0ddf9bc8a302685dff897b5af2372f3efb.jpg,saberzl/SID_Set,medium,0,0.008922867476940155
b234032ed18cf73b83e71534da3845da51b54d23c37022585a1b3a158fdae367,images/b234032ed18cf73b83e71534da3845da51b54d23c37022585a1b3a158fdae367.jpg,saberzl/SID_Set,medium,0,0.7107688784599304
b26dadb94a1457f74cb1bc2d52c883584643b00c13fc95475712085bc14ad729,images/b26dadb94a1457f74cb1bc2d52c883584643b00c13fc95475712085bc14ad729.jpg,ComplexDataLab/OpenFake,medium,0,0.16895069181919098
b273574b519fbaee2b82e0ce851e0078eb3b62ac2ddc360dd6dd95f68eff8e28,images/b273574b519fbaee2b82e0ce851e0078eb3b62ac2ddc360dd6dd95f68eff8e28.jpg,RRDataset,medium,0,0.8838353157043457
b2820b1035e777f80163a27d9ec7fc74a93885e736a94764821eb81c6e98420e,images/b2820b1035e777f80163a27d9ec7fc74a93885e736a94764821eb81c6e98420e.jpg,ComplexDataLab/OpenFake,medium,0,0.700381875038147
b29a5fdc6543db88e4015480882499ae224b0c242922dd56780fe3a90ecfa416,images/b29a5fdc6543db88e4015480882499ae224b0c242922dd56780fe3a90ecfa416.jpg,ComplexDataLab/OpenFake,medium,0,0.8825893998146057
b2bfb372aeb84fd833e7353ba38e54489e59b72c7c37de6e035a42927ca8b4b6,images/b2bfb372aeb84fd833e7353ba38e54489e59b72c7c37de6e035a42927ca8b4b6.jpg,RRDataset,medium,0,0.34257715940475464
b2db9a5933cb0d8157bf8530007891406a7486c3be447c8cf9a62c8d4333f90d,images/b2db9a5933cb0d8157bf8530007891406a7486c3be447c8cf9a62c8d4333f90d.png,ComplexDataLab/OpenFake,medium,1,0.9979228377342224
b304b7cacb2762e3046f1f9abe4ad134311e1ab82e99c2826186343181c3420e,images/b304b7cacb2762e3046f1f9abe4ad134311e1ab82e99c2826186343181c3420e.jpg,ComplexDataLab/OpenFake,medium,0,0.06853397935628891
b3064e4e48b86207e4718fce7339bc05afcd9235a9b4ced6ff9bb63c7a5881b5,images/b3064e4e48b86207e4718fce7339bc05afcd9235a9b4ced6ff9bb63c7a5881b5.png,saberzl/SID_Set,medium,1,0.9389522671699524
b308338cb3c2189446e9ad8a02ec3d2cf98ca8f2e5415f3b980828db98ba5654,images/b308338cb3c2189446e9ad8a02ec3d2cf98ca8f2e5415f3b980828db98ba5654.png,saberzl/SID_Set,medium,1,0.9851896166801453
b31118259ef88ed58ce1ffb0ffb3670cd87485d903f65f7a89b40f4c5672f2a8,images/b31118259ef88ed58ce1ffb0ffb3670cd87485d903f65f7a89b40f4c5672f2a8.png,ComplexDataLab/OpenFake,medium,1,0.9962074756622314
b3178540a1dff17f292fc29bbccf2e3b163ce1cba926c0c5c9cf81014fa9b60b,images/b3178540a1dff17f292fc29bbccf2e3b163ce1cba926c0c5c9cf81014fa9b60b.png,ComplexDataLab/OpenFake,medium,1,0.9964622855186462
b31ef476dd98de94f0945bc4d79aab2c6171f8129dae0cfd34a16268b7a5e5bb,images/b31ef476dd98de94f0945bc4d79aab2c6171f8129dae0cfd34a16268b7a5e5bb.png,ComplexDataLab/OpenFake,medium,1,0.9784718155860901
b36123fe0f832d5d8bc01b51ac6d7e6971f057623144503acdf88779fc73c556,images/b36123fe0f832d5d8bc01b51ac6d7e6971f057623144503acdf88779fc73c556.jpg,RRDataset,medium,0,0.9988638162612915
b378ec49cb60dd9af8b1727bfa0591eb48083ad89c7f61faf27fb4e03a5dab39,images/b378ec49cb60dd9af8b1727bfa0591eb48083ad89c7f61faf27fb4e03a5dab39.jpg,RRDataset,medium,0,0.4491150975227356
b37d7459799ec8d00492778d3fc9a0428bd613cb998c780200c1c85aaae3eaf4,images/b37d7459799ec8d00492778d3fc9a0428bd613cb998c780200c1c85aaae3eaf4.jpg,saberzl/SID_Set,medium,0,0.8877256512641907
b38c04f7602846eacfee423bdb2c72dbd767a77ab2be2a37a0e0d8959f9f0edc,images/b38c04f7602846eacfee423bdb2c72dbd767a77ab2be2a37a0e0d8959f9f0edc.jpg,saberzl/SID_Set,medium,0,0.21483024954795837
b39392ed2ca5b09387a05792ca33e49e5908886a6189c9b5b62697276ce50161,images/b39392ed2ca5b09387a05792ca33e49e5908886a6189c9b5b62697276ce50161.jpg,ComplexDataLab/OpenFake,medium,0,0.1788095384836197
b39e3fed2170bd86b1c480010a2e967f402c1a0173dd3a3f4ad90cc89d765ab3,images/b39e3fed2170bd86b1c480010a2e967f402c1a0173dd3a3f4ad90cc89d765ab3.jpg,ComplexDataLab/OpenFake,medium,0,0.02001764439046383
b3f685c13c46f9d7e1ac21675ab20b57a983fc783c63678c2f16b4fecadd81d1,images/b3f685c13c46f9d7e1ac21675ab20b57a983fc783c63678c2f16b4fecadd81d1.png,RRDataset,medium,1,0.9874730110168457
b3fce137d48976ef19a1f4c472b67b2a5b457a1da0b0f12facb3276f6dbf800f,images/b3fce137d48976ef19a1f4c472b67b2a5b457a1da0b0f12facb3276f6dbf800f.jpg,ComplexDataLab/OpenFake,medium,0,0.0009116624132730067
b42a6f3615b16533332fdb72baef29c550735b2714be64eb0d24f339489f4533,images/b42a6f3615b16533332fdb72baef29c550735b2714be64eb0d24f339489f4533.jpg,RRDataset,medium,0,0.9741300344467163
b49ac49754b262b30bcb623611174f7de0a8b671b629e1a44060f6301063797a,images/b49ac49754b262b30bcb623611174f7de0a8b671b629e1a44060f6301063797a.png,ComplexDataLab/OpenFake,medium,1,0.9878467917442322
b4cb1bfb434471caa0520482813b1919efd054932892464e6e629080f029bb58,images/b4cb1bfb434471caa0520482813b1919efd054932892464e6e629080f029bb58.jpg,saberzl/SID_Set,medium,0,0.062264855951070786
b52277a6d68c6f53b57d81abdc187b860a820b8652febdb623f6c122d7dc828a,images/b52277a6d68c6f53b57d81abdc187b860a820b8652febdb623f6c122d7dc828a.jpg,ComplexDataLab/OpenFake,medium,0,0.053290173411369324
b5604b7f412b9000bda678e6cbba1c1dfe5b6a1a6dc32209fe7c81bdbdda0c8c,images/b5604b7f412b9000bda678e6cbba1c1dfe5b6a1a6dc32209fe7c81bdbdda0c8c.jpg,RRDataset,medium,0,0.9323317408561707
b573859bf86b52f543da2000a952ecb5f3960a141bdbf79d2fd57bf77acfd44e,images/b573859bf86b52f543da2000a952ecb5f3960a141bdbf79d2fd57bf77acfd44e.png,ComplexDataLab/OpenFake,medium,1,0.9833101630210876
b58a25d6c28ba354ed0b913bb14ce07dc3cf26a4bd9ffed6884266e510f7b4a3,images/b58a25d6c28ba354ed0b913bb14ce07dc3cf26a4bd9ffed6884266e510f7b4a3.png,RRDataset,medium,1,0.9274444580078125
b5d9237b6cdbaa904acd88739454e6f652b8a206f787a825be9c95dd2b515cf7,images/b5d9237b6cdbaa904acd88739454e6f652b8a206f787a825be9c95dd2b515cf7.jpg,RRDataset,medium,0,0.3708168566226959
b5ebdbf92e893e49eb8f71b10c8efecfe02c9aca91d4e7245e37afe52753b230,images/b5ebdbf92e893e49eb8f71b10c8efecfe02c9aca91d4e7245e37afe52753b230.jpg,saberzl/SID_Set,medium,0,0.06563697010278702
b60bc857fa5872d459818ce1c7f3c845986fd8b77a1f0a0937ca09ae2f5f6959,images/b60bc857fa5872d459818ce1c7f3c845986fd8b77a1f0a0937ca09ae2f5f6959.png,RRDataset,medium,1,0.9172436594963074
b657d0d14effde4d94e572d48f154d76880ad947cdfa780e06c47fa41e7ecd21,images/b657d0d14effde4d94e572d48f154d76880ad947cdfa780e06c47fa41e7ecd21.jpg,ComplexDataLab/OpenFake,medium,0,0.050346389412879944
b65abc1ac6ce8d889b05724dc632af805d0440e947e1e865813c475dbeccbbb6,images/b65abc1ac6ce8d889b05724dc632af805d0440e947e1e865813c475dbeccbbb6.jpg,saberzl/SID_Set,medium,0,0.1904143989086151
b6945a02c93e539c26d84ff9f6524134f54f33cff10b3ac4aa6662a5c92fc26d,images/b6945a02c93e539c26d84ff9f6524134f54f33cff10b3ac4aa6662a5c92fc26d.jpg,ComplexDataLab/OpenFake,medium,0,0.008346048183739185
b6948df158882bace7224702be0692131022109236cc299c7d5e2af962909844,images/b6948df158882bace7224702be0692131022109236cc299c7d5e2af962909844.jpg,ComplexDataLab/OpenFake,medium,0,0.7734415531158447
b6a5c056f8c488adf17123df17e510cbc2cf90255970526291cb7b5f4848d6cf,images/b6a5c056f8c488adf17123df17e510cbc2cf90255970526291cb7b5f4848d6cf.jpg,ComplexDataLab/OpenFake,medium,0,0.1466282457113266
b6c6c41f6a673739a3914f18e14e498f51f14b3037017c93851e260671c16a44,images/b6c6c41f6a673739a3914f18e14e498f51f14b3037017c93851e260671c16a44.jpg,ComplexDataLab/OpenFake,medium,0,0.017551565542817116
b6d03063921ef50a5f57d336073b86a6e8c5c1bc298eedc91857a3139b6501df,images/b6d03063921ef50a5f57d336073b86a6e8c5c1bc298eedc91857a3139b6501df.png,RRDataset,medium,1,0.9917409420013428
b6d9a53c857299f1ab95f183b73bc5ce1274bbe651bdcb8f5950a579ea93726a,images/b6d9a53c857299f1ab95f183b73bc5ce1274bbe651bdcb8f5950a579ea93726a.png,RRDataset,medium,1,0.999150276184082
b6e9cafa167867723d906567b1ae27e2047ff4a1a8ae6a558c62d4efb153a0bb,images/b6e9cafa167867723d906567b1ae27e2047ff4a1a8ae6a558c62d4efb153a0bb.jpg,saberzl/SID_Set,medium,0,0.31020262837409973
b75ca861d01fb62075507040abd1ba17b5a989d9b4ba55290d77b00a44fa9b80,images/b75ca861d01fb62075507040abd1ba17b5a989d9b4ba55290d77b00a44fa9b80.png,saberzl/SID_Set,medium,1,0.990865170955658
b77dcbd666f8331082a2fbe8392d0eca1b3095ac0a77c3115c4d02670f909f23,images/b77dcbd666f8331082a2fbe8392d0eca1b3095ac0a77c3115c4d02670f909f23.jpg,saberzl/SID_Set,medium,0,0.036143120378255844
b792f31db8e7fb0a35871cd048eece8303c42f8fef1731a514fde904e68ff708,images/b792f31db8e7fb0a35871cd048eece8303c42f8fef1731a514fde904e68ff708.jpg,ComplexDataLab/OpenFake,medium,0,0.1389327347278595
b7b04b65b39c02404ee447c89c82e217f543ea22fea5b8ce7cb5bea08d6fa3c7,images/b7b04b65b39c02404ee447c89c82e217f543ea22fea5b8ce7cb5bea08d6fa3c7.png,ComplexDataLab/OpenFake,medium,1,0.6118632555007935
b7c2567f352d9c6dfb927d2338e2b989cf338f95af2acb300d5182cd1b20326c,images/b7c2567f352d9c6dfb927d2338e2b989cf338f95af2acb300d5182cd1b20326c.png,ComplexDataLab/OpenFake,medium,1,0.992712140083313
b7c56f11f38d0479034ed4c3e58e1d03d41aa17599f42b8a1e2a6f8a7a472261,images/b7c56f11f38d0479034ed4c3e58e1d03d41aa17599f42b8a1e2a6f8a7a472261.png,ComplexDataLab/OpenFake,medium,1,0.9733823537826538
b7de72ac0879563f66995e729ab90abacddc3bb63356c2fc4a4020a86139a2a4,images/b7de72ac0879563f66995e729ab90abacddc3bb63356c2fc4a4020a86139a2a4.png,RRDataset,medium,1,0.9872428178787231
b7fb96df6e6865de4269d930ec4276a00ed6f55a8b13464732548a52c73bf8ef,images/b7fb96df6e6865de4269d930ec4276a00ed6f55a8b13464732548a52c73bf8ef.png,RRDataset,medium,1,0.9941754937171936
b810e0e63467822367af849f49d0e96e92cc5fdd5672b79a7a60ade4fc7a4fd3,images/b810e0e63467822367af849f49d0e96e92cc5fdd5672b79a7a60ade4fc7a4fd3.jpg,RRDataset,medium,0,0.5442624092102051
b8134878210c7ed4e1c6477214d421fc62ad6d8a27d38ed33e45b81f818ae4a7,images/b8134878210c7ed4e1c6477214d421fc62ad6d8a27d38ed33e45b81f818ae4a7.png,saberzl/SID_Set,medium,1,0.9021401405334473
b82e3bc65d20bfd98d9c60fa81073d9d792bcda9787341df51eb7c8af1be3acd,images/b82e3bc65d20bfd98d9c60fa81073d9d792bcda9787341df51eb7c8af1be3acd.jpg,RRDataset,medium,0,0.9914416670799255
b87fc9aa50921072d678af214c0f88b226150f0c5ee6ac359b2373f428110b5f,images/b87fc9aa50921072d678af214c0f88b226150f0c5ee6ac359b2373f428110b5f.png,RRDataset,medium,1,0.9993504881858826
b897d8ac22caf227715ef9c27faef9a4005d939a1ee489aeee23bc2cc83ed8d8,images/b897d8ac22caf227715ef9c27faef9a4005d939a1ee489aeee23bc2cc83ed8d8.png,RRDataset,medium,1,0.8731942772865295
b8d956c3fb03608bc327b23a40768f99574fa212532c6a8ed5a419f16bbd9f3d,images/b8d956c3fb03608bc327b23a40768f99574fa212532c6a8ed5a419f16bbd9f3d.jpg,ComplexDataLab/OpenFake,medium,0,0.010651098564267159
b8db655f02b94485fd52b7156ea6c6d7f4a1b2c73757857add89391b4a939f0b,images/b8db655f02b94485fd52b7156ea6c6d7f4a1b2c73757857add89391b4a939f0b.jpg,ComplexDataLab/OpenFake,medium,0,0.04240686073899269
b906e53c6f5e82d5ab095a626cf8b41f7dd1c060efec086d44710bd839247d24,images/b906e53c6f5e82d5ab095a626cf8b41f7dd1c060efec086d44710bd839247d24.jpg,ComplexDataLab/OpenFake,medium,0,0.6012817621231079
b93c7476d73a628c19e3c337626e9ae1e61a6710710e4735a41d0a2efc57cc0a,images/b93c7476d73a628c19e3c337626e9ae1e61a6710710e4735a41d0a2efc57cc0a.png,ComplexDataLab/OpenFake,medium,1,0.9871867895126343
b983e6382417896683aaf320cb55ee2d6f21cee6a833b55b6aae6e4f72e211c6,images/b983e6382417896683aaf320cb55ee2d6f21cee6a833b55b6aae6e4f72e211c6.jpg,RRDataset,medium,0,0.9567198753356934
b995e411df5d86c75b618d51cc89343ad565dd23c7744b19d755fbebbb91b8be,images/b995e411df5d86c75b618d51cc89343ad565dd23c7744b19d755fbebbb91b8be.png,saberzl/SID_Set,medium,1,0.9874419569969177
b99d0e9a67df3c1eb2173138810df50f5a61c39c31e746f0b3078fba5a22adf8,images/b99d0e9a67df3c1eb2173138810df50f5a61c39c31e746f0b3078fba5a22adf8.jpg,ComplexDataLab/OpenFake,medium,0,0.0041573867201805115
b9a4c4ffb8e7379f308ddbeca682765246039dc08eaf7b432a788c3fe81010cb,images/b9a4c4ffb8e7379f308ddbeca682765246039dc08eaf7b432a788c3fe81010cb.png,ComplexDataLab/OpenFake,medium,1,0.9928184747695923
ba1a70f119ab02530a3ae31a2fcd19fb2d94a77ef5ccf98733ebc8193194b671,images/ba1a70f119ab02530a3ae31a2fcd19fb2d94a77ef5ccf98733ebc8193194b671.png,RRDataset,medium,1,0.9137744307518005
ba3559b3e0f7b7792ff682688f131919a2ac67b945caeba2e9f166b4411aa93f,images/ba3559b3e0f7b7792ff682688f131919a2ac67b945caeba2e9f166b4411aa93f.jpg,saberzl/SID_Set,medium,0,0.19022443890571594
ba39eff05727c0645b89f0e4c64dcde6d90a0d33dfc9e095c722c0983e10d056,images/ba39eff05727c0645b89f0e4c64dcde6d90a0d33dfc9e095c722c0983e10d056.jpg,saberzl/SID_Set,medium,0,0.14915011823177338
ba54696c0e84b77fa815b730c32817576300a918349557e1613bfe475a288b7a,images/ba54696c0e84b77fa815b730c32817576300a918349557e1613bfe475a288b7a.png,saberzl/SID_Set,medium,1,0.9504119753837585
bad2eb561e967dcbecc626158803fb60907c1d9340e655543b0323a017a4ebac,images/bad2eb561e967dcbecc626158803fb60907c1d9340e655543b0323a017a4ebac.png,saberzl/SID_Set,medium,1,0.9893074631690979
bad9c0cc13d6fa31c29ddf5de476661319cfc23d9eca3490a790d28eaa1f2482,images/bad9c0cc13d6fa31c29ddf5de476661319cfc23d9eca3490a790d28eaa1f2482.jpg,RRDataset,medium,0,0.9320572018623352
baeaf9465db8b18ce85e4e9be4dd0f70ec54b54c72dd61c7785c169c133edbcb,images/baeaf9465db8b18ce85e4e9be4dd0f70ec54b54c72dd61c7785c169c133edbcb.jpg,RRDataset,medium,0,0.8116999268531799
baf37c94d08d621bcd57d1362ecaea04634e38e8cfaceb2eed20e2cd1cd0d554,images/baf37c94d08d621bcd57d1362ecaea04634e38e8cfaceb2eed20e2cd1cd0d554.png,RRDataset,medium,1,0.9692153334617615
baf4e340d006eff83cd83fe4abff8956937133d431eeb71c63610c052aeebc69,images/baf4e340d006eff83cd83fe4abff8956937133d431eeb71c63610c052aeebc69.png,saberzl/SID_Set,medium,1,0.9885699152946472
bafe20e9c999f953a9b97c829326e5c0d5414184bb76f5440d533420808489f7,images/bafe20e9c999f953a9b97c829326e5c0d5414184bb76f5440d533420808489f7.png,saberzl/SID_Set,medium,1,0.8095002770423889
bb04174781ef7a9ad459cb8527c5b406be335341da42094d4c0dffc574c4a744,images/bb04174781ef7a9ad459cb8527c5b406be335341da42094d4c0dffc574c4a744.png,RRDataset,medium,1,0.9022731184959412
bb097c1f48d9a2fabe5e6d92cf3696dde4d0cdc28f6a42e3063b9f6f18c75035,images/bb097c1f48d9a2fabe5e6d92cf3696dde4d0cdc28f6a42e3063b9f6f18c75035.jpg,ComplexDataLab/OpenFake,medium,0,0.04863421991467476
bb2c161425c1f8caed20b17967a36749432ab29776b8f1322876c85631b99387,images/bb2c161425c1f8caed20b17967a36749432ab29776b8f1322876c85631b99387.jpg,RRDataset,medium,0,0.9904500842094421
bb2c47d1f0af52f3e11d36cef8778ecbc7faa5a6630a25244706d808cebcde66,images/bb2c47d1f0af52f3e11d36cef8778ecbc7faa5a6630a25244706d808cebcde66.jpg,saberzl/SID_Set,medium,0,0.2580530643463135
bb3317c556901bc8495f173708bea67e57fbd3d18e1941a9b0d8d2c41a18b040,images/bb3317c556901bc8495f173708bea67e57fbd3d18e1941a9b0d8d2c41a18b040.jpg,RRDataset,medium,0,0.8691291809082031
bb7a2b540cb52c08244c6ecaeb67d23dc2617a1178da09aa3746103e0db830a2,images/bb7a2b540cb52c08244c6ecaeb67d23dc2617a1178da09aa3746103e0db830a2.jpg,RRDataset,medium,0,0.9147207140922546
bb832fd2886ee62af8865ab172f8901a2f02cb3a1a10009f48af26578854b211,images/bb832fd2886ee62af8865ab172f8901a2f02cb3a1a10009f48af26578854b211.jpg,saberzl/SID_Set,medium,0,0.0409105084836483
bba84667d3fc8a3e4e4116813d1316e8da022f784d19079017db1fb95a8e0f26,images/bba84667d3fc8a3e4e4116813d1316e8da022f784d19079017db1fb95a8e0f26.jpg,ComplexDataLab/OpenFake,medium,0,0.0075271413661539555
bbdb40931105eade06538cc8931170800afe345f089888d22cbc49115087de81,images/bbdb40931105eade06538cc8931170800afe345f089888d22cbc49115087de81.png,ComplexDataLab/OpenFake,medium,1,0.9971107244491577
bbe8b17188ce586b729827c3c98b7cc82c2d3bd3be968cc89ecf85df2db7ecf6,images/bbe8b17188ce586b729827c3c98b7cc82c2d3bd3be968cc89ecf85df2db7ecf6.png,ComplexDataLab/OpenFake,medium,1,0.37664783000946045
bc194397e108f8b6ccf35d2cece6a82f89435563d0a9c869a03b9931d21827f4,images/bc194397e108f8b6ccf35d2cece6a82f89435563d0a9c869a03b9931d21827f4.png,saberzl/SID_Set,medium,1,0.9613303542137146
bc5bf365c50be360233e3174d2d7a074f1039738692e3d51f78c062ee010786a,images/bc5bf365c50be360233e3174d2d7a074f1039738692e3d51f78c062ee010786a.jpg,saberzl/SID_Set,medium,0,0.00010306181502528489
bc6180bdfe0e7eabbfbf718abc2d13c9a50ea866abd807a9614e5d5319e49582,images/bc6180bdfe0e7eabbfbf718abc2d13c9a50ea866abd807a9614e5d5319e49582.jpg,ComplexDataLab/OpenFake,medium,0,0.9817270040512085
bc621b45a1d58ea68d9d3dc2b1716506503e867c7a9cf1f865ecb2c733b33134,images/bc621b45a1d58ea68d9d3dc2b1716506503e867c7a9cf1f865ecb2c733b33134.png,saberzl/SID_Set,medium,1,0.8761269450187683
bc7ae30c447e5d10b5d003d60e88b0cf75b878b27705cc8dd5f4ca0e5d90f5df,images/bc7ae30c447e5d10b5d003d60e88b0cf75b878b27705cc8dd5f4ca0e5d90f5df.jpg,ComplexDataLab/OpenFake,medium,0,0.04221575707197189
bc7e84e04cb445baaa2a741d52eb59b20943938a62e1524540bf61cd82e78872,images/bc7e84e04cb445baaa2a741d52eb59b20943938a62e1524540bf61cd82e78872.jpg,ComplexDataLab/OpenFake,medium,0,0.027440300211310387
bc8f5fd196165fabf84d5c19e26ecadd2011ee3ed5b2af10d3aacc62f50aaefe,images/bc8f5fd196165fabf84d5c19e26ecadd2011ee3ed5b2af10d3aacc62f50aaefe.jpg,ComplexDataLab/OpenFake,medium,0,0.8439598083496094
bc90882595ef874581b47d8ec69415451d4d6097809a24e2a297b922530f1ca6,images/bc90882595ef874581b47d8ec69415451d4d6097809a24e2a297b922530f1ca6.jpg,ComplexDataLab/OpenFake,medium,0,0.013119066134095192
bc9520ce41e27a2309067b0e9dafc6aade6e0d44eab801907575c1b44ba538cc,images/bc9520ce41e27a2309067b0e9dafc6aade6e0d44eab801907575c1b44ba538cc.jpg,RRDataset,medium,1,0.5058320760726929
bcc2891344af1ca8ab8fc491c8f6d8b860ac7eaf528f9242885938af0fbd4b37,images/bcc2891344af1ca8ab8fc491c8f6d8b860ac7eaf528f9242885938af0fbd4b37.jpg,ComplexDataLab/OpenFake,medium,0,0.9501290917396545
bd18fb8c67bdcfb38d4e410c079be3670ee1daf448a403b9e827b7f464b62627,images/bd18fb8c67bdcfb38d4e410c079be3670ee1daf448a403b9e827b7f464b62627.png,ComplexDataLab/OpenFake,medium,1,0.9188482761383057
bd4b219399d7fbc654f52c0fa8aa3b7c1feb211f41d4b4e8dabfccf779a0ab4e,images/bd4b219399d7fbc654f52c0fa8aa3b7c1feb211f41d4b4e8dabfccf779a0ab4e.png,saberzl/SID_Set,medium,1,0.9963022470474243
bd65e5033f2e3adba71acb867e82e77c2a5d17bdc6bad76292652c1e3c539796,images/bd65e5033f2e3adba71acb867e82e77c2a5d17bdc6bad76292652c1e3c539796.png,ComplexDataLab/OpenFake,medium,1,0.779002845287323
bd9e72d1b6d15ac87726d5f3595982b2cd896fd3425804185b8bfa1061294290,images/bd9e72d1b6d15ac87726d5f3595982b2cd896fd3425804185b8bfa1061294290.jpg,saberzl/SID_Set,medium,0,0.10146621614694595
bdb3cd6886de35bb4b2179d6f4f681bf64351a8d9fec03ea17c99972803c66ef,images/bdb3cd6886de35bb4b2179d6f4f681bf64351a8d9fec03ea17c99972803c66ef.png,saberzl/SID_Set,medium,1,0.8711888790130615
bdeae710998d4caeb004462816a1019a352b2038d813ef4db39735997ab01ef2,images/bdeae710998d4caeb004462816a1019a352b2038d813ef4db39735997ab01ef2.jpg,ComplexDataLab/OpenFake,medium,1,0.535444974899292
bdf62bcc6770dfc1d3883083f0da0553191e5cbdc22eff0b5f20b6715c6e841b,images/bdf62bcc6770dfc1d3883083f0da0553191e5cbdc22eff0b5f20b6715c6e841b.png,saberzl/SID_Set,medium,1,0.9866428375244141
be1f5254dc34553f2e58c10a8aea0c50099068af3133ccba6e4d837d3df1bfc4,images/be1f5254dc34553f2e58c10a8aea0c50099068af3133ccba6e4d837d3df1bfc4.png,ComplexDataLab/OpenFake,medium,1,0.9286990761756897
be33831209738199210ae60e7d5ad343fe84d1425a79ee92789caf882072276e,images/be33831209738199210ae60e7d5ad343fe84d1425a79ee92789caf882072276e.jpg,ComplexDataLab/OpenFake,medium,0,0.0057852547615766525
be5cd04fe936da1ecd2c8d010d0d524bfb27b363f21c131fb2db45d2ad7c8d08,images/be5cd04fe936da1ecd2c8d010d0d524bfb27b363f21c131fb2db45d2ad7c8d08.png,ComplexDataLab/OpenFake,medium,1,0.99913090467453
be62b4dec746e798b332c77f65f7022abc7f283c8d59eea729255bf4653e32e5,images/be62b4dec746e798b332c77f65f7022abc7f283c8d59eea729255bf4653e32e5.jpg,ComplexDataLab/OpenFake,medium,0,0.08923154324293137
be6559890cc95c081e87d1205248fa045cbf7f6f55d6ba16880d17d8f99f68c2,images/be6559890cc95c081e87d1205248fa045cbf7f6f55d6ba16880d17d8f99f68c2.png,saberzl/SID_Set,medium,1,0.9821400046348572
be65741ad4879e310a643b4e17c0d9e34a4826fa49543cdada6a69bf635c9cb4,images/be65741ad4879e310a643b4e17c0d9e34a4826fa49543cdada6a69bf635c9cb4.jpg,ComplexDataLab/OpenFake,medium,1,0.9307624101638794
be68db324af6488fb91dfcdd0daddaff6b26728ee67e41b1b477c9d2c1bd7f63,images/be68db324af6488fb91dfcdd0daddaff6b26728ee67e41b1b477c9d2c1bd7f63.jpg,RRDataset,medium,0,0.19320598244667053
be91ff23e3eda77d35510cd8754c57d6d2437611e18e7bb561e6d343fd9398a6,images/be91ff23e3eda77d35510cd8754c57d6d2437611e18e7bb561e6d343fd9398a6.png,ComplexDataLab/OpenFake,medium,1,0.9757551550865173
be988cd479aecc49a4d8c248cd296c20ab8fa74b711fe95de0eeab1078e9af48,images/be988cd479aecc49a4d8c248cd296c20ab8fa74b711fe95de0eeab1078e9af48.png,ComplexDataLab/OpenFake,medium,1,0.318083256483078
bebbb0ed484c4826be2d28370b8d0ae0f525f7d321432655d09f71c881f80b1f,images/bebbb0ed484c4826be2d28370b8d0ae0f525f7d321432655d09f71c881f80b1f.png,saberzl/SID_Set,medium,1,0.997369647026062
bedac26db0675db7d6bf45a495b6ac641e219d193260e587d7833a128b147737,images/bedac26db0675db7d6bf45a495b6ac641e219d193260e587d7833a128b147737.jpg,RRDataset,medium,0,0.8525746464729309
bee7dc93465c29e715914999fcae336458da2f66f6504f2281b1c961ca9215d0,images/bee7dc93465c29e715914999fcae336458da2f66f6504f2281b1c961ca9215d0.jpg,saberzl/SID_Set,medium,0,0.025815390050411224
beea8e894360787abaf73d0cadfb6848de6a6f9ff87bc0e2b1923f0c5ab9f961,images/beea8e894360787abaf73d0cadfb6848de6a6f9ff87bc0e2b1923f0c5ab9f961.png,saberzl/SID_Set,medium,1,0.9761146306991577
befae92a3426d61b81393aeecfb8dc2f19325546e954157dcfce1218848d077b,images/befae92a3426d61b81393aeecfb8dc2f19325546e954157dcfce1218848d077b.png,RRDataset,medium,1,0.9987371563911438
bf2edbc0a9708e8a8cde5901e2c2cafb065b2f722c53f93c617a01278de75e66,images/bf2edbc0a9708e8a8cde5901e2c2cafb065b2f722c53f93c617a01278de75e66.png,RRDataset,medium,1,0.9568182229995728
bf4d8af134119a4750e50544cf68d72e4c66aadfb35ea71b230f8ea6e01f9b25,images/bf4d8af134119a4750e50544cf68d72e4c66aadfb35ea71b230f8ea6e01f9b25.jpg,ComplexDataLab/OpenFake,medium,0,0.00043972261482849717
bf60ebe3dd703c0013c53b9961ba2fdf87c107f2fb44e4eff163c9b23344d641,images/bf60ebe3dd703c0013c53b9961ba2fdf87c107f2fb44e4eff163c9b23344d641.jpg,RRDataset,medium,0,0.5119434595108032
bf7158fbc8504a51a0cf1eb2119bae19382876dffa77ad331e68c5d48d4452f5,images/bf7158fbc8504a51a0cf1eb2119bae19382876dffa77ad331e68c5d48d4452f5.png,ComplexDataLab/OpenFake,medium,1,0.8576457500457764
bf8f01a05d2b12780ba1a2a3ec1ecbe57d6445b885cb1c1d4844c8d42396985b,images/bf8f01a05d2b12780ba1a2a3ec1ecbe57d6445b885cb1c1d4844c8d42396985b.png,RRDataset,medium,1,0.9911105632781982
bf9244b06b77599cc94ebe02257240e3f5d84ad89441cadd70601eeb4d156660,images/bf9244b06b77599cc94ebe02257240e3f5d84ad89441cadd70601eeb4d156660.png,RRDataset,medium,1,0.5533860325813293
bfaa53851851278f837759061694f04d8c570b3c35356765ec8704f3c5b53872,images/bfaa53851851278f837759061694f04d8c570b3c35356765ec8704f3c5b53872.jpg,saberzl/SID_Set,medium,0,0.0012280961964279413
bfcf52cef3434ad6c34c1c06a8ff3bd5fd3ce65670c7fd03018fcb608db376f8,images/bfcf52cef3434ad6c34c1c06a8ff3bd5fd3ce65670c7fd03018fcb608db376f8.jpg,RRDataset,medium,0,0.02834833599627018
bfe0b68fd64d6e09a426723e5afbe41daa299667683bc5b31fc107b834917261,images/bfe0b68fd64d6e09a426723e5afbe41daa299667683bc5b31fc107b834917261.png,ComplexDataLab/OpenFake,medium,1,0.6823793649673462
c0212e9c8debbea83b722aad31b07e7b37ebeea63f8679f9069093eee4882926,images/c0212e9c8debbea83b722aad31b07e7b37ebeea63f8679f9069093eee4882926.jpg,ComplexDataLab/OpenFake,medium,0,0.896533191204071
c02e62ea1a7e029ab7afb32b8240ac1638bd84b92f938968198f71e6f428f732,images/c02e62ea1a7e029ab7afb32b8240ac1638bd84b92f938968198f71e6f428f732.jpg,RRDataset,medium,0,0.27291154861450195
c03b1be4d25db85dee1e6a6508242e39f954f2d40d1853e91e34ca108d16a78a,images/c03b1be4d25db85dee1e6a6508242e39f954f2d40d1853e91e34ca108d16a78a.jpg,RRDataset,medium,0,0.9732325673103333
c04dbf031d6ba7e732a54018913c1bf4c3f1309bf8f847dcbc742e4b7746400c,images/c04dbf031d6ba7e732a54018913c1bf4c3f1309bf8f847dcbc742e4b7746400c.png,saberzl/SID_Set,medium,1,0.5024598836898804
c0ab53548738fac7149f354f7a71c8a4cde536b7cdeac9a67e8839743d1bdab2,images/c0ab53548738fac7149f354f7a71c8a4cde536b7cdeac9a67e8839743d1bdab2.png,ComplexDataLab/OpenFake,medium,1,0.9911243319511414
c0ac1d2f4088996987044051675b54b64faa707f2835c88bfa154c13043e9177,images/c0ac1d2f4088996987044051675b54b64faa707f2835c88bfa154c13043e9177.jpg,saberzl/SID_Set,medium,0,0.00012306416465435177
c0cfe945efc93afbf85660bc40632215f7a05de031ea13b4bbcaddbefa5d27f8,images/c0cfe945efc93afbf85660bc40632215f7a05de031ea13b4bbcaddbefa5d27f8.jpg,RRDataset,medium,0,0.6665228009223938
c0e262a672e0a0c2c137f9d10d8f53f7612f6025d52fa891503c44b37785ccc8,images/c0e262a672e0a0c2c137f9d10d8f53f7612f6025d52fa891503c44b37785ccc8.jpg,ComplexDataLab/OpenFake,medium,0,0.5209325551986694
c0e8d32b583aa36daeb127a5752ed47d4b659bfa3ead216ffee3a6a250be3b80,images/c0e8d32b583aa36daeb127a5752ed47d4b659bfa3ead216ffee3a6a250be3b80.png,ComplexDataLab/OpenFake,medium,1,0.9938886165618896
c0fad5fdca887ef09f266aeea70280f5f5cf2750d4e7e865e010635ad58561c2,images/c0fad5fdca887ef09f266aeea70280f5f5cf2750d4e7e865e010635ad58561c2.jpg,ComplexDataLab/OpenFake,medium,0,0.6647831201553345
c116943008bb238fec864df6686d5b0420e2bc4fdb2814906ee727a70eb2f37e,images/c116943008bb238fec864df6686d5b0420e2bc4fdb2814906ee727a70eb2f37e.jpg,ComplexDataLab/OpenFake,medium,0,0.0003943319316022098
c127980528b84ff9062c102dcb7cf9b337c5a910a2bde3b1ba4231afcee5186c,images/c127980528b84ff9062c102dcb7cf9b337c5a910a2bde3b1ba4231afcee5186c.jpg,ComplexDataLab/OpenFake,medium,0,0.5868578553199768
c12de5af6a58750413a431e48979c46742604c110caf24091ee10c538a35f304,images/c12de5af6a58750413a431e48979c46742604c110caf24091ee10c538a35f304.png,RRDataset,medium,1,0.4223264455795288
c1336bc2190d26a4f45b33f607626eac3f0d8ae6be907c08b7b04361191d0e02,images/c1336bc2190d26a4f45b33f607626eac3f0d8ae6be907c08b7b04361191d0e02.jpg,ComplexDataLab/OpenFake,medium,1,0.9309437274932861
c1427afac1b8dfde30045d114a14cf6e6766413df7eed365a4fd44dd17470297,images/c1427afac1b8dfde30045d114a14cf6e6766413df7eed365a4fd44dd17470297.jpg,RRDataset,medium,0,0.42117395997047424
c162a580b060f9df831cdf3536d7f9d040ad059fc1de3197bdd96493cb3bb16b,images/c162a580b060f9df831cdf3536d7f9d040ad059fc1de3197bdd96493cb3bb16b.png,RRDataset,medium,1,0.9659008979797363
c19455560d953cbf4cf4beffce2b830482ebb24e1b1db4538d4ff38d21ec804f,images/c19455560d953cbf4cf4beffce2b830482ebb24e1b1db4538d4ff38d21ec804f.png,RRDataset,medium,1,0.9942591190338135
c2123646d61778b559df66d6de5e9a67d368efd618e7549a1a0aadb2dfee9ace,images/c2123646d61778b559df66d6de5e9a67d368efd618e7549a1a0aadb2dfee9ace.jpg,RRDataset,medium,0,0.8473722338676453
c226728be829310c07e8419204fa4541cbb832388d622eb8e2e6e4f9452b8fc7,images/c226728be829310c07e8419204fa4541cbb832388d622eb8e2e6e4f9452b8fc7.png,saberzl/SID_Set,medium,1,0.971373975276947
c24a48578969a52267ff55a22639201096f5f65a22e82de9d6af7d6486cc16c6,images/c24a48578969a52267ff55a22639201096f5f65a22e82de9d6af7d6486cc16c6.jpg,RRDataset,medium,0,0.5907167196273804
c24f4fd4fc9477b64ac446a66eb58d304493d368ae55cfee0b29333a57850e21,images/c24f4fd4fc9477b64ac446a66eb58d304493d368ae55cfee0b29333a57850e21.jpg,ComplexDataLab/OpenFake,medium,0,0.0002195217675762251
c2723ebef8ac42ec44f39f2bd1996c75dfacd2e0e3c0f84529d375a988d36e4b,images/c2723ebef8ac42ec44f39f2bd1996c75dfacd2e0e3c0f84529d375a988d36e4b.png,RRDataset,medium,1,0.9838305711746216
c2881379492dd71284ac4b63a8d3c629baa2b448c2c9359b65063d36490e1f3a,images/c2881379492dd71284ac4b63a8d3c629baa2b448c2c9359b65063d36490e1f3a.png,saberzl/SID_Set,medium,1,0.9580504298210144
c288843167ffc486da7871707c498ef7ad73ad1ff2f253c4a08fd0d9c1fbcad2,images/c288843167ffc486da7871707c498ef7ad73ad1ff2f253c4a08fd0d9c1fbcad2.jpg,saberzl/SID_Set,medium,0,0.8974133133888245
c290c2eda4e0d1928ee30762b52be5d5147c99e2769b1fadaa1050ce032d8eab,images/c290c2eda4e0d1928ee30762b52be5d5147c99e2769b1fadaa1050ce032d8eab.jpg,saberzl/SID_Set,medium,0,0.026839211583137512
c2ba6eb09c72ba71f906b83595c542516c6b6468b6c6ecadd0048bca9010f5e9,images/c2ba6eb09c72ba71f906b83595c542516c6b6468b6c6ecadd0048bca9010f5e9.png,ComplexDataLab/OpenFake,medium,1,0.9380438327789307
c2c4932409d5de05817e9ebb8f0868b4ba886a83a7caa06e755d9dc9f43b9c9c,images/c2c4932409d5de05817e9ebb8f0868b4ba886a83a7caa06e755d9dc9f43b9c9c.jpg,ComplexDataLab/OpenFake,medium,0,0.005910398904234171
c2cacb13de428d2bb19d3ea532788f2154624dd5a5876d960cb9e8c21f002e8b,images/c2cacb13de428d2bb19d3ea532788f2154624dd5a5876d960cb9e8c21f002e8b.jpg,ComplexDataLab/OpenFake,medium,0,0.8289108872413635
c2e054511cd19df6eb6165955c23a7bea9ca062e962c1fc660c5abde0a4610c5,images/c2e054511cd19df6eb6165955c23a7bea9ca062e962c1fc660c5abde0a4610c5.png,ComplexDataLab/OpenFake,medium,1,0.7932960987091064
c2e8417242aefcba4f35ca5cc77090d74b8dfd00d9f17e49e776889f2a7ea5a0,images/c2e8417242aefcba4f35ca5cc77090d74b8dfd00d9f17e49e776889f2a7ea5a0.jpg,ComplexDataLab/OpenFake,medium,0,0.005614813417196274
c2eca65f9826788693ad9f27c4c4ce9b80284f53a460271705d43a4f07b878f3,images/c2eca65f9826788693ad9f27c4c4ce9b80284f53a460271705d43a4f07b878f3.png,ComplexDataLab/OpenFake,medium,1,0.9407763481140137
c3034badca77ee689d9f79b5a9324235e0dd7da6ae147d16bc01156244efe917,images/c3034badca77ee689d9f79b5a9324235e0dd7da6ae147d16bc01156244efe917.jpg,saberzl/SID_Set,medium,0,0.025249382480978966
c3321c44980ac1eb4861d67763ab0de9594eb2b4a43ba346bac3a86077102dcf,images/c3321c44980ac1eb4861d67763ab0de9594eb2b4a43ba346bac3a86077102dcf.png,saberzl/SID_Set,medium,1,0.9521095752716064
c34b6a4214085bff23ec4c00d23ccd8b6a4ecb285c06c529c678efd8beb54680,images/c34b6a4214085bff23ec4c00d23ccd8b6a4ecb285c06c529c678efd8beb54680.jpg,ComplexDataLab/OpenFake,medium,0,5.4514890507562086e-05
c35a9cbf6b7f7d385049de9c5df0f48b6dc3b209d983bc36686cfe4c66bebf4e,images/c35a9cbf6b7f7d385049de9c5df0f48b6dc3b209d983bc36686cfe4c66bebf4e.jpg,ComplexDataLab/OpenFake,medium,0,0.8736889958381653
c35ff2c605a4ef1f11ab52198ace902cf95f69ecfc1133b36801bd82ba8dd153,images/c35ff2c605a4ef1f11ab52198ace902cf95f69ecfc1133b36801bd82ba8dd153.png,ComplexDataLab/OpenFake,medium,1,0.8476309180259705
c3600adea783e307d21c75c19bc94d7b55fd11444f296aac1e5514161f097bf3,images/c3600adea783e307d21c75c19bc94d7b55fd11444f296aac1e5514161f097bf3.jpg,saberzl/SID_Set,medium,0,0.023394940420985222
c3dfc6e0ca3c7aa6579ed1accf27c007c3ac59269d07013f9905944e239d6d33,images/c3dfc6e0ca3c7aa6579ed1accf27c007c3ac59269d07013f9905944e239d6d33.png,RRDataset,medium,1,0.978590190410614
c3ea3ee89dc98feed7a03bc4d09daa220ddcbd78d6c0c504320c900acaa9f303,images/c3ea3ee89dc98feed7a03bc4d09daa220ddcbd78d6c0c504320c900acaa9f303.jpg,RRDataset,medium,0,0.020422037690877914
c437eac66b8d3a8d354ce2e529639978013c04f0cff7a1ff06a80e84e7288286,images/c437eac66b8d3a8d354ce2e529639978013c04f0cff7a1ff06a80e84e7288286.png,RRDataset,medium,1,0.9985988736152649
c43955d12c0918a6bb0f545632ffb3d35429fb2048680e5bd31a6eec5d468a6b,images/c43955d12c0918a6bb0f545632ffb3d35429fb2048680e5bd31a6eec5d468a6b.png,RRDataset,medium,1,0.9985307455062866
c452c4c44051976b61638dd611e2e510c7295448f5becb17bbb847d2d2b31538,images/c452c4c44051976b61638dd611e2e510c7295448f5becb17bbb847d2d2b31538.png,ComplexDataLab/OpenFake,medium,1,0.9744354486465454
c45e9156798d4a69e7d70cc43f8e9bf0bfe01be4353b5929a02fc77c00a65e17,images/c45e9156798d4a69e7d70cc43f8e9bf0bfe01be4353b5929a02fc77c00a65e17.jpg,saberzl/SID_Set,medium,0,0.0021100149024277925
c4b04c578c6b8a89e4a135d73f0f69ed2fba0787c97b6692279044737196055c,images/c4b04c578c6b8a89e4a135d73f0f69ed2fba0787c97b6692279044737196055c.jpg,saberzl/SID_Set,medium,0,0.014630868099629879
c4b7991c3a133ab685958358d2518250fdb4b990a74c904159ef40f4ce21b06d,images/c4b7991c3a133ab685958358d2518250fdb4b990a74c904159ef40f4ce21b06d.png,RRDataset,medium,1,0.9512042999267578
c4be0e7eeb0123ffe4d628d014fdf8afedf5b85e7e6942291f3b9a7154e79a34,images/c4be0e7eeb0123ffe4d628d014fdf8afedf5b85e7e6942291f3b9a7154e79a34.png,RRDataset,medium,1,0.9984222650527954
c4d041945a82db302fced4b4b064358d1ea2cf1d686bddc7ba2c342b3d3aae1f,images/c4d041945a82db302fced4b4b064358d1ea2cf1d686bddc7ba2c342b3d3aae1f.jpg,ComplexDataLab/OpenFake,medium,0,2.7130578018841334e-05
c511ba529b3d730b3d90a3866f9840f9889ce2a1183f3398a257ef660a8cb688,images/c511ba529b3d730b3d90a3866f9840f9889ce2a1183f3398a257ef660a8cb688.jpg,saberzl/SID_Set,medium,0,0.04921000823378563
c521d38bf560a5f19b842c7f4d80e3486e2d5f99977b44e736b23fddf7cef42a,images/c521d38bf560a5f19b842c7f4d80e3486e2d5f99977b44e736b23fddf7cef42a.png,ComplexDataLab/OpenFake,medium,1,0.9703530669212341
c5a3eaa6665a95f6bfaacdae124b8c1581adb5d46b9e81efe81c136e04c3ec44,images/c5a3eaa6665a95f6bfaacdae124b8c1581adb5d46b9e81efe81c136e04c3ec44.png,ComplexDataLab/OpenFake,medium,1,0.9727986454963684
c5cecca0bbd71422ad42e3462031c0b2b1956cb1ace18ab3407faf4587f03556,images/c5cecca0bbd71422ad42e3462031c0b2b1956cb1ace18ab3407faf4587f03556.jpg,ComplexDataLab/OpenFake,medium,0,0.12754417955875397
c5cfef6696e2d86c5915ade008acd3d9dbdc4790262a7dac73ef00e00e5a1f1d,images/c5cfef6696e2d86c5915ade008acd3d9dbdc4790262a7dac73ef00e00e5a1f1d.png,ComplexDataLab/OpenFake,medium,1,0.9983073472976685
c5e60e4bb13c3c07e499363a9b60c95aadde339208dad28b85d2231c7f883503,images/c5e60e4bb13c3c07e499363a9b60c95aadde339208dad28b85d2231c7f883503.png,ComplexDataLab/OpenFake,medium,1,0.34644070267677307
c5ed894b3b242fd40d06fce3f152fbe4c7d1944c023045736d0226bf4e012ef7,images/c5ed894b3b242fd40d06fce3f152fbe4c7d1944c023045736d0226bf4e012ef7.png,ComplexDataLab/OpenFake,medium,1,0.9942415952682495
c621ef3b295de16d6587c16fa5e3a1177afee1b09afe9b866a5c7dbd58ecb058,images/c621ef3b295de16d6587c16fa5e3a1177afee1b09afe9b866a5c7dbd58ecb058.jpg,ComplexDataLab/OpenFake,medium,0,0.0064011188223958015
c624050ffed89033e37507f564f96c0a51e7d2f965b1677eac5287724ab3c446,images/c624050ffed89033e37507f564f96c0a51e7d2f965b1677eac5287724ab3c446.jpg,RRDataset,medium,0,0.2525901794433594
c628acad8fc8319ab94edf29e4e8b4fbae7b8d7ed51d7d3232171b826a74f32d,images/c628acad8fc8319ab94edf29e4e8b4fbae7b8d7ed51d7d3232171b826a74f32d.png,RRDataset,medium,1,0.9654718041419983
c67d5588da0bfef73e8d35fd1cc41d9f798902c76190185b2446de322a605d92,images/c67d5588da0bfef73e8d35fd1cc41d9f798902c76190185b2446de322a605d92.jpg,ComplexDataLab/OpenFake,medium,0,0.10091283917427063
c6e55ba096ddfd3f4509e9e5566ac92bf3afbedd2883fab82f04df85cad13140,images/c6e55ba096ddfd3f4509e9e5566ac92bf3afbedd2883fab82f04df85cad13140.jpg,ComplexDataLab/OpenFake,medium,1,0.2980167269706726
c6f5d0ab6c49b30dd4080fb3fe7091eb74892afd91175edbaba885a0bc5953a4,images/c6f5d0ab6c49b30dd4080fb3fe7091eb74892afd91175edbaba885a0bc5953a4.png,RRDataset,medium,1,0.9772590398788452
c728f3c362ee778c77adc28dff496300e2a9d37ccbb8c2bd41e88985f14c4b82,images/c728f3c362ee778c77adc28dff496300e2a9d37ccbb8c2bd41e88985f14c4b82.jpg,ComplexDataLab/OpenFake,medium,1,0.9843387007713318
c734eb1791aa6de4f5da41c7723c3e1f1445d6bdcdcf9786a0eac69fb6d68831,images/c734eb1791aa6de4f5da41c7723c3e1f1445d6bdcdcf9786a0eac69fb6d68831.png,RRDataset,medium,1,0.9807676672935486
c73a2864d430d34bd796e870bdb19f36cb53e51849e9811921906df83b7799fc,images/c73a2864d430d34bd796e870bdb19f36cb53e51849e9811921906df83b7799fc.jpg,RRDataset,medium,0,0.6466184258460999
c760660d3874012c7a63ac17a3d6983f39d197ef49150ede213555b3cd1b0a42,images/c760660d3874012c7a63ac17a3d6983f39d197ef49150ede213555b3cd1b0a42.png,ComplexDataLab/OpenFake,medium,1,0.9945688247680664
c761710b14fb12f076f4420c3ce9ec3fcf543487cc7dd9ab042df7782207c4c8,images/c761710b14fb12f076f4420c3ce9ec3fcf543487cc7dd9ab042df7782207c4c8.jpg,RRDataset,medium,0,0.11016105860471725
c775e443b47a3098db7cdb501bde72165ee9b69e84250f50236c5f2285317350,images/c775e443b47a3098db7cdb501bde72165ee9b69e84250f50236c5f2285317350.png,saberzl/SID_Set,medium,1,0.9818100929260254
c78dbccb820bde781f9aaeea6a9e19e9d22ffb2d182460fdc4c28cfe5810bc0e,images/c78dbccb820bde781f9aaeea6a9e19e9d22ffb2d182460fdc4c28cfe5810bc0e.png,saberzl/SID_Set,medium,1,0.9389566779136658
c799ba4e5bf8d5f2207725a5fcd5379473c929e8a93cd910e51d86d13f553fc2,images/c799ba4e5bf8d5f2207725a5fcd5379473c929e8a93cd910e51d86d13f553fc2.png,RRDataset,medium,1,0.9905102849006653
c7d05466f4948689f58add2b702fa94f7f3991b247baa63259ce6bf0e8eef4ea,images/c7d05466f4948689f58add2b702fa94f7f3991b247baa63259ce6bf0e8eef4ea.png,ComplexDataLab/OpenFake,medium,1,0.8348259925842285
c81cdf27e85e5c03d178bb480ab1c7872a09b1ece9aac4aa72f57bea2028538f,images/c81cdf27e85e5c03d178bb480ab1c7872a09b1ece9aac4aa72f57bea2028538f.jpg,saberzl/SID_Set,medium,0,0.19809240102767944
c83d379bfde60afc721f797105c13c98a1a10c5395c1e8cd6b4d15a31ed9d05e,images/c83d379bfde60afc721f797105c13c98a1a10c5395c1e8cd6b4d15a31ed9d05e.jpg,ComplexDataLab/OpenFake,medium,1,0.2311335951089859
c83ebc09d184186661b731e667f0bcd9095c3044cfd1bffa79a21c4144cd4f47,images/c83ebc09d184186661b731e667f0bcd9095c3044cfd1bffa79a21c4144cd4f47.png,saberzl/SID_Set,medium,1,0.9356442093849182
c8447abf5444315c0b657735157f19acb49524ea4cbf96ec944facabd0356632,images/c8447abf5444315c0b657735157f19acb49524ea4cbf96ec944facabd0356632.png,RRDataset,medium,1,0.9806135892868042
c85157e5de0391c815056bf9a9919751d79c91ed57f718b087daaeb1088eba8f,images/c85157e5de0391c815056bf9a9919751d79c91ed57f718b087daaeb1088eba8f.jpg,saberzl/SID_Set,medium,0,0.13711921870708466
c862e2e5fab2a8b358358bf6e0b38a55d35da84e6e774e2edefcb4ab08663273,images/c862e2e5fab2a8b358358bf6e0b38a55d35da84e6e774e2edefcb4ab08663273.png,RRDataset,medium,1,0.9724512100219727
c88d725a580041337e27148929c3a548145987224429641bb8435836a5b5944b,images/c88d725a580041337e27148929c3a548145987224429641bb8435836a5b5944b.jpg,saberzl/SID_Set,medium,0,0.9764887690544128
c8907fe48a7bac5520e0310da22c546f622ac3a30f95f7b1851a7ee2fd352a56,images/c8907fe48a7bac5520e0310da22c546f622ac3a30f95f7b1851a7ee2fd352a56.png,ComplexDataLab/OpenFake,medium,0,0.06919872015714645
c909e7c8be0cd5c92f839208f2ca0925d73b46cb16de09271c19b4a940ee4f7d,images/c909e7c8be0cd5c92f839208f2ca0925d73b46cb16de09271c19b4a940ee4f7d.png,saberzl/SID_Set,medium,1,0.9820350408554077
c913376fc6700167971531c9ab98061ea83a6dca8e0b8978c45fdf8458e21a0a,images/c913376fc6700167971531c9ab98061ea83a6dca8e0b8978c45fdf8458e21a0a.jpg,RRDataset,medium,0,0.8639146685600281
c918725cd3a4796deb191bd8f590b314952e40348fc53ad0ba019dd42e9920b9,images/c918725cd3a4796deb191bd8f590b314952e40348fc53ad0ba019dd42e9920b9.jpg,ComplexDataLab/OpenFake,medium,0,0.3995172381401062
c9458878b2459e12c6c8ad350b95764a8ff15c1fa847c98ce06897a2d7b9f2ff,images/c9458878b2459e12c6c8ad350b95764a8ff15c1fa847c98ce06897a2d7b9f2ff.jpg,saberzl/SID_Set,medium,0,0.03651710972189903
c971689c1b870d12c9dc74b20a83419ba5a0ddc2de03c5f6afb48af5e502f5a6,images/c971689c1b870d12c9dc74b20a83419ba5a0ddc2de03c5f6afb48af5e502f5a6.jpg,saberzl/SID_Set,medium,0,0.052203137427568436
c9738d7d2ccdd0a7a9f3df6477f83058fd5c2a46b50b46a5cd72ba1be2d208bc,images/c9738d7d2ccdd0a7a9f3df6477f83058fd5c2a46b50b46a5cd72ba1be2d208bc.jpg,saberzl/SID_Set,medium,0,0.2687566578388214
c995b0fcd9b16584ac2578fabcc0abf4116334afce2dfff662a58ca840f7c125,images/c995b0fcd9b16584ac2578fabcc0abf4116334afce2dfff662a58ca840f7c125.png,ComplexDataLab/OpenFake,medium,1,0.4406401216983795
c9b63d5856933565c276c85abd62ea613f839603c18cbe2dd85c9351098ae6b2,images/c9b63d5856933565c276c85abd62ea613f839603c18cbe2dd85c9351098ae6b2.jpg,RRDataset,medium,0,0.5501930713653564
c9bba1210c7bb1755c83cb468d3624b4a047b1f535a305afba921bd9b19eda6e,images/c9bba1210c7bb1755c83cb468d3624b4a047b1f535a305afba921bd9b19eda6e.png,ComplexDataLab/OpenFake,medium,1,0.02535948157310486
c9ef7ea1700260f8ed01e76a0a702ef7715198dd4ea90a7c0d17173b9ab46953,images/c9ef7ea1700260f8ed01e76a0a702ef7715198dd4ea90a7c0d17173b9ab46953.jpg,ComplexDataLab/OpenFake,medium,0,0.13669782876968384
c9f76e46d3d8995487a68f39960d76eda4d170c805a99da82245ac9c6c00bd76,images/c9f76e46d3d8995487a68f39960d76eda4d170c805a99da82245ac9c6c00bd76.jpg,ComplexDataLab/OpenFake,medium,0,0.22415456175804138
ca202ce83730c4484a9d3909d34371ec8767a3db93e5ea3b92d922fc2160fda1,images/ca202ce83730c4484a9d3909d34371ec8767a3db93e5ea3b92d922fc2160fda1.jpg,saberzl/SID_Set,medium,0,0.005033825524151325
ca2af21e26d4f282ac841e2166349b30f6af8d6a48439b60e326c90f5fd210a0,images/ca2af21e26d4f282ac841e2166349b30f6af8d6a48439b60e326c90f5fd210a0.png,RRDataset,medium,1,0.8947668075561523
ca2bdbe192319fee0afeddba0a82110cf1c8a67c74cc17db53bf2440b8163360,images/ca2bdbe192319fee0afeddba0a82110cf1c8a67c74cc17db53bf2440b8163360.png,ComplexDataLab/OpenFake,medium,0,0.8110688924789429
ca7c5bc8bf954cb1b8d9bd3c377d657b4dc5c01271156c87ef6a8e10394e94cd,images/ca7c5bc8bf954cb1b8d9bd3c377d657b4dc5c01271156c87ef6a8e10394e94cd.jpg,ComplexDataLab/OpenFake,medium,1,0.5813440680503845
ca9ab8fa2c171bcd39df861683642b021ee1dba9dd740c1996e96961fb1eb0d4,images/ca9ab8fa2c171bcd39df861683642b021ee1dba9dd740c1996e96961fb1eb0d4.png,ComplexDataLab/OpenFake,medium,1,0.9979883432388306
caa963ad71e0ea2c6db30f345e9664420804a7228fa878485e46b8617ae7f38e,images/caa963ad71e0ea2c6db30f345e9664420804a7228fa878485e46b8617ae7f38e.jpg,ComplexDataLab/OpenFake,medium,0,0.906654953956604
cadea4edc365c1102298bc36a3338126b25a2a5250d5f1735815dfd69cf02ea9,images/cadea4edc365c1102298bc36a3338126b25a2a5250d5f1735815dfd69cf02ea9.jpg,RRDataset,medium,0,0.7975247502326965
cb04ef807bf07235030c99858a5b64b17526b60e9ec5cd22e36a025000cd758d,images/cb04ef807bf07235030c99858a5b64b17526b60e9ec5cd22e36a025000cd758d.jpg,saberzl/SID_Set,medium,0,0.5856769680976868
cb36a0ff363acbafc2667bd69b289e2b28c76a5c01b23938b8ab2c65342074e6,images/cb36a0ff363acbafc2667bd69b289e2b28c76a5c01b23938b8ab2c65342074e6.png,ComplexDataLab/OpenFake,medium,1,0.6027655005455017
cb470d8e846eb8d41bf74e49be8f95ff37c1605cf5480ad7b6fd234015964b5e,images/cb470d8e846eb8d41bf74e49be8f95ff37c1605cf5480ad7b6fd234015964b5e.jpg,RRDataset,medium,0,0.335466593503952
cb9401c5ddce3c5f4f03f5d217573ff85e17e0fd6400a40dc29904555495bf3e,images/cb9401c5ddce3c5f4f03f5d217573ff85e17e0fd6400a40dc29904555495bf3e.jpg,saberzl/SID_Set,medium,0,0.43205735087394714
cc0a51d4be9f571db9b523a55268e2dbf0e950af7dbd393a63e1eba4d61d02ff,images/cc0a51d4be9f571db9b523a55268e2dbf0e950af7dbd393a63e1eba4d61d02ff.jpg,RRDataset,medium,0,0.9256798624992371
cc3dcb7cb4b21477aa05b561dd8a69366d4c1bdbe32a0d1a3abce83e81697b79,images/cc3dcb7cb4b21477aa05b561dd8a69366d4c1bdbe32a0d1a3abce83e81697b79.jpg,saberzl/SID_Set,medium,0,0.9640889167785645
cc4089d4cc539abff42c4038fc67c167a460b33ba5165d8b18a5780e4045324a,images/cc4089d4cc539abff42c4038fc67c167a460b33ba5165d8b18a5780e4045324a.jpg,saberzl/SID_Set,medium,0,0.9594692587852478
cc8ccafc3ff0fa0c3a86c32203d230d5015bbc92153d7a1df251135b70ce859d,images/cc8ccafc3ff0fa0c3a86c32203d230d5015bbc92153d7a1df251135b70ce859d.jpg,ComplexDataLab/OpenFake,medium,0,0.13285164535045624
cc97a56aad15bbad36f11c8cc20bc1706049348950941d58463e3437ef499d5c,images/cc97a56aad15bbad36f11c8cc20bc1706049348950941d58463e3437ef499d5c.png,saberzl/SID_Set,medium,1,0.9798229336738586
cc98640db271e5affacd6afdc49bb52325038899733a292f3d13dd1fcaf67b51,images/cc98640db271e5affacd6afdc49bb52325038899733a292f3d13dd1fcaf67b51.jpg,saberzl/SID_Set,medium,0,0.16115571558475494
ccbf158cb620b345288891f43c39c0f60211fc8c0da6f3c62a15c6d2625f9c27,images/ccbf158cb620b345288891f43c39c0f60211fc8c0da6f3c62a15c6d2625f9c27.png,ComplexDataLab/OpenFake,medium,1,0.9984252452850342
ccbf55f91b66c9111e3a8eb900758f0801e42c27b794837caf8c23f491f99876,images/ccbf55f91b66c9111e3a8eb900758f0801e42c27b794837caf8c23f491f99876.jpg,saberzl/SID_Set,medium,0,0.817024827003479
ccdd15bdb9729d2f8220b579758de42c7cdec59e99e6d41722a68be55d8fb0e2,images/ccdd15bdb9729d2f8220b579758de42c7cdec59e99e6d41722a68be55d8fb0e2.png,saberzl/SID_Set,medium,1,0.9986963868141174
ccf8a071d9ec6622b29dc16e7d37fdda39b74fcf22b6b88ce8c7589d08c1dc68,images/ccf8a071d9ec6622b29dc16e7d37fdda39b74fcf22b6b88ce8c7589d08c1dc68.png,saberzl/SID_Set,medium,1,0.8479167222976685
cd0140837a503bfd27ec32418b572e9c5caa87851145cf4aab1bbf9b9894ece6,images/cd0140837a503bfd27ec32418b572e9c5caa87851145cf4aab1bbf9b9894ece6.png,ComplexDataLab/OpenFake,medium,1,0.04548744112253189
cd2bddb609705eb2b8b704f84055c7eac7c55cc057f6a1a7d11bc511cf994def,images/cd2bddb609705eb2b8b704f84055c7eac7c55cc057f6a1a7d11bc511cf994def.jpg,ComplexDataLab/OpenFake,medium,0,3.338405440445058e-05
cd2f13609e89b0a0a68fef8be7270c664b73d0421471682790823c42feec25df,images/cd2f13609e89b0a0a68fef8be7270c664b73d0421471682790823c42feec25df.jpg,saberzl/SID_Set,medium,0,0.5662422776222229
cd373b2b10d6ddfd6eeefa77a4b20381052af2c5d5c949cfe463535b3961f926,images/cd373b2b10d6ddfd6eeefa77a4b20381052af2c5d5c949cfe463535b3961f926.jpg,RRDataset,medium,0,0.992215096950531
cd758097cb0340e3d20abe2a022ba468b5d4a82aa1dea0d549c616e3e2bb5809,images/cd758097cb0340e3d20abe2a022ba468b5d4a82aa1dea0d549c616e3e2bb5809.jpg,RRDataset,medium,0,0.138792484998703
cd95d75ad54402f1d99972ff2b1ba80ed41b7fe0d42350b280b4f183c637a570,images/cd95d75ad54402f1d99972ff2b1ba80ed41b7fe0d42350b280b4f183c637a570.png,ComplexDataLab/OpenFake,medium,1,0.9883204698562622
cd9bbfb9d0842bf2f38404c1eb4d63c4a01d24ce46d7abde4f57bed02071e4c4,images/cd9bbfb9d0842bf2f38404c1eb4d63c4a01d24ce46d7abde4f57bed02071e4c4.png,ComplexDataLab/OpenFake,medium,1,0.9930457472801208
cdd03c13ad446fb30ad2b586323acf729c70dabaf48384c3100387bb7ab19493,images/cdd03c13ad446fb30ad2b586323acf729c70dabaf48384c3100387bb7ab19493.jpg,saberzl/SID_Set,medium,0,0.8285300135612488
cdd1f0ae79a48db92440bda507607d1fc37966555829a44555821e0acd4254dc,images/cdd1f0ae79a48db92440bda507607d1fc37966555829a44555821e0acd4254dc.jpg,saberzl/SID_Set,medium,0,0.3988890051841736
cde273ea5208cbc5e5dcf49738052713b32f6426eebc10b7b54fe27a05f5e1b0,images/cde273ea5208cbc5e5dcf49738052713b32f6426eebc10b7b54fe27a05f5e1b0.png,RRDataset,medium,1,0.9635754227638245
cde8034bffec16672bb4501eabbc1e2ceca39ee3624585ddc831b0d74a7abf28,images/cde8034bffec16672bb4501eabbc1e2ceca39ee3624585ddc831b0d74a7abf28.png,saberzl/SID_Set,medium,1,0.9968745708465576
cdeb9bca0271c9523ca2e4467085ec1e91a2a5347cbe5d6970f14c1c8c501a2a,images/cdeb9bca0271c9523ca2e4467085ec1e91a2a5347cbe5d6970f14c1c8c501a2a.png,saberzl/SID_Set,medium,1,0.9874864816665649
ce16e1f0b1f4a905a664cae453df8fcc469f4c476392ed34633c8df366b28876,images/ce16e1f0b1f4a905a664cae453df8fcc469f4c476392ed34633c8df366b28876.jpg,RRDataset,medium,0,0.062490835785865784
ce3059746c74b84c7c1b1e1d0fc2c7fdd68aa51eed527a662e341e70e4a857e2,images/ce3059746c74b84c7c1b1e1d0fc2c7fdd68aa51eed527a662e341e70e4a857e2.png,ComplexDataLab/OpenFake,medium,1,0.9929963946342468
ce73d45404b6fe89c55b4afb66ca208af45c2c3bb0c982a24c632ba7298ced62,images/ce73d45404b6fe89c55b4afb66ca208af45c2c3bb0c982a24c632ba7298ced62.jpg,ComplexDataLab/OpenFake,medium,0,0.027332287281751633
ceb0852e9d56c004286e31c95841f1ea66071d145da96a7f11662b5d0f00a1f8,images/ceb0852e9d56c004286e31c95841f1ea66071d145da96a7f11662b5d0f00a1f8.png,RRDataset,medium,1,0.9804307818412781
cec0a24d292b0ca1a790d26aa36f4187cb70f7bd1e1fe5daceb97b0ba5472c16,images/cec0a24d292b0ca1a790d26aa36f4187cb70f7bd1e1fe5daceb97b0ba5472c16.png,RRDataset,medium,1,0.991732120513916
cecf451bc08036fd8fba5e930616312e3b3ecd838bb11ccb1f2af5eedb15df2f,images/cecf451bc08036fd8fba5e930616312e3b3ecd838bb11ccb1f2af5eedb15df2f.jpg,ComplexDataLab/OpenFake,medium,0,0.03256560117006302
cee225ee8487b0c21804da3d7bf543ba25f75e78e97da10cf836a90261db1c7f,images/cee225ee8487b0c21804da3d7bf543ba25f75e78e97da10cf836a90261db1c7f.png,RRDataset,medium,1,0.9487401843070984
cf0a47f943c122ce6c321e9a5225bb62ff1d7dd275733edfde6c078552306348,images/cf0a47f943c122ce6c321e9a5225bb62ff1d7dd275733edfde6c078552306348.jpg,ComplexDataLab/OpenFake,medium,0,0.24955438077449799
cf2cbadf6f1e7e59afbd19a07896203d5d104e1ac31eb93d9eb1391e11094e82,images/cf2cbadf6f1e7e59afbd19a07896203d5d104e1ac31eb93d9eb1391e11094e82.jpg,saberzl/SID_Set,medium,0,0.19665950536727905
cf55db9bc4ff3888a5edcd8417ebd5c6bd475d27020412b5be459a42a772ad66,images/cf55db9bc4ff3888a5edcd8417ebd5c6bd475d27020412b5be459a42a772ad66.jpg,saberzl/SID_Set,medium,0,0.9585696458816528
cf571eeb694d44734b0d694e047c444ff1400ff1d49416ac3eab77e77ebc5d09,images/cf571eeb694d44734b0d694e047c444ff1400ff1d49416ac3eab77e77ebc5d09.png,saberzl/SID_Set,medium,1,0.9246992468833923
cf627dec794414e42a3a4132a4eb81e28ce00ea1eba251c0d268bf2ba7006984,images/cf627dec794414e42a3a4132a4eb81e28ce00ea1eba251c0d268bf2ba7006984.jpg,RRDataset,medium,0,0.09077288955450058
cf75c470af8aad23ad8703c523af878411d939a59ff4248abc06957912632bd6,images/cf75c470af8aad23ad8703c523af878411d939a59ff4248abc06957912632bd6.png,ComplexDataLab/OpenFake,medium,1,0.9969083666801453
cf88ccaf4d8daa16f8e9a9a3e209a9594f322f325bb03475ccb7068b4407beac,images/cf88ccaf4d8daa16f8e9a9a3e209a9594f322f325bb03475ccb7068b4407beac.png,RRDataset,medium,1,0.9772018790245056
cfb21d14326be980c3244536b29b34fcea58df986274abde970c98ba5a70571f,images/cfb21d14326be980c3244536b29b34fcea58df986274abde970c98ba5a70571f.jpeg,RRDataset,medium,0,0.9353569149971008
cfb89bc2ce065157cfceb3b2d52caefd2fc8dbac64a0dc00a5c9d5bfda40ff8a,images/cfb89bc2ce065157cfceb3b2d52caefd2fc8dbac64a0dc00a5c9d5bfda40ff8a.jpg,saberzl/SID_Set,medium,0,0.2677323520183563
cfe8594f2b0c30931a483c55a92a7129bb31a641945486d6581ff6458ce17aba,images/cfe8594f2b0c30931a483c55a92a7129bb31a641945486d6581ff6458ce17aba.png,saberzl/SID_Set,medium,1,0.9922440648078918
d01447ba9d0a472cd7bc322f727e63ab44f6c981736f739fb3b24c3066e53181,images/d01447ba9d0a472cd7bc322f727e63ab44f6c981736f739fb3b24c3066e53181.png,ComplexDataLab/OpenFake,medium,1,0.09368513524532318
d04b5438afe50e9ac7343223222a70d1d0c7a64e00b754502dd333c645278232,images/d04b5438afe50e9ac7343223222a70d1d0c7a64e00b754502dd333c645278232.jpg,saberzl/SID_Set,medium,0,0.7476997375488281
d05041e98611d7c927304e7748b78e3401e057d7d49f07a56b098a139ecd115d,images/d05041e98611d7c927304e7748b78e3401e057d7d49f07a56b098a139ecd115d.png,saberzl/SID_Set,medium,1,0.4856676459312439
d05f78ef7762c69dd7d25184bba8ac3f72cb07c108e63720619b0377201f8eca,images/d05f78ef7762c69dd7d25184bba8ac3f72cb07c108e63720619b0377201f8eca.png,RRDataset,medium,1,0.9694589376449585
d066fa92015c721afa42138ea2408efdd74734b0cd7e8a23d71f0c4b7cd5873b,images/d066fa92015c721afa42138ea2408efdd74734b0cd7e8a23d71f0c4b7cd5873b.jpg,RRDataset,medium,0,0.9746042490005493
d090b907d1fb32e2d2447a8f5caf3c961379eea6907b24f210b47218ba016944,images/d090b907d1fb32e2d2447a8f5caf3c961379eea6907b24f210b47218ba016944.png,RRDataset,medium,1,0.9986482262611389
d0b94e631bfa643fcee64a5b5eaa042e3cd6e295044ffe47a54043930eacc906,images/d0b94e631bfa643fcee64a5b5eaa042e3cd6e295044ffe47a54043930eacc906.png,ComplexDataLab/OpenFake,medium,1,0.47357937693595886
d0bbc735113bb887f6d0d750f5f054870707fafc8d14a13a6990ed2a7e3d54a7,images/d0bbc735113bb887f6d0d750f5f054870707fafc8d14a13a6990ed2a7e3d54a7.jpg,RRDataset,medium,0,0.6899105310440063
d0d243ffb3fccaf55a471ca1308586a431cf4bb5fd1ecedab271fc6f6c2b8d8b,images/d0d243ffb3fccaf55a471ca1308586a431cf4bb5fd1ecedab271fc6f6c2b8d8b.png,ComplexDataLab/OpenFake,medium,1,0.878348171710968
d11569494b19cd78a6cf9e2c24988063987532c0f6bc04b8835b2bae55a621df,images/d11569494b19cd78a6cf9e2c24988063987532c0f6bc04b8835b2bae55a621df.jpg,saberzl/SID_Set,medium,0,0.7219303846359253
d1313d2d7e839607f94129179b83931561b17c0ddc3c3833956ebe3a3d731a9c,images/d1313d2d7e839607f94129179b83931561b17c0ddc3c3833956ebe3a3d731a9c.jpg,RRDataset,medium,0,0.9814469814300537
d14f4a59f0b6abeccaaa641377bae6125fd8fc1df21d9398f29464dc59f424ac,images/d14f4a59f0b6abeccaaa641377bae6125fd8fc1df21d9398f29464dc59f424ac.jpg,saberzl/SID_Set,medium,0,0.01834796369075775
d17ffe7e6668ad6ef29d5d6aff1249f81dd0915a4677110dd33ce5e309dbe5a3,images/d17ffe7e6668ad6ef29d5d6aff1249f81dd0915a4677110dd33ce5e309dbe5a3.jpg,ComplexDataLab/OpenFake,medium,0,0.004138866905122995
d1db65f754b643548db9cb83bf015b3523157c16f58cc7d45bd69c8bac064a86,images/d1db65f754b643548db9cb83bf015b3523157c16f58cc7d45bd69c8bac064a86.png,saberzl/SID_Set,medium,1,0.9399590492248535
d1e946eef979ab4beee2e901e9fd62478d562b238ca62eb2fbdb98d7e2a8377f,images/d1e946eef979ab4beee2e901e9fd62478d562b238ca62eb2fbdb98d7e2a8377f.jpg,saberzl/SID_Set,medium,0,0.0019184703705832362
d1f131bc024591a8704fe9cfeac975d79c5b5632297c130c92fed293e3b21fd2,images/d1f131bc024591a8704fe9cfeac975d79c5b5632297c130c92fed293e3b21fd2.jpg,saberzl/SID_Set,medium,0,0.37825554609298706
d219dd09455ba27e628fd8da8db35e8b3f1582c2ee91ddc3b6343185d1f870ea,images/d219dd09455ba27e628fd8da8db35e8b3f1582c2ee91ddc3b6343185d1f870ea.png,saberzl/SID_Set,medium,1,0.9513915777206421
d2501bfc7f5d57c6a72f3ccfefdf85037eea90ec92248c1898ce9ba11922d8c3,images/d2501bfc7f5d57c6a72f3ccfefdf85037eea90ec92248c1898ce9ba11922d8c3.jpg,ComplexDataLab/OpenFake,medium,0,0.45296862721443176
d294a3f4dfbef7383624f0d9ee20625f080f8404ccf07832f84f424ea1ff42b6,images/d294a3f4dfbef7383624f0d9ee20625f080f8404ccf07832f84f424ea1ff42b6.png,saberzl/SID_Set,medium,1,0.44535791873931885
d2e45b157a96a56aa8dee012f2c451c65f8d03ef2f4ec3315383800dfa83ea3b,images/d2e45b157a96a56aa8dee012f2c451c65f8d03ef2f4ec3315383800dfa83ea3b.jpg,ComplexDataLab/OpenFake,medium,0,0.7016046643257141
d2e63cb06172418ca0c76281605cc5203b48992745a833feed3e864c8fcf24a2,images/d2e63cb06172418ca0c76281605cc5203b48992745a833feed3e864c8fcf24a2.jpg,ComplexDataLab/OpenFake,medium,0,0.2186502367258072
d3505d04c2e9174855c579c2785c100368d5ca2760bb24c83b8af6975bbf70ed,images/d3505d04c2e9174855c579c2785c100368d5ca2760bb24c83b8af6975bbf70ed.png,ComplexDataLab/OpenFake,medium,1,0.9050040245056152
d37b6e2864def648f1ad866e0dea40ae06c9ac1791ddd58450e6cce05ee252b5,images/d37b6e2864def648f1ad866e0dea40ae06c9ac1791ddd58450e6cce05ee252b5.jpg,saberzl/SID_Set,medium,0,0.30090242624282837
d3c995652ab7554fbe7267ec25c28f52a2d52bbf2dc84b183d7a9a33e8e104f1,images/d3c995652ab7554fbe7267ec25c28f52a2d52bbf2dc84b183d7a9a33e8e104f1.png,ComplexDataLab/OpenFake,medium,1,0.9952622652053833
d3ebf5bc354535da7841954f6c2601b8ed0ece9b85405229985732fc41f8d315,images/d3ebf5bc354535da7841954f6c2601b8ed0ece9b85405229985732fc41f8d315.jpg,ComplexDataLab/OpenFake,medium,0,0.002831702586263418
d45ab0501f579037410eae93e2ae9f547629d6597b3c4e4a1846ec682c2d2b87,images/d45ab0501f579037410eae93e2ae9f547629d6597b3c4e4a1846ec682c2d2b87.jpg,RRDataset,medium,0,0.3198736011981964
d461bee7090caebe59a85ce4475c2259e4fe1c25fb490989b53c7280cfc58de9,images/d461bee7090caebe59a85ce4475c2259e4fe1c25fb490989b53c7280cfc58de9.jpg,RRDataset,medium,0,0.03925304114818573
d49b53f27acca3660be831861d521593754a85d8b55b6e511dbcfecf02da60d8,images/d49b53f27acca3660be831861d521593754a85d8b55b6e511dbcfecf02da60d8.jpg,saberzl/SID_Set,medium,0,0.042368244379758835
d4ea3bb856f02755e667877cede7b2701594cbf278222bfef6b82931304b767c,images/d4ea3bb856f02755e667877cede7b2701594cbf278222bfef6b82931304b767c.png,saberzl/SID_Set,medium,1,0.9696061611175537
d506c23b6ef8cca94d600a41dfcb3e477121d0ab83d4a5b8154a1295da396c69,images/d506c23b6ef8cca94d600a41dfcb3e477121d0ab83d4a5b8154a1295da396c69.png,saberzl/SID_Set,medium,1,0.9877800941467285
d51c08281241edce6d52883e708a34e9b5b35e606069560e0a8627ffa8eb14ff,images/d51c08281241edce6d52883e708a34e9b5b35e606069560e0a8627ffa8eb14ff.jpg,RRDataset,medium,0,0.5928733944892883
d536e3bd1b53d6babdccfdb2847caa4d45ef30ecace03d8b000869faaaee0309,images/d536e3bd1b53d6babdccfdb2847caa4d45ef30ecace03d8b000869faaaee0309.jpg,ComplexDataLab/OpenFake,medium,0,0.3473212420940399
d5429345687161ca008a3a78d324e15d804a04fd96e1eb2db4258d61ca12af97,images/d5429345687161ca008a3a78d324e15d804a04fd96e1eb2db4258d61ca12af97.webp,ComplexDataLab/OpenFake,medium,1,0.9585168957710266
d59a9228e97df00be2c69251e5b3587401b183206498f928602d8e7a9114144b,images/d59a9228e97df00be2c69251e5b3587401b183206498f928602d8e7a9114144b.png,saberzl/SID_Set,medium,1,0.9858149290084839
d5db53d9202a2a8c9dd8a6a20e276f900a6c6df2a03ddf95ecb2dba5a88f08e4,images/d5db53d9202a2a8c9dd8a6a20e276f900a6c6df2a03ddf95ecb2dba5a88f08e4.jpg,ComplexDataLab/OpenFake,medium,0,0.6871368885040283
d628d50aed746ce27b8d02f53bb8de56937a49cd724ff58b46b0d95bc3020710,images/d628d50aed746ce27b8d02f53bb8de56937a49cd724ff58b46b0d95bc3020710.jpg,RRDataset,medium,0,0.18141525983810425
d6544c888ef132d0a48606fbbd093921c31b435d7a974f7b5d759e34aa4d647d,images/d6544c888ef132d0a48606fbbd093921c31b435d7a974f7b5d759e34aa4d647d.jpg,RRDataset,medium,0,0.47054997086524963
d65be54baf5a369d786d021f58af1fbd20a539c9eb9ec74424fbd68544732b14,images/d65be54baf5a369d786d021f58af1fbd20a539c9eb9ec74424fbd68544732b14.jpg,RRDataset,medium,0,0.5147902369499207
d6667ce7c01b23d5443011b329e19dea1f82f0abfe8b1964f3d5e82a0c8d51cc,images/d6667ce7c01b23d5443011b329e19dea1f82f0abfe8b1964f3d5e82a0c8d51cc.png,ComplexDataLab/OpenFake,medium,1,0.3063483238220215
d66b6df8bb2d8725eb1ad6ea69f1a2101961f28d8fb06848c71283536066668b,images/d66b6df8bb2d8725eb1ad6ea69f1a2101961f28d8fb06848c71283536066668b.png,saberzl/SID_Set,medium,1,0.9902307391166687
d6a8ec21967bf774c601f3381da53b17b3baf2f3fe1f87cc8ae1536a26792cbd,images/d6a8ec21967bf774c601f3381da53b17b3baf2f3fe1f87cc8ae1536a26792cbd.jpg,ComplexDataLab/OpenFake,medium,0,0.32667064666748047
d72d8b5e970f3df737510f869c2bc73df6af2a46ef27029b1882f4c8b433b7da,images/d72d8b5e970f3df737510f869c2bc73df6af2a46ef27029b1882f4c8b433b7da.jpg,ComplexDataLab/OpenFake,medium,0,0.30609428882598877
d76b27fc1684f0939ea16200643ee32d7de3e699c7e53ff81629ce32d1ecefb8,images/d76b27fc1684f0939ea16200643ee32d7de3e699c7e53ff81629ce32d1ecefb8.jpg,ComplexDataLab/OpenFake,medium,1,0.01642543449997902
d77fc7a276efb44cfa0821e413f56c87ceda24cb90a34718eb1b1b743d5dab59,images/d77fc7a276efb44cfa0821e413f56c87ceda24cb90a34718eb1b1b743d5dab59.jpg,ComplexDataLab/OpenFake,medium,0,0.46337592601776123
d7bd84750af3e7e39ed73b6f934bfaba2b3e25aee89eff0c7b3c31955ef207d7,images/d7bd84750af3e7e39ed73b6f934bfaba2b3e25aee89eff0c7b3c31955ef207d7.jpg,saberzl/SID_Set,medium,0,0.08543704450130463
d7cf8ae21987e7c784dca74ad2bf64df76bc8c67630d999105307206a07b249a,images/d7cf8ae21987e7c784dca74ad2bf64df76bc8c67630d999105307206a07b249a.png,RRDataset,medium,1,0.9012898206710815
d802a4ed4f3900a5e19d1fb754e87ffdd2f02de0835aab45e39735d6b115e5e0,images/d802a4ed4f3900a5e19d1fb754e87ffdd2f02de0835aab45e39735d6b115e5e0.png,ComplexDataLab/OpenFake,medium,1,0.7091012597084045
d84c1f454957ccd69c5b6464677e0189106352b1705c59c13251a5e6906a4e64,images/d84c1f454957ccd69c5b6464677e0189106352b1705c59c13251a5e6906a4e64.png,ComplexDataLab/OpenFake,medium,1,0.994648277759552
d85b9ebf78b29c0ac3eed7edfd45ffd0207772a9994d808a77af7bcc48b4b8c3,images/d85b9ebf78b29c0ac3eed7edfd45ffd0207772a9994d808a77af7bcc48b4b8c3.png,ComplexDataLab/OpenFake,medium,1,0.5350351333618164
d86e7726ca15f36f2014ed2cc4a5f2f8167b7bfbf148a007bf82581349331f4b,images/d86e7726ca15f36f2014ed2cc4a5f2f8167b7bfbf148a007bf82581349331f4b.png,saberzl/SID_Set,medium,1,0.7018881440162659
d87428a9b33d45f27079ccbcac5b34d6e9ea40365b7f058ad7846ba923099ba2,images/d87428a9b33d45f27079ccbcac5b34d6e9ea40365b7f058ad7846ba923099ba2.jpg,ComplexDataLab/OpenFake,medium,0,0.5630698800086975
d8afa1cd7427ef11074efdba2183e18ba53871439d2c11b8a6e8d1ab05ac4014,images/d8afa1cd7427ef11074efdba2183e18ba53871439d2c11b8a6e8d1ab05ac4014.png,RRDataset,medium,1,0.9189362525939941
d8b7b3b6c88aeb701ef20791105b9b35e8248ee4e6557ea79a093ba1d5311155,images/d8b7b3b6c88aeb701ef20791105b9b35e8248ee4e6557ea79a093ba1d5311155.jpg,saberzl/SID_Set,medium,0,0.016887769103050232
d8bbc6471c5e2e36d240f8b34d048de2b65d09c5dd481e1a21d37618271f2cf0,images/d8bbc6471c5e2e36d240f8b34d048de2b65d09c5dd481e1a21d37618271f2cf0.jpg,RRDataset,medium,0,0.157532200217247
d8c596cdb123761b5d716c89c98d2050240fa45669cb35c615ca8581b230f2a8,images/d8c596cdb123761b5d716c89c98d2050240fa45669cb35c615ca8581b230f2a8.jpg,RRDataset,medium,0,0.9097450375556946
d90146cda89ee39e03f9d5b1fa2d133bcd3d6e26ea33ee3c53648effdcd7e836,images/d90146cda89ee39e03f9d5b1fa2d133bcd3d6e26ea33ee3c53648effdcd7e836.jpg,ComplexDataLab/OpenFake,medium,0,0.00026137864915654063
d914f4604156847fa93b7717936cea1cb45e96e661f4ffa487ed3ad56b5f587c,images/d914f4604156847fa93b7717936cea1cb45e96e661f4ffa487ed3ad56b5f587c.png,RRDataset,medium,1,0.9363906383514404
d91bb95659443895bb3c8502f3d067ef014e945a91824b26c51b29798d36d788,images/d91bb95659443895bb3c8502f3d067ef014e945a91824b26c51b29798d36d788.jpg,ComplexDataLab/OpenFake,medium,0,0.8744120597839355
d96fcf794345a6cc4723cbb6d03b86080652b550e20fe84afe771464a48b8e7d,images/d96fcf794345a6cc4723cbb6d03b86080652b550e20fe84afe771464a48b8e7d.jpg,ComplexDataLab/OpenFake,medium,0,0.30826255679130554
d9a1aa2fa6ee6aa9b2614f029beabc73b5260b9ccbab1edd6e3846d1ced5b8ea,images/d9a1aa2fa6ee6aa9b2614f029beabc73b5260b9ccbab1edd6e3846d1ced5b8ea.png,ComplexDataLab/OpenFake,medium,1,0.9598625898361206
d9c528d0fc7d9fd45d679b255141e85814c1afb3fc5514e2c71117aba86acdff,images/d9c528d0fc7d9fd45d679b255141e85814c1afb3fc5514e2c71117aba86acdff.jpg,RRDataset,medium,0,0.26333925127983093
da0583b1a158cb164bebbc00561d179890345b3c82b185c47555bd39ba28bece,images/da0583b1a158cb164bebbc00561d179890345b3c82b185c47555bd39ba28bece.jpg,ComplexDataLab/OpenFake,medium,0,0.0013204104034230113
da6b9f3fde92d9c7a9641b38c70445746a069ca690c0e0704ad6bd9e563d7446,images/da6b9f3fde92d9c7a9641b38c70445746a069ca690c0e0704ad6bd9e563d7446.png,RRDataset,medium,1,0.7340149283409119
da780a137c3d0c6e2b54134f9ea860e5cf2013495000240deae8a71eee59000c,images/da780a137c3d0c6e2b54134f9ea860e5cf2013495000240deae8a71eee59000c.png,ComplexDataLab/OpenFake,medium,1,0.7210472822189331
da81dc1d4b99cc3cdcb46153f08ff47cf01e255793046821192a6e50bd7b665e,images/da81dc1d4b99cc3cdcb46153f08ff47cf01e255793046821192a6e50bd7b665e.jpg,RRDataset,medium,0,0.999237060546875
da8515567a811f559176046bbd7ca71dae325f0b173de06b52f171e4f5f043b6,images/da8515567a811f559176046bbd7ca71dae325f0b173de06b52f171e4f5f043b6.png,ComplexDataLab/OpenFake,medium,1,0.9998464584350586
da88e05c4ba681fdee852cbe88fe5cfc7b11dd2ff45f636e270f5e48df2ee81b,images/da88e05c4ba681fdee852cbe88fe5cfc7b11dd2ff45f636e270f5e48df2ee81b.png,saberzl/SID_Set,medium,1,0.9979664087295532
daa2d3646895694c9c51a1dc7218858a033c55ea02a6396550a508b2a5a63603,images/daa2d3646895694c9c51a1dc7218858a033c55ea02a6396550a508b2a5a63603.jpg,saberzl/SID_Set,medium,0,0.03812892735004425
dabc44e6a649209aec3d38d4fa1f8aa4dc182271ad51bd7bb16658186a7f8652,images/dabc44e6a649209aec3d38d4fa1f8aa4dc182271ad51bd7bb16658186a7f8652.jpg,ComplexDataLab/OpenFake,medium,0,0.002891150303184986
db1c4040f97544a98ee734a39248f224afa24279c034ae5ccbfe44e01c9a5984,images/db1c4040f97544a98ee734a39248f224afa24279c034ae5ccbfe44e01c9a5984.png,ComplexDataLab/OpenFake,medium,1,0.18419437110424042
db26c8464c68211bc6fec4d0ffbc5337eff40d02a23306f7fbc858a2918ed265,images/db26c8464c68211bc6fec4d0ffbc5337eff40d02a23306f7fbc858a2918ed265.jpg,saberzl/SID_Set,medium,0,0.8002043962478638
db2fabfc0353c84c068bd833de4c37ccae034908964b187c4bc08ae527b289cb,images/db2fabfc0353c84c068bd833de4c37ccae034908964b187c4bc08ae527b289cb.png,RRDataset,medium,1,0.8976377844810486
db7d86a00594ffc7587fbc3027a578b7b2dd6ab257583ca78006091dfd544378,images/db7d86a00594ffc7587fbc3027a578b7b2dd6ab257583ca78006091dfd544378.png,RRDataset,medium,1,0.9542731642723083
db8283e5fd735991f377331da4e9b088a8889fb05d607d605187470c716b7963,images/db8283e5fd735991f377331da4e9b088a8889fb05d607d605187470c716b7963.png,ComplexDataLab/OpenFake,medium,1,0.9121647477149963
db9d42fceb4c4beb0f6aaac455280a8134a15935e606395f4e3722f5a44e0e5c,images/db9d42fceb4c4beb0f6aaac455280a8134a15935e606395f4e3722f5a44e0e5c.jpg,saberzl/SID_Set,medium,0,0.05549398064613342
dba123aebc208e091a0cd2e2384c5f61987edf483a97dacf6b642b1a283d4f8c,images/dba123aebc208e091a0cd2e2384c5f61987edf483a97dacf6b642b1a283d4f8c.jpg,saberzl/SID_Set,medium,0,0.0010496515315026045
dbc81b719f7ca5bd88c525a2e8b17eda96e9fdbeb484154a7e22277157ed7bdf,images/dbc81b719f7ca5bd88c525a2e8b17eda96e9fdbeb484154a7e22277157ed7bdf.png,ComplexDataLab/OpenFake,medium,1,0.5254426598548889
dbd8a4318ebd36691e2c436bf2faef9918b82ef526f7677efa0b3d27ee98bb17,images/dbd8a4318ebd36691e2c436bf2faef9918b82ef526f7677efa0b3d27ee98bb17.png,ComplexDataLab/OpenFake,medium,1,0.9902681708335876
dbeb4276542c32846227e96eefc2cbacdba7d1b3d0d8121584e005353aed9b5d,images/dbeb4276542c32846227e96eefc2cbacdba7d1b3d0d8121584e005353aed9b5d.jpg,saberzl/SID_Set,medium,0,0.0171122457832098
dbeb82aec0aebb9f50a8afe546bef589c7f40526d556db646567978f32674ac5,images/dbeb82aec0aebb9f50a8afe546bef589c7f40526d556db646567978f32674ac5.jpg,RRDataset,medium,0,0.5185590982437134
dbf5147358e0b76c134fb4174c9a59593ffa0064726d09a67d4158415c8903db,images/dbf5147358e0b76c134fb4174c9a59593ffa0064726d09a67d4158415c8903db.jpg,ComplexDataLab/OpenFake,medium,0,0.0841691866517067
dc01617a9624284c023eee876ede52a846f11c81ec8abe804b88d83478cd7e76,images/dc01617a9624284c023eee876ede52a846f11c81ec8abe804b88d83478cd7e76.jpg,ComplexDataLab/OpenFake,medium,0,0.030310608446598053
dc15b26eaa0383b5a92a1680a5998084b567f698647e6ca35d8e9082d8f99f55,images/dc15b26eaa0383b5a92a1680a5998084b567f698647e6ca35d8e9082d8f99f55.png,saberzl/SID_Set,medium,1,0.9929978847503662
dc26ca835d0678531dbada61ad4a0fde4d45a0eb65749ca4b79874201bff7b5c,images/dc26ca835d0678531dbada61ad4a0fde4d45a0eb65749ca4b79874201bff7b5c.jpg,saberzl/SID_Set,medium,0,0.09341096878051758
dc29661847cd24106720f0de01fcbec5612c854e97bbbbc59ca11fdb95d9eed5,images/dc29661847cd24106720f0de01fcbec5612c854e97bbbbc59ca11fdb95d9eed5.jpg,ComplexDataLab/OpenFake,medium,0,0.7925864458084106
dc37020c509c72610d3950f968b103d4ac8898521c49d04a8ff344afa1e3798b,images/dc37020c509c72610d3950f968b103d4ac8898521c49d04a8ff344afa1e3798b.png,ComplexDataLab/OpenFake,medium,1,0.9265149235725403
dc373fd46ce8082c609c7049b6d6b08a19db92335f79c9f76896bbc6722a5515,images/dc373fd46ce8082c609c7049b6d6b08a19db92335f79c9f76896bbc6722a5515.jpg,ComplexDataLab/OpenFake,medium,0,0.30069997906684875
dc4ca48c84c66edbf04b98042ad79cd8656803c32a3090b3cd9d51ae58c0e6e1,images/dc4ca48c84c66edbf04b98042ad79cd8656803c32a3090b3cd9d51ae58c0e6e1.png,saberzl/SID_Set,medium,1,0.9959121942520142
dc650b29ba49c9decef434fe6ff36e154c94f57021d8aabaa35d4901d9dcdea7,images/dc650b29ba49c9decef434fe6ff36e154c94f57021d8aabaa35d4901d9dcdea7.jpg,RRDataset,medium,0,0.26393166184425354
dc87eeaad10dd5c5b77234eb0204e2118eb4cf168afbfce97f9a59afabae8ddb,images/dc87eeaad10dd5c5b77234eb0204e2118eb4cf168afbfce97f9a59afabae8ddb.jpg,ComplexDataLab/OpenFake,medium,0,0.6331614851951599
dc96356699128b89d82e6a5ec7194d0b0c481d54fbffb2eb478a9d383ea986b6,images/dc96356699128b89d82e6a5ec7194d0b0c481d54fbffb2eb478a9d383ea986b6.png,saberzl/SID_Set,medium,1,0.9844836592674255
dcac6ba3bd48490aa006ae81820815db8e1795ae4c8f4f243a78fffa6e967356,images/dcac6ba3bd48490aa006ae81820815db8e1795ae4c8f4f243a78fffa6e967356.jpg,ComplexDataLab/OpenFake,medium,0,0.871329665184021
dcb2965d2e028aac3a8385f0ddbb0d7eaf8eb882d1331175314916a043ee4223,images/dcb2965d2e028aac3a8385f0ddbb0d7eaf8eb882d1331175314916a043ee4223.jpg,saberzl/SID_Set,medium,0,0.5542221665382385
dcccd079b59216bf260c8682306e48c6283e3438ca9b9d1a38749242b1251769,images/dcccd079b59216bf260c8682306e48c6283e3438ca9b9d1a38749242b1251769.png,saberzl/SID_Set,medium,1,0.9715869426727295
dccf6fa15821f4535d3819ae55198ba5f06abea5138ba7c1b4f5f27368ce7f23,images/dccf6fa15821f4535d3819ae55198ba5f06abea5138ba7c1b4f5f27368ce7f23.jpg,ComplexDataLab/OpenFake,medium,0,0.5065862536430359
dcd2c19591daf2cbfd2bcb1c4830e97eeb742ba2408f64763ffa480267237f63,images/dcd2c19591daf2cbfd2bcb1c4830e97eeb742ba2408f64763ffa480267237f63.png,ComplexDataLab/OpenFake,medium,1,0.8755449056625366
dcd3f7dd5053170f10a3ab0900fa8c702de592cf305e62c2a367d94414b02df8,images/dcd3f7dd5053170f10a3ab0900fa8c702de592cf305e62c2a367d94414b02df8.png,saberzl/SID_Set,medium,1,0.9039224982261658
dd18dd92e0f38a8abb6a7796fab093260a79557f502e2c28023db43ea016720a,images/dd18dd92e0f38a8abb6a7796fab093260a79557f502e2c28023db43ea016720a.jpg,RRDataset,medium,0,0.2543933689594269
dd415055b8a91e8df0b243828d5258f7ecac38a232325daef0bf03b92f36b7f2,images/dd415055b8a91e8df0b243828d5258f7ecac38a232325daef0bf03b92f36b7f2.jpg,RRDataset,medium,0,0.7128598093986511
dd56b3255844665fbc9640324af4fd01d73f23e6d0d44063278df29dd593146f,images/dd56b3255844665fbc9640324af4fd01d73f23e6d0d44063278df29dd593146f.png,saberzl/SID_Set,medium,1,0.926790177822113
dd572b4dd999553839175bf9cc0fbe795d13e53177bf70201e752c72efdf221b,images/dd572b4dd999553839175bf9cc0fbe795d13e53177bf70201e752c72efdf221b.png,saberzl/SID_Set,medium,1,0.9789990186691284
dd66aa9ad208b7284aef93af838765e2203fb3a3b2ee0d3bcb0b30b99512c077,images/dd66aa9ad208b7284aef93af838765e2203fb3a3b2ee0d3bcb0b30b99512c077.jpg,RRDataset,medium,0,0.922707200050354
dd720d73e77e8dc5198e72d1f0ffb5626548f5134311acf00eed71739feadd9e,images/dd720d73e77e8dc5198e72d1f0ffb5626548f5134311acf00eed71739feadd9e.jpg,saberzl/SID_Set,medium,0,0.019825806841254234
dd8b6082ce48187c64e90dccee5d8a060d60bf7c63ccb6f347487497edfdb551,images/dd8b6082ce48187c64e90dccee5d8a060d60bf7c63ccb6f347487497edfdb551.png,RRDataset,medium,1,0.9569485187530518
dd9baff72e16b417139661705b4739a7eda9710f629f720e1aa082f62195e98b,images/dd9baff72e16b417139661705b4739a7eda9710f629f720e1aa082f62195e98b.jpg,RRDataset,medium,0,0.650428056716919
dda6c410e0793a7115e01ef848b8610316da3e64afc43489fec0ca543910f347,images/dda6c410e0793a7115e01ef848b8610316da3e64afc43489fec0ca543910f347.jpg,ComplexDataLab/OpenFake,medium,1,0.12159362435340881
dda7436936674d04d881ee30dbddb213f5e03aa8f9d8df3f0bcde619def803fb,images/dda7436936674d04d881ee30dbddb213f5e03aa8f9d8df3f0bcde619def803fb.png,saberzl/SID_Set,medium,1,0.9910979866981506
ddd9ae1bbef685ea70570786a464d744c95722873f2f9ec3187034786c72966c,images/ddd9ae1bbef685ea70570786a464d744c95722873f2f9ec3187034786c72966c.png,ComplexDataLab/OpenFake,medium,1,0.8696342706680298
de0622ed970f636a04f05b17a091b4c64a5aa311cea7b872a19f4f649445f8c9,images/de0622ed970f636a04f05b17a091b4c64a5aa311cea7b872a19f4f649445f8c9.jpg,saberzl/SID_Set,medium,0,0.00812592264264822
de2d8d412d4b1896254b4cdddea16288d92da2527df75f6069c02e24fdc25ed4,images/de2d8d412d4b1896254b4cdddea16288d92da2527df75f6069c02e24fdc25ed4.png,saberzl/SID_Set,medium,1,0.9477776288986206
de2eb0e15fc10e36cd6a6dd46fee92afe288b9ecd90d20b4a537cf76c5fa8071,images/de2eb0e15fc10e36cd6a6dd46fee92afe288b9ecd90d20b4a537cf76c5fa8071.jpg,RRDataset,medium,0,0.117884062230587
de3e85ed297f71e7f32916d68ba0390d4f943f6c80801c04e42de01ffb7f3222,images/de3e85ed297f71e7f32916d68ba0390d4f943f6c80801c04e42de01ffb7f3222.png,RRDataset,medium,1,0.9952139854431152
de6f63e735dc2dfe6de36932ac12e1b0fc1a3bcce4c7fc0973825c2bbc0d44d5,images/de6f63e735dc2dfe6de36932ac12e1b0fc1a3bcce4c7fc0973825c2bbc0d44d5.png,ComplexDataLab/OpenFake,medium,1,0.766954243183136
de7278bc851757e91b219a4d5003b05ec95ed59cb015709769dc0d3192a087ef,images/de7278bc851757e91b219a4d5003b05ec95ed59cb015709769dc0d3192a087ef.png,ComplexDataLab/OpenFake,medium,1,0.980544924736023
de78cfb6ac87519955fccf7d2852a5207aca84b275edad0c65c117377783f053,images/de78cfb6ac87519955fccf7d2852a5207aca84b275edad0c65c117377783f053.jpg,ComplexDataLab/OpenFake,medium,0,0.1521173119544983
dea6c2efbae9192d3f7126c07a34f4b49bf20552a931a9aa7bf8a5826226f02e,images/dea6c2efbae9192d3f7126c07a34f4b49bf20552a931a9aa7bf8a5826226f02e.png,ComplexDataLab/OpenFake,medium,1,0.945823073387146
dea9759161aaac39b66878fb0c9f8a1fa71e7c04657c47a9a0fcc79ac620939d,images/dea9759161aaac39b66878fb0c9f8a1fa71e7c04657c47a9a0fcc79ac620939d.jpg,ComplexDataLab/OpenFake,medium,0,0.08631400018930435
dec8f224a5095e2d3f56e4beaade3f0997ff8fdfe0a5bf5a1198c0c7c15f2d7a,images/dec8f224a5095e2d3f56e4beaade3f0997ff8fdfe0a5bf5a1198c0c7c15f2d7a.jpg,saberzl/SID_Set,medium,0,0.13897688686847687
dee8c94d19fb31484b0f30b946dabcebb891304f087ee3fb82f5c1c3bb1f75d9,images/dee8c94d19fb31484b0f30b946dabcebb891304f087ee3fb82f5c1c3bb1f75d9.png,ComplexDataLab/OpenFake,medium,1,0.9895022511482239
df0c132418cf0f481e0151f78b2c059c665c054ffbd56d5e056601a1c2c862ef,images/df0c132418cf0f481e0151f78b2c059c665c054ffbd56d5e056601a1c2c862ef.png,ComplexDataLab/OpenFake,medium,1,0.8074115514755249
df13cd2cc5c701b2573eec3065567221a51703491f835d16b141b998fb505d5c,images/df13cd2cc5c701b2573eec3065567221a51703491f835d16b141b998fb505d5c.jpg,RRDataset,medium,0,0.5815261006355286
df1c4fd1ca76fbe1f0323935746ff37cf185defbdc27934b11ee3b9a16c02b80,images/df1c4fd1ca76fbe1f0323935746ff37cf185defbdc27934b11ee3b9a16c02b80.jpg,ComplexDataLab/OpenFake,medium,0,0.0936572328209877
df4db72ff23c9050a91d24517f2cb31beaa53be74d0a80ed0271c2be00f7c7a9,images/df4db72ff23c9050a91d24517f2cb31beaa53be74d0a80ed0271c2be00f7c7a9.png,RRDataset,medium,1,0.7540608644485474
df9bc81396682d84264e5de42d52252732277c89e49865e6ed3e54a9fcb8758b,images/df9bc81396682d84264e5de42d52252732277c89e49865e6ed3e54a9fcb8758b.jpg,ComplexDataLab/OpenFake,medium,0,0.0003215990145690739
dfb9f650b031d719a92453a8cf2580fb01e6028e15b3d96d04e8becb67ebc595,images/dfb9f650b031d719a92453a8cf2580fb01e6028e15b3d96d04e8becb67ebc595.png,RRDataset,medium,1,0.9458984732627869
dfcea6caed5ffa0b2448f5ebc1eccf72fa88dccef19c2a940655c3a35199ffc1,images/dfcea6caed5ffa0b2448f5ebc1eccf72fa88dccef19c2a940655c3a35199ffc1.png,RRDataset,medium,1,0.9230234622955322
e0241536b66aeb4681a42afe37bc96078804f2335bf2b30280aa5fdc4f57ec19,images/e0241536b66aeb4681a42afe37bc96078804f2335bf2b30280aa5fdc4f57ec19.jpg,saberzl/SID_Set,medium,0,0.003002578392624855
e039c9608ece123f58af45636439d1375c43423888ef34ca6230166fbe448352,images/e039c9608ece123f58af45636439d1375c43423888ef34ca6230166fbe448352.jpg,ComplexDataLab/OpenFake,medium,0,0.03053518943488598
e05fdca77a4778e708789a5e98bac79205025b51d6ccc88463037c44b22b3a51,images/e05fdca77a4778e708789a5e98bac79205025b51d6ccc88463037c44b22b3a51.png,saberzl/SID_Set,medium,1,0.9949701428413391
e06078f71b35717bc5b322608b8e497170a193251554e717fa9fbcfbe55a1875,images/e06078f71b35717bc5b322608b8e497170a193251554e717fa9fbcfbe55a1875.png,RRDataset,medium,1,0.9290976524353027
e085a87989b2bd3760c3458eff960248f9becfb5f4c90f6a85adfbae82b2bff5,images/e085a87989b2bd3760c3458eff960248f9becfb5f4c90f6a85adfbae82b2bff5.jpg,saberzl/SID_Set,medium,0,0.976914644241333
e08ac5c00da1a8abdb02f6bd19eb4ab41d72ec6aca76fc2f68c49ead03e1ce89,images/e08ac5c00da1a8abdb02f6bd19eb4ab41d72ec6aca76fc2f68c49ead03e1ce89.png,ComplexDataLab/OpenFake,medium,1,0.9938910007476807
e0b6627b789c60261f9327bac0b2d1171b7b3e528d3da0c4876b7d0539ce1950,images/e0b6627b789c60261f9327bac0b2d1171b7b3e528d3da0c4876b7d0539ce1950.jpg,ComplexDataLab/OpenFake,medium,0,0.0038542081601917744
e0c41adc56354762d4bb508c273ed009e99ba111b4570661ba01eb17d2ed0ef9,images/e0c41adc56354762d4bb508c273ed009e99ba111b4570661ba01eb17d2ed0ef9.jpg,ComplexDataLab/OpenFake,medium,0,0.005329398438334465
e1008351bb152cb452f917590c415a5ebbae2073ad42e4261329b43dbad5d6dd,images/e1008351bb152cb452f917590c415a5ebbae2073ad42e4261329b43dbad5d6dd.jpg,ComplexDataLab/OpenFake,medium,0,0.7699916958808899
e125595634b96e2222868c962775a780c1c184d98d433a2520d6a64a51f87c70,images/e125595634b96e2222868c962775a780c1c184d98d433a2520d6a64a51f87c70.png,RRDataset,medium,1,0.9918620586395264
e1258adc73c6b68d9e12c797c0fbdd1d130be6e6f07380e55b4923540d28a101,images/e1258adc73c6b68d9e12c797c0fbdd1d130be6e6f07380e55b4923540d28a101.jpg,saberzl/SID_Set,medium,0,0.1751205325126648
e13d8e2590d3271364ff4ad25e2835b878ddd2ee2bc14b4b282b0f368bf5e352,images/e13d8e2590d3271364ff4ad25e2835b878ddd2ee2bc14b4b282b0f368bf5e352.png,RRDataset,medium,1,0.9802383184432983
e15fb5600df3650d55a6c5163238e6a7c02795915d66339586bd707bcdc356be,images/e15fb5600df3650d55a6c5163238e6a7c02795915d66339586bd707bcdc356be.png,saberzl/SID_Set,medium,1,0.934769332408905
e16566fc8a79d68d5a30f05fbee3f43a7336774915ee7509be7ea6d7ef9e1ed5,images/e16566fc8a79d68d5a30f05fbee3f43a7336774915ee7509be7ea6d7ef9e1ed5.png,saberzl/SID_Set,medium,1,0.9738918542861938
e17de4bfd241becf8b26c604f90907317b3ac9c1ad081b06adf6a22f6273c124,images/e17de4bfd241becf8b26c604f90907317b3ac9c1ad081b06adf6a22f6273c124.png,RRDataset,medium,1,0.8680942058563232
e1a2c3f826cd022fff1fd7ce28979163de66828880764c1b68a0c78e4bca47cc,images/e1a2c3f826cd022fff1fd7ce28979163de66828880764c1b68a0c78e4bca47cc.png,RRDataset,medium,1,0.9948175549507141
e1aae5ff2228ea65682ba458f78da061335c45e6e25344fc567783e14eb56501,images/e1aae5ff2228ea65682ba458f78da061335c45e6e25344fc567783e14eb56501.png,saberzl/SID_Set,medium,1,0.9360459446907043
e1ad405b8f4f67c03af6fdd9f7e5ec705d6c988baf6ce81a4e17d025b650d562,images/e1ad405b8f4f67c03af6fdd9f7e5ec705d6c988baf6ce81a4e17d025b650d562.jpg,RRDataset,medium,0,0.32957762479782104
e1c5fe35f7008d8ed68eed70e48f4819dd62108cc50744fab98245c4d085a1d2,images/e1c5fe35f7008d8ed68eed70e48f4819dd62108cc50744fab98245c4d085a1d2.jpg,saberzl/SID_Set,medium,0,0.017963778227567673
e1cbec9d93eee8d7bd14604e5f4c63c4e22e56d01e7b3326b1d90f0ec13316dc,images/e1cbec9d93eee8d7bd14604e5f4c63c4e22e56d01e7b3326b1d90f0ec13316dc.png,ComplexDataLab/OpenFake,medium,1,0.9843420386314392
e1e05b6376c06d3a3e4e966342b4f9a6f9af5c2beed32b671c4381e459586c8f,images/e1e05b6376c06d3a3e4e966342b4f9a6f9af5c2beed32b671c4381e459586c8f.png,RRDataset,medium,1,0.812160074710846
e1ef27e9de842f6e0b287e44dd6305a80e103167b637bbff1ef409b38ec96a14,images/e1ef27e9de842f6e0b287e44dd6305a80e103167b637bbff1ef409b38ec96a14.png,RRDataset,medium,1,0.5749458074569702
e1f4af37999078e15d450a9bfae7b91497136be83027818efb22801f17edb726,images/e1f4af37999078e15d450a9bfae7b91497136be83027818efb22801f17edb726.jpg,RRDataset,medium,0,0.9849735498428345
e226168e72221cf8d0f8d5224ed38d4ec482ef4b83b21a78d24ea4643537f0d1,images/e226168e72221cf8d0f8d5224ed38d4ec482ef4b83b21a78d24ea4643537f0d1.jpg,ComplexDataLab/OpenFake,medium,0,0.010037142783403397
e2377d129b99506546622be3b90600d6130addc2e0bc1ae4b450f1ed3e47b022,images/e2377d129b99506546622be3b90600d6130addc2e0bc1ae4b450f1ed3e47b022.jpg,ComplexDataLab/OpenFake,medium,0,0.021075021475553513
e23b018dbcb13d938e2685c9ca79df8043b0acac4f15ee1320bf0d2fc9d89c99,images/e23b018dbcb13d938e2685c9ca79df8043b0acac4f15ee1320bf0d2fc9d89c99.png,saberzl/SID_Set,medium,1,0.9345078468322754
e254467176132a9005a1f8a2f4d22a093881058aab1825b128e650cf11e893a0,images/e254467176132a9005a1f8a2f4d22a093881058aab1825b128e650cf11e893a0.png,saberzl/SID_Set,medium,1,0.9874294400215149
e2a8dea38a2056ad4e00333997b31a5007a6b08bf901b31a44bc4e8757eca9b1,images/e2a8dea38a2056ad4e00333997b31a5007a6b08bf901b31a44bc4e8757eca9b1.png,ComplexDataLab/OpenFake,medium,1,0.998872697353363
e2c4c8838801862fee61989b4772628118d861c558677f472e3b77f60b2ef43e,images/e2c4c8838801862fee61989b4772628118d861c558677f472e3b77f60b2ef43e.jpg,RRDataset,medium,1,0.6935436129570007
e2cba1fea63e7e7ab9c587055f6747674facd3cde415aabd8be5aa4bb8102298,images/e2cba1fea63e7e7ab9c587055f6747674facd3cde415aabd8be5aa4bb8102298.png,saberzl/SID_Set,medium,1,0.9697530269622803
e2ced96352ff6218c6b0998b365863ea1f2b2cf379638cb31bbe5522accf2898,images/e2ced96352ff6218c6b0998b365863ea1f2b2cf379638cb31bbe5522accf2898.jpg,ComplexDataLab/OpenFake,medium,1,0.9512395858764648
e2e14a9a04893146dfbc213737244db3e0f43b3b6413a4d5e471b839cae96701,images/e2e14a9a04893146dfbc213737244db3e0f43b3b6413a4d5e471b839cae96701.png,RRDataset,medium,1,0.9902355074882507
e2ee51e17fdf741fc68df3d7219a7a821cfa12a32fd509633a59302dddaffea8,images/e2ee51e17fdf741fc68df3d7219a7a821cfa12a32fd509633a59302dddaffea8.jpg,ComplexDataLab/OpenFake,medium,0,0.005315764807164669
e30ca2e6f339a266660a3449c1a39c81d57bf43ab50d67263b584ced6be82359,images/e30ca2e6f339a266660a3449c1a39c81d57bf43ab50d67263b584ced6be82359.jpg,RRDataset,medium,0,0.8995650410652161
e33aa48af584f11945f0b11ccf99276db5289779e51f38509c6eb3a1d4a1a7b0,images/e33aa48af584f11945f0b11ccf99276db5289779e51f38509c6eb3a1d4a1a7b0.png,RRDataset,medium,1,0.9894592761993408
e343059e540802a1fb3b688a4c270c9851f8165322ed9b7e96eecaa5d4f8cb5a,images/e343059e540802a1fb3b688a4c270c9851f8165322ed9b7e96eecaa5d4f8cb5a.jpg,ComplexDataLab/OpenFake,medium,0,0.0004213945067021996
e34e9c0c50b107913e4b1fbabd32cba8b4e246e8650dccb1a4cc7683bbd11ae0,images/e34e9c0c50b107913e4b1fbabd32cba8b4e246e8650dccb1a4cc7683bbd11ae0.jpg,ComplexDataLab/OpenFake,medium,0,0.040434688329696655
e372dec4b06106de17c8498e832de8372dca39b773a5b8d69175d0b47a329351,images/e372dec4b06106de17c8498e832de8372dca39b773a5b8d69175d0b47a329351.png,saberzl/SID_Set,medium,1,0.9871091842651367
e39fed98c359c77819fe68978447873c0353a1f0c120f6127e0ac947d3838725,images/e39fed98c359c77819fe68978447873c0353a1f0c120f6127e0ac947d3838725.png,saberzl/SID_Set,medium,1,0.6734865307807922
e3a24520e9bd6af1c62a01747a5e9a1038a28f86f4ec410b99dfe557f3d6f0ec,images/e3a24520e9bd6af1c62a01747a5e9a1038a28f86f4ec410b99dfe557f3d6f0ec.png,saberzl/SID_Set,medium,1,0.9818582534790039
e3b8c2f228e808baf8dc07277b5f26fb200d001040593b302486ca02d943c1ff,images/e3b8c2f228e808baf8dc07277b5f26fb200d001040593b302486ca02d943c1ff.jpg,RRDataset,medium,0,0.05548369139432907
e4006e90138861feaf3b9936f087c9c02d2d3946b2fffc7124e47a252cc53c53,images/e4006e90138861feaf3b9936f087c9c02d2d3946b2fffc7124e47a252cc53c53.jpg,RRDataset,medium,0,0.8774040341377258
e417f463240e8161a6ff10871355d68125c834c58a390d841aa029269f3dacd5,images/e417f463240e8161a6ff10871355d68125c834c58a390d841aa029269f3dacd5.png,ComplexDataLab/OpenFake,medium,1,0.9356544613838196
e42949f70524b3607a8a55d1dbc8ae74b6557033413ae15a8b7461c7a87027bd,images/e42949f70524b3607a8a55d1dbc8ae74b6557033413ae15a8b7461c7a87027bd.jpg,saberzl/SID_Set,medium,0,0.7453175187110901
e4347359ccfbca1425d05e7bb5e793945ce56895cddf82fdc0b153cdf83e413b,images/e4347359ccfbca1425d05e7bb5e793945ce56895cddf82fdc0b153cdf83e413b.png,ComplexDataLab/OpenFake,medium,1,0.7965665459632874
e47a60c1f49271502f00cd8b7a8bf54790ed3531fb7a6a77a8414b05687126f5,images/e47a60c1f49271502f00cd8b7a8bf54790ed3531fb7a6a77a8414b05687126f5.jpg,ComplexDataLab/OpenFake,medium,1,0.38573870062828064
e4be1032618d0645c8afd62a1da7672fd6148bfcb287eb1f9fed54aeea08256f,images/e4be1032618d0645c8afd62a1da7672fd6148bfcb287eb1f9fed54aeea08256f.jpg,ComplexDataLab/OpenFake,medium,0,0.4395284950733185
e4dcb1b7c5c03ab2cf373802be052964ab017bba57c5d841c81d90347ad06c4c,images/e4dcb1b7c5c03ab2cf373802be052964ab017bba57c5d841c81d90347ad06c4c.jpg,ComplexDataLab/OpenFake,medium,0,0.9872807860374451
e4f4441b66da27740343f3582e16f2b8824e132433b2dfb2ca9b0af0f5da4656,images/e4f4441b66da27740343f3582e16f2b8824e132433b2dfb2ca9b0af0f5da4656.jpg,saberzl/SID_Set,medium,0,0.07134367525577545
e53031879dcc328fde5b7f528f329367b7528a679f5617fe6ab0030cc9d8d022,images/e53031879dcc328fde5b7f528f329367b7528a679f5617fe6ab0030cc9d8d022.jpg,ComplexDataLab/OpenFake,medium,0,0.037891097366809845
e5646b4210884c08c74cbdad4f863cba352337a125e163c510906c17c56bbce1,images/e5646b4210884c08c74cbdad4f863cba352337a125e163c510906c17c56bbce1.jpg,ComplexDataLab/OpenFake,medium,0,0.48410895466804504
e5664878566d81798c9ca3c86df4b19799156e84ef7754625cd789a34d141f90,images/e5664878566d81798c9ca3c86df4b19799156e84ef7754625cd789a34d141f90.jpg,saberzl/SID_Set,medium,0,0.9015063643455505
e56e2f5b66a57a620ba70b556ecf916ec8aa135d73a7d8754afc553d46d58ec8,images/e56e2f5b66a57a620ba70b556ecf916ec8aa135d73a7d8754afc553d46d58ec8.jpg,ComplexDataLab/OpenFake,medium,0,0.01661447249352932
e5837462522907838b0bd72e3cd191ceb4b6124a4c0f27dde75b18a8834385f8,images/e5837462522907838b0bd72e3cd191ceb4b6124a4c0f27dde75b18a8834385f8.png,RRDataset,medium,1,0.9684479236602783
e58412aa319910885afdd37d05af6b7a2985a6529802ff6d24c6f8940b4724f1,images/e58412aa319910885afdd37d05af6b7a2985a6529802ff6d24c6f8940b4724f1.jpg,saberzl/SID_Set,medium,0,0.03101471997797489
e58ae918e5b2c6d32e0891fc36d7d9ce4b3a0dca6bb0d09094eef2765e1b4b05,images/e58ae918e5b2c6d32e0891fc36d7d9ce4b3a0dca6bb0d09094eef2765e1b4b05.jpg,ComplexDataLab/OpenFake,medium,0,0.00018560550233814865
e5b1772035127163d2b013f898e1fd26826a1265052ce8bd11856278a40a8435,images/e5b1772035127163d2b013f898e1fd26826a1265052ce8bd11856278a40a8435.png,ComplexDataLab/OpenFake,medium,1,0.9737116694450378
e5b202f9453fff3db7b7c881838e00b8416be51b4e95be88b72f89d3e466f6ca,images/e5b202f9453fff3db7b7c881838e00b8416be51b4e95be88b72f89d3e466f6ca.png,ComplexDataLab/OpenFake,medium,1,0.9424116611480713
e5cdfc26899f3666fec10d98ee0d8f2d4975441d05c73425edb621ef8a957712,images/e5cdfc26899f3666fec10d98ee0d8f2d4975441d05c73425edb621ef8a957712.jpg,saberzl/SID_Set,medium,0,0.8629409670829773
e5f85c20cec3072aeedb0f6bfcf774dc516833d7281dbd678ac13c39a4802e33,images/e5f85c20cec3072aeedb0f6bfcf774dc516833d7281dbd678ac13c39a4802e33.png,saberzl/SID_Set,medium,1,0.9597510695457458
e603f8d55ed0b5d0f42c8eb7c10dd62c90b85930654a2148b89059c855995469,images/e603f8d55ed0b5d0f42c8eb7c10dd62c90b85930654a2148b89059c855995469.jpg,RRDataset,medium,0,0.8896231651306152
e616abc63471ab5f93c0c69b6b17a194580d92827bef74014952f355e09e5cb7,images/e616abc63471ab5f93c0c69b6b17a194580d92827bef74014952f355e09e5cb7.jpg,RRDataset,medium,0,0.7761179208755493
e6262ce0e925617eb3711017976fe1cc3e763e479cc6cbe32f69a1d2479c0749,images/e6262ce0e925617eb3711017976fe1cc3e763e479cc6cbe32f69a1d2479c0749.png,saberzl/SID_Set,medium,1,0.9985997080802917
e62e101cefbb85c6fedb23fa8441b6c3e2e93a58c6bfc4cef691d09f0064e067,images/e62e101cefbb85c6fedb23fa8441b6c3e2e93a58c6bfc4cef691d09f0064e067.jpg,saberzl/SID_Set,medium,0,0.9978905320167542
e6423eebbf58c6993a10d2a6673f7f1eeb496541ec497dc40017c1cd57de1980,images/e6423eebbf58c6993a10d2a6673f7f1eeb496541ec497dc40017c1cd57de1980.jpg,ComplexDataLab/OpenFake,medium,0,0.019682209938764572
e65c80c6a92e9cd91f285c3791f273d7d407af08c129e065d49687b08b9fd3a2,images/e65c80c6a92e9cd91f285c3791f273d7d407af08c129e065d49687b08b9fd3a2.png,saberzl/SID_Set,medium,1,0.8670363426208496
e6714ac06a404b71993ccf545284226f9dac570a94f49e5ca22dd21c344520fc,images/e6714ac06a404b71993ccf545284226f9dac570a94f49e5ca22dd21c344520fc.jpg,ComplexDataLab/OpenFake,medium,0,0.5389344692230225
e674e7586c95e7021a44cc36592804abd71b08d92ce640f8278ca9fd2f33e9d7,images/e674e7586c95e7021a44cc36592804abd71b08d92ce640f8278ca9fd2f33e9d7.png,saberzl/SID_Set,medium,1,0.9221683740615845
e677265ae1ef2920fef1d27a93c33800e43036d3e90c1140ee3afb7bcffbbbe7,images/e677265ae1ef2920fef1d27a93c33800e43036d3e90c1140ee3afb7bcffbbbe7.png,saberzl/SID_Set,medium,1,0.9992135763168335
e6a26fab0a9c25131d461c353f1989e242717af454a99406807e3e16bf0917c3,images/e6a26fab0a9c25131d461c353f1989e242717af454a99406807e3e16bf0917c3.png,RRDataset,medium,1,0.9983652234077454
e6be6cc8dc285b8024cbd0bc61ef22b7057c72b675a7cf1111caa165e510762d,images/e6be6cc8dc285b8024cbd0bc61ef22b7057c72b675a7cf1111caa165e510762d.png,ComplexDataLab/OpenFake,medium,1,0.9671705961227417
e6c303903c122a1837e5e208d9c873bf309bd1f095e63b3ec46d5cd37ae4c9e3,images/e6c303903c122a1837e5e208d9c873bf309bd1f095e63b3ec46d5cd37ae4c9e3.jpg,ComplexDataLab/OpenFake,medium,0,0.7858929634094238
e6c7cdcc0dfb999d5c5a5585ab6f6a464b7e36851f0ddb60095b38aa7744b627,images/e6c7cdcc0dfb999d5c5a5585ab6f6a464b7e36851f0ddb60095b38aa7744b627.jpg,RRDataset,medium,0,0.9929062128067017
e6ee1e66803b476d5905d40dfa5d3a8d2de79f45a21354fe8569f3d88d6933fc,images/e6ee1e66803b476d5905d40dfa5d3a8d2de79f45a21354fe8569f3d88d6933fc.png,RRDataset,medium,1,0.7806140184402466
e6fd58a9fe7f24edf1c74fe2a009acdd34ecf884b34daf21ba01e7e7b5b60a17,images/e6fd58a9fe7f24edf1c74fe2a009acdd34ecf884b34daf21ba01e7e7b5b60a17.jpg,ComplexDataLab/OpenFake,medium,0,0.024626897647976875
e70508adb481ec12bd75490e8dedb84a96d2d22a0f00d08539aff08e352071c7,images/e70508adb481ec12bd75490e8dedb84a96d2d22a0f00d08539aff08e352071c7.jpg,ComplexDataLab/OpenFake,medium,0,0.13743135333061218
e7086195fe63aa19f2b10dd6aacce516b0d06b391a7fa64c206752df8ff04a65,images/e7086195fe63aa19f2b10dd6aacce516b0d06b391a7fa64c206752df8ff04a65.png,saberzl/SID_Set,medium,1,0.9656039476394653
e71911c9d3f3ca9dc5a69286970ba2e0e4c5c1d29cf69b3228c642f1272e35c4,images/e71911c9d3f3ca9dc5a69286970ba2e0e4c5c1d29cf69b3228c642f1272e35c4.png,RRDataset,medium,1,0.9972859621047974
e72072e798ff187464f449d82fa099f928ad2390c32e48474f18dbfb4428032d,images/e72072e798ff187464f449d82fa099f928ad2390c32e48474f18dbfb4428032d.jpg,RRDataset,medium,0,0.9950537085533142
e730304ab907dc040aa6516eacc6f38ca4b5d1b6ccf5914420fd22628cce2637,images/e730304ab907dc040aa6516eacc6f38ca4b5d1b6ccf5914420fd22628cce2637.jpg,saberzl/SID_Set,medium,0,0.06308785080909729
e79690a3c16bdcbd29185acc72bfe22fd562dde0fcc6ca4691198cba7ce3a168,images/e79690a3c16bdcbd29185acc72bfe22fd562dde0fcc6ca4691198cba7ce3a168.jpg,saberzl/SID_Set,medium,0,0.08955228328704834
e79a52a18e9b33be8b745d5d759c30a4e17d9313ae4963fe9b4d02865cb0af6b,images/e79a52a18e9b33be8b745d5d759c30a4e17d9313ae4963fe9b4d02865cb0af6b.jpg,RRDataset,medium,0,0.7570690512657166
e79d2d7c8bac5a6c1a45ac1963348fd2bcce0a4a81f1209f7924aad687a004f2,images/e79d2d7c8bac5a6c1a45ac1963348fd2bcce0a4a81f1209f7924aad687a004f2.jpg,RRDataset,medium,0,0.6207148432731628
e7a4ac9fffa947d5ba77c7aa46471390551913cbb6647555a4b208bae3fd98f1,images/e7a4ac9fffa947d5ba77c7aa46471390551913cbb6647555a4b208bae3fd98f1.jpg,ComplexDataLab/OpenFake,medium,0,0.07780983299016953
e7b0ad6ee50f143b48e9049c75c4827f8cbed257d7c5b417063e3b6ec05607fd,images/e7b0ad6ee50f143b48e9049c75c4827f8cbed257d7c5b417063e3b6ec05607fd.jpg,ComplexDataLab/OpenFake,medium,0,0.1442718505859375
e7b65cd48c271fd592fd9f9c9affdf7f0d66fa16b42505a86744694e939b22e3,images/e7b65cd48c271fd592fd9f9c9affdf7f0d66fa16b42505a86744694e939b22e3.png,RRDataset,medium,1,0.9894026517868042
e7f04863ac4c76be60d5f7570305b453498b20fccd69028278b8062a29d2f330,images/e7f04863ac4c76be60d5f7570305b453498b20fccd69028278b8062a29d2f330.png,RRDataset,medium,1,0.8209360837936401
e7f19735d4500db885aff88ebae8a1b1b4166463d4035272eaad2de1a5dcc1eb,images/e7f19735d4500db885aff88ebae8a1b1b4166463d4035272eaad2de1a5dcc1eb.jpg,RRDataset,medium,0,0.988906979560852
e7fa64635337e1cd44ac9745b8769af3afd2c8a8ef9771a4662883c0eb4e553b,images/e7fa64635337e1cd44ac9745b8769af3afd2c8a8ef9771a4662883c0eb4e553b.jpg,RRDataset,medium,0,0.834039032459259
e800cc6b1e962aa0887fe65f7a3ce0f6f1c7cf8b8d727f70d4863cc209d092ff,images/e800cc6b1e962aa0887fe65f7a3ce0f6f1c7cf8b8d727f70d4863cc209d092ff.png,saberzl/SID_Set,medium,1,0.9861019849777222
e807901472d504a7c3fd8f9178a6fedb27f294237c8acb247997cc207cc6110f,images/e807901472d504a7c3fd8f9178a6fedb27f294237c8acb247997cc207cc6110f.png,RRDataset,medium,1,0.7797286510467529
e81d73f89f088a01749b5344583f9570a3a9ea8cb9b55ee033119c3dc218cc17,images/e81d73f89f088a01749b5344583f9570a3a9ea8cb9b55ee033119c3dc218cc17.jpg,RRDataset,medium,0,0.3351169526576996
e8aa761b3f259c51c450e9e6afb3ef5fb38db2e9a8a160b5e2dc54dc93bf75d2,images/e8aa761b3f259c51c450e9e6afb3ef5fb38db2e9a8a160b5e2dc54dc93bf75d2.png,saberzl/SID_Set,medium,1,0.9996488094329834
e8c93d61ae13f68b52b6c803a0fe26e6192cb4a5cfad3c95b78adab3d5d7e4bc,images/e8c93d61ae13f68b52b6c803a0fe26e6192cb4a5cfad3c95b78adab3d5d7e4bc.jpg,ComplexDataLab/OpenFake,medium,0,0.06785641610622406
e9290492c05c69ff088fb88b20e6cba7afd6993b4f02fb5dcab88db1537457e2,images/e9290492c05c69ff088fb88b20e6cba7afd6993b4f02fb5dcab88db1537457e2.jpg,ComplexDataLab/OpenFake,medium,0,0.00034044295898638666
e929aefd2e666ecdb3b03a5eb456b21582c0844785fd2c7d03ea20bd08b45a7c,images/e929aefd2e666ecdb3b03a5eb456b21582c0844785fd2c7d03ea20bd08b45a7c.png,saberzl/SID_Set,medium,1,0.973559558391571
e938c66db62164824175c19603adcc248affb3465ac82042e9ef748a580306d8,images/e938c66db62164824175c19603adcc248affb3465ac82042e9ef748a580306d8.webp,ComplexDataLab/OpenFake,medium,1,0.2632743716239929
e93a51a935ce7f59c66798986208019eb5aecfbdce0aca2d72d04a4cb4f100b8,images/e93a51a935ce7f59c66798986208019eb5aecfbdce0aca2d72d04a4cb4f100b8.jpg,ComplexDataLab/OpenFake,medium,0,0.6990200281143188
e9871344f460d2a83d328199ace553bb21eec1bbae69717394c6f08d338a9930,images/e9871344f460d2a83d328199ace553bb21eec1bbae69717394c6f08d338a9930.png,saberzl/SID_Set,medium,1,0.9618409276008606
e9a63cfba25176df1091dcabb5e1fec57f5568eb751811e16966e62cd11e8e04,images/e9a63cfba25176df1091dcabb5e1fec57f5568eb751811e16966e62cd11e8e04.png,saberzl/SID_Set,medium,1,0.9978269934654236
e9b62a2d97b009a091d155b8bb73b73561ca417e9889ecb8fca3b1915e6545be,images/e9b62a2d97b009a091d155b8bb73b73561ca417e9889ecb8fca3b1915e6545be.jpg,saberzl/SID_Set,medium,0,0.8670891523361206
e9bb1390d5b92dfd5337782a36502e1101a00fac3d9a997952c86e73642b53ac,images/e9bb1390d5b92dfd5337782a36502e1101a00fac3d9a997952c86e73642b53ac.png,saberzl/SID_Set,medium,1,0.9847217202186584
e9ffd0d6e3d69e32f05d0393abb4feae7ccaba5bf2535a064907cd24683a864c,images/e9ffd0d6e3d69e32f05d0393abb4feae7ccaba5bf2535a064907cd24683a864c.jpg,saberzl/SID_Set,medium,0,0.9885741472244263
ea1bfb1e40f260397a20b03c45c5ca347d73c1b1df3d630f518a439cf79a4e82,images/ea1bfb1e40f260397a20b03c45c5ca347d73c1b1df3d630f518a439cf79a4e82.png,RRDataset,medium,1,0.8570756912231445
ea29ab4c83a8c7d68f5cf12f67962647f17e073d2f61a18779f23f3a48192bbe,images/ea29ab4c83a8c7d68f5cf12f67962647f17e073d2f61a18779f23f3a48192bbe.jpg,ComplexDataLab/OpenFake,medium,0,0.7350077629089355
ea4e69dae54b71e1210b8142b53c8c8505cc053dcdff3b557965185b1b3e51ca,images/ea4e69dae54b71e1210b8142b53c8c8505cc053dcdff3b557965185b1b3e51ca.jpg,RRDataset,medium,0,0.20760567486286163
ea5dac8c3452616b8c3172f7c4f5e1d56675c62259450f70af93e85c6e967983,images/ea5dac8c3452616b8c3172f7c4f5e1d56675c62259450f70af93e85c6e967983.png,RRDataset,medium,1,0.9787953495979309
ea5f887f987e2dcc8c1dd7afde11ecb366c4d32f1d0133d58bf5f2fd051d251e,images/ea5f887f987e2dcc8c1dd7afde11ecb366c4d32f1d0133d58bf5f2fd051d251e.png,ComplexDataLab/OpenFake,medium,1,0.9903174638748169
ea88e4e6d9ac591e831dfb2c5b1e1271f2ddf5d1101ef7ff64b219338263305e,images/ea88e4e6d9ac591e831dfb2c5b1e1271f2ddf5d1101ef7ff64b219338263305e.jpg,saberzl/SID_Set,medium,0,0.13412098586559296
ead5e90d438a3cfc7c122c68f72844e595d652a9a3e37f22d7ef40a9f10f8c59,images/ead5e90d438a3cfc7c122c68f72844e595d652a9a3e37f22d7ef40a9f10f8c59.jpg,RRDataset,medium,0,0.9840973019599915
eaf983cf37edfb3e3366480ef5ffcd2a654c482fdf4899f15213d5737157491b,images/eaf983cf37edfb3e3366480ef5ffcd2a654c482fdf4899f15213d5737157491b.jpg,ComplexDataLab/OpenFake,medium,0,0.15324367582798004
eb028dd17b98123d91dbef771a400522869c1f3acafb6e59d9468698ba8cda56,images/eb028dd17b98123d91dbef771a400522869c1f3acafb6e59d9468698ba8cda56.png,saberzl/SID_Set,medium,1,0.7524427771568298
eb25386057bf63378375e3a9c1bb6600ddcd3d5eb615eb42dbac095afc0ec08b,images/eb25386057bf63378375e3a9c1bb6600ddcd3d5eb615eb42dbac095afc0ec08b.png,saberzl/SID_Set,medium,1,0.6787385940551758
eb270e52b277d25700e8e60b37c434c8fc8dc01c30079ab7a39a346b9f14c25e,images/eb270e52b277d25700e8e60b37c434c8fc8dc01c30079ab7a39a346b9f14c25e.jpg,ComplexDataLab/OpenFake,medium,0,0.3747323155403137
eb2f6d9a9da66a46fc045d8f2ecfea9af67b7d06bc99c6b42626872607411b45,images/eb2f6d9a9da66a46fc045d8f2ecfea9af67b7d06bc99c6b42626872607411b45.jpg,RRDataset,medium,0,0.9879850745201111
eb4f2e2c8ca26dcba53bdf511fc49c53a636e45b403dfc21d80a72bb45869ae2,images/eb4f2e2c8ca26dcba53bdf511fc49c53a636e45b403dfc21d80a72bb45869ae2.jpg,saberzl/SID_Set,medium,0,0.5226072072982788
eb5fe23c53e82d40cee8849c03bfb89924044e05e85fa26b04f16a724103f5af,images/eb5fe23c53e82d40cee8849c03bfb89924044e05e85fa26b04f16a724103f5af.jpg,saberzl/SID_Set,medium,0,0.6196374297142029
eb707a0ce56a5706e5060584c005b77a16c41dd3b6816efca2db1f995c5deee9,images/eb707a0ce56a5706e5060584c005b77a16c41dd3b6816efca2db1f995c5deee9.jpg,RRDataset,medium,0,0.3389095366001129
eb72110be5ec5a1de56cb685ce3c48a33e31a3b3354d8d59f087d40819593981,images/eb72110be5ec5a1de56cb685ce3c48a33e31a3b3354d8d59f087d40819593981.jpg,saberzl/SID_Set,medium,0,0.582318902015686
ec09d52ad34b1e0573bdeb40a80207e83c488d698dcb79aaebe53abbba6cbe92,images/ec09d52ad34b1e0573bdeb40a80207e83c488d698dcb79aaebe53abbba6cbe92.jpg,saberzl/SID_Set,medium,0,0.14545829594135284
ec0ccc7fa2722405ae8e46b33d0dcf5f0c22c67f71f57938599ef3aefb53db7a,images/ec0ccc7fa2722405ae8e46b33d0dcf5f0c22c67f71f57938599ef3aefb53db7a.jpg,ComplexDataLab/OpenFake,medium,0,0.006754528731107712
ec0d345c20754888dd99a586dafb61544a672664a4bf9b7b697410081f83de85,images/ec0d345c20754888dd99a586dafb61544a672664a4bf9b7b697410081f83de85.jpg,ComplexDataLab/OpenFake,medium,0,0.014014902524650097
ec0f982485bc5f813930848059f8c417996e049278dfe9d2a0aa67cdcdd0390c,images/ec0f982485bc5f813930848059f8c417996e049278dfe9d2a0aa67cdcdd0390c.png,ComplexDataLab/OpenFake,medium,1,0.7271445989608765
ec514d99143b2938d8a7b20e2fba785642d9a3aaecd29fdb89acaab32d72292b,images/ec514d99143b2938d8a7b20e2fba785642d9a3aaecd29fdb89acaab32d72292b.jpg,RRDataset,medium,0,0.7352792024612427
ec5e3b71a9e80c8f2927fce4bc481748fda0970ca968928a402e5d6f0195bc01,images/ec5e3b71a9e80c8f2927fce4bc481748fda0970ca968928a402e5d6f0195bc01.png,RRDataset,medium,1,0.9061721563339233
ec5ea19472b91496afdeeb8982eaa5d8e08c42b41211327213b9af5319cf099a,images/ec5ea19472b91496afdeeb8982eaa5d8e08c42b41211327213b9af5319cf099a.jpg,ComplexDataLab/OpenFake,medium,1,0.0198217760771513
ec5eb889887d0b0dba351ba5abb84506c13cc4db237bb0816a51b9b84ce7745e,images/ec5eb889887d0b0dba351ba5abb84506c13cc4db237bb0816a51b9b84ce7745e.jpg,ComplexDataLab/OpenFake,medium,0,0.09073197096586227
ec82175e235fad811f0a997b59f7f5c3c06c462ca072d6097a54102801da6e08,images/ec82175e235fad811f0a997b59f7f5c3c06c462ca072d6097a54102801da6e08.png,RRDataset,medium,1,0.9787200093269348
ec89fdb08f80db87cf02a97461e0f4d4495dab58e0ab9ba687fa56b89e5219c6,images/ec89fdb08f80db87cf02a97461e0f4d4495dab58e0ab9ba687fa56b89e5219c6.jpg,saberzl/SID_Set,medium,0,0.014648092910647392
ecd372e08ff7dfc1df887b26bc322e71992d491e39006c8f2e56792abe7ca261,images/ecd372e08ff7dfc1df887b26bc322e71992d491e39006c8f2e56792abe7ca261.jpg,saberzl/SID_Set,medium,0,0.5085563063621521
ecdf43406997018530a6ef4f63290b06339b9eb49d7d22e25972c9ef87494cbf,images/ecdf43406997018530a6ef4f63290b06339b9eb49d7d22e25972c9ef87494cbf.jpg,ComplexDataLab/OpenFake,medium,0,0.6209776401519775
ed0f6d6c505eb88c92ce534b76dbc488983e2efc22aaae13f64b780da76868cc,images/ed0f6d6c505eb88c92ce534b76dbc488983e2efc22aaae13f64b780da76868cc.png,saberzl/SID_Set,medium,1,0.9988038539886475
ed1c84cbe56af98e3c61311cae047e39e8d1494a43b102cfd206580ac27ebb91,images/ed1c84cbe56af98e3c61311cae047e39e8d1494a43b102cfd206580ac27ebb91.png,ComplexDataLab/OpenFake,medium,1,0.8448150753974915
ed533e9e9935b1a7f4c0e2c05cce2d8d3c4621baf2e51cfee213d2fd52d44f77,images/ed533e9e9935b1a7f4c0e2c05cce2d8d3c4621baf2e51cfee213d2fd52d44f77.png,saberzl/SID_Set,medium,1,0.9773733615875244
ed74615f60ab1dd7f336d114818df152ceb41c9396237d35f619a1faa798a033,images/ed74615f60ab1dd7f336d114818df152ceb41c9396237d35f619a1faa798a033.jpg,ComplexDataLab/OpenFake,medium,0,0.10569466650485992
ed7bad72ff369d40b900fe5438b6bb4a97e29203162c8e748814fe8f49a211dd,images/ed7bad72ff369d40b900fe5438b6bb4a97e29203162c8e748814fe8f49a211dd.png,ComplexDataLab/OpenFake,medium,1,0.9675246477127075
ed8dca2c0c4ac137dd420cafb4e52079e24eb5cabb574aa2550cf64742c10f1b,images/ed8dca2c0c4ac137dd420cafb4e52079e24eb5cabb574aa2550cf64742c10f1b.jpg,RRDataset,medium,0,0.980984091758728
eda7db683048a01e68b8e05bbe6bf4e219964e2e79f35101c727a340524b636b,images/eda7db683048a01e68b8e05bbe6bf4e219964e2e79f35101c727a340524b636b.png,saberzl/SID_Set,medium,1,0.9793457984924316
edc32d464c59bb364e9ebf6c528643c22113e8b3be045d7c6c3bda1e59dcee69,images/edc32d464c59bb364e9ebf6c528643c22113e8b3be045d7c6c3bda1e59dcee69.jpg,ComplexDataLab/OpenFake,medium,0,0.0008238958544097841
edece42b56046148558dd1060b5bec988a1fe32cc35a895cc6e5221438f3f1ca,images/edece42b56046148558dd1060b5bec988a1fe32cc35a895cc6e5221438f3f1ca.jpg,RRDataset,medium,0,0.7990049123764038
ee28e5f8b4128e682f9b86f9799dec8f31eb47277a67e5681e1ed53af210f640,images/ee28e5f8b4128e682f9b86f9799dec8f31eb47277a67e5681e1ed53af210f640.jpg,saberzl/SID_Set,medium,0,0.9942837357521057
ee2c72b12d41952ba9dbbb3ea16855a1c4226c3792917c22ad3aa282946b6910,images/ee2c72b12d41952ba9dbbb3ea16855a1c4226c3792917c22ad3aa282946b6910.jpg,RRDataset,medium,0,0.9722002148628235
ee41450164f85320da0be996b2709eb769667ccbcf000dd3b2b2f335ed5d52e4,images/ee41450164f85320da0be996b2709eb769667ccbcf000dd3b2b2f335ed5d52e4.jpg,RRDataset,medium,0,0.08409895747900009
ee451883abda53a3bc5436e8bf839ef85b4b26493d00cc73132b7be58186a721,images/ee451883abda53a3bc5436e8bf839ef85b4b26493d00cc73132b7be58186a721.jpg,ComplexDataLab/OpenFake,medium,0,0.8531564474105835
ee90bf45b6bd2c08b2b05063ab2502c158693463ca8d3c173fc83eb2894cfa6b,images/ee90bf45b6bd2c08b2b05063ab2502c158693463ca8d3c173fc83eb2894cfa6b.jpg,ComplexDataLab/OpenFake,medium,0,0.00710625946521759
ee94fe3b15d2f482c0c21e209466c2a5f61950f57bb2ca73bbe9084bb24cd4fb,images/ee94fe3b15d2f482c0c21e209466c2a5f61950f57bb2ca73bbe9084bb24cd4fb.png,saberzl/SID_Set,medium,1,0.9293907284736633
eeb94d4b8c6e3aa02aa4c12aa4f27efa018c71880b4d4b8d1bc5378b96eb27f9,images/eeb94d4b8c6e3aa02aa4c12aa4f27efa018c71880b4d4b8d1bc5378b96eb27f9.png,ComplexDataLab/OpenFake,medium,1,0.9888218641281128
eec0dff61bb6cd8a6849fdb74144b5d03c5e48e7ac359ff24b2ae664c14d92d9,images/eec0dff61bb6cd8a6849fdb74144b5d03c5e48e7ac359ff24b2ae664c14d92d9.jpg,ComplexDataLab/OpenFake,medium,1,0.7298821210861206
eec2632e0fdda35f8ce37ae5ecb4b669789def12c0f8a7c0a9838866ad5d72e5,images/eec2632e0fdda35f8ce37ae5ecb4b669789def12c0f8a7c0a9838866ad5d72e5.png,saberzl/SID_Set,medium,1,0.9818304181098938
eec4bd2a1dc1a222ff5231271fe59b5b6a59728ec83d60494acb8a352051e2b5,images/eec4bd2a1dc1a222ff5231271fe59b5b6a59728ec83d60494acb8a352051e2b5.png,ComplexDataLab/OpenFake,medium,1,0.7747278809547424
eed3c009e025261b4ada87056c663156f4171992b0bd43d936df654e3bff0bda,images/eed3c009e025261b4ada87056c663156f4171992b0bd43d936df654e3bff0bda.jpg,saberzl/SID_Set,medium,0,0.0015736994100734591
ef41fbc2657439a4ca23f0452179799172ab904583fba07520dd333273f7bd54,images/ef41fbc2657439a4ca23f0452179799172ab904583fba07520dd333273f7bd54.jpg,ComplexDataLab/OpenFake,medium,0,0.10177015513181686
ef4cc7d7517a0bc4d17b5ba82ebd9df016b0b30782e5634bc099aeb36389c523,images/ef4cc7d7517a0bc4d17b5ba82ebd9df016b0b30782e5634bc099aeb36389c523.png,RRDataset,medium,1,0.9882273077964783
ef4cf1e5e7082a0fbcbc32a153ad9754ab09d1fac4ccfdb61f4f9b8b8c236c86,images/ef4cf1e5e7082a0fbcbc32a153ad9754ab09d1fac4ccfdb61f4f9b8b8c236c86.png,saberzl/SID_Set,medium,1,0.9884673953056335
efb5aafdd190165af4a9329d1afa09eef67634ce743a78fc95d4fa702748efc8,images/efb5aafdd190165af4a9329d1afa09eef67634ce743a78fc95d4fa702748efc8.png,RRDataset,medium,1,0.9906046986579895
efec09a3717dc405a21fec40e7df9de8250590f44f9d87502537fc6e0e5d0176,images/efec09a3717dc405a21fec40e7df9de8250590f44f9d87502537fc6e0e5d0176.jpg,saberzl/SID_Set,medium,0,0.2391367405653
eff003401d97eab2d2425c696cc8f251664557e3bc2b52c8889e8d1d72c579f1,images/eff003401d97eab2d2425c696cc8f251664557e3bc2b52c8889e8d1d72c579f1.jpg,saberzl/SID_Set,medium,0,0.3234606385231018
f00af1134e2fb816d6904e882cd8a7348691e2ffec0376d5418b92ac528e6ccd,images/f00af1134e2fb816d6904e882cd8a7348691e2ffec0376d5418b92ac528e6ccd.png,saberzl/SID_Set,medium,1,0.9450698494911194
f02094281494da3cbd04d1bf49e78c4d8aad58ad7189bcabcb0dd3b4ef9c678f,images/f02094281494da3cbd04d1bf49e78c4d8aad58ad7189bcabcb0dd3b4ef9c678f.png,ComplexDataLab/OpenFake,medium,1,0.7277532815933228
f029f440c45f2e5a461b4a2d96fc75b9616cc9d0f0d2695dda11642fa9d455f2,images/f029f440c45f2e5a461b4a2d96fc75b9616cc9d0f0d2695dda11642fa9d455f2.png,saberzl/SID_Set,medium,1,0.9695017337799072
f0322af8d451c7bc432ede2f5c01c3ee419bf7c40713023ab83b6679aac26111,images/f0322af8d451c7bc432ede2f5c01c3ee419bf7c40713023ab83b6679aac26111.jpg,saberzl/SID_Set,medium,0,0.4947746992111206
f035160288e487d9c714b7cbb5a3ff60462cee66cba61f2552dde9ea96fdc2a0,images/f035160288e487d9c714b7cbb5a3ff60462cee66cba61f2552dde9ea96fdc2a0.jpg,saberzl/SID_Set,medium,0,0.022504478693008423
f054e829a4a6d80c79af175918b6f802d10b82db5fb9352ee567f8cd1a952c2b,images/f054e829a4a6d80c79af175918b6f802d10b82db5fb9352ee567f8cd1a952c2b.png,ComplexDataLab/OpenFake,medium,1,0.9908757209777832
f06666934bcfbfceb450c16d5345af857fcd4d1aed638b6a6d9d50dfeefcc717,images/f06666934bcfbfceb450c16d5345af857fcd4d1aed638b6a6d9d50dfeefcc717.jpg,saberzl/SID_Set,medium,0,0.9019302725791931
f0737f6e1bc4aeadcd4706d33023d13700f5cc5360a0c4ec6ef42f83e605a773,images/f0737f6e1bc4aeadcd4706d33023d13700f5cc5360a0c4ec6ef42f83e605a773.png,ComplexDataLab/OpenFake,medium,1,0.8073481321334839
f08e638722601e640f2a055c10c1f894454decbfe3c9014f0990d91352e21c93,images/f08e638722601e640f2a055c10c1f894454decbfe3c9014f0990d91352e21c93.png,ComplexDataLab/OpenFake,medium,1,0.999799907207489
f09155ac08c55672b8cc43be53c57c4b4987df65d16be059da2a74b05545a698,images/f09155ac08c55672b8cc43be53c57c4b4987df65d16be059da2a74b05545a698.jpg,RRDataset,medium,0,0.9416154026985168
f0c2498c455ea46413cfb5f39e2c9d3b79e71bfffd7ff69532eac4e81f823ada,images/f0c2498c455ea46413cfb5f39e2c9d3b79e71bfffd7ff69532eac4e81f823ada.jpg,saberzl/SID_Set,medium,0,0.21049651503562927
f0cd035663aeb1803e6b472b5f943ff5adfee3fa1d68ae2beb1cb4a101c1dc26,images/f0cd035663aeb1803e6b472b5f943ff5adfee3fa1d68ae2beb1cb4a101c1dc26.png,saberzl/SID_Set,medium,1,0.943245530128479
f0ceecd6eae5d7ba7b876ae28eb901aabdcb83950c1d1336ada0612f735c5288,images/f0ceecd6eae5d7ba7b876ae28eb901aabdcb83950c1d1336ada0612f735c5288.png,ComplexDataLab/OpenFake,medium,1,0.8475493788719177
f139ccb0b4a740824efbd9819764ff392803742f7439ce201879a5c7bfb6ca16,images/f139ccb0b4a740824efbd9819764ff392803742f7439ce201879a5c7bfb6ca16.jpg,RRDataset,medium,0,0.07389596104621887
f14db249c2023ef89fd261af7c73d18f6ff75543753c2d9ce3b43aed41a261ad,images/f14db249c2023ef89fd261af7c73d18f6ff75543753c2d9ce3b43aed41a261ad.jpg,RRDataset,medium,0,0.9774860143661499
f1d2770f574e7356d221c3eb4f46c576ce4da8f163c73f574c9c496783504997,images/f1d2770f574e7356d221c3eb4f46c576ce4da8f163c73f574c9c496783504997.jpg,RRDataset,medium,0,0.7010567784309387
f2003a0f62d1dff3cf44e524556e31d000298d981db862078cab7fc3613a4a92,images/f2003a0f62d1dff3cf44e524556e31d000298d981db862078cab7fc3613a4a92.png,RRDataset,medium,1,0.9461181163787842
f208d268d06a3f89772dafa1bcdc14851b588d437565e291d3fd9f28ae159958,images/f208d268d06a3f89772dafa1bcdc14851b588d437565e291d3fd9f28ae159958.jpg,ComplexDataLab/OpenFake,medium,0,0.026402698829770088
f22caa39e08d99080071d7c87bd4129768ab56bbafe6e4202df34f7ee12dae40,images/f22caa39e08d99080071d7c87bd4129768ab56bbafe6e4202df34f7ee12dae40.png,RRDataset,medium,1,0.9893198013305664
f2325fd71d1d19db02ccce97a23c9880221e5e5060d4480d819680235ac98f46,images/f2325fd71d1d19db02ccce97a23c9880221e5e5060d4480d819680235ac98f46.png,saberzl/SID_Set,medium,1,0.8018181920051575
f2348e9d1ae15e2904f7adaf958783f1c6c70c6a91db2597a3ba86dc1e0ceb79,images/f2348e9d1ae15e2904f7adaf958783f1c6c70c6a91db2597a3ba86dc1e0ceb79.jpg,saberzl/SID_Set,medium,0,0.9496946334838867
f255b0be1724ca4d59e0547ebb34f7895171ff7128b79d9e785edeb9749d563d,images/f255b0be1724ca4d59e0547ebb34f7895171ff7128b79d9e785edeb9749d563d.png,RRDataset,medium,1,0.9917843341827393
f28d562c454f2d809775f9bc7056aab92205e18513d0b1adc9b1800ef17f0255,images/f28d562c454f2d809775f9bc7056aab92205e18513d0b1adc9b1800ef17f0255.jpg,ComplexDataLab/OpenFake,medium,0,0.025024153292179108
f29727c576cedae9a34374bff4e9ce81120130379d12f74d051c6a575406fd1e,images/f29727c576cedae9a34374bff4e9ce81120130379d12f74d051c6a575406fd1e.jpg,RRDataset,medium,0,0.9754794239997864
f2a820003b63c22618a35d2593635c5f5360c434fc38544413655ffccde26db1,images/f2a820003b63c22618a35d2593635c5f5360c434fc38544413655ffccde26db1.jpg,saberzl/SID_Set,medium,0,0.08757275342941284
f2afa7ea9e49b1cb778cbac98a4f98c87854882b66c4ffeca87dcbe496221ad7,images/f2afa7ea9e49b1cb778cbac98a4f98c87854882b66c4ffeca87dcbe496221ad7.png,RRDataset,medium,1,0.9942982792854309
f2b243c1ba9f320c0e233adfb6b66a18160dfeb7730053918ce42d87c9f5c095,images/f2b243c1ba9f320c0e233adfb6b66a18160dfeb7730053918ce42d87c9f5c095.jpg,ComplexDataLab/OpenFake,medium,0,0.0010892505524680018
f2b6119f46685938bb1b7b274dce02da699e53702efc68d1cb4299997737c072,images/f2b6119f46685938bb1b7b274dce02da699e53702efc68d1cb4299997737c072.png,ComplexDataLab/OpenFake,medium,1,0.09182880818843842
f2b9546501d23ef2d0b7056917092067ceea3434479005fefecfa985b0b2bece,images/f2b9546501d23ef2d0b7056917092067ceea3434479005fefecfa985b0b2bece.png,ComplexDataLab/OpenFake,medium,1,0.9433006048202515
f2d38cb6c6dc31d535ecec1b5b93565c44a46bb86bba608e7301c0af814f841e,images/f2d38cb6c6dc31d535ecec1b5b93565c44a46bb86bba608e7301c0af814f841e.jpg,ComplexDataLab/OpenFake,medium,0,0.0418623648583889
f2e00f962b781fdba32661610707ac853216503a45bacfd08e9d1ad42d676064,images/f2e00f962b781fdba32661610707ac853216503a45bacfd08e9d1ad42d676064.jpg,ComplexDataLab/OpenFake,medium,0,0.014124851673841476
f3214b838b15693fd97e7929e1d1c7e3188a17fc8b055b6d3baf140ae165d676,images/f3214b838b15693fd97e7929e1d1c7e3188a17fc8b055b6d3baf140ae165d676.jpg,ComplexDataLab/OpenFake,medium,1,0.9038568735122681
f36b6935ef2b0e36c9eff8de94a6e12e3c7c348c5f163c6c675a09ca9e980434,images/f36b6935ef2b0e36c9eff8de94a6e12e3c7c348c5f163c6c675a09ca9e980434.png,ComplexDataLab/OpenFake,medium,1,0.9976430535316467
f3a6a2c6600e5903265e80583cdfc0fe8da6ef099eacb7dbabeeeff9bc84f7b8,images/f3a6a2c6600e5903265e80583cdfc0fe8da6ef099eacb7dbabeeeff9bc84f7b8.jpg,ComplexDataLab/OpenFake,medium,0,0.19386076927185059
f3b17de77e333317320fd05b06d4dbdefd6f6575e31613df9498bd88ef9cd342,images/f3b17de77e333317320fd05b06d4dbdefd6f6575e31613df9498bd88ef9cd342.jpg,ComplexDataLab/OpenFake,medium,0,0.47979480028152466
f3c58796400839ce3da6f0f7c8c19ef7c27fcec2cbe45e263f71594c18dcc029,images/f3c58796400839ce3da6f0f7c8c19ef7c27fcec2cbe45e263f71594c18dcc029.jpg,RRDataset,medium,0,0.5392993688583374
f4100eacc9540fa0b00f603c45040698f9e3b6401579cc3e0515d263e9758744,images/f4100eacc9540fa0b00f603c45040698f9e3b6401579cc3e0515d263e9758744.png,saberzl/SID_Set,medium,1,0.9497579336166382
f4115c296be02b1232cbbbd8f7496675ebe3f57d245f6e822b52306f9a279a39,images/f4115c296be02b1232cbbbd8f7496675ebe3f57d245f6e822b52306f9a279a39.png,ComplexDataLab/OpenFake,medium,1,0.8735887408256531
f434dbd5d856a9195dd0597df88ef240286527e49f5c1095d16545356d344188,images/f434dbd5d856a9195dd0597df88ef240286527e49f5c1095d16545356d344188.png,RRDataset,medium,1,0.9537292718887329
f43905e70b7f00aa13062d503c7e88f420ba92d9a1ccd8831031d909c8fa14ed,images/f43905e70b7f00aa13062d503c7e88f420ba92d9a1ccd8831031d909c8fa14ed.jpg,ComplexDataLab/OpenFake,medium,0,0.7800933718681335
f451533aa0a42aeec70be47ec5ad33e25aa62a0f4eaef27ac6fe8fe1c7e76448,images/f451533aa0a42aeec70be47ec5ad33e25aa62a0f4eaef27ac6fe8fe1c7e76448.png,ComplexDataLab/OpenFake,medium,1,0.9487248659133911
f45e11654db2d7af65034d9103421209ef801c685e7587052edfeaaa60ad995c,images/f45e11654db2d7af65034d9103421209ef801c685e7587052edfeaaa60ad995c.png,saberzl/SID_Set,medium,1,0.9930688142776489
f469b9dc8dc3170977200073899ce8ca34a6a6f827559c27cad6b6a6122517eb,images/f469b9dc8dc3170977200073899ce8ca34a6a6f827559c27cad6b6a6122517eb.jpg,RRDataset,medium,0,0.037545230239629745
f4925222fbe7bd5c718915ddd1cc0c682377da986580e5446b8418d6074d48bd,images/f4925222fbe7bd5c718915ddd1cc0c682377da986580e5446b8418d6074d48bd.png,RRDataset,medium,1,0.9391480088233948
f4a262a639925c241d5d6cf9998217cff37f4fd57b3bf53091f3d0ea90daa756,images/f4a262a639925c241d5d6cf9998217cff37f4fd57b3bf53091f3d0ea90daa756.png,RRDataset,medium,1,0.7891549468040466
f4dae4a212a3cb4aec21fb30755947044fa8ae3424b85f45111eeb31bbc81d66,images/f4dae4a212a3cb4aec21fb30755947044fa8ae3424b85f45111eeb31bbc81d66.jpg,RRDataset,medium,0,0.008374301716685295
f4f466f50137b8cc3845a22ee00272e2661ca3eeac13b98f2be531551fdcf46a,images/f4f466f50137b8cc3845a22ee00272e2661ca3eeac13b98f2be531551fdcf46a.jpg,ComplexDataLab/OpenFake,medium,0,0.6055899262428284
f505c3d78a55812f0e63a05e436feff3294dd373bd34db5e0a9f8ec90f85ca70,images/f505c3d78a55812f0e63a05e436feff3294dd373bd34db5e0a9f8ec90f85ca70.jpg,ComplexDataLab/OpenFake,medium,0,0.3785848915576935
f54780444020c448f52d0f0a64b49196c6fbc6ae1c692586db92ce9bbedee45d,images/f54780444020c448f52d0f0a64b49196c6fbc6ae1c692586db92ce9bbedee45d.png,ComplexDataLab/OpenFake,medium,1,0.8763118982315063
f57cf95c05f4f391b3ce41a2861b55463fd0704c27797dbf69cd9e80f299f870,images/f57cf95c05f4f391b3ce41a2861b55463fd0704c27797dbf69cd9e80f299f870.png,RRDataset,medium,1,0.9968799352645874
f58f3dafb76293cfe49b7fb91c3281b874cb8435c6afea694eace669d5782841,images/f58f3dafb76293cfe49b7fb91c3281b874cb8435c6afea694eace669d5782841.png,ComplexDataLab/OpenFake,medium,1,0.2636204957962036
f5a00e10260abe45efa2fa5f74f11b78d2dea8888d7ea3c170a5ec261fb20d0d,images/f5a00e10260abe45efa2fa5f74f11b78d2dea8888d7ea3c170a5ec261fb20d0d.jpg,RRDataset,medium,0,0.007769052404910326
f5fd91d1bf4ce36b512b0627f2a8ed9b30477ca0e3c86a2e10bb779e82e8565f,images/f5fd91d1bf4ce36b512b0627f2a8ed9b30477ca0e3c86a2e10bb779e82e8565f.png,saberzl/SID_Set,medium,1,0.9819324016571045
f60c927c2c7509438192907b66f9e1bc7c2b289328206efd60b380f852edd340,images/f60c927c2c7509438192907b66f9e1bc7c2b289328206efd60b380f852edd340.jpg,ComplexDataLab/OpenFake,medium,0,0.03368416056036949
f618f3ff6eb434c682a424fc117542b2f2a906f68b7416a5905f71c24f924aeb,images/f618f3ff6eb434c682a424fc117542b2f2a906f68b7416a5905f71c24f924aeb.png,RRDataset,medium,1,0.9780824184417725
f63f0bbaa9f9e95015c62451b9fb82d55f188832667e98f404e731d7714f7df6,images/f63f0bbaa9f9e95015c62451b9fb82d55f188832667e98f404e731d7714f7df6.png,ComplexDataLab/OpenFake,medium,1,0.5980113744735718
f65ecb47c6f4e7b534d1747d5d127eb6a06c57ee3060989f8a2430d816e931b6,images/f65ecb47c6f4e7b534d1747d5d127eb6a06c57ee3060989f8a2430d816e931b6.jpg,ComplexDataLab/OpenFake,medium,0,0.01196453720331192
f66761a9d6bc61bfd09638aa6f4d56016bb33b0c72f9b4410d3961b97f9ce56e,images/f66761a9d6bc61bfd09638aa6f4d56016bb33b0c72f9b4410d3961b97f9ce56e.png,saberzl/SID_Set,medium,1,0.9279831647872925
f68f7534f9d407c72e0b4d982372945f96153166d2bb91068ec2f63ee9e44ecf,images/f68f7534f9d407c72e0b4d982372945f96153166d2bb91068ec2f63ee9e44ecf.png,ComplexDataLab/OpenFake,medium,1,0.9785804748535156
f6abf89224950ec01dd73f3fb40eddf03e31f4c9322d15888e42a6851600740b,images/f6abf89224950ec01dd73f3fb40eddf03e31f4c9322d15888e42a6851600740b.png,RRDataset,medium,1,0.9903692603111267
f6daab63aa541b9db343cec63a3967b90b3d071192ec252de06d139a1e7cf475,images/f6daab63aa541b9db343cec63a3967b90b3d071192ec252de06d139a1e7cf475.png,RRDataset,medium,1,0.9174998998641968
f6f1824a543618221794df39fcffd4eeb7073281acb1ad7543c8fbdac13fa0b5,images/f6f1824a543618221794df39fcffd4eeb7073281acb1ad7543c8fbdac13fa0b5.png,saberzl/SID_Set,medium,1,0.9936690926551819
f726d67d4d0490926f241bdc0287132049869d14ffe0284abc1a61ddfcdef827,images/f726d67d4d0490926f241bdc0287132049869d14ffe0284abc1a61ddfcdef827.png,ComplexDataLab/OpenFake,medium,1,0.8942824602127075
f74ede34c1240542f8ff38133c6777e41cfd5405866faefab8b10d2fcb812f8e,images/f74ede34c1240542f8ff38133c6777e41cfd5405866faefab8b10d2fcb812f8e.png,RRDataset,medium,1,0.8155776858329773
f758b0e7433b38415d7bf99c31dc0fa333492be339ae67c6c53ba045af32e2d2,images/f758b0e7433b38415d7bf99c31dc0fa333492be339ae67c6c53ba045af32e2d2.webp,ComplexDataLab/OpenFake,medium,1,0.9689281582832336
f7604e81764616ea566623b37a35ddfd41803e477873ef65788e3198f3f54c11,images/f7604e81764616ea566623b37a35ddfd41803e477873ef65788e3198f3f54c11.png,saberzl/SID_Set,medium,1,0.9844999313354492
f78eca03913e5b56de63506d25f14c418243191f3646264338a241f359ee9628,images/f78eca03913e5b56de63506d25f14c418243191f3646264338a241f359ee9628.jpg,ComplexDataLab/OpenFake,medium,0,0.0006682680686935782
f78f95d8e2830f46562442a549e235f72d056b9a9c305acc5bd820c2ef532722,images/f78f95d8e2830f46562442a549e235f72d056b9a9c305acc5bd820c2ef532722.jpg,ComplexDataLab/OpenFake,medium,0,0.0009198827319778502
f7bffe0787c404e18b6e935851b7981c950efab3a81d4ef958aff6e970ba9379,images/f7bffe0787c404e18b6e935851b7981c950efab3a81d4ef958aff6e970ba9379.jpg,RRDataset,medium,0,0.6093003749847412
f7c3ad154e7338a6929d31f9c0e2daf31c9ae739e7f940e1d35f65317cb9fbb5,images/f7c3ad154e7338a6929d31f9c0e2daf31c9ae739e7f940e1d35f65317cb9fbb5.jpg,RRDataset,medium,0,0.9119754433631897
f7e74782db0a9c22c7ad7b9c414975afb3c70616c9e143f264fe5c59e79d4203,images/f7e74782db0a9c22c7ad7b9c414975afb3c70616c9e143f264fe5c59e79d4203.jpg,saberzl/SID_Set,medium,0,0.19597242772579193
f7e7b3df3317b399f06c1ea78e2e522f96fd62c7cf3009968797ea870a2caaa8,images/f7e7b3df3317b399f06c1ea78e2e522f96fd62c7cf3009968797ea870a2caaa8.jpg,RRDataset,medium,0,0.46578729152679443
f7ff53c16924bd810fc0766bc98ee3a0da3d4938e8ff4c451a44f21042dfc0d1,images/f7ff53c16924bd810fc0766bc98ee3a0da3d4938e8ff4c451a44f21042dfc0d1.jpg,ComplexDataLab/OpenFake,medium,1,0.8903376460075378
f825cc995c65869e39155db621bf2f57de31a260cb631ba932105a3a7ff74e68,images/f825cc995c65869e39155db621bf2f57de31a260cb631ba932105a3a7ff74e68.png,saberzl/SID_Set,medium,1,0.9954063892364502
f82f4b8c94cec87a824fea0d882e069c2c0e1f1e71a2aa7ab5aab2e256c96ba9,images/f82f4b8c94cec87a824fea0d882e069c2c0e1f1e71a2aa7ab5aab2e256c96ba9.jpg,saberzl/SID_Set,medium,0,0.7621091604232788
f82fe438aa258b467e5def1bf2209892437c1ed4ffd84da86d33c0206c21e66e,images/f82fe438aa258b467e5def1bf2209892437c1ed4ffd84da86d33c0206c21e66e.png,RRDataset,medium,1,0.9818066358566284
f8305b0bce408753d83bb838709025397c98aa7a432fbe57cdedb66038c1c08c,images/f8305b0bce408753d83bb838709025397c98aa7a432fbe57cdedb66038c1c08c.png,saberzl/SID_Set,medium,1,0.9794517159461975
f84e46e8f44b2f7998f8ee1c0f42fa07f531f643f42463b52c406c13502af447,images/f84e46e8f44b2f7998f8ee1c0f42fa07f531f643f42463b52c406c13502af447.png,ComplexDataLab/OpenFake,medium,1,0.9985468983650208
f86031aaf66f4bc36f6b8840a2d1d7ed5a4ae35520a516df05ee534889ddedb3,images/f86031aaf66f4bc36f6b8840a2d1d7ed5a4ae35520a516df05ee534889ddedb3.png,ComplexDataLab/OpenFake,medium,1,0.9989354014396667
f873a67647a3c40e054201c4f4daf6f87717be548c8b10bab4c499e80bc3b393,images/f873a67647a3c40e054201c4f4daf6f87717be548c8b10bab4c499e80bc3b393.png,saberzl/SID_Set,medium,1,0.965288519859314
f8b19eb4860edca3308ce0ef16d27bbd819dc5c419cf9b748fa762334ef488a5,images/f8b19eb4860edca3308ce0ef16d27bbd819dc5c419cf9b748fa762334ef488a5.png,RRDataset,medium,1,0.9983775615692139
f8ce151f6b1c9576f1cf6f7201b6b0052b6191cf9ad5a141009bf1bd2a5fac29,images/f8ce151f6b1c9576f1cf6f7201b6b0052b6191cf9ad5a141009bf1bd2a5fac29.png,saberzl/SID_Set,medium,1,0.9725136160850525
f8ddf07d0685ca85edff178773841a4482a05cf678e4e0b45a30d6789e770398,images/f8ddf07d0685ca85edff178773841a4482a05cf678e4e0b45a30d6789e770398.jpg,ComplexDataLab/OpenFake,medium,0,0.024158500134944916
f8e1d7a5f5e660156be0aeac542c9aa4c27cb2ea8509d93ef10de38d6d84875f,images/f8e1d7a5f5e660156be0aeac542c9aa4c27cb2ea8509d93ef10de38d6d84875f.png,saberzl/SID_Set,medium,1,0.9073100090026855
f97c5c445262624d9fd47b4d9f8db4a03a5abfcbc9f216abaa0561f9abbc2e29,images/f97c5c445262624d9fd47b4d9f8db4a03a5abfcbc9f216abaa0561f9abbc2e29.jpg,RRDataset,medium,0,0.8818433284759521
f9f908d6f76c9fedc5136b53fc858cfca5933361357c6b5047ad87730186924c,images/f9f908d6f76c9fedc5136b53fc858cfca5933361357c6b5047ad87730186924c.png,ComplexDataLab/OpenFake,medium,1,0.9310078620910645
fa57f7d1d3c082f6393e450228e1fd93c04a745fa9210a1fd843b76ec126a838,images/fa57f7d1d3c082f6393e450228e1fd93c04a745fa9210a1fd843b76ec126a838.png,saberzl/SID_Set,medium,1,0.979526162147522
fa69240fdc5e48d053602de47738478b2bc115af3354e3b077bb3e414e456e20,images/fa69240fdc5e48d053602de47738478b2bc115af3354e3b077bb3e414e456e20.jpg,ComplexDataLab/OpenFake,medium,0,0.594880998134613
fa7337e6573a7413b505573dd3bd67077b62a92f0b4ea4d96198e3e80d0a2aeb,images/fa7337e6573a7413b505573dd3bd67077b62a92f0b4ea4d96198e3e80d0a2aeb.jpg,RRDataset,medium,0,0.8776610493659973
fa8b0cbd0eb3f08901f9d3820bbf0ad85b72d84537427cbf69c4125e94c5e6bf,images/fa8b0cbd0eb3f08901f9d3820bbf0ad85b72d84537427cbf69c4125e94c5e6bf.jpg,ComplexDataLab/OpenFake,medium,0,0.015449658036231995
fa9d5f8e1337b139e35f4648071dad4d5a94a2a35d77a840b98e1ef9ca2e38f1,images/fa9d5f8e1337b139e35f4648071dad4d5a94a2a35d77a840b98e1ef9ca2e38f1.png,ComplexDataLab/OpenFake,medium,1,0.9874635934829712
fa9ddc05f69dd158c8c7c35b99201cd7c169d0093301893757d0b1c6dc4de8f1,images/fa9ddc05f69dd158c8c7c35b99201cd7c169d0093301893757d0b1c6dc4de8f1.png,RRDataset,medium,1,0.9946916699409485
facf7e6273d6048f5a9f02722d8080f796bd2e361e3a3c5a0795eedbb2f071b8,images/facf7e6273d6048f5a9f02722d8080f796bd2e361e3a3c5a0795eedbb2f071b8.png,ComplexDataLab/OpenFake,medium,1,0.9972456693649292
fad7b4d2c6511916357cb79988e0fe4a53668e489cb7077997696f64ff437137,images/fad7b4d2c6511916357cb79988e0fe4a53668e489cb7077997696f64ff437137.png,RRDataset,medium,1,0.9949051141738892
faf5eee7ebadd867cbdc3a1cb213ffc631f8975365b64b011da5af25b3b38b77,images/faf5eee7ebadd867cbdc3a1cb213ffc631f8975365b64b011da5af25b3b38b77.jpg,ComplexDataLab/OpenFake,medium,0,0.0011982944561168551
fb4488bc21fcc5025f60fc1fd6b6197877e040576aa47baeb32428214516da70,images/fb4488bc21fcc5025f60fc1fd6b6197877e040576aa47baeb32428214516da70.jpg,saberzl/SID_Set,medium,0,0.10818061977624893
fb5cf8e28931a558d0c19efcc8cc383a483ed74e00ddce5ad33f835f66ba49ce,images/fb5cf8e28931a558d0c19efcc8cc383a483ed74e00ddce5ad33f835f66ba49ce.png,saberzl/SID_Set,medium,1,0.9320380687713623
fb6996dc20083fced80fa456a850709c36c0142dec81b4cdfdc09e7a8d4aba4c,images/fb6996dc20083fced80fa456a850709c36c0142dec81b4cdfdc09e7a8d4aba4c.jpg,saberzl/SID_Set,medium,0,0.12764954566955566
fbd7f3920e6dbc3021c4f74817602518043a59c7149e5d1edc0fb58a503c563d,images/fbd7f3920e6dbc3021c4f74817602518043a59c7149e5d1edc0fb58a503c563d.jpg,RRDataset,medium,0,0.9543191194534302
fbdbc56f925ca684e2645a753e8c39cd4687197dd14bd73faabb035b21733583,images/fbdbc56f925ca684e2645a753e8c39cd4687197dd14bd73faabb035b21733583.jpg,saberzl/SID_Set,medium,0,0.007806646171957254
fc28071a71f3ee56fa1f243abdc0a1031b165e478f536c63628974a22b05bc7a,images/fc28071a71f3ee56fa1f243abdc0a1031b165e478f536c63628974a22b05bc7a.png,saberzl/SID_Set,medium,1,0.9139848947525024
fc3a4ea2433311d267d3ccf567459b3fb727fb7555e46db407b40107937b5313,images/fc3a4ea2433311d267d3ccf567459b3fb727fb7555e46db407b40107937b5313.png,saberzl/SID_Set,medium,1,0.9801550507545471
fc6721693659d89e14d0c7ebe2c811bf271397a94e85a6fee7d9911be57e8475,images/fc6721693659d89e14d0c7ebe2c811bf271397a94e85a6fee7d9911be57e8475.png,RRDataset,medium,1,0.9918602108955383
fc70681695700f43d9f9b20a833576643cdb587628ee8bd242387e8d889e2ed0,images/fc70681695700f43d9f9b20a833576643cdb587628ee8bd242387e8d889e2ed0.jpg,saberzl/SID_Set,medium,0,0.7783723473548889
fc82a9c5e0f077b2d03b1894948440ce66fba834ae611a4a442982880c7efc16,images/fc82a9c5e0f077b2d03b1894948440ce66fba834ae611a4a442982880c7efc16.png,saberzl/SID_Set,medium,1,0.9942044615745544
fc8cc7a1188c1d6676e2f96b9f8fb5c510558b616de711aaf18dff9314c2ced3,images/fc8cc7a1188c1d6676e2f96b9f8fb5c510558b616de711aaf18dff9314c2ced3.jpg,ComplexDataLab/OpenFake,medium,0,0.03883768990635872
fcbe912386f3e0fe1ab093ce42f728216d3fc6ea419f0168536ebecab16953fe,images/fcbe912386f3e0fe1ab093ce42f728216d3fc6ea419f0168536ebecab16953fe.jpg,RRDataset,medium,0,0.9623007774353027
fcdc5d26899e531863d674bb390c8596e77d17d396b2de195db7e29e022eaf3e,images/fcdc5d26899e531863d674bb390c8596e77d17d396b2de195db7e29e022eaf3e.jpg,ComplexDataLab/OpenFake,medium,0,0.00041034084279090166
fceec5d2cf8dd7079b764c92a905382e4d9b7d6fb5a4ec2cd0ff0769f01b589a,images/fceec5d2cf8dd7079b764c92a905382e4d9b7d6fb5a4ec2cd0ff0769f01b589a.jpg,RRDataset,medium,0,0.7030633091926575
fcfacf26e9d5b5d3bf564dad7752803a473c97ce2efb34c68f5659c928acf8e8,images/fcfacf26e9d5b5d3bf564dad7752803a473c97ce2efb34c68f5659c928acf8e8.jpg,saberzl/SID_Set,medium,0,0.5329952836036682
fd1ead850829903f435a0e438ec9c0a629aa416245a7a956e195a441eb10fd8c,images/fd1ead850829903f435a0e438ec9c0a629aa416245a7a956e195a441eb10fd8c.jpg,RRDataset,medium,0,0.9119886159896851
fd33a4285630c0b0ed774b1f2a028b830843618e58bc29c393e942935bc8111f,images/fd33a4285630c0b0ed774b1f2a028b830843618e58bc29c393e942935bc8111f.png,ComplexDataLab/OpenFake,medium,1,0.9993839263916016
fd39b0121e98467edce8d2d58a52bdb5e465ce20a63e5f5a6e3177732ec1e523,images/fd39b0121e98467edce8d2d58a52bdb5e465ce20a63e5f5a6e3177732ec1e523.jpg,RRDataset,medium,0,0.8142569661140442
fd40d8992cb6b778f97e408c4595173156d3ddd66d4b3dd1e8a837430a96195b,images/fd40d8992cb6b778f97e408c4595173156d3ddd66d4b3dd1e8a837430a96195b.jpg,RRDataset,medium,0,0.8966057896614075
fd58fb1d663d772c9b8e8438eb61f92d30a31fee1c3a7a35411039bc6deeeca1,images/fd58fb1d663d772c9b8e8438eb61f92d30a31fee1c3a7a35411039bc6deeeca1.png,ComplexDataLab/OpenFake,medium,0,0.23621517419815063
fd6766e729c885cce76e7894dc44d7a4c8f08e64a04e351e0fc7e62a308b9926,images/fd6766e729c885cce76e7894dc44d7a4c8f08e64a04e351e0fc7e62a308b9926.png,saberzl/SID_Set,medium,1,0.9901071786880493
fd919ea4d3045734fd587bfaf80595115e83edccaccb04c010b6e6f753e82342,images/fd919ea4d3045734fd587bfaf80595115e83edccaccb04c010b6e6f753e82342.jpg,RRDataset,medium,0,0.8104181289672852
fd968ed13352e403f4b06e8f284391db51b0cf0ce5c46cbecf0272712c27abc1,images/fd968ed13352e403f4b06e8f284391db51b0cf0ce5c46cbecf0272712c27abc1.jpg,RRDataset,medium,0,0.8956679105758667
fdad777c1bb52a7c7d99cce69c51494c19ce38d848d4697c3ac7028cf2212a38,images/fdad777c1bb52a7c7d99cce69c51494c19ce38d848d4697c3ac7028cf2212a38.jpg,RRDataset,medium,0,0.9741047024726868
fdb22708cc3ab5c34edf1a33223c2978ddd494a76b33101ea6cb01ce701078ab,images/fdb22708cc3ab5c34edf1a33223c2978ddd494a76b33101ea6cb01ce701078ab.jpg,saberzl/SID_Set,medium,0,0.45903822779655457
fdbe648f3b80348067e8ac765811c57eb0036d79665420bad38ad3a406302e55,images/fdbe648f3b80348067e8ac765811c57eb0036d79665420bad38ad3a406302e55.jpg,ComplexDataLab/OpenFake,medium,0,0.033192574977874756
fdf4d1de0ed00496974366e555ff8afd3e9fbc028b02edf860d7a6bf2089cb8b,images/fdf4d1de0ed00496974366e555ff8afd3e9fbc028b02edf860d7a6bf2089cb8b.png,saberzl/SID_Set,medium,1,0.992492139339447
fe0669cb7aeaece3921cf48cecb00815660c0f5c0b802f58cdad03398bd9725f,images/fe0669cb7aeaece3921cf48cecb00815660c0f5c0b802f58cdad03398bd9725f.jpg,RRDataset,medium,0,0.7972685098648071
fe1efa0a4ed931ecf87d3ff295336d2b3681cabc81ca765e61aa42ea0ac2df06,images/fe1efa0a4ed931ecf87d3ff295336d2b3681cabc81ca765e61aa42ea0ac2df06.jpg,RRDataset,medium,0,0.9160942435264587
fe8bf93c943039d615f98c4b7199ee0079ee1ab6b5e42a4fbb86b67fa26c6784,images/fe8bf93c943039d615f98c4b7199ee0079ee1ab6b5e42a4fbb86b67fa26c6784.jpg,ComplexDataLab/OpenFake,medium,0,0.000507945369463414
fed84956ad8d5bc426b30258c986c60ce248c0d45d5b325b1caeb3ee0f707bda,images/fed84956ad8d5bc426b30258c986c60ce248c0d45d5b325b1caeb3ee0f707bda.jpg,ComplexDataLab/OpenFake,medium,0,0.00415409728884697
fef17cc39bab838a9f664d7676a8d2b470628c77240deb1a663e50f6a109511a,images/fef17cc39bab838a9f664d7676a8d2b470628c77240deb1a663e50f6a109511a.png,RRDataset,medium,1,0.9951215386390686
ff0c205c14e919dd16f5d13920a6719e98e0dbf459df6d4f00176bd1a1f1b73a,images/ff0c205c14e919dd16f5d13920a6719e98e0dbf459df6d4f00176bd1a1f1b73a.jpg,ComplexDataLab/OpenFake,medium,0,0.05019338056445122
ff0ed5e4cec251cfe13c70075dda210700bd37287b89d35bff5a62ad92a25571,images/ff0ed5e4cec251cfe13c70075dda210700bd37287b89d35bff5a62ad92a25571.png,saberzl/SID_Set,medium,1,0.956291913986206
ff13f5e1afd89c8cd64361ae52cfa78111e3759c1c725298a420bb569a06e219,images/ff13f5e1afd89c8cd64361ae52cfa78111e3759c1c725298a420bb569a06e219.jpg,saberzl/SID_Set,medium,0,0.05237019807100296
ff16eb54c52b5199522d32483cdb3cd53cb6e49499015c8b44607340a9789ceb,images/ff16eb54c52b5199522d32483cdb3cd53cb6e49499015c8b44607340a9789ceb.jpg,RRDataset,medium,0,0.7808997631072998
ff2258955382dc8ee2ca7dfc9bd7e9ed9302452a2912fdf1382f36bf77d75683,images/ff2258955382dc8ee2ca7dfc9bd7e9ed9302452a2912fdf1382f36bf77d75683.jpg,RRDataset,medium,0,0.7522590756416321
ff25bbb3dd6285984b174343f154c02447d9316b49dfdba3e51f7726b5d008a0,images/ff25bbb3dd6285984b174343f154c02447d9316b49dfdba3e51f7726b5d008a0.png,ComplexDataLab/OpenFake,medium,1,0.9962016940116882
ff441f06a0b9f8b9ba080cb10b51d511c0428f523f25f0712532d82b29f5c636,images/ff441f06a0b9f8b9ba080cb10b51d511c0428f523f25f0712532d82b29f5c636.png,ComplexDataLab/OpenFake,medium,1,0.9250353574752808
ff51b0b3cb51b76d0f7200a6df0d087e713267423b0038c7fe4b27f2bcae783b,images/ff51b0b3cb51b76d0f7200a6df0d087e713267423b0038c7fe4b27f2bcae783b.png,RRDataset,medium,1,0.9623074531555176
ff622ab98286801c2a2123a9f3077c1066f145a9270999052e638a6f3cbf0022,images/ff622ab98286801c2a2123a9f3077c1066f145a9270999052e638a6f3cbf0022.jpg,ComplexDataLab/OpenFake,medium,0,0.00022477675520349294
ff7d9840cdf4fe6284e943c43615570aca0cc02743ba5191ea1f38da9916c235,images/ff7d9840cdf4fe6284e943c43615570aca0cc02743ba5191ea1f38da9916c235.jpg,ComplexDataLab/OpenFake,medium,0,0.927493155002594
ff9ae9028f021a9b3d5a6d14e51f0e3ced95d26f25611f4c3242c03ce84e262a,images/ff9ae9028f021a9b3d5a6d14e51f0e3ced95d26f25611f4c3242c03ce84e262a.jpg,saberzl/SID_Set,medium,0,0.03392810747027397
ffb769a2e2771209a1db1accd478d782f104e1912147163479028a5926809f23,images/ffb769a2e2771209a1db1accd478d782f104e1912147163479028a5926809f23.jpg,ComplexDataLab/OpenFake,medium,0,0.007251461502164602
ffca2be20415697186f2b48dd4678fc9b3e4b5030ae9a7aa5486349351fa6f54,images/ffca2be20415697186f2b48dd4678fc9b3e4b5030ae9a7aa5486349351fa6f54.jpg,RRDataset,medium,0,0.8886262774467468
ffe31c6d0ed2e940f44e302105eeee7e1c27b9fb88c2cf24cae175e23b11bedc,images/ffe31c6d0ed2e940f44e302105eeee7e1c27b9fb88c2cf24cae175e23b11bedc.jpg,ComplexDataLab/OpenFake,medium,0,0.17591926455497742
