content_hash,image_path,source_dataset,sensitivity_level,label,probability_fake
006889a0c3aaec918b4588904790820ec39e1b97c6e08c6b6a803ecae1d8b6e6,images/006889a0c3aaec918b4588904790820ec39e1b97c6e08c6b6a803ecae1d8b6e6.png,ComplexDataLab/OpenFake,medium,1,0.9414595365524292
006ecef50f937cf692c61c13c25549171f5a6ac3a816f78501353d653cca06da,images/006ecef50f937cf692c61c13c25549171f5a6ac3a816f78501353d653cca06da.jpg,ComplexDataLab/OpenFake,medium,0,0.4672873914241791
008829b6c2c12cba65ef788d6276ccef739f2c79c3834da0013a42fb56e91fcf,images/008829b6c2c12cba65ef788d6276ccef739f2c79c3834da0013a42fb56e91fcf.png,ComplexDataLab/OpenFake,medium,1,0.9860337376594543
00b54f4ce2d09f74c2267beb67e77c62fe187aab74972e3ebe2d504fa6c39763,images/00b54f4ce2d09f74c2267beb67e77c62fe187aab74972e3ebe2d504fa6c39763.png,ComplexDataLab/OpenFake,low,1,0.8945500254631042
00cbc8d789e764ecea4da45bebbcfa52b372608d710ae1de382996d40f9a8dc7,images/00cbc8d789e764ecea4da45bebbcfa52b372608d710ae1de382996d40f9a8dc7.png,ComplexDataLab/OpenFake,medium,1,0.9984402060508728
00e8c18aaa33268122441ad7eb1a2980d9f94dd065c5be4fe79ed4fb6646ad00,images/00e8c18aaa33268122441ad7eb1a2980d9f94dd065c5be4fe79ed4fb6646ad00.jpg,ComplexDataLab/OpenFake,medium,0,0.07733520865440369
011a68a2b099883d03cdb2c19dc38a007c65bffe3aeba1fd0d026e4f8d85d933,images/011a68a2b099883d03cdb2c19dc38a007c65bffe3aeba1fd0d026e4f8d85d933.png,ComplexDataLab/OpenFake,medium,1,0.9914807081222534
0127d0b8bcd59b2f90c60f188d68d0299c9d4832df77c4853c0229464648e369,images/0127d0b8bcd59b2f90c60f188d68d0299c9d4832df77c4853c0229464648e369.png,ComplexDataLab/OpenFake,medium,1,0.19355875253677368
01455bc620d7137df3afdbd586bfa68fee8cc931b2511a7fda21a6a98ab4158b,images/01455bc620d7137df3afdbd586bfa68fee8cc931b2511a7fda21a6a98ab4158b.png,ComplexDataLab/OpenFake,low,1,0.22106042504310608
014d02224457fd79efab38f7f55b35f63b2b64d679a455cec9e5c7ccf62cdda5,images/014d02224457fd79efab38f7f55b35f63b2b64d679a455cec9e5c7ccf62cdda5.png,ComplexDataLab/OpenFake,medium,1,0.9988842606544495
018f0dc1e0ebdb5eb8adf57f8b90001a5b03131e7585ee8378d32efbbe5a06be,images/018f0dc1e0ebdb5eb8adf57f8b90001a5b03131e7585ee8378d32efbbe5a06be.jpg,ComplexDataLab/OpenFake,low,0,0.0033057699911296368
01901d6963a13165939e31ef73248313565145033418a9613082e0063cceea4d,images/01901d6963a13165939e31ef73248313565145033418a9613082e0063cceea4d.jpg,ComplexDataLab/OpenFake,medium,0,0.7741602063179016
01b18ee7f96da180a85c3205e39912b4360d5c11982bbcdf053e167e309238ed,images/01b18ee7f96da180a85c3205e39912b4360d5c11982bbcdf053e167e309238ed.jpg,ComplexDataLab/OpenFake,medium,0,8.977448305813596e-05
01b2f2d2e32a785f8e6fc48dbc9862b785f6a6947a58677d3d504368cd9b6214,images/01b2f2d2e32a785f8e6fc48dbc9862b785f6a6947a58677d3d504368cd9b6214.jpg,ComplexDataLab/OpenFake,medium,0,0.05733522027730942
01cbc35952e0819a0ce45a7747eb183974f7cb99a314ebc0e37dcae10d503791,images/01cbc35952e0819a0ce45a7747eb183974f7cb99a314ebc0e37dcae10d503791.png,ComplexDataLab/OpenFake,low,1,0.919834554195404
02704b70f3943efbc63a29c11e2fb5caf68808d596e36035aea48e139919a2cc,images/02704b70f3943efbc63a29c11e2fb5caf68808d596e36035aea48e139919a2cc.jpg,ComplexDataLab/OpenFake,medium,0,0.4608221650123596
028383a2bc29d233f5f1264b66ec16e43fd861654d9ee5978ea8e462b4b43f79,images/028383a2bc29d233f5f1264b66ec16e43fd861654d9ee5978ea8e462b4b43f79.png,ComplexDataLab/OpenFake,medium,1,0.9089142680168152
02aba247c6abe5b9a067c041a4e0a65cf166b375e2c4cbc44677b288ffbf8446,images/02aba247c6abe5b9a067c041a4e0a65cf166b375e2c4cbc44677b288ffbf8446.png,ComplexDataLab/OpenFake,medium,1,0.9925711750984192
03183ad87f31c3c99a1bec9f37c98e76d7f6dac9d4851eda5d0a4b4605425d75,images/03183ad87f31c3c99a1bec9f37c98e76d7f6dac9d4851eda5d0a4b4605425d75.jpg,ComplexDataLab/OpenFake,medium,0,0.025586366653442383
034210a00259d977911df2af667420db2d3c1bfffac5db8089823d9508b1ef36,images/034210a00259d977911df2af667420db2d3c1bfffac5db8089823d9508b1ef36.png,ComplexDataLab/OpenFake,medium,1,0.7867130637168884
035ecfeb940c4d35c80b3cc0ccb914d0ac42a26bcc7c582e59257a3f8b5c9a95,images/035ecfeb940c4d35c80b3cc0ccb914d0ac42a26bcc7c582e59257a3f8b5c9a95.png,ComplexDataLab/OpenFake,medium,1,0.5900999307632446
039d62e7d5a6902bc0ec8e8921cd76d941e08a52b3aff0862ed5267f85dc0078,images/039d62e7d5a6902bc0ec8e8921cd76d941e08a52b3aff0862ed5267f85dc0078.jpg,ComplexDataLab/OpenFake,medium,0,0.0037711006589233875
03f2e19c06f403e8089f8e58647535b20445590e46225ea4113e463d86a378cb,images/03f2e19c06f403e8089f8e58647535b20445590e46225ea4113e463d86a378cb.png,ComplexDataLab/OpenFake,medium,0,0.7498335242271423
04123341d61ed5d2f72ae9d09735f9656e36f2f7cea293c80e6301b0f63a6c73,images/04123341d61ed5d2f72ae9d09735f9656e36f2f7cea293c80e6301b0f63a6c73.jpg,ComplexDataLab/OpenFake,medium,0,0.36396390199661255
04362431d32533d243b45dd970bc15714782f46ae568a68d7f3b277f3f82295c,images/04362431d32533d243b45dd970bc15714782f46ae568a68d7f3b277f3f82295c.jpg,ComplexDataLab/OpenFake,medium,0,0.04890710487961769
04549a213aeabe11d22655e26efc478344b26eda1d1b56395c034f2177e8c90d,images/04549a213aeabe11d22655e26efc478344b26eda1d1b56395c034f2177e8c90d.jpg,ComplexDataLab/OpenFake,medium,0,0.8820500373840332
04c75b94436b1ca0d3bf31ed1205e6e5e4667c1843ddf6eea37d7c950e82522b,images/04c75b94436b1ca0d3bf31ed1205e6e5e4667c1843ddf6eea37d7c950e82522b.png,ComplexDataLab/OpenFake,low,1,0.9573565721511841
05780961af3b73b946fdec53aa3c06bf8b4f3b6bbfc5307c8d25699a5795540a,images/05780961af3b73b946fdec53aa3c06bf8b4f3b6bbfc5307c8d25699a5795540a.jpg,ComplexDataLab/OpenFake,low,0,0.908841609954834
05c22cb53a298bde3b21ec354fe68620810f437ec2d2a670b26109d085824f2c,images/05c22cb53a298bde3b21ec354fe68620810f437ec2d2a670b26109d085824f2c.jpg,ComplexDataLab/OpenFake,medium,1,0.8719168901443481
06166c8f82123b51c26e8ff512f6479e255aabfcb6d4dc5ae13e239ed2ee1797,images/06166c8f82123b51c26e8ff512f6479e255aabfcb6d4dc5ae13e239ed2ee1797.png,ComplexDataLab/OpenFake,medium,1,0.9793696999549866
061a8efa3d02f3d7905ddafa05f6c5d2a793da27013c6940471335e286b5f7f8,images/061a8efa3d02f3d7905ddafa05f6c5d2a793da27013c6940471335e286b5f7f8.jpg,ComplexDataLab/OpenFake,medium,0,0.01057943981140852
068a372b0f7788ee141bc6b9c829f77f4b84b1d5b6e4f29bc628e209d00b5a4c,images/068a372b0f7788ee141bc6b9c829f77f4b84b1d5b6e4f29bc628e209d00b5a4c.png,ComplexDataLab/OpenFake,low,1,0.8789003491401672
073f71bf5482489e2176597cebfac8f16a6d4aed40be299ab4dd4af44d7f3d49,images/073f71bf5482489e2176597cebfac8f16a6d4aed40be299ab4dd4af44d7f3d49.jpg,ComplexDataLab/OpenFake,low,1,0.781133770942688
075f59a5226c597a9d67cbd2482a6ab8f87b39fd4b50cf6b850dd9e12e078492,images/075f59a5226c597a9d67cbd2482a6ab8f87b39fd4b50cf6b850dd9e12e078492.png,ComplexDataLab/OpenFake,medium,1,0.9822680950164795
07add180346a24f4614278d296955acc22d15cc19d955de48e6f66da2aa69807,images/07add180346a24f4614278d296955acc22d15cc19d955de48e6f66da2aa69807.jpg,ComplexDataLab/OpenFake,low,0,0.586332380771637
07ec524c7fed0ab92f5428ac038f1aeeb0ce29c36aea40288cd3a22bea49b1f1,images/07ec524c7fed0ab92f5428ac038f1aeeb0ce29c36aea40288cd3a22bea49b1f1.jpg,ComplexDataLab/OpenFake,low,0,0.0010958095081150532
082c20baf5166a9e86e9a17dd582148bd232ace5186d4a226cd45092b5195df4,images/082c20baf5166a9e86e9a17dd582148bd232ace5186d4a226cd45092b5195df4.jpg,ComplexDataLab/OpenFake,medium,0,0.026866365224123
083fea3cfd189f8bb1973fe5866f6fd8c43becec181d20b8c045ea9468482bfd,images/083fea3cfd189f8bb1973fe5866f6fd8c43becec181d20b8c045ea9468482bfd.jpg,ComplexDataLab/OpenFake,medium,1,0.9186974167823792
0893ece1927df58e4306632d0589c0fc02a4ac890c992ad0c0853db2692f3351,images/0893ece1927df58e4306632d0589c0fc02a4ac890c992ad0c0853db2692f3351.png,ComplexDataLab/OpenFake,medium,1,0.9910953044891357
08a13c2efd3f79c9de49bd372c652a1c463d00afc132f38141a4dd25c6a96330,images/08a13c2efd3f79c9de49bd372c652a1c463d00afc132f38141a4dd25c6a96330.jpg,ComplexDataLab/OpenFake,medium,0,0.4933040738105774
08d5d4ced4a5c0d73f46f7645e6e59ffe5749b60562abdf8f0fa5111c7494820,images/08d5d4ced4a5c0d73f46f7645e6e59ffe5749b60562abdf8f0fa5111c7494820.jpg,ComplexDataLab/OpenFake,medium,0,0.22709549963474274
08febd1fa1537337e19f40ca6c33b36303d2545b82a9ce984455dff5b7cabb64,images/08febd1fa1537337e19f40ca6c33b36303d2545b82a9ce984455dff5b7cabb64.png,ComplexDataLab/OpenFake,medium,1,0.7357648015022278
092b5fc5bb75fba66281476a87d4b820d7015a8b6a40d4c204bf53c58f0d8c3f,images/092b5fc5bb75fba66281476a87d4b820d7015a8b6a40d4c204bf53c58f0d8c3f.jpg,ComplexDataLab/OpenFake,medium,0,0.09776527434587479
092c39d03b1b2f66a170ae3986f836d0212d55d092f3b7314757b4fd39eabe93,images/092c39d03b1b2f66a170ae3986f836d0212d55d092f3b7314757b4fd39eabe93.jpg,ComplexDataLab/OpenFake,medium,0,0.7039432525634766
09c0b683f563d2f4a8d8849a1673460ed3567c673fd4c162165e27a1eea6ee23,images/09c0b683f563d2f4a8d8849a1673460ed3567c673fd4c162165e27a1eea6ee23.jpg,ComplexDataLab/OpenFake,medium,0,0.32505685091018677
09d835575205087ba11f9da84e287ae26fc972bf7d6157fb456b3018eb33f352,images/09d835575205087ba11f9da84e287ae26fc972bf7d6157fb456b3018eb33f352.png,ComplexDataLab/OpenFake,medium,1,0.8923169374465942
09f85f76fd7d319a69fc078f7b19181edbda37cadf52ea8c56bdc687d13df2fc,images/09f85f76fd7d319a69fc078f7b19181edbda37cadf52ea8c56bdc687d13df2fc.jpg,ComplexDataLab/OpenFake,low,0,5.487802263814956e-05
0a1924792c95a4b35cdef6b40e26f6c921d32b094a2b598d4417a0c144c9ec9a,images/0a1924792c95a4b35cdef6b40e26f6c921d32b094a2b598d4417a0c144c9ec9a.jpg,ComplexDataLab/OpenFake,medium,0,0.007006100378930569
0a45e187cfe351c118e6f7d66d89dd041c4a6ee299f0e2c506643a3364af6e29,images/0a45e187cfe351c118e6f7d66d89dd041c4a6ee299f0e2c506643a3364af6e29.jpg,ComplexDataLab/OpenFake,medium,0,0.018336476758122444
0a8d2c0982c673b69ee45e6f516e19fc970d480a7d5d23a140da784774ed5da5,images/0a8d2c0982c673b69ee45e6f516e19fc970d480a7d5d23a140da784774ed5da5.jpg,ComplexDataLab/OpenFake,medium,0,0.00114440789911896
0a921a02ab9e79abccf4ef3e39c2107a511106d0cc0f71137c4f102cee776a1d,images/0a921a02ab9e79abccf4ef3e39c2107a511106d0cc0f71137c4f102cee776a1d.png,ComplexDataLab/OpenFake,medium,1,0.9921503067016602
0a9f0ea61af3d8d498b9efcfd75471d262e4c792e254b6092d57fb4f61ed0d2a,images/0a9f0ea61af3d8d498b9efcfd75471d262e4c792e254b6092d57fb4f61ed0d2a.jpg,ComplexDataLab/OpenFake,medium,0,0.0003408690681681037
0aa4377c2d3cb7c2ac974e3652d6e10b505f5db14aa0684dc5b770a4cb02b8f2,images/0aa4377c2d3cb7c2ac974e3652d6e10b505f5db14aa0684dc5b770a4cb02b8f2.jpg,ComplexDataLab/OpenFake,low,0,0.05076277628540993
0ab51af85e3d83179b0caf8a5354710e281bac2418f0679e648924cd3e40e541,images/0ab51af85e3d83179b0caf8a5354710e281bac2418f0679e648924cd3e40e541.png,ComplexDataLab/OpenFake,medium,1,0.9533790946006775
0b5a67b5437e537fe8dcff1fbd94b148b9f858815c4e0c993f95d3b8dc7a8734,images/0b5a67b5437e537fe8dcff1fbd94b148b9f858815c4e0c993f95d3b8dc7a8734.jpg,ComplexDataLab/OpenFake,medium,0,0.9536359310150146
0ba4c6c79d3f13652ec83631b721007e44a3b50802543715e77bf6f5bdc36236,images/0ba4c6c79d3f13652ec83631b721007e44a3b50802543715e77bf6f5bdc36236.png,ComplexDataLab/OpenFake,medium,1,0.1966523677110672
0c978775b84a96bee8f055cb58184925dd6a9c6c7a41a02c0b47b39aa6b6859b,images/0c978775b84a96bee8f055cb58184925dd6a9c6c7a41a02c0b47b39aa6b6859b.png,ComplexDataLab/OpenFake,medium,1,0.9758147597312927
0cdf02fcdb30f365901c108129e0338005cb983cef55f6a5af92a425cf67e0d1,images/0cdf02fcdb30f365901c108129e0338005cb983cef55f6a5af92a425cf67e0d1.jpg,ComplexDataLab/OpenFake,low,0,0.006163951009511948
0d08011952fc4997aa7c122abe86307dcd86342e40c6fc7590b79c340addb8f7,images/0d08011952fc4997aa7c122abe86307dcd86342e40c6fc7590b79c340addb8f7.png,ComplexDataLab/OpenFake,low,1,0.7571433782577515
0d6910967163e37fb6263f3e96f8a381a6f4e8e6e2846f348bb54bd7057972eb,images/0d6910967163e37fb6263f3e96f8a381a6f4e8e6e2846f348bb54bd7057972eb.png,ComplexDataLab/OpenFake,medium,1,0.23679962754249573
0da3e68c40100bf728a288a402033d1c2d6163478b0130a0940c922f89ba3ca2,images/0da3e68c40100bf728a288a402033d1c2d6163478b0130a0940c922f89ba3ca2.jpg,ComplexDataLab/OpenFake,medium,0,0.00371334096416831
0df0afd8f3f0a8925e407b43235ed7d3de91067312037552b643250792fafe68,images/0df0afd8f3f0a8925e407b43235ed7d3de91067312037552b643250792fafe68.jpg,ComplexDataLab/OpenFake,low,0,0.0059197028167545795
0f018974851f30413002341d1152f90a3b58a9e2995b266ba8839d88a3f432fb,images/0f018974851f30413002341d1152f90a3b58a9e2995b266ba8839d88a3f432fb.jpg,ComplexDataLab/OpenFake,medium,0,0.00469457171857357
0fb61b47bb729eade4e8abf180b3df4502b603884787dfa452960621f59315c2,images/0fb61b47bb729eade4e8abf180b3df4502b603884787dfa452960621f59315c2.jpg,ComplexDataLab/OpenFake,medium,0,0.14884212613105774
100b14dfeed83c07ecdc767d6b8f6f36fc28aab8f57575c6628ebabd47749476,images/100b14dfeed83c07ecdc767d6b8f6f36fc28aab8f57575c6628ebabd47749476.jpg,ComplexDataLab/OpenFake,medium,1,0.8612620830535889
10116d50fcf173f3533d2061e6b9e16bce2f9d6c51bdf2ea9223285a6f5635cb,images/10116d50fcf173f3533d2061e6b9e16bce2f9d6c51bdf2ea9223285a6f5635cb.png,ComplexDataLab/OpenFake,medium,1,0.9782349467277527
10245f45f0c67fe23a1a6899d4a990a81c403cca3059034b189ff9ba8dafda97,images/10245f45f0c67fe23a1a6899d4a990a81c403cca3059034b189ff9ba8dafda97.png,ComplexDataLab/OpenFake,medium,1,0.3366190493106842
10a7ba62f71f602ced28d43eeebe2d0a6016152dec45e94dc72a6e4fc3744eef,images/10a7ba62f71f602ced28d43eeebe2d0a6016152dec45e94dc72a6e4fc3744eef.png,ComplexDataLab/OpenFake,low,1,0.9105333685874939
10ac7025422973063c8eed522ae68340439b472a9b6e0698c99c95d1a3a0c3ad,images/10ac7025422973063c8eed522ae68340439b472a9b6e0698c99c95d1a3a0c3ad.png,ComplexDataLab/OpenFake,low,1,0.9866802096366882
10ac94092ec949920512cd6b2973037a9afea6931372e523d3620c8c327c522c,images/10ac94092ec949920512cd6b2973037a9afea6931372e523d3620c8c327c522c.jpg,ComplexDataLab/OpenFake,medium,0,0.6418929696083069
11d65232580ed1aead1f0c2e1812e30d3d00ecd7c0dde17ca31c5eefc10e5ad9,images/11d65232580ed1aead1f0c2e1812e30d3d00ecd7c0dde17ca31c5eefc10e5ad9.png,ComplexDataLab/OpenFake,medium,1,0.9850030541419983
11dd036ce726b33269e6eec682429c9702bdc72905d63dfb75f6075fd5b383ba,images/11dd036ce726b33269e6eec682429c9702bdc72905d63dfb75f6075fd5b383ba.jpg,ComplexDataLab/OpenFake,low,0,0.7287352085113525
12409b2e442d88dedb40d0e16659e55bd624969679af1faf7f43aa857c5ee137,images/12409b2e442d88dedb40d0e16659e55bd624969679af1faf7f43aa857c5ee137.jpg,ComplexDataLab/OpenFake,medium,0,0.006654747296124697
127bf963d076b8d6815abcdb4c602309cf207abf868458998a683c98848783d5,images/127bf963d076b8d6815abcdb4c602309cf207abf868458998a683c98848783d5.png,ComplexDataLab/OpenFake,medium,1,0.9732015132904053
12b92077c88af2ed078ac9f2ce37d2273e78f7882ebe7a6ccae4191bd07af11c,images/12b92077c88af2ed078ac9f2ce37d2273e78f7882ebe7a6ccae4191bd07af11c.png,ComplexDataLab/OpenFake,low,1,0.9988239407539368
1324d914068a8a125d4fb4b7e6ff1796383aaa7f050af4d5a93d2e0edd90427b,images/1324d914068a8a125d4fb4b7e6ff1796383aaa7f050af4d5a93d2e0edd90427b.jpg,ComplexDataLab/OpenFake,low,0,0.7614124417304993
13661344349b2a039123ef0e22a9afba63de0c3192f2a4e57a23107fb546c9c4,images/13661344349b2a039123ef0e22a9afba63de0c3192f2a4e57a23107fb546c9c4.jpg,ComplexDataLab/OpenFake,medium,0,0.1853245347738266
13748c372ba00e7b8b3d79cfa1c311245c9324575e171f4b658ab352bd4507ad,images/13748c372ba00e7b8b3d79cfa1c311245c9324575e171f4b658ab352bd4507ad.jpg,ComplexDataLab/OpenFake,medium,0,0.02173154056072235
13944cfca8eeab3197cb8b8033e3d4db7a937d2448b0302e591572abe4b1f760,images/13944cfca8eeab3197cb8b8033e3d4db7a937d2448b0302e591572abe4b1f760.png,ComplexDataLab/OpenFake,medium,1,0.9962838292121887
13a61a92645231ea51ecd11e4fa1ee305bbf5ae44a865c59b6a2ac95eab7a72b,images/13a61a92645231ea51ecd11e4fa1ee305bbf5ae44a865c59b6a2ac95eab7a72b.jpg,ComplexDataLab/OpenFake,low,0,0.003576956456527114
13c46897e41a98079999097ab568f660237999ae6283ac983e40c6fecc413c41,images/13c46897e41a98079999097ab568f660237999ae6283ac983e40c6fecc413c41.png,ComplexDataLab/OpenFake,medium,1,0.8928788900375366
13dd32f87ee26c1d81a03932949b00989b8b8b69d7e252296bb00365f5fef744,images/13dd32f87ee26c1d81a03932949b00989b8b8b69d7e252296bb00365f5fef744.jpg,ComplexDataLab/OpenFake,medium,1,0.9362194538116455
14892f90843f64d05043a1fd060f02b14d8c22ada2a02d7bb12592c0015f5889,images/14892f90843f64d05043a1fd060f02b14d8c22ada2a02d7bb12592c0015f5889.jpg,ComplexDataLab/OpenFake,medium,0,0.08200089633464813
14aba19fca4ea1aae0d9fdd78da761b7bf6f2704ed20656235b4d24fc712bef2,images/14aba19fca4ea1aae0d9fdd78da761b7bf6f2704ed20656235b4d24fc712bef2.jpg,ComplexDataLab/OpenFake,medium,0,0.21495169401168823
14c284b8e48774b91bcf9b744be94afbe4f187956fe77f13fa99357b3eee663a,images/14c284b8e48774b91bcf9b744be94afbe4f187956fe77f13fa99357b3eee663a.png,ComplexDataLab/OpenFake,medium,1,0.9345858693122864
1564c851846d5432623a866f7b3a5e24de764de4df025e4bfc903c331041ed38,images/1564c851846d5432623a866f7b3a5e24de764de4df025e4bfc903c331041ed38.png,ComplexDataLab/OpenFake,medium,1,0.28794196248054504
159a60c15f074e98ab005b1028adbc2084536fe577df51646c0509ad936704ab,images/159a60c15f074e98ab005b1028adbc2084536fe577df51646c0509ad936704ab.png,ComplexDataLab/OpenFake,medium,1,0.9363215565681458
15b431796ac2e3b42ebc85d1ca86adf2e2fb8980406ac16d2ff3b4e50e1fc45a,images/15b431796ac2e3b42ebc85d1ca86adf2e2fb8980406ac16d2ff3b4e50e1fc45a.png,ComplexDataLab/OpenFake,low,1,0.8749300837516785
15c16b71820b59b3be5972d4036535f5305f306f25e69992eb3bba3840bf21e4,images/15c16b71820b59b3be5972d4036535f5305f306f25e69992eb3bba3840bf21e4.png,ComplexDataLab/OpenFake,low,1,0.978446900844574
15dddb8318d3d198e496fe3c8723d5d71a4c475c8e31094ffe788b851ed9aa1d,images/15dddb8318d3d198e496fe3c8723d5d71a4c475c8e31094ffe788b851ed9aa1d.png,ComplexDataLab/OpenFake,medium,1,0.8416568636894226
160bc0bc57af8938379209b31d1ff76de80728422008d028098e7ce111465bc4,images/160bc0bc57af8938379209b31d1ff76de80728422008d028098e7ce111465bc4.png,ComplexDataLab/OpenFake,medium,1,0.7175657749176025
1679aa420705cac2a1bfea454041aacf32a615d1b8f68129d88b8c576f6f1db2,images/1679aa420705cac2a1bfea454041aacf32a615d1b8f68129d88b8c576f6f1db2.jpg,ComplexDataLab/OpenFake,medium,0,0.5175105333328247
167fc1a77539275649a700c0aa6567cd3b9649224808e7caf9c52f760f549d7e,images/167fc1a77539275649a700c0aa6567cd3b9649224808e7caf9c52f760f549d7e.jpg,ComplexDataLab/OpenFake,medium,0,0.022934861481189728
16802b554c8dcdc6b6d9193b6276a390a13fe1f76cbe44d6f7c4e3886ab9f811,images/16802b554c8dcdc6b6d9193b6276a390a13fe1f76cbe44d6f7c4e3886ab9f811.png,ComplexDataLab/OpenFake,low,1,0.9992676377296448
168676527b9659af3e21dfa26d798a0ae26054c0b00ce38bce57c2e5e2605212,images/168676527b9659af3e21dfa26d798a0ae26054c0b00ce38bce57c2e5e2605212.jpg,ComplexDataLab/OpenFake,low,0,0.013266520574688911
16aec872399be4e1ded155736a2104117e2663c55237b7d8afcc74e55fba5601,images/16aec872399be4e1ded155736a2104117e2663c55237b7d8afcc74e55fba5601.jpg,ComplexDataLab/OpenFake,medium,0,0.001048300415277481
1771183626e16132371803c9122ea394f6647fb06f41e5268589dbe51fd1b596,images/1771183626e16132371803c9122ea394f6647fb06f41e5268589dbe51fd1b596.png,ComplexDataLab/OpenFake,medium,1,0.9723090529441833
17b16327b31e710e33099d5bbdf9b064a4a89740b4b52914cf275d148020f7e2,images/17b16327b31e710e33099d5bbdf9b064a4a89740b4b52914cf275d148020f7e2.png,ComplexDataLab/OpenFake,medium,1,0.9982592463493347
17b63058c685059cf8d116acde86a5177525309bd1b5208b68208ea6aef1e233,images/17b63058c685059cf8d116acde86a5177525309bd1b5208b68208ea6aef1e233.jpg,ComplexDataLab/OpenFake,medium,0,0.0052610523998737335
18481af923c1eb46606764eefe32ab02e679036b66ffe1827c876ad040795a7b,images/18481af923c1eb46606764eefe32ab02e679036b66ffe1827c876ad040795a7b.png,ComplexDataLab/OpenFake,medium,1,0.7975029349327087
1885de671383273149c2a1c998c85c6a5ccf488cf9a65175f9457ac1d6721d98,images/1885de671383273149c2a1c998c85c6a5ccf488cf9a65175f9457ac1d6721d98.png,ComplexDataLab/OpenFake,medium,1,0.9207774996757507
18a86c9bef8206bf37e3d41dd3d5df8fa34e06b299db11eaabf7cd2c004ddaa7,images/18a86c9bef8206bf37e3d41dd3d5df8fa34e06b299db11eaabf7cd2c004ddaa7.jpg,ComplexDataLab/OpenFake,medium,1,0.979158878326416
18daf12aa2da356f48f91d94987db33d702523bcb6906b640d6a2e2bdf86b463,images/18daf12aa2da356f48f91d94987db33d702523bcb6906b640d6a2e2bdf86b463.jpg,ComplexDataLab/OpenFake,medium,0,0.02056269720196724
193a50148cdb4cb8b7e1d9e078f60e1913a69787b44221e4ae72be23ccefeca3,images/193a50148cdb4cb8b7e1d9e078f60e1913a69787b44221e4ae72be23ccefeca3.png,ComplexDataLab/OpenFake,low,1,0.9945796728134155
19ff678e93f0e73e3253d9b50be407d464033e0f4171ef01db8fcc5ba58159af,images/19ff678e93f0e73e3253d9b50be407d464033e0f4171ef01db8fcc5ba58159af.jpg,ComplexDataLab/OpenFake,medium,0,0.20483553409576416
1a10e13de0f7ba5709ede61ba4eae47b5f9837118f98f838e63d7277d9375e0d,images/1a10e13de0f7ba5709ede61ba4eae47b5f9837118f98f838e63d7277d9375e0d.jpg,ComplexDataLab/OpenFake,medium,0,0.1054299995303154
1a74e5d0f4829aa0b8a6f24d5edfb4432b6f10cda3599c59c908f4c9057b721b,images/1a74e5d0f4829aa0b8a6f24d5edfb4432b6f10cda3599c59c908f4c9057b721b.jpg,ComplexDataLab/OpenFake,low,0,0.0067275636829435825
1a81b6718f52d4787777fdd0cc65ffd0f61a5311ea5bd20c73217381c5bc0c2e,images/1a81b6718f52d4787777fdd0cc65ffd0f61a5311ea5bd20c73217381c5bc0c2e.png,ComplexDataLab/OpenFake,medium,1,0.9785711169242859
1a9cac0c6837348afd7edc12beca89ece7ba9e6bc1d5849d3ae6bd62f9becf32,images/1a9cac0c6837348afd7edc12beca89ece7ba9e6bc1d5849d3ae6bd62f9becf32.jpg,ComplexDataLab/OpenFake,low,1,0.08005616813898087
1ae5f72c089dc309dbe0dc7157984efe19146c593839cf84dc434b6610a50ad9,images/1ae5f72c089dc309dbe0dc7157984efe19146c593839cf84dc434b6610a50ad9.jpg,ComplexDataLab/OpenFake,medium,0,0.4156169295310974
1af942d8ab3e7d2518b12df29992ddf4cf3f2571489c3dbdbdf79f4a6efb3691,images/1af942d8ab3e7d2518b12df29992ddf4cf3f2571489c3dbdbdf79f4a6efb3691.jpg,ComplexDataLab/OpenFake,medium,0,0.00017242664762306958
1b93918831c1bc80d2028ba2075cb32c50618be10daf2fcdaa4b305a48dcd0d8,images/1b93918831c1bc80d2028ba2075cb32c50618be10daf2fcdaa4b305a48dcd0d8.png,ComplexDataLab/OpenFake,low,1,0.9516686797142029
1ba6feb03afdb7ba7a2daed115e162f9a6c1f0422c20200d46fef00693ce27f8,images/1ba6feb03afdb7ba7a2daed115e162f9a6c1f0422c20200d46fef00693ce27f8.png,ComplexDataLab/OpenFake,low,1,0.9654847979545593
1bcfce7cd8f0175b51ffe4ceae69da445a1484d04c9e8637c83a4506ca4fa2dd,images/1bcfce7cd8f0175b51ffe4ceae69da445a1484d04c9e8637c83a4506ca4fa2dd.webp,ComplexDataLab/OpenFake,medium,1,0.9159026145935059
1bd1d4f16b72cd3d16cbe1fedf769d4e1b859333ba5f4c8836688928a8e3d865,images/1bd1d4f16b72cd3d16cbe1fedf769d4e1b859333ba5f4c8836688928a8e3d865.png,ComplexDataLab/OpenFake,low,1,0.9983331561088562
1be5e2d9927b3e26d7a9e783e3f14f70b721508011d9d4bb86de940c6a31001a,images/1be5e2d9927b3e26d7a9e783e3f14f70b721508011d9d4bb86de940c6a31001a.jpg,ComplexDataLab/OpenFake,medium,0,0.360822468996048
1c23cb2695a784a2117fc8945dce614349ef2254ab19eef78d19e67b28c77597,images/1c23cb2695a784a2117fc8945dce614349ef2254ab19eef78d19e67b28c77597.png,ComplexDataLab/OpenFake,low,1,0.9907773733139038
1c511eea248274819445d7738f5743951966fa609de309a52140e5b1857bbc1f,images/1c511eea248274819445d7738f5743951966fa609de309a52140e5b1857bbc1f.jpg,ComplexDataLab/OpenFake,medium,0,0.6921270489692688
1c6780a5229c865b623de88042515ee79e69e78d48023d9a74f589c469cf689e,images/1c6780a5229c865b623de88042515ee79e69e78d48023d9a74f589c469cf689e.png,ComplexDataLab/OpenFake,medium,1,0.899928867816925
1cd1dce733142672cd5255977a560ba779661f369b8f08b8e4f642a778f9f08a,images/1cd1dce733142672cd5255977a560ba779661f369b8f08b8e4f642a778f9f08a.jpg,ComplexDataLab/OpenFake,medium,0,0.13776414096355438
1d5a25e27f0cfee2f925f703e34e2d41463b1bc819660fdfeff09233e9f063cb,images/1d5a25e27f0cfee2f925f703e34e2d41463b1bc819660fdfeff09233e9f063cb.webp,ComplexDataLab/OpenFake,low,1,0.2139996588230133
1ddc677fcc78f68516a3331923ddfb017eaa07842db6921aecfb0845eaacdaf5,images/1ddc677fcc78f68516a3331923ddfb017eaa07842db6921aecfb0845eaacdaf5.png,ComplexDataLab/OpenFake,medium,1,0.9154585003852844
1e1815c3cf036b9a54d15506ee3edc36e925a2ed3a5afe65a0e63cc76c5b6956,images/1e1815c3cf036b9a54d15506ee3edc36e925a2ed3a5afe65a0e63cc76c5b6956.jpg,ComplexDataLab/OpenFake,medium,0,0.0027631064876914024
1e86aea4d75400d0ca1e174e2358bd0c239d76ffab6f356a64909ce0f17aeb17,images/1e86aea4d75400d0ca1e174e2358bd0c239d76ffab6f356a64909ce0f17aeb17.jpg,ComplexDataLab/OpenFake,medium,0,0.00025198221555911005
1e91a5f1bf287a719f8cc7d3ca3c5d16554bb29d805404517528c12ec810b819,images/1e91a5f1bf287a719f8cc7d3ca3c5d16554bb29d805404517528c12ec810b819.png,ComplexDataLab/OpenFake,low,1,0.9095490574836731
1f61805373af202b8f3a8bbb2b0dc65d9e686a36969feb72d8681ab9af86b406,images/1f61805373af202b8f3a8bbb2b0dc65d9e686a36969feb72d8681ab9af86b406.jpg,ComplexDataLab/OpenFake,low,0,0.02979493886232376
1f61b2c9c066e8171d2a5173011654033789b4bb071a0e851f0c3b46e9292bd8,images/1f61b2c9c066e8171d2a5173011654033789b4bb071a0e851f0c3b46e9292bd8.jpg,ComplexDataLab/OpenFake,low,1,0.9744462370872498
1f6d787b0f4beab62e61c1386d9e4121d3485bc557181bf5027c89521c0bdbf0,images/1f6d787b0f4beab62e61c1386d9e4121d3485bc557181bf5027c89521c0bdbf0.jpg,ComplexDataLab/OpenFake,medium,0,0.00034479418536648154
1fa0b95c4493c98b5e5d68ae4bb42660d4388152a4948c40edc6189817d00a1f,images/1fa0b95c4493c98b5e5d68ae4bb42660d4388152a4948c40edc6189817d00a1f.jpg,ComplexDataLab/OpenFake,low,0,0.680422306060791
1fc9da9c6849fe1d80a2981815b897aeb8bc106286466266d28e01acc2aea7fc,images/1fc9da9c6849fe1d80a2981815b897aeb8bc106286466266d28e01acc2aea7fc.png,ComplexDataLab/OpenFake,medium,1,0.63112473487854
202051299b3c85a969c850232af06ff65ca1815c05dd12f92b11bded9346cdeb,images/202051299b3c85a969c850232af06ff65ca1815c05dd12f92b11bded9346cdeb.jpg,ComplexDataLab/OpenFake,medium,1,0.37915071845054626
20bc7fd943d66a5a881da71b0ab73149c472279c30bc5f0b23a4138a063ec57d,images/20bc7fd943d66a5a881da71b0ab73149c472279c30bc5f0b23a4138a063ec57d.jpg,ComplexDataLab/OpenFake,low,0,0.09230226278305054
20f40fc72b78a4fbcf36e9f31394da7a739e50d418754d37a81e616f20d3acb6,images/20f40fc72b78a4fbcf36e9f31394da7a739e50d418754d37a81e616f20d3acb6.jpg,ComplexDataLab/OpenFake,medium,0,0.10474499315023422
210ab0f8fc6859fd37a4ebe1b0b9520505345730486821eedf5a4cb981c16da1,images/210ab0f8fc6859fd37a4ebe1b0b9520505345730486821eedf5a4cb981c16da1.webp,ComplexDataLab/OpenFake,medium,1,0.9747251868247986
216bcaf01f6a299af7afbfbee58ddd6605f07021873572a39cf69f66e956cb9c,images/216bcaf01f6a299af7afbfbee58ddd6605f07021873572a39cf69f66e956cb9c.webp,ComplexDataLab/OpenFake,low,1,0.7629385590553284
21773b1538f82236655b407b03afb13c87ec27c054f703e4656333aaeb67bc82,images/21773b1538f82236655b407b03afb13c87ec27c054f703e4656333aaeb67bc82.jpg,ComplexDataLab/OpenFake,medium,0,0.927453875541687
21c59e3c8f2c33ff5b59b584dae4a18ab0c37c9fc1ba3149cfd0f59f18580dc7,images/21c59e3c8f2c33ff5b59b584dae4a18ab0c37c9fc1ba3149cfd0f59f18580dc7.png,ComplexDataLab/OpenFake,low,1,0.992265522480011
21ea124c36f8366371fb905bd1cd4db4d9b96d3309003dab60772f6341d4392c,images/21ea124c36f8366371fb905bd1cd4db4d9b96d3309003dab60772f6341d4392c.png,ComplexDataLab/OpenFake,medium,1,0.9932419657707214
22b239a0faf06fbd49ed094507986d70fd095a2dfdb6fb1ed7af39ad56e402f4,images/22b239a0faf06fbd49ed094507986d70fd095a2dfdb6fb1ed7af39ad56e402f4.jpg,ComplexDataLab/OpenFake,medium,0,0.0003499366284813732
22b32bafa7d23ac7ee065a75540bc3d8939c4ec413972be927c90a6d9eda6b40,images/22b32bafa7d23ac7ee065a75540bc3d8939c4ec413972be927c90a6d9eda6b40.png,ComplexDataLab/OpenFake,medium,1,0.8843321204185486
238dc01f477361205f1b78148e651bdfffc9cea68a859313f1a3a9308041c57e,images/238dc01f477361205f1b78148e651bdfffc9cea68a859313f1a3a9308041c57e.jpg,ComplexDataLab/OpenFake,medium,0,0.7215789556503296
23e1d612da5e19bee8be3587968610da0428ba51b733e9886ac22512336f7c71,images/23e1d612da5e19bee8be3587968610da0428ba51b733e9886ac22512336f7c71.jpg,ComplexDataLab/OpenFake,low,0,0.005857969168573618
2432540bf787360e4d81b58b71bf29c5c24dfa6a866bbba40e44ab7bb9df3fea,images/2432540bf787360e4d81b58b71bf29c5c24dfa6a866bbba40e44ab7bb9df3fea.png,ComplexDataLab/OpenFake,medium,1,0.3098345696926117
2432f6e46cb39daab2bed6d38a310b02606bab3d8c56a2d08e30a901e9cb5fc2,images/2432f6e46cb39daab2bed6d38a310b02606bab3d8c56a2d08e30a901e9cb5fc2.jpg,ComplexDataLab/OpenFake,medium,0,0.04016058146953583
244b8bd1f5f9f9df069430a5d0b2253d5f3fb2bb8141e1aabcbc51d1ed99551a,images/244b8bd1f5f9f9df069430a5d0b2253d5f3fb2bb8141e1aabcbc51d1ed99551a.jpg,ComplexDataLab/OpenFake,low,0,0.7844020128250122
244fa1c119c5f1ce6c620608b80d69fa37d770ac565d804261d32e5baade078f,images/244fa1c119c5f1ce6c620608b80d69fa37d770ac565d804261d32e5baade078f.png,ComplexDataLab/OpenFake,medium,1,0.970207691192627
245c6dbf7b290c17f7dff7707696369cfc7c789495d04c7ced51e038a728455d,images/245c6dbf7b290c17f7dff7707696369cfc7c789495d04c7ced51e038a728455d.jpg,ComplexDataLab/OpenFake,low,0,0.0004472759610507637
249bc76070d4b6dac7fe2d9cd4f9022791155cf53f40ac77a1f1a46824f25d0e,images/249bc76070d4b6dac7fe2d9cd4f9022791155cf53f40ac77a1f1a46824f25d0e.jpg,ComplexDataLab/OpenFake,medium,0,5.687319571734406e-05
24b723f3555be4d0e4a65141ebfc7ffc990649e739d77443490d7dcffa29c9e5,images/24b723f3555be4d0e4a65141ebfc7ffc990649e739d77443490d7dcffa29c9e5.png,ComplexDataLab/OpenFake,medium,1,0.9055649042129517
25132420b6932c0a4cfd259d844dbcca97fd730286082f42486ebb93b5eeb8d7,images/25132420b6932c0a4cfd259d844dbcca97fd730286082f42486ebb93b5eeb8d7.jpg,ComplexDataLab/OpenFake,medium,0,0.8556895852088928
258a4fff7d57375204900017cb13fc6f61e4a297958d1c00f29a75e508b16283,images/258a4fff7d57375204900017cb13fc6f61e4a297958d1c00f29a75e508b16283.png,ComplexDataLab/OpenFake,medium,1,0.8384072184562683
25a391bc2db5bf67c2da56c8dff03dea99a8770533c4bd0917c97eb299a39196,images/25a391bc2db5bf67c2da56c8dff03dea99a8770533c4bd0917c97eb299a39196.jpg,ComplexDataLab/OpenFake,medium,0,0.2515239417552948
25f6ca5da1c27d4b83b2f225eed83fa221a80ad802611b382dbb28aa180232cd,images/25f6ca5da1c27d4b83b2f225eed83fa221a80ad802611b382dbb28aa180232cd.jpg,ComplexDataLab/OpenFake,medium,0,0.49580925703048706
2615f941b64aa628d24d16cdb7d1da7a2f9975815d49d3f8969eb4fc672b75d9,images/2615f941b64aa628d24d16cdb7d1da7a2f9975815d49d3f8969eb4fc672b75d9.jpg,ComplexDataLab/OpenFake,medium,0,0.007302653510123491
2634b7e1237bbf3efe74fcf5616823166f3925d25e6f0993128a38fad8478fc8,images/2634b7e1237bbf3efe74fcf5616823166f3925d25e6f0993128a38fad8478fc8.png,ComplexDataLab/OpenFake,low,1,0.9753420948982239
273990b3d2312cbca678fc53171979ca5a1b19948f05d1647e9136091731c7d4,images/273990b3d2312cbca678fc53171979ca5a1b19948f05d1647e9136091731c7d4.png,ComplexDataLab/OpenFake,medium,1,0.9964786171913147
27676cf12a8579e86c2903278ca9895b83138016d5de96f94183b0b0dd736a5f,images/27676cf12a8579e86c2903278ca9895b83138016d5de96f94183b0b0dd736a5f.jpg,ComplexDataLab/OpenFake,medium,0,0.8798498511314392
276ffb73a65cb42cf4b58833a7009a4d1bd8138a8c2e89da3b32de767a9a8305,images/276ffb73a65cb42cf4b58833a7009a4d1bd8138a8c2e89da3b32de767a9a8305.png,ComplexDataLab/OpenFake,low,1,0.9975190162658691
27959c275c42cb9bef4bb287672e84e13c39ac9bbe2e8cc2990133948315944a,images/27959c275c42cb9bef4bb287672e84e13c39ac9bbe2e8cc2990133948315944a.jpg,ComplexDataLab/OpenFake,medium,0,0.0317259207367897
27a8b2d173e69b062fed5ae9c96b8a439ec767cb7258a89255108a380acdd3ff,images/27a8b2d173e69b062fed5ae9c96b8a439ec767cb7258a89255108a380acdd3ff.jpg,ComplexDataLab/OpenFake,low,0,0.002072761068120599
27c0c0973196a2d3c89f636e7b6068a17bd860804c862891d36284660d5d33b1,images/27c0c0973196a2d3c89f636e7b6068a17bd860804c862891d36284660d5d33b1.jpg,ComplexDataLab/OpenFake,medium,0,0.0032973375637084246
280c4f3c4b87f5c3ee9f8ecd8dcc11a17532719b311837d3c58cb06cf56ec39f,images/280c4f3c4b87f5c3ee9f8ecd8dcc11a17532719b311837d3c58cb06cf56ec39f.jpg,ComplexDataLab/OpenFake,low,0,0.4063889980316162
281a4ff1e2fef3e13002c26c1821f6462729cef1ffdc184ce6538da338d82c0e,images/281a4ff1e2fef3e13002c26c1821f6462729cef1ffdc184ce6538da338d82c0e.jpg,ComplexDataLab/OpenFake,medium,0,0.9183257222175598
2823a509f7661ac9f4141e8e2a0a14219094c3b8acb571b1e1148fe48b6a26a2,images/2823a509f7661ac9f4141e8e2a0a14219094c3b8acb571b1e1148fe48b6a26a2.jpg,ComplexDataLab/OpenFake,medium,0,0.2398577183485031
28a686a50704ad0a58dd97a398bab0331751aad4a817904b7c7aaedd2dcd6d43,images/28a686a50704ad0a58dd97a398bab0331751aad4a817904b7c7aaedd2dcd6d43.png,ComplexDataLab/OpenFake,low,0,0.7858666181564331
28cadb11b39940bceee2169f86611add06bed6126976518c32f40be142d8d695,images/28cadb11b39940bceee2169f86611add06bed6126976518c32f40be142d8d695.png,ComplexDataLab/OpenFake,medium,1,0.12106247246265411
28d7ce5200fff94bb0609a5486b19029014d00d9ced09de467c8b50b4f33a783,images/28d7ce5200fff94bb0609a5486b19029014d00d9ced09de467c8b50b4f33a783.png,ComplexDataLab/OpenFake,medium,1,0.9804348945617676
28fa0466753ac97f41c7ae89a4e634aa2b63c6f5964a5c77d221cbf2277f4c8f,images/28fa0466753ac97f41c7ae89a4e634aa2b63c6f5964a5c77d221cbf2277f4c8f.webp,ComplexDataLab/OpenFake,medium,1,0.8777216672897339
291efda2aceaef3a36bf43909fec69613470fd40c2cdf09a6ab7684abe85e417,images/291efda2aceaef3a36bf43909fec69613470fd40c2cdf09a6ab7684abe85e417.png,ComplexDataLab/OpenFake,low,1,0.4280224144458771
2943a0b308a45d7150970bef160a0c67bf3768bf50ecb552e76ca85dd2716003,images/2943a0b308a45d7150970bef160a0c67bf3768bf50ecb552e76ca85dd2716003.jpg,ComplexDataLab/OpenFake,medium,0,7.053015724522993e-05
29680b6392c2fe73c93b893367d55d0cdc9b6690b49086f115f9d1915d62b914,images/29680b6392c2fe73c93b893367d55d0cdc9b6690b49086f115f9d1915d62b914.jpg,ComplexDataLab/OpenFake,medium,0,0.048596303910017014
29681f1da9acdd16b0b32b6cfeecc3d85eddfb25563cdccaf141304e4265bf36,images/29681f1da9acdd16b0b32b6cfeecc3d85eddfb25563cdccaf141304e4265bf36.png,ComplexDataLab/OpenFake,medium,1,0.985220193862915
2aa6aec835b660fc75b9ca5c3c42e55975050c3c6a5f60e5ca382d54e84210c1,images/2aa6aec835b660fc75b9ca5c3c42e55975050c3c6a5f60e5ca382d54e84210c1.jpg,ComplexDataLab/OpenFake,low,0,0.004753029439598322
2afea4deb8302970fcd39a773ccee969ccf72f4b7cc54285663df7aa5cc65d64,images/2afea4deb8302970fcd39a773ccee969ccf72f4b7cc54285663df7aa5cc65d64.png,ComplexDataLab/OpenFake,medium,1,0.339852899312973
2b2c9cbf3fd0894ab127c7fa493d8252d3cda0c007b76f565452d02a369fb1e5,images/2b2c9cbf3fd0894ab127c7fa493d8252d3cda0c007b76f565452d02a369fb1e5.png,ComplexDataLab/OpenFake,medium,1,0.6189417839050293
2b7cd9eb32b7751d1db24a8bd4a4836592be5854c4e75693912df600fc2e5455,images/2b7cd9eb32b7751d1db24a8bd4a4836592be5854c4e75693912df600fc2e5455.jpg,ComplexDataLab/OpenFake,low,0,0.0413844995200634
2bbc439f793138b7c3b99e9457d3c2ff7e8a57274760e565bbc549763475b626,images/2bbc439f793138b7c3b99e9457d3c2ff7e8a57274760e565bbc549763475b626.jpg,ComplexDataLab/OpenFake,medium,0,0.7740800976753235
2c2d40c41e091183540f595a9f2703cd977ace11415a13e25a04ab566186af59,images/2c2d40c41e091183540f595a9f2703cd977ace11415a13e25a04ab566186af59.png,ComplexDataLab/OpenFake,low,1,0.8671110272407532
2c3083590993bd78f3253a88c09e7bf96ed3ec1ab2437d1e5794db0bd386c40e,images/2c3083590993bd78f3253a88c09e7bf96ed3ec1ab2437d1e5794db0bd386c40e.png,ComplexDataLab/OpenFake,low,1,0.7619034051895142
2c61e5a2ad87942c11036759b40c98692c7b6cf06ab3b2a3c771f31dea5a73e8,images/2c61e5a2ad87942c11036759b40c98692c7b6cf06ab3b2a3c771f31dea5a73e8.jpg,ComplexDataLab/OpenFake,medium,0,0.009571701288223267
2d04048fda81ba7530e3dad24b4121242123bc5409faff6fef289290aaae9d08,images/2d04048fda81ba7530e3dad24b4121242123bc5409faff6fef289290aaae9d08.jpg,ComplexDataLab/OpenFake,medium,0,0.0029769467655569315
2d370f2b6637915b92b4404a7387767a4cd63c6591df555c1364293d5a5e49ee,images/2d370f2b6637915b92b4404a7387767a4cd63c6591df555c1364293d5a5e49ee.jpg,ComplexDataLab/OpenFake,low,0,0.0589265450835228
2d391874f9fae7303f4aaee54b5b880e68f208c0f037c52a5f0d9e6154a6cf9d,images/2d391874f9fae7303f4aaee54b5b880e68f208c0f037c52a5f0d9e6154a6cf9d.png,ComplexDataLab/OpenFake,medium,1,0.5322939157485962
2db046ead02ac566454f46dbfe20fe49c834c11f1c86c43d8d8087a986adb3cd,images/2db046ead02ac566454f46dbfe20fe49c834c11f1c86c43d8d8087a986adb3cd.png,ComplexDataLab/OpenFake,low,1,0.9965646862983704
2dd0c282b1fe3810860bbb5ff5e4868336e1f444f91377231a1794ac123c6c84,images/2dd0c282b1fe3810860bbb5ff5e4868336e1f444f91377231a1794ac123c6c84.jpg,ComplexDataLab/OpenFake,low,0,0.007227499969303608
2e87e0b4c29bb18868b31a4cc57a4bc3eac10c7f8f11df578edd49811f9e2375,images/2e87e0b4c29bb18868b31a4cc57a4bc3eac10c7f8f11df578edd49811f9e2375.png,ComplexDataLab/OpenFake,medium,1,0.9980669617652893
2ee27d64dd6abc8757b5352bba40781b20e981690c2db22cd649af8c831cb2fc,images/2ee27d64dd6abc8757b5352bba40781b20e981690c2db22cd649af8c831cb2fc.png,ComplexDataLab/OpenFake,medium,1,0.7054792642593384
2ef9deb9e5df67e7051de34343e46a1724872bbb050445255ffa4922b3b5429b,images/2ef9deb9e5df67e7051de34343e46a1724872bbb050445255ffa4922b3b5429b.jpg,ComplexDataLab/OpenFake,medium,0,0.16017168760299683
2f4caccfb9b040b2f3ca9ec542968c4bf22af4eddd5a47833c775a0957c10160,images/2f4caccfb9b040b2f3ca9ec542968c4bf22af4eddd5a47833c775a0957c10160.jpg,ComplexDataLab/OpenFake,low,0,0.0026280716992914677
2f4e52767856766db3b8c93ba96a98cc7caa6117fdbdb472e6cc2e12628e4707,images/2f4e52767856766db3b8c93ba96a98cc7caa6117fdbdb472e6cc2e12628e4707.jpg,ComplexDataLab/OpenFake,medium,0,0.12261135876178741
2f7b11bca7fa597d82b033ce7b2e54ae82eef87ca7e7d2282ad961378243a816,images/2f7b11bca7fa597d82b033ce7b2e54ae82eef87ca7e7d2282ad961378243a816.jpg,ComplexDataLab/OpenFake,medium,0,0.015190716832876205
30b9eccbf9c76256a014540d505719d96380de0c54951bbb3d50da2a985c7619,images/30b9eccbf9c76256a014540d505719d96380de0c54951bbb3d50da2a985c7619.jpg,ComplexDataLab/OpenFake,high,0,0.8699480295181274
30d7352552aced17ab1270f1ed38a611e87bb75a007aa03bf80c995b56c365e5,images/30d7352552aced17ab1270f1ed38a611e87bb75a007aa03bf80c995b56c365e5.png,ComplexDataLab/OpenFake,medium,1,0.9780554175376892
312180e2c05a28ed1b8efd668b452bba2fb14024a7b0183c8d75b556a28c147a,images/312180e2c05a28ed1b8efd668b452bba2fb14024a7b0183c8d75b556a28c147a.png,ComplexDataLab/OpenFake,medium,1,0.9352256059646606
3121fff0fb06fee74ee7ce171da90cc639f6846786abbf7d582cbd4293e44512,images/3121fff0fb06fee74ee7ce171da90cc639f6846786abbf7d582cbd4293e44512.png,ComplexDataLab/OpenFake,medium,1,0.998635470867157
31a95ce7acdcc54951b5d2538ea6186415b5b29654bf851a45e7025acb092734,images/31a95ce7acdcc54951b5d2538ea6186415b5b29654bf851a45e7025acb092734.jpg,ComplexDataLab/OpenFake,low,0,0.9547383189201355
31c96ec1c4d00cee1f5cf7e973062c9d4197222a845d4c2ec606d5179b0037f6,images/31c96ec1c4d00cee1f5cf7e973062c9d4197222a845d4c2ec606d5179b0037f6.jpg,ComplexDataLab/OpenFake,medium,0,0.00028453883714973927
3285e4e9e8222149709364d29c0c19254347a33752e46edf527345c3c919fac4,images/3285e4e9e8222149709364d29c0c19254347a33752e46edf527345c3c919fac4.png,ComplexDataLab/OpenFake,low,1,0.37417563796043396
32c8f3461e0b167a4852617d674fdc3bbb5ec742952491a3926e99fe6d4ce542,images/32c8f3461e0b167a4852617d674fdc3bbb5ec742952491a3926e99fe6d4ce542.jpg,ComplexDataLab/OpenFake,low,0,0.4856102466583252
33484880eed1968cd54d18e9b4a61c7b98cde871241563e9f97d2864043eb09c,images/33484880eed1968cd54d18e9b4a61c7b98cde871241563e9f97d2864043eb09c.png,ComplexDataLab/OpenFake,medium,1,0.9943706393241882
3351fd00977d9b9b7141a2c75e71c9762d81f8d3ec1b29c1d20f6910f2f0108c,images/3351fd00977d9b9b7141a2c75e71c9762d81f8d3ec1b29c1d20f6910f2f0108c.png,ComplexDataLab/OpenFake,medium,1,0.9324409365653992
33cffb193f9eb808c075f6a703a248afa67493ddd7b8ca43b92d809c02634faf,images/33cffb193f9eb808c075f6a703a248afa67493ddd7b8ca43b92d809c02634faf.jpg,ComplexDataLab/OpenFake,low,0,0.8715433478355408
33ec00f664817cab50c1ba97732b7214d71400e7fd474fcc9eb729ccb9d015d9,images/33ec00f664817cab50c1ba97732b7214d71400e7fd474fcc9eb729ccb9d015d9.png,ComplexDataLab/OpenFake,medium,1,0.9645047187805176
341cbb369afb44c8cc8786689b7845ad2d124417b6025370089bab3b0bf336de,images/341cbb369afb44c8cc8786689b7845ad2d124417b6025370089bab3b0bf336de.png,ComplexDataLab/OpenFake,low,1,0.6514939665794373
34e838ac1f8a3a49aced48cbe85d63cd99d8e4a87c7ea6aa1db09f385d65fcee,images/34e838ac1f8a3a49aced48cbe85d63cd99d8e4a87c7ea6aa1db09f385d65fcee.jpg,ComplexDataLab/OpenFake,medium,0,0.07157021760940552
35b5a9fc3add522d90627e19483b78f717aa18ce97c387f0b8db0db6970eeb63,images/35b5a9fc3add522d90627e19483b78f717aa18ce97c387f0b8db0db6970eeb63.jpg,ComplexDataLab/OpenFake,medium,0,0.47739240527153015
35e05afb2d0f36b7595d6b570c830f732b9920d8e8678960c31f3c03b1c874c4,images/35e05afb2d0f36b7595d6b570c830f732b9920d8e8678960c31f3c03b1c874c4.jpg,ComplexDataLab/OpenFake,medium,0,0.20305638015270233
35e47f8ca87424ebba5b2eb391a9ba902f2f10d8db10b7b0f7fff6f763cf7a36,images/35e47f8ca87424ebba5b2eb391a9ba902f2f10d8db10b7b0f7fff6f763cf7a36.jpg,ComplexDataLab/OpenFake,high,0,0.7127197980880737
36169fe47a6bf1078b7aca697a1b63085c2df2bee3125b79e487da1c9f44c35d,images/36169fe47a6bf1078b7aca697a1b63085c2df2bee3125b79e487da1c9f44c35d.webp,ComplexDataLab/OpenFake,medium,1,0.9062274098396301
3628d787935f375938ac6a70317aef92ebcbf6c49e43e5d089ef6b7139499444,images/3628d787935f375938ac6a70317aef92ebcbf6c49e43e5d089ef6b7139499444.jpg,ComplexDataLab/OpenFake,medium,0,0.1581319272518158
36973c6888ff61b56438b9a2ab7c3e58c6f69c662c969a1c2f43d57d65c0135a,images/36973c6888ff61b56438b9a2ab7c3e58c6f69c662c969a1c2f43d57d65c0135a.png,ComplexDataLab/OpenFake,medium,1,0.21374039351940155
36a53013fceb77265fc769ca2a58a8aa75fa47d678d9796476f4eff895555f14,images/36a53013fceb77265fc769ca2a58a8aa75fa47d678d9796476f4eff895555f14.png,ComplexDataLab/OpenFake,low,1,0.9993653893470764
36a60d1bef20412ba0262653d9023d0a75745a5219eb869af11e04cba0eaf57b,images/36a60d1bef20412ba0262653d9023d0a75745a5219eb869af11e04cba0eaf57b.png,ComplexDataLab/OpenFake,low,1,0.9914660453796387
36a84c21d2cdf83dd233ac19a4387d815d8585f5abac716e4cabef29bad69b8a,images/36a84c21d2cdf83dd233ac19a4387d815d8585f5abac716e4cabef29bad69b8a.jpg,ComplexDataLab/OpenFake,medium,0,0.8127847909927368
36e0dc9c69064061c9d2a65143649387d19759b578fe345d12bf11f6b8d841d2,images/36e0dc9c69064061c9d2a65143649387d19759b578fe345d12bf11f6b8d841d2.jpg,ComplexDataLab/OpenFake,medium,0,0.02007557824254036
3717eba290a5a66c03d6b112da2468c3396e891857427408d8d1dce024d3ceee,images/3717eba290a5a66c03d6b112da2468c3396e891857427408d8d1dce024d3ceee.jpg,ComplexDataLab/OpenFake,low,0,0.7052221894264221
374643d03ad94a428e3f1463985c6847736bbc2b63dfd5936e5efb6aa59ebc28,images/374643d03ad94a428e3f1463985c6847736bbc2b63dfd5936e5efb6aa59ebc28.png,ComplexDataLab/OpenFake,low,1,0.9771263003349304
37596894c097c2a159eb352076c6330fa91d2e490d4e92aa7661ff20d5c64ae2,images/37596894c097c2a159eb352076c6330fa91d2e490d4e92aa7661ff20d5c64ae2.jpg,ComplexDataLab/OpenFake,medium,0,0.7847055792808533
376726dbd6ac636b3892c10992533e57d1e350c130733149d53af19474156d5f,images/376726dbd6ac636b3892c10992533e57d1e350c130733149d53af19474156d5f.jpg,ComplexDataLab/OpenFake,medium,0,0.0794864222407341
376ad66069d09ede4f8581fd2da1383225539bf1dccfe2f73986c59864dba314,images/376ad66069d09ede4f8581fd2da1383225539bf1dccfe2f73986c59864dba314.jpg,ComplexDataLab/OpenFake,medium,0,0.6177040338516235
37d3a785d7a51d92f688e37f116f4b27c355fe13bd820955867bd0d72dc2afbb,images/37d3a785d7a51d92f688e37f116f4b27c355fe13bd820955867bd0d72dc2afbb.jpg,ComplexDataLab/OpenFake,medium,0,0.09968133270740509
37e25093290509888141ba06d2b4f0df262689fbc347bf549c2cfabc1b883e7f,images/37e25093290509888141ba06d2b4f0df262689fbc347bf549c2cfabc1b883e7f.png,ComplexDataLab/OpenFake,medium,1,0.8903369903564453
37ed93a5dd62a0e6279cde8dd7c11c4b9a9430198cb87120698af90639a5efc9,images/37ed93a5dd62a0e6279cde8dd7c11c4b9a9430198cb87120698af90639a5efc9.jpg,ComplexDataLab/OpenFake,low,0,0.7415503859519958
37ef0036c7bab9cec0cd515c4c0361785649ebff79305d176811a1c7a0e39770,images/37ef0036c7bab9cec0cd515c4c0361785649ebff79305d176811a1c7a0e39770.png,ComplexDataLab/OpenFake,medium,1,0.8388622403144836
3882bb06282d88f97a27d7cfa87038d54bc60a27f1abdde1b58cb76d4ee925ad,images/3882bb06282d88f97a27d7cfa87038d54bc60a27f1abdde1b58cb76d4ee925ad.jpg,ComplexDataLab/OpenFake,low,0,0.018593231216073036
38f6032a7df32c8af63114dd4f0d2ba4474cad6c9d4b242efdd31b6114e4635e,images/38f6032a7df32c8af63114dd4f0d2ba4474cad6c9d4b242efdd31b6114e4635e.jpg,ComplexDataLab/OpenFake,medium,0,0.012120986357331276
38fdc3119e8f7724ed1fa21314e18ddafc40080e19a7065d7dcbe6af06fb2072,images/38fdc3119e8f7724ed1fa21314e18ddafc40080e19a7065d7dcbe6af06fb2072.png,ComplexDataLab/OpenFake,medium,1,0.2582961618900299
3928bbdde33f7eed19df8a9c444db2cc42c1743d6599a09e536304e889fb7f43,images/3928bbdde33f7eed19df8a9c444db2cc42c1743d6599a09e536304e889fb7f43.jpg,ComplexDataLab/OpenFake,medium,0,0.4969671666622162
393f5a40f06ba0ffe95e4f84ba79ad6f307fe28b4b33cec74585b172ca45a393,images/393f5a40f06ba0ffe95e4f84ba79ad6f307fe28b4b33cec74585b172ca45a393.png,ComplexDataLab/OpenFake,medium,1,0.5966668128967285
3996aac320a00a68a5e5fea1c056d5cffd9d4e218e882e69acf3ff09fb4f56eb,images/3996aac320a00a68a5e5fea1c056d5cffd9d4e218e882e69acf3ff09fb4f56eb.jpg,ComplexDataLab/OpenFake,medium,0,0.04932473227381706
3a0876444087f277c112436701d1019610b3dcd4719a9123c09833921c42d567,images/3a0876444087f277c112436701d1019610b3dcd4719a9123c09833921c42d567.png,ComplexDataLab/OpenFake,low,1,0.9709718227386475
3a4267d842682460378b15ebcabe1af4c7925b3ff08e70ad79674f26af578100,images/3a4267d842682460378b15ebcabe1af4c7925b3ff08e70ad79674f26af578100.png,ComplexDataLab/OpenFake,medium,1,0.9820667505264282
3ad61a2362cf80257a1eccacac502e543a40ddf506890db42d59ab60db770c32,images/3ad61a2362cf80257a1eccacac502e543a40ddf506890db42d59ab60db770c32.jpg,ComplexDataLab/OpenFake,medium,0,0.6914657354354858
3b035e1cf47fbd78226b371679a9decd767dcbb3aa2ee564ab404c12aa0b3ffa,images/3b035e1cf47fbd78226b371679a9decd767dcbb3aa2ee564ab404c12aa0b3ffa.jpg,ComplexDataLab/OpenFake,low,0,0.4797259569168091
3b1904dc46d012d1d6cc0e3d7e387b55c443decf20d12de9f1d2e005139d7f69,images/3b1904dc46d012d1d6cc0e3d7e387b55c443decf20d12de9f1d2e005139d7f69.jpg,ComplexDataLab/OpenFake,medium,0,0.45104074478149414
3b551d511809f1f4e30c83687c5d779ec09a00e9995eb7c2bbae7ad56585fe1d,images/3b551d511809f1f4e30c83687c5d779ec09a00e9995eb7c2bbae7ad56585fe1d.jpg,ComplexDataLab/OpenFake,medium,0,0.5606974959373474
3b858f1b1e84a6637e8bd7c3035cf576f2605c93dcd3b38ae8b51764808ebaf1,images/3b858f1b1e84a6637e8bd7c3035cf576f2605c93dcd3b38ae8b51764808ebaf1.jpg,ComplexDataLab/OpenFake,medium,0,0.004557506646960974
3bd33a78c770bc431e2bef9ff5a13311524ac8d20dac5b42f490bdb29a21a50d,images/3bd33a78c770bc431e2bef9ff5a13311524ac8d20dac5b42f490bdb29a21a50d.jpg,ComplexDataLab/OpenFake,low,0,0.8684002161026001
3bd56fe2e940dee5a6635bbc97077cad061542085f39c705d8b2f7b7c94607ed,images/3bd56fe2e940dee5a6635bbc97077cad061542085f39c705d8b2f7b7c94607ed.png,ComplexDataLab/OpenFake,low,1,0.9980941414833069
3bf71364e40b4dbb5c42d1ef2a49c17fdd9d062aca717e694ac367e6d26f8c98,images/3bf71364e40b4dbb5c42d1ef2a49c17fdd9d062aca717e694ac367e6d26f8c98.jpg,ComplexDataLab/OpenFake,medium,0,0.00110831658821553
3cbf495c9c52092a8524cf0c401d7f23fc626fd701116d48b58cb8d95e3a165a,images/3cbf495c9c52092a8524cf0c401d7f23fc626fd701116d48b58cb8d95e3a165a.jpg,ComplexDataLab/OpenFake,medium,0,0.6583506464958191
3cdaf4057c187fe3e038786bcc72ac6107d49a8710f76794ebf192bd76ad50ab,images/3cdaf4057c187fe3e038786bcc72ac6107d49a8710f76794ebf192bd76ad50ab.jpg,ComplexDataLab/OpenFake,low,0,0.0006927767535671592
3d167265c4ac8da86a746360e3409fcbe324a6e66b49c8b838883010970623a0,images/3d167265c4ac8da86a746360e3409fcbe324a6e66b49c8b838883010970623a0.png,ComplexDataLab/OpenFake,low,1,0.43457266688346863
3d25750c572dad08b4e09dca9c9979014e3eda7362ba5c4b59e34d6197d91646,images/3d25750c572dad08b4e09dca9c9979014e3eda7362ba5c4b59e34d6197d91646.png,ComplexDataLab/OpenFake,medium,1,0.9803549647331238
3de18d4974abb97a789e3b512a3375defbbc352a44d047c8f484b2dc222841c4,images/3de18d4974abb97a789e3b512a3375defbbc352a44d047c8f484b2dc222841c4.png,ComplexDataLab/OpenFake,medium,1,0.15864130854606628
3e026befa08942199f999b939e6beeacc17d6f07e1454432ff52f3cffc41e46a,images/3e026befa08942199f999b939e6beeacc17d6f07e1454432ff52f3cffc41e46a.jpg,ComplexDataLab/OpenFake,medium,0,0.00298974453471601
3e60e122a3883f64ce3bbd5d62904799860118d08abdcb024d19a9a9b481b134,images/3e60e122a3883f64ce3bbd5d62904799860118d08abdcb024d19a9a9b481b134.jpg,ComplexDataLab/OpenFake,medium,0,0.00942921917885542
3eaaaaaa0e2b38f4fbbf1ca17864830f5c7d5a690200d4a6753519250db7d338,images/3eaaaaaa0e2b38f4fbbf1ca17864830f5c7d5a690200d4a6753519250db7d338.jpg,ComplexDataLab/OpenFake,low,0,0.0024841325357556343
3ec9209f03fa21740f5bf445cee711070fdb0e51bd2970a52eceb125fe543dda,images/3ec9209f03fa21740f5bf445cee711070fdb0e51bd2970a52eceb125fe543dda.jpg,ComplexDataLab/OpenFake,low,0,0.49594464898109436
3f214263436e6c35a6dcac5af464eb63e32b4ca845ba125b91e0ec3534a7ca2f,images/3f214263436e6c35a6dcac5af464eb63e32b4ca845ba125b91e0ec3534a7ca2f.png,ComplexDataLab/OpenFake,low,1,0.9698092937469482
3f4dbf2689855d27e14b8c3495b9d01acb3e1e6b50e4c637bfd64360b3168f4e,images/3f4dbf2689855d27e14b8c3495b9d01acb3e1e6b50e4c637bfd64360b3168f4e.jpg,ComplexDataLab/OpenFake,medium,0,0.09715600311756134
3feeee91e424ea4140b2f6f8a89a83f055f369610e11edf3734adb8ae4547123,images/3feeee91e424ea4140b2f6f8a89a83f055f369610e11edf3734adb8ae4547123.png,ComplexDataLab/OpenFake,medium,1,0.9892966151237488
406e65d5aa3446fc84575e2d4010cccd865c5cf72d0fb49ad5fe930794251787,images/406e65d5aa3446fc84575e2d4010cccd865c5cf72d0fb49ad5fe930794251787.jpg,ComplexDataLab/OpenFake,low,0,0.00020227153436280787
40ef24663e71666361bdcc10e622cc58bc7418f0ff900171eadeb8e4657ae9c7,images/40ef24663e71666361bdcc10e622cc58bc7418f0ff900171eadeb8e4657ae9c7.jpg,ComplexDataLab/OpenFake,medium,0,0.0023083381820470095
4185f09e712dc233297b31173d955095920719c9cc42e57253291fe6b3cca2cc,images/4185f09e712dc233297b31173d955095920719c9cc42e57253291fe6b3cca2cc.png,ComplexDataLab/OpenFake,medium,1,0.9839216470718384
4201ce47b59aa0d0a486614e76f497f11a4a87cc6abccd2fe31e0825546e301f,images/4201ce47b59aa0d0a486614e76f497f11a4a87cc6abccd2fe31e0825546e301f.png,ComplexDataLab/OpenFake,medium,1,0.3235938251018524
424199a0f1d2f39ce3a263d965ce9bf318c43efd4ebcca6c9e71b233cc278bf3,images/424199a0f1d2f39ce3a263d965ce9bf318c43efd4ebcca6c9e71b233cc278bf3.png,ComplexDataLab/OpenFake,medium,1,0.9575232863426208
4287fdb03589b70cd85407dabacd5bf750731ad5f3da6c067fc195e713dd5a9d,images/4287fdb03589b70cd85407dabacd5bf750731ad5f3da6c067fc195e713dd5a9d.png,ComplexDataLab/OpenFake,medium,1,0.6520166993141174
428a1ecd1b542c2890bb7334543e9f8daa6458554da9eb9c35782ba5bd91335b,images/428a1ecd1b542c2890bb7334543e9f8daa6458554da9eb9c35782ba5bd91335b.png,ComplexDataLab/OpenFake,medium,1,0.9583156108856201
42e02282a0ee22844baaa107f9ea0ab2439fe2eb651348da1cfbbe6420369ab9,images/42e02282a0ee22844baaa107f9ea0ab2439fe2eb651348da1cfbbe6420369ab9.jpg,ComplexDataLab/OpenFake,low,1,0.637060821056366
435ee8accb9895472d6b248b4e9902190824cc173ca8f7907a6ce49eb95c1873,images/435ee8accb9895472d6b248b4e9902190824cc173ca8f7907a6ce49eb95c1873.png,ComplexDataLab/OpenFake,medium,1,0.778703510761261
439af5c84c8b8613e612eb662465309bb410e449127b29da97a6d768f0ea342b,images/439af5c84c8b8613e612eb662465309bb410e449127b29da97a6d768f0ea342b.png,ComplexDataLab/OpenFake,low,1,0.9989639520645142
43bec3b587510fe3c73842ad4c306e38805809dccdf2aca383933e9b8890072e,images/43bec3b587510fe3c73842ad4c306e38805809dccdf2aca383933e9b8890072e.png,ComplexDataLab/OpenFake,low,1,0.22955045104026794
44304926e81e388cf345add7e789e59feb26e25be2217dc0b05cd03055340a5c,images/44304926e81e388cf345add7e789e59feb26e25be2217dc0b05cd03055340a5c.jpg,ComplexDataLab/OpenFake,medium,0,0.0068686483427882195
4472ea174ac44f4b9ba13c283c2360ea187511bbe379b4a5e1c58f371ef2fe88,images/4472ea174ac44f4b9ba13c283c2360ea187511bbe379b4a5e1c58f371ef2fe88.jpg,ComplexDataLab/OpenFake,medium,0,0.03513766825199127
44e9c9246c2682caee60c2de2186d9ab444a4bbe50956523120635bc1b3aeb34,images/44e9c9246c2682caee60c2de2186d9ab444a4bbe50956523120635bc1b3aeb34.png,ComplexDataLab/OpenFake,high,1,0.9784917831420898
4522ede7e8dd2ca56aa866bef2fabc4c40927cffcc9abb2b176b8c63a03a74d3,images/4522ede7e8dd2ca56aa866bef2fabc4c40927cffcc9abb2b176b8c63a03a74d3.png,ComplexDataLab/OpenFake,medium,1,0.8179664015769958
454b847a5870330de2cdaf814f6516356eb04f6e425c8f00322a3cec5a407461,images/454b847a5870330de2cdaf814f6516356eb04f6e425c8f00322a3cec5a407461.jpg,ComplexDataLab/OpenFake,low,1,0.7752334475517273
456ce8a65656b6ac7283488a96f14df94ee76ec5d9d496ef46066f38ae527e36,images/456ce8a65656b6ac7283488a96f14df94ee76ec5d9d496ef46066f38ae527e36.png,ComplexDataLab/OpenFake,medium,1,0.47416752576828003
459a05953f07edb82e8836b40a370cb24c5de6a84b8504d424ff164bacbc7f26,images/459a05953f07edb82e8836b40a370cb24c5de6a84b8504d424ff164bacbc7f26.jpg,ComplexDataLab/OpenFake,medium,0,0.0022641648538410664
45d695342ff282f88aa757731a17bd7ad77a414c5fc3af93b049656c6ff198de,images/45d695342ff282f88aa757731a17bd7ad77a414c5fc3af93b049656c6ff198de.png,ComplexDataLab/OpenFake,medium,1,0.589597225189209
45d76238d5459c9e77be2eb817b098479e415c7b6ba719843d26dddff110fba2,images/45d76238d5459c9e77be2eb817b098479e415c7b6ba719843d26dddff110fba2.png,ComplexDataLab/OpenFake,low,1,0.7334003448486328
463d956215c4d2e4dcc48adabd78ac3215dee3e393113e78967b05ac74d37be8,images/463d956215c4d2e4dcc48adabd78ac3215dee3e393113e78967b05ac74d37be8.png,ComplexDataLab/OpenFake,medium,1,0.9812605381011963
465299e3fd07e7622ca21070b218f81887659270ffb2dbdd79520125f141b0cf,images/465299e3fd07e7622ca21070b218f81887659270ffb2dbdd79520125f141b0cf.png,ComplexDataLab/OpenFake,low,1,0.9470783472061157
469fa294f56e88fb68b73529b0ef4ae2ceee6238527684a3acf5da8ccd30f47c,images/469fa294f56e88fb68b73529b0ef4ae2ceee6238527684a3acf5da8ccd30f47c.png,ComplexDataLab/OpenFake,medium,1,0.832877516746521
479bcadec0e113a237bba009a4202b631d142a52a410d4046f667c0c9d7a5886,images/479bcadec0e113a237bba009a4202b631d142a52a410d4046f667c0c9d7a5886.png,ComplexDataLab/OpenFake,medium,1,0.8420609831809998
47f49e3dd3e405af51506f567fc47d08b48e7a0dcca64370080f6800e4d61fda,images/47f49e3dd3e405af51506f567fc47d08b48e7a0dcca64370080f6800e4d61fda.png,ComplexDataLab/OpenFake,low,1,0.02448756992816925
47f9c9b2a8f9989a347dad9ee17719d54657e746e4e05f749af4eeac64398f90,images/47f9c9b2a8f9989a347dad9ee17719d54657e746e4e05f749af4eeac64398f90.jpg,ComplexDataLab/OpenFake,medium,0,0.015189805068075657
4803f7e88f7bc9b12d4e1ea8a13ea3c3fe17a8c7a3f4de5cd282be6edc33a503,images/4803f7e88f7bc9b12d4e1ea8a13ea3c3fe17a8c7a3f4de5cd282be6edc33a503.jpg,ComplexDataLab/OpenFake,medium,0,0.030737008899450302
486bef56210c32f3dc965e5cb7117ba1afeec61f3908aedf607e7bbfd8d9e9a3,images/486bef56210c32f3dc965e5cb7117ba1afeec61f3908aedf607e7bbfd8d9e9a3.jpg,ComplexDataLab/OpenFake,medium,0,0.014889786019921303
48baf326ee028b000b92936d8abcf15e84ab89a13b882f5bd4476d923e5ec5ae,images/48baf326ee028b000b92936d8abcf15e84ab89a13b882f5bd4476d923e5ec5ae.png,ComplexDataLab/OpenFake,medium,1,0.9312742948532104
490781fc653df043f7150f564b0b16cb838b3de7d2162bf5e118d805d8da7fea,images/490781fc653df043f7150f564b0b16cb838b3de7d2162bf5e118d805d8da7fea.png,ComplexDataLab/OpenFake,medium,1,0.9099762439727783
4939e8d6ea3b6d2271b18668401b373c6a991b82b419463cd29f637fdfa2745d,images/4939e8d6ea3b6d2271b18668401b373c6a991b82b419463cd29f637fdfa2745d.png,ComplexDataLab/OpenFake,medium,1,0.9360785484313965
495f62b411289d1abdf3973c4ce83aa8534d72bd76072f8af75f9f660224aea7,images/495f62b411289d1abdf3973c4ce83aa8534d72bd76072f8af75f9f660224aea7.png,ComplexDataLab/OpenFake,medium,1,0.9908359050750732
496d44cf24c7e64b7780272bab89ea677b5a53cbeefada24d2b0e5e6732a83ee,images/496d44cf24c7e64b7780272bab89ea677b5a53cbeefada24d2b0e5e6732a83ee.jpg,ComplexDataLab/OpenFake,medium,0,0.06936018913984299
4973691b125c0d346855d2a769df2405781ecbca495dc428f1162849b22f22a3,images/4973691b125c0d346855d2a769df2405781ecbca495dc428f1162849b22f22a3.jpg,ComplexDataLab/OpenFake,medium,0,0.004307303112000227
49bfa7279c3d32e7a1db762a9aac22cc3ef3378f72e8c39a1db89c4685ca9a79,images/49bfa7279c3d32e7a1db762a9aac22cc3ef3378f72e8c39a1db89c4685ca9a79.png,ComplexDataLab/OpenFake,medium,1,0.9931017160415649
4a10fc14f8d8785dcaed7df86a715d4cdf5782f3ecd0e67da1b0541fc2316cfd,images/4a10fc14f8d8785dcaed7df86a715d4cdf5782f3ecd0e67da1b0541fc2316cfd.jpg,ComplexDataLab/OpenFake,medium,0,0.017114201560616493
4ac6ab44e7c934630f7e531f7678a5c91d3bd278b176ec4355ff9826e69e88f4,images/4ac6ab44e7c934630f7e531f7678a5c91d3bd278b176ec4355ff9826e69e88f4.jpg,ComplexDataLab/OpenFake,low,0,0.3586086630821228
4af66822abbdf36f464235867b1451427041363201aedee22d2e123c1d00f205,images/4af66822abbdf36f464235867b1451427041363201aedee22d2e123c1d00f205.png,ComplexDataLab/OpenFake,medium,1,0.9956951141357422
4b02ca5c117c532f9e4fd0ec487d366aa25999ae7f68e757d4f047ea56d3066d,images/4b02ca5c117c532f9e4fd0ec487d366aa25999ae7f68e757d4f047ea56d3066d.png,ComplexDataLab/OpenFake,low,1,0.9903776049613953
4b463814d4ef9592cc0d7b5dd1932f03529158b872ec8f8e840a11d7ec037bc2,images/4b463814d4ef9592cc0d7b5dd1932f03529158b872ec8f8e840a11d7ec037bc2.png,ComplexDataLab/OpenFake,medium,1,0.8183292746543884
4b57ac10add5de22fe235baef3ba95832a153bc4f667b56bd2a0fdcec825911e,images/4b57ac10add5de22fe235baef3ba95832a153bc4f667b56bd2a0fdcec825911e.jpg,ComplexDataLab/OpenFake,medium,0,0.44397592544555664
4b698946e0e311e3846dae36932f92fb6020fe55a6b5b01b6000472ea791b2e5,images/4b698946e0e311e3846dae36932f92fb6020fe55a6b5b01b6000472ea791b2e5.png,ComplexDataLab/OpenFake,low,1,0.9711769819259644
4b80df1bd7d0b59e89108c3de34c41b481798b7dab52c83e2ec1def86a8d9bff,images/4b80df1bd7d0b59e89108c3de34c41b481798b7dab52c83e2ec1def86a8d9bff.png,ComplexDataLab/OpenFake,medium,1,0.6980685591697693
4ba7331b6b838a868b885ea4c6683ea18c2cde380c0bac1cf8028a409e97d23a,images/4ba7331b6b838a868b885ea4c6683ea18c2cde380c0bac1cf8028a409e97d23a.png,ComplexDataLab/OpenFake,medium,1,0.9973968267440796
4bb9dda873026626ee413c4c795f9424fcd56025bbcd61eb6771a6b0a9878156,images/4bb9dda873026626ee413c4c795f9424fcd56025bbcd61eb6771a6b0a9878156.jpg,ComplexDataLab/OpenFake,low,1,0.9379163980484009
4bbc18e9e79c6d0bdb761c547e18341592379e1c696a2fcfab2534cf4097d4c3,images/4bbc18e9e79c6d0bdb761c547e18341592379e1c696a2fcfab2534cf4097d4c3.png,ComplexDataLab/OpenFake,medium,1,0.9813387393951416
4be03b0f1b6da05197314fe0f47586bf43d6dbec7153038767dde96318e62595,images/4be03b0f1b6da05197314fe0f47586bf43d6dbec7153038767dde96318e62595.png,ComplexDataLab/OpenFake,medium,1,0.7898139357566833
4be0a3e6de13da8bbf735935a6a76f252f0a5f316fb92f720b884575162b192c,images/4be0a3e6de13da8bbf735935a6a76f252f0a5f316fb92f720b884575162b192c.png,ComplexDataLab/OpenFake,medium,1,0.34911563992500305
4c72a880038c6e9c0a03286284fc669a7696e09ff49fb7e6653c9ad822f7b0b8,images/4c72a880038c6e9c0a03286284fc669a7696e09ff49fb7e6653c9ad822f7b0b8.jpg,ComplexDataLab/OpenFake,medium,0,0.46475666761398315
4c8c368518e267b9f6c62619ae5fbfea9f40572dbe557bec70235be228583cbc,images/4c8c368518e267b9f6c62619ae5fbfea9f40572dbe557bec70235be228583cbc.jpg,ComplexDataLab/OpenFake,low,0,0.17271022498607635
4cafb42cea8bf121d52a162036b42d4863fb6c13b38a42e2e7f74e92ad85f5e4,images/4cafb42cea8bf121d52a162036b42d4863fb6c13b38a42e2e7f74e92ad85f5e4.jpg,ComplexDataLab/OpenFake,low,0,0.030601007863879204
4cb61c62d80e382c47e40c22923366ff0f55fbe746fa36d54561647a72cadc6c,images/4cb61c62d80e382c47e40c22923366ff0f55fbe746fa36d54561647a72cadc6c.jpg,ComplexDataLab/OpenFake,medium,0,7.727859156148043e-06
4cc07a988c5437018018c577e02026aa0ec773967aa7b0876f747618c32b4658,images/4cc07a988c5437018018c577e02026aa0ec773967aa7b0876f747618c32b4658.jpg,ComplexDataLab/OpenFake,medium,0,0.021727662533521652
4cddd5771d5186c2fe45768178a29b86003ab4b5606ec132b7d19bdb8bffe2d7,images/4cddd5771d5186c2fe45768178a29b86003ab4b5606ec132b7d19bdb8bffe2d7.jpg,ComplexDataLab/OpenFake,low,1,0.6224039196968079
4d33d291b4094571623f839d1e6237a493ca78b8e1808386a6779b1401c5ee5e,images/4d33d291b4094571623f839d1e6237a493ca78b8e1808386a6779b1401c5ee5e.png,ComplexDataLab/OpenFake,medium,1,0.7860159277915955
4e834f6804dae3220488acfd58dea1c87fd39361883d9d19e89a1f4d83471d3e,images/4e834f6804dae3220488acfd58dea1c87fd39361883d9d19e89a1f4d83471d3e.jpg,ComplexDataLab/OpenFake,medium,0,0.00024916836991906166
4eaa42fe3a8cd756b514e972c213ee7f06e7c363d17c4240f8f6743d993c76c7,images/4eaa42fe3a8cd756b514e972c213ee7f06e7c363d17c4240f8f6743d993c76c7.jpg,ComplexDataLab/OpenFake,medium,1,0.9153763651847839
4ee3877a5ed71311aff8a457db513d1ae611ba9d820f5299d448920b6693b07d,images/4ee3877a5ed71311aff8a457db513d1ae611ba9d820f5299d448920b6693b07d.jpg,ComplexDataLab/OpenFake,medium,0,0.0007700399728491902
4f1460acc42dd74b522a6c341bcf9318a6f5af5d066d2eb51513ef50564ea992,images/4f1460acc42dd74b522a6c341bcf9318a6f5af5d066d2eb51513ef50564ea992.png,ComplexDataLab/OpenFake,low,1,0.5017410516738892
4f1e971d79406d5bb22f91226913baeb27403b9e2908092cc606463d356b4229,images/4f1e971d79406d5bb22f91226913baeb27403b9e2908092cc606463d356b4229.png,ComplexDataLab/OpenFake,medium,1,0.9575401544570923
4f23d8869144a535c2834e28d21a141924e80a9de86162d7a4c3400a2a5e8d75,images/4f23d8869144a535c2834e28d21a141924e80a9de86162d7a4c3400a2a5e8d75.jpg,ComplexDataLab/OpenFake,medium,0,0.05507204681634903
4f467d6cae43e08cf690f53f044a6fd357fb26e6c216a7e37dc513d6a001a0e9,images/4f467d6cae43e08cf690f53f044a6fd357fb26e6c216a7e37dc513d6a001a0e9.png,ComplexDataLab/OpenFake,medium,1,0.916869044303894
4f4d77fa08b3bd3046996560aa99fe1c641edbdaf3916079f4d10db696cf1451,images/4f4d77fa08b3bd3046996560aa99fe1c641edbdaf3916079f4d10db696cf1451.png,ComplexDataLab/OpenFake,low,1,0.999872088432312
4f928cdfcc8e18724628b283d2b19a588df526248e33f4d59e266fd3e811bdc1,images/4f928cdfcc8e18724628b283d2b19a588df526248e33f4d59e266fd3e811bdc1.png,ComplexDataLab/OpenFake,medium,1,0.9799505472183228
4fad66fae2f320b99c4092f4f5158e6e27a334c8bc6732682e1ad84a5a31d45b,images/4fad66fae2f320b99c4092f4f5158e6e27a334c8bc6732682e1ad84a5a31d45b.png,ComplexDataLab/OpenFake,low,1,0.451728492975235
4fb30a82b184c99194299bc733451e0f1db88c1c7205506532ef002866d56cb2,images/4fb30a82b184c99194299bc733451e0f1db88c1c7205506532ef002866d56cb2.png,ComplexDataLab/OpenFake,medium,1,0.09161047637462616
4fb4d69abc625e5811837d7ecb45b095e7228c72a89ab009e69d9021ab81aa24,images/4fb4d69abc625e5811837d7ecb45b095e7228c72a89ab009e69d9021ab81aa24.png,ComplexDataLab/OpenFake,medium,1,0.993477463722229
508b6657c330e98ea2c05eab15e8aa4b9fff36ef313abf6e8d906e0ee3120c49,images/508b6657c330e98ea2c05eab15e8aa4b9fff36ef313abf6e8d906e0ee3120c49.png,ComplexDataLab/OpenFake,low,1,0.6590017080307007
50a034f192d6a573b5b2293b6f8ab1615c83ad5cd10772f9985a41916758e958,images/50a034f192d6a573b5b2293b6f8ab1615c83ad5cd10772f9985a41916758e958.png,ComplexDataLab/OpenFake,low,1,0.9482259750366211
50a1a7e2d04ccdb22c4bc36bde4a80d9b770889bf024bac8585814c846dd1d58,images/50a1a7e2d04ccdb22c4bc36bde4a80d9b770889bf024bac8585814c846dd1d58.jpg,ComplexDataLab/OpenFake,medium,0,0.21681566536426544
50cd4789c22fa8d32d6db2946632af1ef31216b0d010f8a0b9af1bc33bf6f096,images/50cd4789c22fa8d32d6db2946632af1ef31216b0d010f8a0b9af1bc33bf6f096.jpg,ComplexDataLab/OpenFake,low,0,0.00014646143245045096
51124bf8da03ecf6ba29e7a6faa6316df4654c2ff21253fbc228aa9c18a51ae1,images/51124bf8da03ecf6ba29e7a6faa6316df4654c2ff21253fbc228aa9c18a51ae1.png,ComplexDataLab/OpenFake,medium,1,0.9836957454681396
518140655b54180bf07d447e944b554feb08752e882071f39021f87484d95165,images/518140655b54180bf07d447e944b554feb08752e882071f39021f87484d95165.jpg,ComplexDataLab/OpenFake,medium,0,0.4609054923057556
518c1f93709f44b66cf5b198884e17019d01917938b77e0c6ea48c0e226efc17,images/518c1f93709f44b66cf5b198884e17019d01917938b77e0c6ea48c0e226efc17.png,ComplexDataLab/OpenFake,low,1,0.9939549565315247
51aff7a224e4bb8f96f3463b69bfd8126f1b4a07a4094ca8dfef59a33a2204ac,images/51aff7a224e4bb8f96f3463b69bfd8126f1b4a07a4094ca8dfef59a33a2204ac.png,ComplexDataLab/OpenFake,low,1,0.7036128044128418
51bd4d558939415e61f852baaa0ff8630d9d7c2854ab4634ced94807b045166c,images/51bd4d558939415e61f852baaa0ff8630d9d7c2854ab4634ced94807b045166c.jpg,ComplexDataLab/OpenFake,medium,0,0.0006732867914251983
51e127ff27783e703771bdef616cc59317a0171234ff1307d7c0b3a493d39d17,images/51e127ff27783e703771bdef616cc59317a0171234ff1307d7c0b3a493d39d17.png,ComplexDataLab/OpenFake,low,1,0.09286095947027206
523a7bfe085df05b414627b2e6596acfa628862fc6925a652cbfce70d99e764a,images/523a7bfe085df05b414627b2e6596acfa628862fc6925a652cbfce70d99e764a.png,ComplexDataLab/OpenFake,medium,1,0.777212917804718
523c8668e8a7053bf1c23bb26f27418e60f5447d5052810ef521d4abd44c0174,images/523c8668e8a7053bf1c23bb26f27418e60f5447d5052810ef521d4abd44c0174.jpg,ComplexDataLab/OpenFake,medium,0,0.6719602346420288
5268fc996e656c31b01d65f96f05954584e5ee9ccaa526c47a639968df0a6e40,images/5268fc996e656c31b01d65f96f05954584e5ee9ccaa526c47a639968df0a6e40.jpg,ComplexDataLab/OpenFake,medium,0,0.114085853099823
52974c179cd77ae5cbf40099bd02c04f300de64b85a5ebd2777529e6db9aeac8,images/52974c179cd77ae5cbf40099bd02c04f300de64b85a5ebd2777529e6db9aeac8.png,ComplexDataLab/OpenFake,low,1,0.9964556694030762
529a3a2c3c4f203fb9e0545be478f43255bc784e504e7fe89589439f5ab270af,images/529a3a2c3c4f203fb9e0545be478f43255bc784e504e7fe89589439f5ab270af.png,ComplexDataLab/OpenFake,low,1,0.9507666826248169
529ee0d4242aa24a8725aacef8485cb3d32063f08c659ae050697cad3b72763b,images/529ee0d4242aa24a8725aacef8485cb3d32063f08c659ae050697cad3b72763b.jpg,ComplexDataLab/OpenFake,medium,0,0.022458037361502647
529ee0e68c64a9dcccfd8b89448845884824e7f773ceea0fb614821c7815a262,images/529ee0e68c64a9dcccfd8b89448845884824e7f773ceea0fb614821c7815a262.png,ComplexDataLab/OpenFake,low,1,0.9824077486991882
52e7d3dfd3010bc8ad92834760c443ae58faf8042119c265d11fdd0196109e5c,images/52e7d3dfd3010bc8ad92834760c443ae58faf8042119c265d11fdd0196109e5c.jpg,ComplexDataLab/OpenFake,medium,0,0.00024400587426498532
53bd451f9936af70981561e90a32736e9cb30bd592e02ed0cb21def6134f7604,images/53bd451f9936af70981561e90a32736e9cb30bd592e02ed0cb21def6134f7604.png,ComplexDataLab/OpenFake,medium,1,0.8459948301315308
54283907be65bc971df39a7671edfd38acb6eca65a3c2e4bcc7fc2bca78b1d81,images/54283907be65bc971df39a7671edfd38acb6eca65a3c2e4bcc7fc2bca78b1d81.jpg,ComplexDataLab/OpenFake,medium,0,0.34115803241729736
54460b59a59a6db6c401ebe14446b811b9fccde311f4544d05b6428be9a14306,images/54460b59a59a6db6c401ebe14446b811b9fccde311f4544d05b6428be9a14306.webp,ComplexDataLab/OpenFake,medium,1,0.8717025518417358
5478623763bc92a58ee63a60df702325c86f2537b89803308bffda23af903c33,images/5478623763bc92a58ee63a60df702325c86f2537b89803308bffda23af903c33.jpg,ComplexDataLab/OpenFake,medium,0,0.020580703392624855
5492e2a67dc32dbe282da8b02a1b91163a1599a6027bcdabd70c6a1f579efa25,images/5492e2a67dc32dbe282da8b02a1b91163a1599a6027bcdabd70c6a1f579efa25.jpg,ComplexDataLab/OpenFake,medium,0,0.15026143193244934
54bf97a9a271e35cf3ede9973fbf5d49837eade2a5fa6f75752be23a489fb05b,images/54bf97a9a271e35cf3ede9973fbf5d49837eade2a5fa6f75752be23a489fb05b.jpg,ComplexDataLab/OpenFake,low,0,0.0031428076326847076
5542a7dba8e3f242d54d2d190dc9c74f9180b3fa0d97486bffaf99729c3da0c5,images/5542a7dba8e3f242d54d2d190dc9c74f9180b3fa0d97486bffaf99729c3da0c5.jpg,ComplexDataLab/OpenFake,medium,0,0.726229190826416
5671f93a9489fe8953270ad1bac1f94a3eae6a4d53b99e1d13eca521c2f861a3,images/5671f93a9489fe8953270ad1bac1f94a3eae6a4d53b99e1d13eca521c2f861a3.jpg,ComplexDataLab/OpenFake,medium,0,0.7148033976554871
567795f86b738339082b123c61808d9875326a5c07cf6c5e26d4d651dbb5393b,images/567795f86b738339082b123c61808d9875326a5c07cf6c5e26d4d651dbb5393b.jpg,ComplexDataLab/OpenFake,medium,0,0.00046836314140819013
568f828b4cd5cb434eaf501ba50fd1c834077009feef7796c7fcabf082792a26,images/568f828b4cd5cb434eaf501ba50fd1c834077009feef7796c7fcabf082792a26.jpg,ComplexDataLab/OpenFake,medium,0,0.2134188711643219
571846ee17bc74fcd0c83f1f91b0785ed574dab464497cbdef89c4211c046bdd,images/571846ee17bc74fcd0c83f1f91b0785ed574dab464497cbdef89c4211c046bdd.jpg,ComplexDataLab/OpenFake,medium,0,0.015979263931512833
571fd554df05a7bf1736fcf48d5bd65ca19858c09fa2eedd2f93e7a519ed86e9,images/571fd554df05a7bf1736fcf48d5bd65ca19858c09fa2eedd2f93e7a519ed86e9.png,ComplexDataLab/OpenFake,low,1,0.4332387447357178
5734721aecf77adcfe04917a418dd4cfd64e9457f5fbc73287452bd81dc7eecc,images/5734721aecf77adcfe04917a418dd4cfd64e9457f5fbc73287452bd81dc7eecc.png,ComplexDataLab/OpenFake,low,1,0.525111973285675
5768474a00cf1a635341319a1d5303941d3580b11c7484292c6837a697a2116b,images/5768474a00cf1a635341319a1d5303941d3580b11c7484292c6837a697a2116b.jpg,ComplexDataLab/OpenFake,medium,0,0.40863627195358276
5796c29ad2086c48eaed9d64ae7611b403437238aea46b133c2e2390560a4c26,images/5796c29ad2086c48eaed9d64ae7611b403437238aea46b133c2e2390560a4c26.png,ComplexDataLab/OpenFake,medium,1,0.9114186763763428
57b5b701ac4a415dce4cfa6ad892cbfc2d8bc96c3765c03ce46ab0d86a2f74a2,images/57b5b701ac4a415dce4cfa6ad892cbfc2d8bc96c3765c03ce46ab0d86a2f74a2.webp,ComplexDataLab/OpenFake,medium,1,0.8143758773803711
5833fa5393e77433f9a753654f0d3c0894a549a269b2e921703a8ed3320ab3ce,images/5833fa5393e77433f9a753654f0d3c0894a549a269b2e921703a8ed3320ab3ce.jpg,ComplexDataLab/OpenFake,medium,0,0.1191553920507431
587598ebb65d9237db80454ba32c6ac757337b0adfa622b38156d49c8eac5613,images/587598ebb65d9237db80454ba32c6ac757337b0adfa622b38156d49c8eac5613.png,ComplexDataLab/OpenFake,medium,1,0.7855844497680664
58834e2017e4a4e3ef277707c82b29c72a92201ad3123738049b5c0e17c319cc,images/58834e2017e4a4e3ef277707c82b29c72a92201ad3123738049b5c0e17c319cc.png,ComplexDataLab/OpenFake,medium,1,0.6821056008338928
58ac3c299e89dcbcd173cb979ba44eeae0529a0177a34d4d446889f407ef0462,images/58ac3c299e89dcbcd173cb979ba44eeae0529a0177a34d4d446889f407ef0462.png,ComplexDataLab/OpenFake,medium,1,0.9971043467521667
58ba64f67ca3fd5115e126fb8ccbbd9753f11023e676d967fed325293b91e569,images/58ba64f67ca3fd5115e126fb8ccbbd9753f11023e676d967fed325293b91e569.png,ComplexDataLab/OpenFake,medium,1,0.9639034867286682
58cf0ea9f9c133175c5a63ca770e6491b4e36ca5f4d1b72b85c65554858c470d,images/58cf0ea9f9c133175c5a63ca770e6491b4e36ca5f4d1b72b85c65554858c470d.jpg,ComplexDataLab/OpenFake,low,0,0.7724891304969788
58e70370ea2877cb7d53ff1640547ef5fc5f0e684dd538ecaf4f618b88e8a494,images/58e70370ea2877cb7d53ff1640547ef5fc5f0e684dd538ecaf4f618b88e8a494.jpg,ComplexDataLab/OpenFake,medium,0,0.14993995428085327
591cafe2680835faf54837e92c5d8a3e9174c7f41b0d0b7efdeca399724f8809,images/591cafe2680835faf54837e92c5d8a3e9174c7f41b0d0b7efdeca399724f8809.jpg,ComplexDataLab/OpenFake,low,1,0.599076509475708
5939cdb6d71c6ff1aef123149bf7bfa19a9a37d26112d9f9eb8ae3beb9ac7668,images/5939cdb6d71c6ff1aef123149bf7bfa19a9a37d26112d9f9eb8ae3beb9ac7668.png,ComplexDataLab/OpenFake,medium,1,0.46523886919021606
59776cc07a43ab637ec3f4d9fea796c872c67e7d3f21a4aec619e8b937315312,images/59776cc07a43ab637ec3f4d9fea796c872c67e7d3f21a4aec619e8b937315312.jpg,ComplexDataLab/OpenFake,medium,0,0.9318960905075073
59b616692e0d7acad673c41c34977ce1d83d4e82ab366064cce17ee955954a0e,images/59b616692e0d7acad673c41c34977ce1d83d4e82ab366064cce17ee955954a0e.jpg,ComplexDataLab/OpenFake,medium,0,0.6249179244041443
59ea4008fe56dc2e3aa358ae7ab654d294e63ba8c35e68accfcab11f03972846,images/59ea4008fe56dc2e3aa358ae7ab654d294e63ba8c35e68accfcab11f03972846.png,ComplexDataLab/OpenFake,medium,1,0.12060656398534775
59f351a12e2d48483e06f0dfc3bf1aa0c8a0544c73408e6a51063da92894960b,images/59f351a12e2d48483e06f0dfc3bf1aa0c8a0544c73408e6a51063da92894960b.jpg,ComplexDataLab/OpenFake,medium,1,0.9776091575622559
5a59f322c876ae58314db34e0d0c151f07b4ff1fae4227afc2e2cd5403d65b27,images/5a59f322c876ae58314db34e0d0c151f07b4ff1fae4227afc2e2cd5403d65b27.jpg,ComplexDataLab/OpenFake,medium,0,0.11375491321086884
5a7ea67f2ef925d6f3be883ca0e101d777570089fc333ef822c87ee1983b9863,images/5a7ea67f2ef925d6f3be883ca0e101d777570089fc333ef822c87ee1983b9863.jpg,ComplexDataLab/OpenFake,medium,0,0.177717387676239
5a80b6aa144308674bda1f1bb261274ae9118013c4b44b4a98ea22ea5d134efa,images/5a80b6aa144308674bda1f1bb261274ae9118013c4b44b4a98ea22ea5d134efa.jpg,ComplexDataLab/OpenFake,medium,0,0.012899970635771751
5a8efcb8af621c654e459ab6d0db6889c5c8238e4718359334788b9fda8978ac,images/5a8efcb8af621c654e459ab6d0db6889c5c8238e4718359334788b9fda8978ac.png,ComplexDataLab/OpenFake,medium,1,0.7226734161376953
5ab45ff0b0c8954bfef48f86ff22c300928fae3e98a7976f04c144e3e31f2c2e,images/5ab45ff0b0c8954bfef48f86ff22c300928fae3e98a7976f04c144e3e31f2c2e.png,ComplexDataLab/OpenFake,medium,1,0.990486204624176
5af84c4fc8b90735983559e81187e944f0e2288c06b2b34e1037a4c7a4562773,images/5af84c4fc8b90735983559e81187e944f0e2288c06b2b34e1037a4c7a4562773.png,ComplexDataLab/OpenFake,medium,1,0.999421238899231
5b680f3263de0ca8c31279539e183bf5e4b4a01bf53a624f943bbb443bd9932b,images/5b680f3263de0ca8c31279539e183bf5e4b4a01bf53a624f943bbb443bd9932b.png,ComplexDataLab/OpenFake,low,1,0.9980358481407166
5b75695d3e9d041c42c49cdfed94c8e9698fb8d2931e81aa59498f9758cc663d,images/5b75695d3e9d041c42c49cdfed94c8e9698fb8d2931e81aa59498f9758cc663d.jpg,ComplexDataLab/OpenFake,medium,0,0.47028544545173645
5b99433135dc96fedfaaefa6a9eb2f10c62cfe86c2237cebe6333d887c894b3c,images/5b99433135dc96fedfaaefa6a9eb2f10c62cfe86c2237cebe6333d887c894b3c.jpg,ComplexDataLab/OpenFake,medium,0,0.3106710612773895
5bcdc1ac3ebf28593953e04e97b957f9765ca4d1830094d8bbf17c9feedf17ab,images/5bcdc1ac3ebf28593953e04e97b957f9765ca4d1830094d8bbf17c9feedf17ab.webp,ComplexDataLab/OpenFake,medium,1,0.9711403250694275
5bde657732339cedd39d140d0664404213cfbcdedf1a2081374bab304456f2e6,images/5bde657732339cedd39d140d0664404213cfbcdedf1a2081374bab304456f2e6.png,ComplexDataLab/OpenFake,low,1,0.9787624478340149
5c34d9c22b066c9acca77513b6004be70181997cd57650df09840adb7cf80208,images/5c34d9c22b066c9acca77513b6004be70181997cd57650df09840adb7cf80208.jpg,ComplexDataLab/OpenFake,low,0,0.6041174530982971
5c9e668642cc880f400506fa10510136ef1334bd6b6a9a2320eec4c7ca240c48,images/5c9e668642cc880f400506fa10510136ef1334bd6b6a9a2320eec4c7ca240c48.jpg,ComplexDataLab/OpenFake,medium,0,0.12015362083911896
5ca94d8f9a88b2d264ad08098bb49a19bca654b3338ab1d8a3de90560113cc10,images/5ca94d8f9a88b2d264ad08098bb49a19bca654b3338ab1d8a3de90560113cc10.png,ComplexDataLab/OpenFake,medium,1,0.9606860876083374
5cc59a22aeae5af40aed5398dbbc3b014236c8fc9b548b8ef603849824db1282,images/5cc59a22aeae5af40aed5398dbbc3b014236c8fc9b548b8ef603849824db1282.png,ComplexDataLab/OpenFake,low,1,0.9954226613044739
5ce07ba3c15f803ed9b856e36377f8b4a45f413180519cfa8def8d891f482e01,images/5ce07ba3c15f803ed9b856e36377f8b4a45f413180519cfa8def8d891f482e01.png,ComplexDataLab/OpenFake,low,1,0.8399520516395569
5d56b1e9792895d70c9a33974af2c11f9d8ab5a2f54aeea14ff44461a55f70f0,images/5d56b1e9792895d70c9a33974af2c11f9d8ab5a2f54aeea14ff44461a55f70f0.jpg,ComplexDataLab/OpenFake,medium,0,0.05885634943842888
5d59a6691655e94ed2613e1c2e8b0dbeb8684c54c63a86c31c87cb25949072d8,images/5d59a6691655e94ed2613e1c2e8b0dbeb8684c54c63a86c31c87cb25949072d8.png,ComplexDataLab/OpenFake,low,1,0.9894815683364868
5d6bc3b8e9b39d065b34b4f6bbb3214c1367577b4cb1b57bba33a78dc323ed50,images/5d6bc3b8e9b39d065b34b4f6bbb3214c1367577b4cb1b57bba33a78dc323ed50.jpg,ComplexDataLab/OpenFake,low,0,0.0003282148391008377
5d6beaa1c22e1cf92c8835233a9f7fc91184f3d334d8bac4af479642690a7d05,images/5d6beaa1c22e1cf92c8835233a9f7fc91184f3d334d8bac4af479642690a7d05.png,ComplexDataLab/OpenFake,medium,1,0.9146499037742615
5d85226dd0f511f035feb81877cfe6c1671bb1fcb851485cac2a781be68e1d18,images/5d85226dd0f511f035feb81877cfe6c1671bb1fcb851485cac2a781be68e1d18.jpg,ComplexDataLab/OpenFake,medium,0,0.0009874127572402358
5d85b69c4e49d5e0b419964a085891c8bba13ca22a0b33f878284c64a89af1b6,images/5d85b69c4e49d5e0b419964a085891c8bba13ca22a0b33f878284c64a89af1b6.jpg,ComplexDataLab/OpenFake,medium,1,0.4012375473976135
5da7a9b78c18d8ea0567a2118847e4f3a77a337bab9e779d5e9d49e3fc51612b,images/5da7a9b78c18d8ea0567a2118847e4f3a77a337bab9e779d5e9d49e3fc51612b.png,ComplexDataLab/OpenFake,low,1,0.7821885943412781
5dbc805ca4396d8c35d3b15ea2c50285919318ed5f780ca1b06af8d50a8384c0,images/5dbc805ca4396d8c35d3b15ea2c50285919318ed5f780ca1b06af8d50a8384c0.png,ComplexDataLab/OpenFake,medium,1,0.9779510498046875
5e40b7f3bebcd0cffcf5683cdb3cdaef30a88ea9203f2d8a8e87ad4a4ac077c9,images/5e40b7f3bebcd0cffcf5683cdb3cdaef30a88ea9203f2d8a8e87ad4a4ac077c9.png,ComplexDataLab/OpenFake,medium,1,0.8823128342628479
5e4a143614b9dc517453aa94f1189a8173d17f61454c78c9fdb4f368cc3ca1bf,images/5e4a143614b9dc517453aa94f1189a8173d17f61454c78c9fdb4f368cc3ca1bf.png,ComplexDataLab/OpenFake,low,1,0.983738899230957
5ec7507706c214806876fcb48a0655335ec1bfce83b9706e11742a8af596a761,images/5ec7507706c214806876fcb48a0655335ec1bfce83b9706e11742a8af596a761.png,ComplexDataLab/OpenFake,medium,1,0.9162282347679138
5f068e29623548de237844d57e4432059b21f556049147b3aa258c68778b6393,images/5f068e29623548de237844d57e4432059b21f556049147b3aa258c68778b6393.png,ComplexDataLab/OpenFake,low,1,0.9717881083488464
5f8a4a4fa9957c5775f538f6d083bc8bd5d8862245a0f80fdd1f9326b643a8ce,images/5f8a4a4fa9957c5775f538f6d083bc8bd5d8862245a0f80fdd1f9326b643a8ce.png,ComplexDataLab/OpenFake,low,1,0.9732632040977478
5f9e5f4d099b8094dc3f72206c0e9f3b57890c0967c7fb1d7f467616c1d8c65e,images/5f9e5f4d099b8094dc3f72206c0e9f3b57890c0967c7fb1d7f467616c1d8c65e.png,ComplexDataLab/OpenFake,medium,1,0.9875829815864563
5fb33107ac59bef1fcf69c1f95e57db4e0863ac5c36139d66fdc1ae0a383d449,images/5fb33107ac59bef1fcf69c1f95e57db4e0863ac5c36139d66fdc1ae0a383d449.png,ComplexDataLab/OpenFake,medium,1,0.4952729046344757
5ffe84e981ebf00a0b37d71b73de542dcd33828f3b10ba45360ac4456a5f0100,images/5ffe84e981ebf00a0b37d71b73de542dcd33828f3b10ba45360ac4456a5f0100.jpg,ComplexDataLab/OpenFake,low,0,0.016196494922041893
6061a5bb09b6ac0fc23a505ae7f3136daabc91cef988954a9a4d3abe73373995,images/6061a5bb09b6ac0fc23a505ae7f3136daabc91cef988954a9a4d3abe73373995.jpg,ComplexDataLab/OpenFake,medium,0,0.003974404186010361
60634c9a29034a59bb6e943ac372c396e222af38120c8f2d71b83c720165a834,images/60634c9a29034a59bb6e943ac372c396e222af38120c8f2d71b83c720165a834.jpg,ComplexDataLab/OpenFake,medium,0,0.9127486944198608
612aa162b72a7896cb41c6cda8313a9ae45dbcb5a22135ab9addcaa979f5e6a6,images/612aa162b72a7896cb41c6cda8313a9ae45dbcb5a22135ab9addcaa979f5e6a6.png,ComplexDataLab/OpenFake,medium,1,0.9619325399398804
614409660d7bc480a716ba5548b6514c7a9db5ffdd7e938e34dea6e007ff32cd,images/614409660d7bc480a716ba5548b6514c7a9db5ffdd7e938e34dea6e007ff32cd.jpg,ComplexDataLab/OpenFake,medium,0,0.5222145318984985
61505a6e89778e40bb1e6828f5fa9a2545b8406ca97fbf3e45e0b4c68f720b23,images/61505a6e89778e40bb1e6828f5fa9a2545b8406ca97fbf3e45e0b4c68f720b23.jpg,ComplexDataLab/OpenFake,medium,0,0.461137980222702
61d4ab018d80da20aff78137a9d4987c27fb9792d6c14d53fe9ec8778715051f,images/61d4ab018d80da20aff78137a9d4987c27fb9792d6c14d53fe9ec8778715051f.png,ComplexDataLab/OpenFake,medium,1,0.9227657914161682
62124b13e24ef0ddbafa7b0f65ecac525333daa5b0ebe4f6f2d13897e633c47e,images/62124b13e24ef0ddbafa7b0f65ecac525333daa5b0ebe4f6f2d13897e633c47e.png,ComplexDataLab/OpenFake,medium,1,0.9932447075843811
6240e55e9e4e580691a1c593729c39303aa984e723dc3ee7d2cb11b599ea5dc4,images/6240e55e9e4e580691a1c593729c39303aa984e723dc3ee7d2cb11b599ea5dc4.png,ComplexDataLab/OpenFake,medium,1,0.9892471432685852
62d34db299932bcc9cd3ac5aff116698e579e9468d711f5e2ba044b70d4577e1,images/62d34db299932bcc9cd3ac5aff116698e579e9468d711f5e2ba044b70d4577e1.png,ComplexDataLab/OpenFake,low,1,0.8931302428245544
62f6354648b188669ebabba50eb48c70fac940910db0c3db86ea32d61e7eb978,images/62f6354648b188669ebabba50eb48c70fac940910db0c3db86ea32d61e7eb978.png,ComplexDataLab/OpenFake,low,1,0.8580120801925659
6365d1822f2cba2cb9c8b2b1123aa42fd64cdd3c553ac87a2cab94cbb51b6470,images/6365d1822f2cba2cb9c8b2b1123aa42fd64cdd3c553ac87a2cab94cbb51b6470.png,ComplexDataLab/OpenFake,medium,1,0.8064250946044922
637e651b042584eb87d4b61bd7104b194b5c52d7e3684d34197e95b73cda54cf,images/637e651b042584eb87d4b61bd7104b194b5c52d7e3684d34197e95b73cda54cf.jpg,ComplexDataLab/OpenFake,low,0,0.22801059484481812
63e1abeeacdff9bb27a7246ca0d46680094b71ef2d3c810b83483d90b81ba421,images/63e1abeeacdff9bb27a7246ca0d46680094b71ef2d3c810b83483d90b81ba421.png,ComplexDataLab/OpenFake,medium,1,0.6585785150527954
644cb1e4bdf5e2b796cc40679a4540f428622b55c31dd4a30b706eab3a0bfa27,images/644cb1e4bdf5e2b796cc40679a4540f428622b55c31dd4a30b706eab3a0bfa27.jpg,ComplexDataLab/OpenFake,medium,0,0.00754837691783905
64c1e49318dbd47326d32114af2fd3a8c145a06cf18ce67a763027e17239db4e,images/64c1e49318dbd47326d32114af2fd3a8c145a06cf18ce67a763027e17239db4e.jpg,ComplexDataLab/OpenFake,medium,0,0.00010701044811867177
655179587453dbf9a4f3b7bd1772a599fa9727354a420be67b41b72790cab024,images/655179587453dbf9a4f3b7bd1772a599fa9727354a420be67b41b72790cab024.jpg,ComplexDataLab/OpenFake,medium,0,0.02852700650691986
65aec9aa0fa6f174f645b5f3cb80d651b1f323e862175b92f3efb564c00a4764,images/65aec9aa0fa6f174f645b5f3cb80d651b1f323e862175b92f3efb564c00a4764.jpg,ComplexDataLab/OpenFake,medium,0,0.8985382914543152
65b4bc7009465d98a62eebac022758cbb0e459618c64ad52b0e37efebb10f877,images/65b4bc7009465d98a62eebac022758cbb0e459618c64ad52b0e37efebb10f877.png,ComplexDataLab/OpenFake,medium,1,0.8713095188140869
65c12e6f65cba368dcecfc2a931c42980ade56a7018555ca9e1a3561be5cac6c,images/65c12e6f65cba368dcecfc2a931c42980ade56a7018555ca9e1a3561be5cac6c.jpg,ComplexDataLab/OpenFake,medium,0,0.40049314498901367
661465c0051cc2a32b7e0308728f2680b4bac2bc745cebc9ba670262d26d9684,images/661465c0051cc2a32b7e0308728f2680b4bac2bc745cebc9ba670262d26d9684.png,ComplexDataLab/OpenFake,low,1,0.979901909828186
661d168ccaf6ba46979ec6d2f28d667a56b700f0ca434210cb5eeee11e94723e,images/661d168ccaf6ba46979ec6d2f28d667a56b700f0ca434210cb5eeee11e94723e.png,ComplexDataLab/OpenFake,low,1,0.7964344024658203
66784fcab41816cbe9a87974b6f0a3f7cbea10ef5797201144498f03bd1acb93,images/66784fcab41816cbe9a87974b6f0a3f7cbea10ef5797201144498f03bd1acb93.png,ComplexDataLab/OpenFake,medium,1,0.6957513689994812
6684783d39370cad62e35792b5b8501a22969d42224f9803a88e849ece0969fc,images/6684783d39370cad62e35792b5b8501a22969d42224f9803a88e849ece0969fc.jpg,ComplexDataLab/OpenFake,medium,0,0.17314857244491577
6686802ad82bdcfe8836fcbf97be5304612ca655919f5bf4fec51ce98c8193c0,images/6686802ad82bdcfe8836fcbf97be5304612ca655919f5bf4fec51ce98c8193c0.png,ComplexDataLab/OpenFake,medium,1,0.9785112738609314
6688f2e87b7938130440b335d728330bd18901634606a831d07306ce6c11a7ca,images/6688f2e87b7938130440b335d728330bd18901634606a831d07306ce6c11a7ca.jpg,ComplexDataLab/OpenFake,medium,0,0.07950369268655777
66cdce476b5de3679465c6e8b9f6435f41e9cbc5a01d6ea5fb0e034d3eb4776b,images/66cdce476b5de3679465c6e8b9f6435f41e9cbc5a01d6ea5fb0e034d3eb4776b.jpg,ComplexDataLab/OpenFake,medium,0,0.2984626591205597
66ebf6d15a78cfa7574b15fbaf9098911e684929eb06f95692d39ef2138c9b5c,images/66ebf6d15a78cfa7574b15fbaf9098911e684929eb06f95692d39ef2138c9b5c.jpg,ComplexDataLab/OpenFake,low,0,0.9669732451438904
673a6e5cd26212a92e80c3e6b718005138ccb6f731bc10f1e00d7cd26410ce91,images/673a6e5cd26212a92e80c3e6b718005138ccb6f731bc10f1e00d7cd26410ce91.jpg,ComplexDataLab/OpenFake,low,0,6.51496957289055e-05
6768aaecbdbb990bcf9544f30e0b066769d630ef6e1242621762520c3eefafc8,images/6768aaecbdbb990bcf9544f30e0b066769d630ef6e1242621762520c3eefafc8.jpg,ComplexDataLab/OpenFake,medium,1,0.847773015499115
67bcae7cb7b01d98d49c5163eab96fa873c8ef30e7c0b3e509a0fb6f8c39dd90,images/67bcae7cb7b01d98d49c5163eab96fa873c8ef30e7c0b3e509a0fb6f8c39dd90.png,ComplexDataLab/OpenFake,high,1,0.9969586133956909
682718cebfe6e5533c3c32edda72d32bd2714930b5cf38c05fa5477592b833d7,images/682718cebfe6e5533c3c32edda72d32bd2714930b5cf38c05fa5477592b833d7.png,ComplexDataLab/OpenFake,medium,1,0.9710564613342285
68310eebd324d08d87dc199636a5b118312dc7d086696d0cc88a243a033bf437,images/68310eebd324d08d87dc199636a5b118312dc7d086696d0cc88a243a033bf437.png,ComplexDataLab/OpenFake,low,0,0.8965715765953064
68744dbcca42c640f20fca1d3e209eea8516e8796f6b1506f1107a3e745b3867,images/68744dbcca42c640f20fca1d3e209eea8516e8796f6b1506f1107a3e745b3867.jpg,ComplexDataLab/OpenFake,low,0,0.03231228142976761
68a3d31d164fc543cea2978b63173f0a26d29e9deb5749f138aeb4c15f8c25eb,images/68a3d31d164fc543cea2978b63173f0a26d29e9deb5749f138aeb4c15f8c25eb.jpg,ComplexDataLab/OpenFake,medium,0,0.0013748635537922382
68a81f61491f9612bd71c160b1625648045423e05b1efe53da14472a1931bc05,images/68a81f61491f9612bd71c160b1625648045423e05b1efe53da14472a1931bc05.jpg,ComplexDataLab/OpenFake,medium,0,0.08831015974283218
69c641c9511ac4273bae9542588a910deded38aca885f41b00b51305d1e08cb7,images/69c641c9511ac4273bae9542588a910deded38aca885f41b00b51305d1e08cb7.png,ComplexDataLab/OpenFake,medium,1,0.9516782760620117
69e079abad5f5170d7d23c699b174ab94212190dcb0d6d01e99403923520d3e3,images/69e079abad5f5170d7d23c699b174ab94212190dcb0d6d01e99403923520d3e3.png,ComplexDataLab/OpenFake,low,1,0.800220787525177
6a1447dd0b7267baa02f9f397f73de891cff8dfe44a1fae17356c9056d5c935d,images/6a1447dd0b7267baa02f9f397f73de891cff8dfe44a1fae17356c9056d5c935d.jpg,ComplexDataLab/OpenFake,low,0,0.951661229133606
6a60e18fca7f61f3043640451826a74cf3d838591fc8b1e8f16e0c018dc629ef,images/6a60e18fca7f61f3043640451826a74cf3d838591fc8b1e8f16e0c018dc629ef.png,ComplexDataLab/OpenFake,medium,1,0.4533096253871918
6b020f3bb6915f4dc9a2be68a4160df0c247a2a742643ce6ba616882b27eae35,images/6b020f3bb6915f4dc9a2be68a4160df0c247a2a742643ce6ba616882b27eae35.jpg,ComplexDataLab/OpenFake,low,0,0.04717130959033966
6b1a6da6ffa5d74df6ff0534735cd7c8fc584ed989ae0370ff9824fa2e27acb8,images/6b1a6da6ffa5d74df6ff0534735cd7c8fc584ed989ae0370ff9824fa2e27acb8.png,ComplexDataLab/OpenFake,medium,1,0.8699100613594055
6b8bacc9f94d462909208ca6cf017a8bceefaf5430341d7281b3d04aa3948bc2,images/6b8bacc9f94d462909208ca6cf017a8bceefaf5430341d7281b3d04aa3948bc2.jpg,ComplexDataLab/OpenFake,low,1,0.8732094764709473
6b93fd69341ce012a80c23320f635341df277026130a4323ef7b1a4b54b2a241,images/6b93fd69341ce012a80c23320f635341df277026130a4323ef7b1a4b54b2a241.jpg,ComplexDataLab/OpenFake,medium,0,0.06465157121419907
6ba601f562c0167929f36be1969e771119bdd80d6bd786616a52306da167ee87,images/6ba601f562c0167929f36be1969e771119bdd80d6bd786616a52306da167ee87.jpg,ComplexDataLab/OpenFake,medium,1,0.9381952285766602
6c1aa3919335fa9bbfcbe8366a2e716f31b726f6bb9115c5dd43d6396b271984,images/6c1aa3919335fa9bbfcbe8366a2e716f31b726f6bb9115c5dd43d6396b271984.jpg,ComplexDataLab/OpenFake,medium,0,0.10917584598064423
6c214f9227f769046bb878374ab6f349dd3c4d336a519d0a0b97988beb67422e,images/6c214f9227f769046bb878374ab6f349dd3c4d336a519d0a0b97988beb67422e.png,ComplexDataLab/OpenFake,medium,1,0.9915221929550171
6cb4850112a0aff78a8d8ddb5eed2e4a90ff6477a4b99792bebef518295f0e02,images/6cb4850112a0aff78a8d8ddb5eed2e4a90ff6477a4b99792bebef518295f0e02.jpg,ComplexDataLab/OpenFake,low,0,0.7935730218887329
6cbf056d63b08ec45e64ba7bdfe787d9340586fb91a0a2c12299d7b416009e90,images/6cbf056d63b08ec45e64ba7bdfe787d9340586fb91a0a2c12299d7b416009e90.jpg,ComplexDataLab/OpenFake,medium,0,0.011033080518245697
6d3f50e988c6f57b936f67737f72fcbafc1f74973178ba11f5a8573cc3b628e0,images/6d3f50e988c6f57b936f67737f72fcbafc1f74973178ba11f5a8573cc3b628e0.jpg,ComplexDataLab/OpenFake,low,0,0.8433245420455933
6d490936989a28fff2930ebc5ea5f8ff2bb02a8c0c61fff1e591037a01f6cb8c,images/6d490936989a28fff2930ebc5ea5f8ff2bb02a8c0c61fff1e591037a01f6cb8c.jpg,ComplexDataLab/OpenFake,medium,0,0.1992965191602707
6dd977ad5e664d3eeee021fa2e5daa9ff5cd24df75dcf709c66633194c70df48,images/6dd977ad5e664d3eeee021fa2e5daa9ff5cd24df75dcf709c66633194c70df48.jpg,ComplexDataLab/OpenFake,medium,0,0.2553609311580658
6dee5a0541187e17e1b2c80edac69c9deb3da97c1b7e1e7a44d089a9a8498491,images/6dee5a0541187e17e1b2c80edac69c9deb3da97c1b7e1e7a44d089a9a8498491.png,ComplexDataLab/OpenFake,medium,1,0.966405987739563
6e12a0b8df430ef97a2ba87be70490e13adcd0aeb114a2355068e1629bef1d7a,images/6e12a0b8df430ef97a2ba87be70490e13adcd0aeb114a2355068e1629bef1d7a.png,ComplexDataLab/OpenFake,low,1,0.22228285670280457
6e994ab59887bdd227ec307832c32f565d4df693a61b83654395d455ff682dc9,images/6e994ab59887bdd227ec307832c32f565d4df693a61b83654395d455ff682dc9.jpg,ComplexDataLab/OpenFake,medium,1,0.7596787214279175
6edf3ff0f54eedc0717a1ada4e2023e6ed169b37f21dd36787bad5df102ad49b,images/6edf3ff0f54eedc0717a1ada4e2023e6ed169b37f21dd36787bad5df102ad49b.jpg,ComplexDataLab/OpenFake,medium,0,0.25010931491851807
6efe31afb087b7a213ea48b5baaa1b278b499d75ad9ce3fb6a64ba98055484c9,images/6efe31afb087b7a213ea48b5baaa1b278b499d75ad9ce3fb6a64ba98055484c9.png,ComplexDataLab/OpenFake,low,1,0.9938706159591675
6f2b511fb82c458f812576cfa1bd987f9dfe998b2881d634c918e95176caa95a,images/6f2b511fb82c458f812576cfa1bd987f9dfe998b2881d634c918e95176caa95a.jpg,ComplexDataLab/OpenFake,low,0,0.10098584741353989
6f749dd6cfba1f5d6a218179311622493a468c60ef1ff8337b0fc783f9c397d5,images/6f749dd6cfba1f5d6a218179311622493a468c60ef1ff8337b0fc783f9c397d5.jpg,ComplexDataLab/OpenFake,low,1,0.975909411907196
6f80ce0f10889d499c1c0de0695b53d95d2bfb61143b1ed92824dfe02a66156b,images/6f80ce0f10889d499c1c0de0695b53d95d2bfb61143b1ed92824dfe02a66156b.png,ComplexDataLab/OpenFake,medium,1,0.9987142086029053
6f871c3c64e0f4f05d4c6991d148b365348e5d7b1229f58087c38e4a2e6322fa,images/6f871c3c64e0f4f05d4c6991d148b365348e5d7b1229f58087c38e4a2e6322fa.png,ComplexDataLab/OpenFake,medium,1,0.8663666248321533
6f92dede2a7387c227c02727d114874f88763cc8389ecc60cdface70aa258bd6,images/6f92dede2a7387c227c02727d114874f88763cc8389ecc60cdface70aa258bd6.png,ComplexDataLab/OpenFake,medium,1,0.9994351267814636
6fd28a5382295822b7458b012d390e2378edf60cb4db5163550e4892c24db641,images/6fd28a5382295822b7458b012d390e2378edf60cb4db5163550e4892c24db641.jpg,ComplexDataLab/OpenFake,medium,0,0.2789273262023926
7004758cf10d44a3b406b1533382775a99f47d5f87e87646dbf72190ac7ccbbd,images/7004758cf10d44a3b406b1533382775a99f47d5f87e87646dbf72190ac7ccbbd.png,ComplexDataLab/OpenFake,low,0,0.8460565805435181
70079649bb5e67374a9504c7666249903f9ccd2b8088b8c6768dcbcda5553c6e,images/70079649bb5e67374a9504c7666249903f9ccd2b8088b8c6768dcbcda5553c6e.jpg,ComplexDataLab/OpenFake,medium,0,0.6578634977340698
70210097a9375d45c49262416ca86f599677b5ff7d1ee47a9acb85d9d552f9e5,images/70210097a9375d45c49262416ca86f599677b5ff7d1ee47a9acb85d9d552f9e5.jpg,ComplexDataLab/OpenFake,low,0,0.37065038084983826
704c761b4ff6595e24387a4a06ed42512208793e84682efe20cf955a4aa12e37,images/704c761b4ff6595e24387a4a06ed42512208793e84682efe20cf955a4aa12e37.png,ComplexDataLab/OpenFake,medium,1,0.8766413331031799
705d9ea6b21a5061464aca3d81d2c3bca975ceaa042565eba5bd86c5ea1aafbc,images/705d9ea6b21a5061464aca3d81d2c3bca975ceaa042565eba5bd86c5ea1aafbc.jpg,ComplexDataLab/OpenFake,medium,0,0.3302476704120636
70a64e55cdc0c88d17d39d05263a38188dc0c601db04346c480f9f1c40d9406d,images/70a64e55cdc0c88d17d39d05263a38188dc0c601db04346c480f9f1c40d9406d.png,ComplexDataLab/OpenFake,medium,1,0.908083975315094
70b7f8eaffc28921e961fcd17c4950ce4b44910393e26d68b4ebaa16d3dae069,images/70b7f8eaffc28921e961fcd17c4950ce4b44910393e26d68b4ebaa16d3dae069.png,ComplexDataLab/OpenFake,medium,1,0.998272180557251
7141da06945d58660ab8e5bae63a5dc98127f05aa881f070171dd34bd132d834,images/7141da06945d58660ab8e5bae63a5dc98127f05aa881f070171dd34bd132d834.jpg,ComplexDataLab/OpenFake,medium,1,0.12680818140506744
7155486bc956d86ec08291b1d5fd412b37bdc9bb7812eeb04e7f040383f855e9,images/7155486bc956d86ec08291b1d5fd412b37bdc9bb7812eeb04e7f040383f855e9.png,ComplexDataLab/OpenFake,low,1,0.8864231705665588
71a1d5308b5f77a3fa38e7399411f7a1d26939a2066888c3e85ce5bd90610f94,images/71a1d5308b5f77a3fa38e7399411f7a1d26939a2066888c3e85ce5bd90610f94.jpg,ComplexDataLab/OpenFake,medium,0,0.8024352788925171
71b3e0fb2143150992de2e41112f6e2e28ec28a1f60c5492bddc3fa36004088c,images/71b3e0fb2143150992de2e41112f6e2e28ec28a1f60c5492bddc3fa36004088c.jpg,ComplexDataLab/OpenFake,medium,0,0.1881559193134308
71bc95f877b9586d8d8d92c9f7db77424b595c4c5110d4a53ad0fb8cda601144,images/71bc95f877b9586d8d8d92c9f7db77424b595c4c5110d4a53ad0fb8cda601144.jpg,ComplexDataLab/OpenFake,low,1,0.03544895723462105
725d45040546098cb0c130fe43a9411979efad6dcb8b864732761f97e4dd40e3,images/725d45040546098cb0c130fe43a9411979efad6dcb8b864732761f97e4dd40e3.jpg,ComplexDataLab/OpenFake,medium,0,0.16190527379512787
72730d105c3c7013c8f2f058afe5f6883aa8b61c5d654f5616688c77a56c5514,images/72730d105c3c7013c8f2f058afe5f6883aa8b61c5d654f5616688c77a56c5514.png,ComplexDataLab/OpenFake,medium,1,0.9611151218414307
72dcf37742f15e59380689af91c0dc2b04db0cd3c4d7d548eb743a5ee03a4916,images/72dcf37742f15e59380689af91c0dc2b04db0cd3c4d7d548eb743a5ee03a4916.jpg,ComplexDataLab/OpenFake,low,0,0.0014644376933574677
732a9f7422f09fe4103246c4f4ddceb70ed2c1dd835b3e78a844e7c511327b75,images/732a9f7422f09fe4103246c4f4ddceb70ed2c1dd835b3e78a844e7c511327b75.png,ComplexDataLab/OpenFake,low,1,0.9951666593551636
73627aa8f931e00a4934ade6dd22e8c37b477febfe14302eff30a92899bf9654,images/73627aa8f931e00a4934ade6dd22e8c37b477febfe14302eff30a92899bf9654.webp,ComplexDataLab/OpenFake,medium,1,0.06650950759649277
736a5a2bfa29ad16a361af483deeadc73b9a714af7a411ed90fc331826aae432,images/736a5a2bfa29ad16a361af483deeadc73b9a714af7a411ed90fc331826aae432.png,ComplexDataLab/OpenFake,low,1,0.7924139499664307
7373a545a7d4299bbaba9a8bfb71f8ec36c0ea58cde0b16b55bc12da62c15122,images/7373a545a7d4299bbaba9a8bfb71f8ec36c0ea58cde0b16b55bc12da62c15122.png,ComplexDataLab/OpenFake,medium,1,0.38162341713905334
73f01f5a02da5c17587120f293537d7360da207f3e7e717184b4bddeb4a9eca7,images/73f01f5a02da5c17587120f293537d7360da207f3e7e717184b4bddeb4a9eca7.png,ComplexDataLab/OpenFake,low,1,0.961236834526062
74125b0e5af4ec68a88f987573f0fdfa2d067556c010d33d3601cb79247327d0,images/74125b0e5af4ec68a88f987573f0fdfa2d067556c010d33d3601cb79247327d0.png,ComplexDataLab/OpenFake,medium,1,0.9493308067321777
74339d444392b3c1245f996a14d340b4b4afcdd6e1a751759ec6e61fd16e4f44,images/74339d444392b3c1245f996a14d340b4b4afcdd6e1a751759ec6e61fd16e4f44.png,ComplexDataLab/OpenFake,low,1,0.9999220371246338
750b1786b6d55bdb8600aff43d0e793bf73a833005b8313b7ab446d11907d797,images/750b1786b6d55bdb8600aff43d0e793bf73a833005b8313b7ab446d11907d797.png,ComplexDataLab/OpenFake,medium,1,0.9976422190666199
750da4c4929cf25c6150baaed9856cd871a3ada180c5f8148677037b61c9e32a,images/750da4c4929cf25c6150baaed9856cd871a3ada180c5f8148677037b61c9e32a.jpg,ComplexDataLab/OpenFake,medium,0,0.3417275547981262
752314720c1eed19fd95ce1e0b4a6232295985587782ecd2ba1bff58326b2f3b,images/752314720c1eed19fd95ce1e0b4a6232295985587782ecd2ba1bff58326b2f3b.png,ComplexDataLab/OpenFake,medium,1,0.7404829263687134
7529ebe99e8724293170a85bbf2c805d8a5b3421be0818e5f79a16d0d7bef0c9,images/7529ebe99e8724293170a85bbf2c805d8a5b3421be0818e5f79a16d0d7bef0c9.png,ComplexDataLab/OpenFake,medium,1,0.9947525262832642
754ec0479e61d701421b63a5d9beeba1f574c8b750d29f6c036672e406afbd50,images/754ec0479e61d701421b63a5d9beeba1f574c8b750d29f6c036672e406afbd50.jpg,ComplexDataLab/OpenFake,medium,0,0.001040444360114634
755da03f844bcfc466e159fafbb9fc301cf1951ab6799f4267c98528adf96e58,images/755da03f844bcfc466e159fafbb9fc301cf1951ab6799f4267c98528adf96e58.png,ComplexDataLab/OpenFake,medium,1,0.7498739957809448
7599d0f0117a5a947de5d92d6c81a53938547a978ccd10db8330ed13cbbd72c6,images/7599d0f0117a5a947de5d92d6c81a53938547a978ccd10db8330ed13cbbd72c6.jpg,ComplexDataLab/OpenFake,low,0,0.5702083706855774
75e47b4cd903f2d21bc96f1252b319dbc004b8351fa9a12232c5b8661e922e4d,images/75e47b4cd903f2d21bc96f1252b319dbc004b8351fa9a12232c5b8661e922e4d.jpg,ComplexDataLab/OpenFake,medium,0,8.505563164362684e-05
75f2e76e96ed27918f7ff5c684eab249a518a3c318719f2e87846f50f67efc1b,images/75f2e76e96ed27918f7ff5c684eab249a518a3c318719f2e87846f50f67efc1b.png,ComplexDataLab/OpenFake,low,1,0.9580610394477844
764cf27cf7e0364dea1f13bc9a0118631c626d3e89f231089feb64499c935d70,images/764cf27cf7e0364dea1f13bc9a0118631c626d3e89f231089feb64499c935d70.png,ComplexDataLab/OpenFake,low,1,0.9927077889442444
76c0b98017d4b95168d43bf25b750911a71fe057aa89ef8cc92744065aaee63e,images/76c0b98017d4b95168d43bf25b750911a71fe057aa89ef8cc92744065aaee63e.jpg,ComplexDataLab/OpenFake,low,0,0.6646935343742371
77177c991b13748ef87eafd59f19805f8f98d09145505b3619f561d84d0260d2,images/77177c991b13748ef87eafd59f19805f8f98d09145505b3619f561d84d0260d2.jpg,ComplexDataLab/OpenFake,medium,1,0.024501755833625793
771ff579728a7325e192f87ca59b18a72f89a938648015fbc10497a96c8798da,images/771ff579728a7325e192f87ca59b18a72f89a938648015fbc10497a96c8798da.jpg,ComplexDataLab/OpenFake,medium,0,0.5862001776695251
7733241418bbda447c258037ed5182ec9ad4cd43855edfbe379ba14f6851dbed,images/7733241418bbda447c258037ed5182ec9ad4cd43855edfbe379ba14f6851dbed.jpg,ComplexDataLab/OpenFake,medium,0,0.022723983973264694
7745ce3263d1c611692552f719756afe6dfdeab87903c80a8dfdd124e400fd4b,images/7745ce3263d1c611692552f719756afe6dfdeab87903c80a8dfdd124e400fd4b.png,ComplexDataLab/OpenFake,medium,1,0.8120721578598022
775391a468799350ecdeb4a0e60af47ec93609b2f3bd12e8081249e4e23cce15,images/775391a468799350ecdeb4a0e60af47ec93609b2f3bd12e8081249e4e23cce15.png,ComplexDataLab/OpenFake,medium,1,0.8055062294006348
77634dd74b9242a22810fbeedb46f528ccbdfc345bd66d8cfeb7e7103eca3c04,images/77634dd74b9242a22810fbeedb46f528ccbdfc345bd66d8cfeb7e7103eca3c04.png,ComplexDataLab/OpenFake,medium,1,0.7273733615875244
779a5d7156c1e3876e6e68fa5b19035b333609c9209c6313d04382421807926b,images/779a5d7156c1e3876e6e68fa5b19035b333609c9209c6313d04382421807926b.jpg,ComplexDataLab/OpenFake,medium,0,0.00010373286932008341
77af1aec3ee0f841c61b080be270d518a68fb78a1dd14cd2d32bae7962484cb8,images/77af1aec3ee0f841c61b080be270d518a68fb78a1dd14cd2d32bae7962484cb8.png,ComplexDataLab/OpenFake,low,1,0.998275637626648
77e7efed817f521642a7b2856c4714fa37a4da37094f6a530a007bf1bb167fa8,images/77e7efed817f521642a7b2856c4714fa37a4da37094f6a530a007bf1bb167fa8.jpg,ComplexDataLab/OpenFake,medium,0,0.6210206747055054
78255a63ffa6df6f53b149b2ad2630c331cd9becd311372ffaa26086d5cc3cb1,images/78255a63ffa6df6f53b149b2ad2630c331cd9becd311372ffaa26086d5cc3cb1.jpg,ComplexDataLab/OpenFake,medium,0,0.0012926174094900489
7870a49e2d9a6d30946984447b8358b87db072268ae95fea528d2c8403139c8a,images/7870a49e2d9a6d30946984447b8358b87db072268ae95fea528d2c8403139c8a.jpg,ComplexDataLab/OpenFake,high,0,0.09829438477754593
78a2deef48bb0d458b7ab27ef4a4e10ac87efdec6752b4ac709b80a6bb115e88,images/78a2deef48bb0d458b7ab27ef4a4e10ac87efdec6752b4ac709b80a6bb115e88.jpg,ComplexDataLab/OpenFake,low,1,0.07127539813518524
78b3daf075af0c606ea9808912abcb54558b427ebc212d72efc7c62b69b6936f,images/78b3daf075af0c606ea9808912abcb54558b427ebc212d72efc7c62b69b6936f.jpg,ComplexDataLab/OpenFake,low,0,0.32637864351272583
78c9f37a9432bf04aae6b181735b22ce30c105bcf6c516363135cb582a81a9c6,images/78c9f37a9432bf04aae6b181735b22ce30c105bcf6c516363135cb582a81a9c6.jpg,ComplexDataLab/OpenFake,low,1,0.9254740476608276
79d57f0594272c20faf2e9486549ceda03ad3ad2d2c346c5530ce3a8ca458aab,images/79d57f0594272c20faf2e9486549ceda03ad3ad2d2c346c5530ce3a8ca458aab.jpg,ComplexDataLab/OpenFake,medium,1,0.5388296246528625
7a1333dda46b7db2b2a86021863eb54aa43cdff46f7ea285be8c64f4593879c6,images/7a1333dda46b7db2b2a86021863eb54aa43cdff46f7ea285be8c64f4593879c6.jpg,ComplexDataLab/OpenFake,low,1,0.2049986571073532
7a23cc6241603203e26651f582ef143e66c9f34949d44c2ff3b7ef2c3de7ade2,images/7a23cc6241603203e26651f582ef143e66c9f34949d44c2ff3b7ef2c3de7ade2.jpg,ComplexDataLab/OpenFake,low,0,0.9190161228179932
7b2a1ca4a51a0c7fa61962c0d7b39ba61676a7ad961e44142f95938fb68915cc,images/7b2a1ca4a51a0c7fa61962c0d7b39ba61676a7ad961e44142f95938fb68915cc.webp,ComplexDataLab/OpenFake,low,1,0.26682084798812866
7b2e94deb04f83f71f95b75dc6559806e304cd2f1f1131cb5a43471ee50cc89f,images/7b2e94deb04f83f71f95b75dc6559806e304cd2f1f1131cb5a43471ee50cc89f.png,ComplexDataLab/OpenFake,medium,1,0.9868549108505249
7bae8debc599b64eed4a22ff8b36685a484af6c2b65da1bdc47de30f376e38a9,images/7bae8debc599b64eed4a22ff8b36685a484af6c2b65da1bdc47de30f376e38a9.png,ComplexDataLab/OpenFake,medium,1,0.9793319702148438
7bbfe3787ee35fcbd73d7d595f13c2c88dacf00d5783ec1402b3e5a7744e3e1b,images/7bbfe3787ee35fcbd73d7d595f13c2c88dacf00d5783ec1402b3e5a7744e3e1b.jpg,ComplexDataLab/OpenFake,medium,0,0.05716174840927124
7bc7f1ad8e58f6528d2328dfdef6f9aa2a518feba0b22b329ef7db37af120dca,images/7bc7f1ad8e58f6528d2328dfdef6f9aa2a518feba0b22b329ef7db37af120dca.jpg,ComplexDataLab/OpenFake,medium,0,0.6249752044677734
7bd10ce59dad8c908448c18374d8e51baa10a3902d81f69331bdcea4c0739685,images/7bd10ce59dad8c908448c18374d8e51baa10a3902d81f69331bdcea4c0739685.png,ComplexDataLab/OpenFake,medium,1,0.433134526014328
7be44606d8691c77cce1ccd0ec88b73779edc2169115112474b7108183f808f7,images/7be44606d8691c77cce1ccd0ec88b73779edc2169115112474b7108183f808f7.png,ComplexDataLab/OpenFake,medium,1,0.4582006633281708
7c1df858d60db21d5a65a704f607cd629326917ddda9f7be3e8e1a1f6ec4f891,images/7c1df858d60db21d5a65a704f607cd629326917ddda9f7be3e8e1a1f6ec4f891.png,ComplexDataLab/OpenFake,medium,1,0.9972978234291077
7c439c8883a6b87d25a46f0f53bd3a11bb0c0c1079d140eed77a59c1dc35007e,images/7c439c8883a6b87d25a46f0f53bd3a11bb0c0c1079d140eed77a59c1dc35007e.jpg,ComplexDataLab/OpenFake,low,0,1.3172240869607776e-05
7cb58bfe005df971be6b62bb2a38761ca607cdb86f9ac6572e3f811fffb07a48,images/7cb58bfe005df971be6b62bb2a38761ca607cdb86f9ac6572e3f811fffb07a48.jpg,ComplexDataLab/OpenFake,medium,0,0.9743170738220215
7d539ca34fb07213aec089352969435bcf2c3fde1cefc0e88320935f3522c1de,images/7d539ca34fb07213aec089352969435bcf2c3fde1cefc0e88320935f3522c1de.jpg,ComplexDataLab/OpenFake,medium,0,0.10692445933818817
7d58ceed40854a8e49084cf3315b7c6035f460b8076f04aa63a1b456cef56bae,images/7d58ceed40854a8e49084cf3315b7c6035f460b8076f04aa63a1b456cef56bae.jpg,ComplexDataLab/OpenFake,low,0,0.463943749666214
7daaf0cfc22ee675ad12a5913f4b534366643844ee8444940a7794b9f9a2d1e2,images/7daaf0cfc22ee675ad12a5913f4b534366643844ee8444940a7794b9f9a2d1e2.png,ComplexDataLab/OpenFake,medium,1,0.9206607937812805
7efd64a9ba8c43293943cdadae44dccab473b4866655ff8922e75c3fdf58e902,images/7efd64a9ba8c43293943cdadae44dccab473b4866655ff8922e75c3fdf58e902.jpg,ComplexDataLab/OpenFake,medium,0,0.003378300927579403
7fcd3a18f8174cad0fbd19a8bfcc58523e46b851ec1c978efb19da8a8d87c9cc,images/7fcd3a18f8174cad0fbd19a8bfcc58523e46b851ec1c978efb19da8a8d87c9cc.png,ComplexDataLab/OpenFake,medium,1,0.9909105896949768
7ffd63056f0e82552fbda165486cdf60a22c8f2cc14a5e094e8c09acb10a5191,images/7ffd63056f0e82552fbda165486cdf60a22c8f2cc14a5e094e8c09acb10a5191.jpg,ComplexDataLab/OpenFake,low,0,0.0070814392529428005
803bf6037d95c4ed63b4427aee2ebf451392513ec874433016ffa385d802c273,images/803bf6037d95c4ed63b4427aee2ebf451392513ec874433016ffa385d802c273.png,ComplexDataLab/OpenFake,medium,1,0.4883746802806854
80aef590889dd05272952938da51f2b0c8e312224071e41df0d56e695bb5f60f,images/80aef590889dd05272952938da51f2b0c8e312224071e41df0d56e695bb5f60f.png,ComplexDataLab/OpenFake,medium,1,0.9836212396621704
80bc1be5b506e09030db191d6ea8023f16e9d8301cdfa9ddee0514c755cb0d6b,images/80bc1be5b506e09030db191d6ea8023f16e9d8301cdfa9ddee0514c755cb0d6b.jpg,ComplexDataLab/OpenFake,medium,0,0.0026609061751514673
80d6fce62f398cc4ee6ec0f9941e47cced21ee9fd91feb3d2286ad196fe6e6b5,images/80d6fce62f398cc4ee6ec0f9941e47cced21ee9fd91feb3d2286ad196fe6e6b5.jpg,ComplexDataLab/OpenFake,low,0,0.5807145237922668
80f4a91593423faad6728c889e6778787e83a5516b60c52534aa8bd7c297d71f,images/80f4a91593423faad6728c889e6778787e83a5516b60c52534aa8bd7c297d71f.jpg,ComplexDataLab/OpenFake,medium,0,0.8046016693115234
816b3cebb6a491059bf8e50ade322f38f743b4773b93b53ee4c004490091cbf8,images/816b3cebb6a491059bf8e50ade322f38f743b4773b93b53ee4c004490091cbf8.png,ComplexDataLab/OpenFake,medium,1,0.998863697052002
818157956bce51fc625e1e2a14a0498ce847c54be5ceaa87a1e5ec25a9302778,images/818157956bce51fc625e1e2a14a0498ce847c54be5ceaa87a1e5ec25a9302778.png,ComplexDataLab/OpenFake,low,1,0.8391488790512085
819328e74e533b2ff2a064332edece4a25321da413343f1b540dd9861e134547,images/819328e74e533b2ff2a064332edece4a25321da413343f1b540dd9861e134547.png,ComplexDataLab/OpenFake,medium,1,0.9610192179679871
8199c70b3cc13ca4d209af3dbf0da1136a5d7de78dce8825244d5ddb9fa1a4e1,images/8199c70b3cc13ca4d209af3dbf0da1136a5d7de78dce8825244d5ddb9fa1a4e1.jpg,ComplexDataLab/OpenFake,low,1,0.8800714612007141
81d462e32a82ad4178326f0ef5f3fa8dd2fb94d9b49d31b37b44363582851041,images/81d462e32a82ad4178326f0ef5f3fa8dd2fb94d9b49d31b37b44363582851041.jpg,ComplexDataLab/OpenFake,medium,0,0.2250588983297348
81d76d5a2b632f8117d3bc0f230639c3f15b94aa033b970af50b36bc05313ed7,images/81d76d5a2b632f8117d3bc0f230639c3f15b94aa033b970af50b36bc05313ed7.jpg,ComplexDataLab/OpenFake,medium,0,0.14301708340644836
81dcabd031ac6b0c66347e0534932b6a089d97cf8576017de9f78da5af415a4a,images/81dcabd031ac6b0c66347e0534932b6a089d97cf8576017de9f78da5af415a4a.jpg,ComplexDataLab/OpenFake,medium,1,0.9460214972496033
820335e464877f98e27170e165ec5d39796d9d37d3753ddc976489cc0c7c2446,images/820335e464877f98e27170e165ec5d39796d9d37d3753ddc976489cc0c7c2446.png,ComplexDataLab/OpenFake,medium,1,0.6478859782218933
8208dccff55599c743f76312b3c50bf824042b7ce64effe6d00ead12c3983c60,images/8208dccff55599c743f76312b3c50bf824042b7ce64effe6d00ead12c3983c60.png,ComplexDataLab/OpenFake,medium,1,0.9993509650230408
8211131b32e111268c791220b3df34bf4b8b8d37f8d49adfcd13d6d00b238ba0,images/8211131b32e111268c791220b3df34bf4b8b8d37f8d49adfcd13d6d00b238ba0.jpg,ComplexDataLab/OpenFake,low,1,0.835517168045044
8218ccedcb96b84ca2bdbb635dfa9fce7866922d05af7540da94e59dc13a3424,images/8218ccedcb96b84ca2bdbb635dfa9fce7866922d05af7540da94e59dc13a3424.png,ComplexDataLab/OpenFake,low,1,0.9930675029754639
827ee92e7ce27bacc1c6f6c8949e1a1f02e84b9c8ffbb3468a1424ee1e35590f,images/827ee92e7ce27bacc1c6f6c8949e1a1f02e84b9c8ffbb3468a1424ee1e35590f.jpg,ComplexDataLab/OpenFake,low,0,0.07022759318351746
8293965e93a182c0651b81d3f1f2fb07e381e474f7d07ee82e6c8f1814d2665d,images/8293965e93a182c0651b81d3f1f2fb07e381e474f7d07ee82e6c8f1814d2665d.png,ComplexDataLab/OpenFake,medium,1,0.2888774275779724
82a16478f7e9029eafb4070e05b00a7736b0a51df61d0cfeba647dd7ca6185d8,images/82a16478f7e9029eafb4070e05b00a7736b0a51df61d0cfeba647dd7ca6185d8.png,ComplexDataLab/OpenFake,medium,1,0.9906766414642334
82d074c14e2a4af16f87ead60788e069678744a68ef2304b1d5d76afc7830827,images/82d074c14e2a4af16f87ead60788e069678744a68ef2304b1d5d76afc7830827.jpg,ComplexDataLab/OpenFake,medium,0,0.00018399533291812986
83120f13978d5fe0b75a183968ecfbcb50408ed49594952a3d19c99d823685e7,images/83120f13978d5fe0b75a183968ecfbcb50408ed49594952a3d19c99d823685e7.jpg,ComplexDataLab/OpenFake,medium,0,0.006403548177331686
834189c714dc796214d1b3bd63ceec1867f7304ca84b218755753000b93e4f77,images/834189c714dc796214d1b3bd63ceec1867f7304ca84b218755753000b93e4f77.jpg,ComplexDataLab/OpenFake,medium,0,0.18070805072784424
83970b7c7e3b6be97d3918c16378ff3dcb6699c5f018ae11f34cbccd2fb3ae1a,images/83970b7c7e3b6be97d3918c16378ff3dcb6699c5f018ae11f34cbccd2fb3ae1a.png,ComplexDataLab/OpenFake,medium,1,0.7362173795700073
83c6090227ecc040f66fcdde879beb070751817957ae5eb310bf714dff7efeaf,images/83c6090227ecc040f66fcdde879beb070751817957ae5eb310bf714dff7efeaf.jpg,ComplexDataLab/OpenFake,medium,1,0.9659950137138367
83f9bbe909f5f3d1dbf0551ada380b38573065c81c1868f75b3b308b3f3b94f2,images/83f9bbe909f5f3d1dbf0551ada380b38573065c81c1868f75b3b308b3f3b94f2.jpg,ComplexDataLab/OpenFake,medium,0,0.2588070034980774
841defef79d77595f2976b3b804e7db6d796739b29272bd1b0d5ed9aefe1f691,images/841defef79d77595f2976b3b804e7db6d796739b29272bd1b0d5ed9aefe1f691.png,ComplexDataLab/OpenFake,medium,1,0.70453941822052
845e4a1c989002592a9829fbba914785a5ae58f7827038f40e9779b72c2763cb,images/845e4a1c989002592a9829fbba914785a5ae58f7827038f40e9779b72c2763cb.jpg,ComplexDataLab/OpenFake,medium,1,0.8265526294708252
84c501d850e58048038b935535cf96972140c607fa7e2a102254d137485d586f,images/84c501d850e58048038b935535cf96972140c607fa7e2a102254d137485d586f.jpg,ComplexDataLab/OpenFake,medium,0,0.0005656233406625688
85c1f1f0149b22c2ba5df5734d10fca4a29a9666b3154d186fc744ac04ae4d86,images/85c1f1f0149b22c2ba5df5734d10fca4a29a9666b3154d186fc744ac04ae4d86.jpg,ComplexDataLab/OpenFake,low,0,0.007503898348659277
863dfebc0c197d795f45ab3ab8fdfb5d9fbe4214ecaedc36bb36f13d66ee1325,images/863dfebc0c197d795f45ab3ab8fdfb5d9fbe4214ecaedc36bb36f13d66ee1325.png,ComplexDataLab/OpenFake,low,1,0.8189486265182495
86cc3ef4f7e8dcae51817331dc79617653623e9195f1d9928067238701e25ab3,images/86cc3ef4f7e8dcae51817331dc79617653623e9195f1d9928067238701e25ab3.png,ComplexDataLab/OpenFake,medium,1,0.898351788520813
86d03c6e20a313e01528e27e3c2fc8172cf971dc0ae7254b20400386be707c6a,images/86d03c6e20a313e01528e27e3c2fc8172cf971dc0ae7254b20400386be707c6a.jpg,ComplexDataLab/OpenFake,medium,0,0.018242185935378075
86d318bdc43b536c5a6bf9df05ce9f2dbf4b4f3feb75a1c5327f10a0ca519759,images/86d318bdc43b536c5a6bf9df05ce9f2dbf4b4f3feb75a1c5327f10a0ca519759.jpg,ComplexDataLab/OpenFake,low,0,0.9808862805366516
86fd3f8d1212af2d7024f31dc60885f1022c545352f772f7513b037a5a5b5bba,images/86fd3f8d1212af2d7024f31dc60885f1022c545352f772f7513b037a5a5b5bba.png,ComplexDataLab/OpenFake,medium,1,0.9236763715744019
87131d9f1aef580f9be4a680b50a35c714870d70c168dd88c3295c18f52116c1,images/87131d9f1aef580f9be4a680b50a35c714870d70c168dd88c3295c18f52116c1.jpg,ComplexDataLab/OpenFake,low,1,0.0310998372733593
8753ac00ec3af899ef85a733c671dec6766d20eb7a0a137e2584a707e0784099,images/8753ac00ec3af899ef85a733c671dec6766d20eb7a0a137e2584a707e0784099.jpg,ComplexDataLab/OpenFake,medium,0,0.001923681702464819
87912cb2316fff39030011e7e63593dfaaf3955f8f663660a4d9e744b22acefb,images/87912cb2316fff39030011e7e63593dfaaf3955f8f663660a4d9e744b22acefb.png,ComplexDataLab/OpenFake,medium,1,0.9747914671897888
886743c3360f6933bf22930f24a0efdd183d11cf98d5e695848bb443abaa1b5c,images/886743c3360f6933bf22930f24a0efdd183d11cf98d5e695848bb443abaa1b5c.jpg,ComplexDataLab/OpenFake,medium,0,0.7403312921524048
887e459f049ac9edf296816a6404e9bb920d124ccf5311532b8ba157f799cd27,images/887e459f049ac9edf296816a6404e9bb920d124ccf5311532b8ba157f799cd27.jpg,ComplexDataLab/OpenFake,low,0,0.258312463760376
8899e3d311ef896f9f2c85da634c4d21eae01f028e124dfb0f89b57a1e648dae,images/8899e3d311ef896f9f2c85da634c4d21eae01f028e124dfb0f89b57a1e648dae.png,ComplexDataLab/OpenFake,medium,1,0.23395763337612152
889ce6748a2963be31a09762d85f679cd93deb290ebd3fc5d995fd1951f982af,images/889ce6748a2963be31a09762d85f679cd93deb290ebd3fc5d995fd1951f982af.jpg,ComplexDataLab/OpenFake,medium,0,0.0024029798805713654
88eef34fa418b57bb1c4f229659e2c0cff6af4e5a1068fe44521a587086df71b,images/88eef34fa418b57bb1c4f229659e2c0cff6af4e5a1068fe44521a587086df71b.png,ComplexDataLab/OpenFake,medium,1,0.9250970482826233
894a71b9a5b24603e0ee87f67f588e4af20123bb325e351d95723e2a7b5e290b,images/894a71b9a5b24603e0ee87f67f588e4af20123bb325e351d95723e2a7b5e290b.png,ComplexDataLab/OpenFake,medium,1,0.5569263696670532
898c8e364288097caeb6b92e0102d0d5a0ba580a0dabfc56eea19455de64d53d,images/898c8e364288097caeb6b92e0102d0d5a0ba580a0dabfc56eea19455de64d53d.png,ComplexDataLab/OpenFake,medium,1,0.8741393089294434
89ecdca5cda370713a982cebeef86ed645fef86146cf549500e82cdb46a820ce,images/89ecdca5cda370713a982cebeef86ed645fef86146cf549500e82cdb46a820ce.png,ComplexDataLab/OpenFake,medium,1,0.6583494544029236
89f121e79fa57ac2ba2cd3bafbc4ebe4bcdd05efd5010e92ee51bf313f1f91c9,images/89f121e79fa57ac2ba2cd3bafbc4ebe4bcdd05efd5010e92ee51bf313f1f91c9.jpg,ComplexDataLab/OpenFake,medium,0,0.0004994550836272538
8a2f6a5544a901909c58f9ce07a0e507948d6f3f0abc933378d63694ef1d6093,images/8a2f6a5544a901909c58f9ce07a0e507948d6f3f0abc933378d63694ef1d6093.png,ComplexDataLab/OpenFake,medium,1,0.9654297232627869
8a466f83f0762eb7a5e10eb330c5d4898423fafab282c5cb9a7743b29bc5265f,images/8a466f83f0762eb7a5e10eb330c5d4898423fafab282c5cb9a7743b29bc5265f.jpg,ComplexDataLab/OpenFake,medium,0,0.9302443861961365
8aa902cd64d05219e6961cba90ccee484b6d7cd24da5028d5e4c7c866c92ce3f,images/8aa902cd64d05219e6961cba90ccee484b6d7cd24da5028d5e4c7c866c92ce3f.png,ComplexDataLab/OpenFake,medium,1,0.6754131317138672
8ab8829cf8ce5558a93963aea140c7f0f664b6765982dac4e1163b60bad72575,images/8ab8829cf8ce5558a93963aea140c7f0f664b6765982dac4e1163b60bad72575.png,ComplexDataLab/OpenFake,low,1,0.9992770552635193
8abcd07238ba5fad9d21b1c837c6b379a1900ce069286876f67d3d4691e022ef,images/8abcd07238ba5fad9d21b1c837c6b379a1900ce069286876f67d3d4691e022ef.jpg,ComplexDataLab/OpenFake,medium,0,0.4703851640224457
8b05fc787cadcdc6e31000b13ef813ce3a424416f83d43415aca058e9ea5b1ae,images/8b05fc787cadcdc6e31000b13ef813ce3a424416f83d43415aca058e9ea5b1ae.png,ComplexDataLab/OpenFake,medium,1,0.10617022216320038
8b06006690d81d880f7345bbf7e757e24cba2ff7423e3875000946d7547d1156,images/8b06006690d81d880f7345bbf7e757e24cba2ff7423e3875000946d7547d1156.png,ComplexDataLab/OpenFake,low,1,0.9900111556053162
8b11bd3aa380bf37932c4ff8aab2754df1bc79f655c4fc256696c4facc7f9742,images/8b11bd3aa380bf37932c4ff8aab2754df1bc79f655c4fc256696c4facc7f9742.jpg,ComplexDataLab/OpenFake,medium,0,0.005135711282491684
8b2046668df6dfdac3c79f680f5603a2e33a83cc3f6186e9ef125ca41a57a9ed,images/8b2046668df6dfdac3c79f680f5603a2e33a83cc3f6186e9ef125ca41a57a9ed.png,ComplexDataLab/OpenFake,medium,1,0.9516283869743347
8b5673509b4d85fd61df1dea70ab1ab6275e68331def8d992597c69aee11f72f,images/8b5673509b4d85fd61df1dea70ab1ab6275e68331def8d992597c69aee11f72f.png,ComplexDataLab/OpenFake,medium,1,0.9318574666976929
8b970944ed4a2ce3fa81bbe8412842afdf8d958761deffa3a677a27d3f3244f6,images/8b970944ed4a2ce3fa81bbe8412842afdf8d958761deffa3a677a27d3f3244f6.jpg,ComplexDataLab/OpenFake,low,0,0.0006668631103821099
8bd6a4eff9cb694312151e3c86f733b062b4aa418b0474d206a3d0fcec4e03a8,images/8bd6a4eff9cb694312151e3c86f733b062b4aa418b0474d206a3d0fcec4e03a8.jpg,ComplexDataLab/OpenFake,medium,0,0.0274016335606575
8c30634aaf56be3cd37eb98c2b7b25414ab3c1717ba702d57f368a87dc0d19d0,images/8c30634aaf56be3cd37eb98c2b7b25414ab3c1717ba702d57f368a87dc0d19d0.jpg,ComplexDataLab/OpenFake,medium,0,0.7266422510147095
8c46404edb383e4b5810d558ea97e1986aabc9a997d6cfd2e114b2bc37bb81fa,images/8c46404edb383e4b5810d558ea97e1986aabc9a997d6cfd2e114b2bc37bb81fa.png,ComplexDataLab/OpenFake,medium,1,0.9939150214195251
8c96469c8686182648a0591e807111c83b84d2ec0d5f783847ab3101846477ba,images/8c96469c8686182648a0591e807111c83b84d2ec0d5f783847ab3101846477ba.jpg,ComplexDataLab/OpenFake,medium,0,0.2370944768190384
8cec0fcd557fc628ee8bdc6345b5af32038441c6c57ad75671c7fdca00473a35,images/8cec0fcd557fc628ee8bdc6345b5af32038441c6c57ad75671c7fdca00473a35.jpg,ComplexDataLab/OpenFake,low,0,0.0012059411965310574
8d2553bba786e4a0f17397ce4d277309784116001733b8c21c01d53451b83174,images/8d2553bba786e4a0f17397ce4d277309784116001733b8c21c01d53451b83174.jpg,ComplexDataLab/OpenFake,medium,0,0.12711188197135925
8d3a9914192603104e838d850657c65833487d027b54102bd52d654cae1c4ded,images/8d3a9914192603104e838d850657c65833487d027b54102bd52d654cae1c4ded.jpg,ComplexDataLab/OpenFake,medium,0,0.8300997018814087
8d7483b44fa902c26116bee7bbf9609bc6ad8a9426f1dd53a496a98c414cfd7a,images/8d7483b44fa902c26116bee7bbf9609bc6ad8a9426f1dd53a496a98c414cfd7a.png,ComplexDataLab/OpenFake,low,1,0.788201093673706
8dc7352baddd91fc8da3b1b5a1e4e21959be5956c08b59bd89e993dd0bdf5fb9,images/8dc7352baddd91fc8da3b1b5a1e4e21959be5956c08b59bd89e993dd0bdf5fb9.png,ComplexDataLab/OpenFake,medium,1,0.970472514629364
8dca478b49d56abe4d4cca9f6a20ac0d0dd662764e0f4f53138ce2266146fe05,images/8dca478b49d56abe4d4cca9f6a20ac0d0dd662764e0f4f53138ce2266146fe05.jpg,ComplexDataLab/OpenFake,low,0,0.01635070890188217
8dd50a995dfeba572247dd0dfc519aa15ef89a69ec7760470bdaecc6365fc2fa,images/8dd50a995dfeba572247dd0dfc519aa15ef89a69ec7760470bdaecc6365fc2fa.jpg,ComplexDataLab/OpenFake,low,0,0.0016722810687497258
8e7643e98ce55b195724e30158cc462610b43aa5a6cbc3c2ab600d0c1e0e0409,images/8e7643e98ce55b195724e30158cc462610b43aa5a6cbc3c2ab600d0c1e0e0409.jpg,ComplexDataLab/OpenFake,low,0,0.006468314677476883
8f15754acc7c3f30af9506ee77e15ce6332b48326184f709b776a35e44b192fb,images/8f15754acc7c3f30af9506ee77e15ce6332b48326184f709b776a35e44b192fb.jpg,ComplexDataLab/OpenFake,medium,0,0.22219567000865936
8f4f8bb8ec62dd4f7739249e09d58c24a1b226a8c73eb0812071f1f106500564,images/8f4f8bb8ec62dd4f7739249e09d58c24a1b226a8c73eb0812071f1f106500564.png,ComplexDataLab/OpenFake,low,1,0.9963082671165466
8f67b9f07fc26cc77a691ccc93e8321cfe4cbba1a5b5cdb84012778442dca290,images/8f67b9f07fc26cc77a691ccc93e8321cfe4cbba1a5b5cdb84012778442dca290.png,ComplexDataLab/OpenFake,low,1,0.9799726605415344
8fd4c0a6f6e5239c7441d781c04b994091573ffe6b4f3bf1a41ba25ea1dbed98,images/8fd4c0a6f6e5239c7441d781c04b994091573ffe6b4f3bf1a41ba25ea1dbed98.jpg,ComplexDataLab/OpenFake,medium,0,0.4249396026134491
8fdb8a69e61787bc4473bb661f7317e1df1111d20ce10eb4d4c00f41879f163e,images/8fdb8a69e61787bc4473bb661f7317e1df1111d20ce10eb4d4c00f41879f163e.jpg,ComplexDataLab/OpenFake,low,0,0.0005265892250463367
9015cb975e2013119fff3b4cf26892aaa823e82c405f20a2feb83b4bab4a41d8,images/9015cb975e2013119fff3b4cf26892aaa823e82c405f20a2feb83b4bab4a41d8.jpg,ComplexDataLab/OpenFake,medium,0,0.04213157668709755
901c7d9651dae882d07927af34b1f34aef604d16362316c559b455e4c79808eb,images/901c7d9651dae882d07927af34b1f34aef604d16362316c559b455e4c79808eb.png,ComplexDataLab/OpenFake,medium,1,0.9788023233413696
9039e6d87c2391243214a434aebb03446cbe21c8e52a380ca2d503f29b52da4c,images/9039e6d87c2391243214a434aebb03446cbe21c8e52a380ca2d503f29b52da4c.png,ComplexDataLab/OpenFake,medium,1,0.5790975689888
90a427d7395910b1b9d3d75cd8f1b29fef931f4c0cb0b15e488468557eb4cd8d,images/90a427d7395910b1b9d3d75cd8f1b29fef931f4c0cb0b15e488468557eb4cd8d.png,ComplexDataLab/OpenFake,low,1,0.9894193410873413
90c9d2f067e19a04449710778695c22399930adebb97e606e6f17a3b349e4dd8,images/90c9d2f067e19a04449710778695c22399930adebb97e606e6f17a3b349e4dd8.jpg,ComplexDataLab/OpenFake,medium,0,0.014498838223516941
913bca0b72c8df16ec83946a9ba7f0b51b3431d9a7e11c9b332320493da32549,images/913bca0b72c8df16ec83946a9ba7f0b51b3431d9a7e11c9b332320493da32549.jpg,ComplexDataLab/OpenFake,medium,0,0.001218784018419683
913f7197abf65aa7814498b7b717260c990ef4bff939635dc1eec02bf47cb806,images/913f7197abf65aa7814498b7b717260c990ef4bff939635dc1eec02bf47cb806.png,ComplexDataLab/OpenFake,medium,1,0.9012992978096008
914a862432741593303d71ef453add25c553be679392b937da38ffc0f4de6ea1,images/914a862432741593303d71ef453add25c553be679392b937da38ffc0f4de6ea1.jpg,ComplexDataLab/OpenFake,medium,1,0.709842324256897
914ae46c5a8844736e58531ee91106c2206f672ddb375853fc77402a6f15e251,images/914ae46c5a8844736e58531ee91106c2206f672ddb375853fc77402a6f15e251.jpg,ComplexDataLab/OpenFake,medium,1,0.3497009575366974
914c099ba3edf75f149700a189632a15905ec73f4045c8f17ddf53b25456b8b2,images/914c099ba3edf75f149700a189632a15905ec73f4045c8f17ddf53b25456b8b2.jpg,ComplexDataLab/OpenFake,low,0,0.002363804029300809
918533462284d1484a19406e72158016daa775eaee079e8ed681085b36b1793a,images/918533462284d1484a19406e72158016daa775eaee079e8ed681085b36b1793a.jpg,ComplexDataLab/OpenFake,low,0,6.709941226290539e-05
91c1f75d4d615bb6cbc79db0faa96aebb38dfb95dea9193a4745ed19c290cfbf,images/91c1f75d4d615bb6cbc79db0faa96aebb38dfb95dea9193a4745ed19c290cfbf.jpg,ComplexDataLab/OpenFake,medium,0,0.23465923964977264
931f14cd3f155a6873ee9ca9d5bac355637a5da03e3bc2b9d3f6ebd1ec6e598a,images/931f14cd3f155a6873ee9ca9d5bac355637a5da03e3bc2b9d3f6ebd1ec6e598a.jpg,ComplexDataLab/OpenFake,medium,0,0.1511860191822052
933f13343692fd4f9f3a1ed918282c4636e6c145884cf23991c9d52fccb34e3e,images/933f13343692fd4f9f3a1ed918282c4636e6c145884cf23991c9d52fccb34e3e.jpg,ComplexDataLab/OpenFake,medium,0,0.5343220233917236
934f49e84f630b17320dcf970e1f75f5eacf3d025df3d6e5500e1d8e2b96c628,images/934f49e84f630b17320dcf970e1f75f5eacf3d025df3d6e5500e1d8e2b96c628.jpg,ComplexDataLab/OpenFake,medium,0,0.0008845027186907828
9421a411041334eb3331318b463785d734aa7a0bf8854f393c01cc1f0fd840d0,images/9421a411041334eb3331318b463785d734aa7a0bf8854f393c01cc1f0fd840d0.jpg,ComplexDataLab/OpenFake,low,0,0.0009630334679968655
944510fe14c3fb117b82bd52ba7c2cde6ab697b152a72a8aff4aade60e42dd93,images/944510fe14c3fb117b82bd52ba7c2cde6ab697b152a72a8aff4aade60e42dd93.png,ComplexDataLab/OpenFake,medium,1,0.9864428043365479
946d54517c9f2b381a688c5b34fb9f7a54d42d24fe813a22511166d8694966c2,images/946d54517c9f2b381a688c5b34fb9f7a54d42d24fe813a22511166d8694966c2.jpg,ComplexDataLab/OpenFake,low,0,0.047825440764427185
94c4dbe3e28a4bfcc030e925b96a44cc22d4c6333267639ceb1f92cefc2efbee,images/94c4dbe3e28a4bfcc030e925b96a44cc22d4c6333267639ceb1f92cefc2efbee.jpg,ComplexDataLab/OpenFake,medium,0,0.7449733018875122
94cf25893ce19b4bc876372fe5fb38f9a989ca79be24d4aad83a71f1a4aee488,images/94cf25893ce19b4bc876372fe5fb38f9a989ca79be24d4aad83a71f1a4aee488.png,ComplexDataLab/OpenFake,medium,1,0.9714647531509399
94d1ac876d3d5a4a8a76c5e9896415030f690686706b265b51cb69c26f09666f,images/94d1ac876d3d5a4a8a76c5e9896415030f690686706b265b51cb69c26f09666f.png,ComplexDataLab/OpenFake,medium,1,0.7282518744468689
953f439302ecaa73821beafda31fea5c7b6ff7d050c5b69e2cf94160cd64f954,images/953f439302ecaa73821beafda31fea5c7b6ff7d050c5b69e2cf94160cd64f954.png,ComplexDataLab/OpenFake,low,1,0.7360811233520508
955206efaa84213da303d4b5c7aa36d0476622f5437b62a715ab6f5ab1d44703,images/955206efaa84213da303d4b5c7aa36d0476622f5437b62a715ab6f5ab1d44703.png,ComplexDataLab/OpenFake,low,1,0.615022599697113
95b7d2b3df85a02c1c5ec4b6d3cd33f17a01207f3989d7c204d6485276f16ce2,images/95b7d2b3df85a02c1c5ec4b6d3cd33f17a01207f3989d7c204d6485276f16ce2.jpg,ComplexDataLab/OpenFake,medium,0,0.07235337793827057
95e1eec2701911821dee35d753bc90cb4f4113db95edfa51e7c3af88d5307551,images/95e1eec2701911821dee35d753bc90cb4f4113db95edfa51e7c3af88d5307551.jpg,ComplexDataLab/OpenFake,medium,0,0.001914675929583609
96bd491ce52ccce8a17548a1efe8935cf74f3fa2a4ec2bdd531623c2273d09c8,images/96bd491ce52ccce8a17548a1efe8935cf74f3fa2a4ec2bdd531623c2273d09c8.jpg,ComplexDataLab/OpenFake,medium,0,0.006132257170975208
96f343fb64af446b91d96bf6de007e62ef3b673a03733fe3912f977d4930c95c,images/96f343fb64af446b91d96bf6de007e62ef3b673a03733fe3912f977d4930c95c.png,ComplexDataLab/OpenFake,medium,1,0.26658129692077637
97880207a828c05061182206be2d43e487b3c6c5ce3932bc61a7f6a6fd1d8fc2,images/97880207a828c05061182206be2d43e487b3c6c5ce3932bc61a7f6a6fd1d8fc2.png,ComplexDataLab/OpenFake,low,1,0.4441996216773987
97b19adae87d35a46634498f71e36430fc5b9aede73a39e0ee8deff47c2cc17b,images/97b19adae87d35a46634498f71e36430fc5b9aede73a39e0ee8deff47c2cc17b.png,ComplexDataLab/OpenFake,medium,1,0.9712356328964233
97e6e22bafe9755446212f2f359f40c83f988adb5367744f66ab6cd7eb898a6c,images/97e6e22bafe9755446212f2f359f40c83f988adb5367744f66ab6cd7eb898a6c.jpg,ComplexDataLab/OpenFake,low,0,0.5246415734291077
97fcad9be441462a1444eed808d4a42d6d9614e6b7b54ec0280bde75db40cc9b,images/97fcad9be441462a1444eed808d4a42d6d9614e6b7b54ec0280bde75db40cc9b.png,ComplexDataLab/OpenFake,medium,1,0.39635950326919556
9839d99fec2f61fba9f6a722bfcb8d86f58ee33d880695545fbf8830b245a8f0,images/9839d99fec2f61fba9f6a722bfcb8d86f58ee33d880695545fbf8830b245a8f0.jpg,ComplexDataLab/OpenFake,high,0,0.5159173011779785
986e86e24270819058fdb57748d6fbada5e360ba9ed7845b718321d0618f8098,images/986e86e24270819058fdb57748d6fbada5e360ba9ed7845b718321d0618f8098.jpg,ComplexDataLab/OpenFake,medium,0,0.014075507409870625
98ba608a2cb3adf6cfcb6e445b1dab49d29a0251df048977b610d1283bd27b77,images/98ba608a2cb3adf6cfcb6e445b1dab49d29a0251df048977b610d1283bd27b77.jpg,ComplexDataLab/OpenFake,medium,1,0.934565007686615
99051297d99f338745bd038dbae8d9d231b9e32af2ba1933cd5996e95bc5dba6,images/99051297d99f338745bd038dbae8d9d231b9e32af2ba1933cd5996e95bc5dba6.jpg,ComplexDataLab/OpenFake,low,1,0.22099560499191284
99a78cea6417dc24aa62d7faa24fcfafbf71e326dd1e4a0d1031cf8ec4762355,images/99a78cea6417dc24aa62d7faa24fcfafbf71e326dd1e4a0d1031cf8ec4762355.jpg,ComplexDataLab/OpenFake,medium,0,0.026452185586094856
99ac536e683c6fa45de67615276990b3a3ada5ee6257fa584e3f3c1c31611820,images/99ac536e683c6fa45de67615276990b3a3ada5ee6257fa584e3f3c1c31611820.png,ComplexDataLab/OpenFake,medium,1,0.6939816474914551
99c8994eb8fd6e2f55480d942f6fd79c2332494cbf7217578e2c0dd6ea895b56,images/99c8994eb8fd6e2f55480d942f6fd79c2332494cbf7217578e2c0dd6ea895b56.jpg,ComplexDataLab/OpenFake,medium,0,0.24923236668109894
9a3a7b82353dcd03ae467fa7beb4e41b0da82a8b89cd688e6823596aa5115816,images/9a3a7b82353dcd03ae467fa7beb4e41b0da82a8b89cd688e6823596aa5115816.jpg,ComplexDataLab/OpenFake,medium,0,0.8739068508148193
9a3f1005808b6c868311db28a561a7ca1ddd12cf164eaa3996166a0d896697e8,images/9a3f1005808b6c868311db28a561a7ca1ddd12cf164eaa3996166a0d896697e8.jpg,ComplexDataLab/OpenFake,medium,0,0.20046809315681458
9adf0f2b5735bd5f8b7e41dc1aee984edc6746eb0971ae78f2a842ae038a55ee,images/9adf0f2b5735bd5f8b7e41dc1aee984edc6746eb0971ae78f2a842ae038a55ee.png,ComplexDataLab/OpenFake,medium,1,0.9963304400444031
9b0d52e5196dbb89a18908c41e9cd09c160a17a0b011437080b15dfe66de3007,images/9b0d52e5196dbb89a18908c41e9cd09c160a17a0b011437080b15dfe66de3007.jpg,ComplexDataLab/OpenFake,low,1,0.9788985848426819
9b1413c1e9751d4c3b899f1af052e866eaa571a3e2e3e5aba8c273f0fd478496,images/9b1413c1e9751d4c3b899f1af052e866eaa571a3e2e3e5aba8c273f0fd478496.jpg,ComplexDataLab/OpenFake,medium,0,0.5201650261878967
9b5fcc055663f9275003cd8e4a2e344293b16f142ac5498c282626ef95e0ce64,images/9b5fcc055663f9275003cd8e4a2e344293b16f142ac5498c282626ef95e0ce64.jpg,ComplexDataLab/OpenFake,medium,0,0.8444692492485046
9b6361d82fe1f12556072048d7115bb2272a327fa7ebdbd11e34a482e3c592b8,images/9b6361d82fe1f12556072048d7115bb2272a327fa7ebdbd11e34a482e3c592b8.png,ComplexDataLab/OpenFake,medium,1,0.9902966618537903
9b9bfdb6464b0c6920554447ad3e40e4d5500c7a95e293f038fa12b881b03c50,images/9b9bfdb6464b0c6920554447ad3e40e4d5500c7a95e293f038fa12b881b03c50.jpg,ComplexDataLab/OpenFake,medium,0,0.0017633824609220028
9ba9b802eed2d7f31838b76cbd3e9662b1d6207e9031b92b37e544fb8d4d07e3,images/9ba9b802eed2d7f31838b76cbd3e9662b1d6207e9031b92b37e544fb8d4d07e3.jpg,ComplexDataLab/OpenFake,low,0,0.00011371351138222963
9c183f44a3274757cd3557b00ed53066f02ca2a8dc3b8bc762e371671eb2de16,images/9c183f44a3274757cd3557b00ed53066f02ca2a8dc3b8bc762e371671eb2de16.jpg,ComplexDataLab/OpenFake,medium,0,0.2746821641921997
9c27170db171a4999b58edb97fd221d26c846c2e7545199d68ea9f7c2627ef4b,images/9c27170db171a4999b58edb97fd221d26c846c2e7545199d68ea9f7c2627ef4b.png,ComplexDataLab/OpenFake,low,1,0.4076083302497864
9c35189ae1c07b7723077bde41659b2ac1b7f69258c359b9d353ca82830d2d25,images/9c35189ae1c07b7723077bde41659b2ac1b7f69258c359b9d353ca82830d2d25.png,ComplexDataLab/OpenFake,medium,1,0.9771084785461426
9c974147a30c419acecd2b4307805cbfcb327a5ea1b9e66f306d0d4d595cd633,images/9c974147a30c419acecd2b4307805cbfcb327a5ea1b9e66f306d0d4d595cd633.png,ComplexDataLab/OpenFake,medium,1,0.6646779775619507
9ca4608b503aedf5791c9b610a62748be6682e339e7dbfad2c4cce9dbdd657ac,images/9ca4608b503aedf5791c9b610a62748be6682e339e7dbfad2c4cce9dbdd657ac.jpg,ComplexDataLab/OpenFake,low,0,0.02848926931619644
9d2473dd296ef81337410aa553a8ab300198da0880b9039709bcb1ef7afcce36,images/9d2473dd296ef81337410aa553a8ab300198da0880b9039709bcb1ef7afcce36.png,ComplexDataLab/OpenFake,medium,1,0.8909503817558289
9db093c2e55dc12b91a61ad3d217c1c2b8bed609b731160420cba0c7b2c3d96c,images/9db093c2e55dc12b91a61ad3d217c1c2b8bed609b731160420cba0c7b2c3d96c.jpg,ComplexDataLab/OpenFake,medium,0,0.00977062527090311
9deaa756fe999c03ac6e38a399b0b74551203b90ca6c91085422afd46fdb5848,images/9deaa756fe999c03ac6e38a399b0b74551203b90ca6c91085422afd46fdb5848.jpg,ComplexDataLab/OpenFake,medium,0,0.24586984515190125
9e2cfe823e06b91cce174a57f1d22adcb448e3aebad6e6fc17a5785afc1fab28,images/9e2cfe823e06b91cce174a57f1d22adcb448e3aebad6e6fc17a5785afc1fab28.jpg,ComplexDataLab/OpenFake,medium,0,0.5899873971939087
9ea14f3807b50bd3c2addf836be92e8f185ea5aabf842bb363405a5cdf3deb43,images/9ea14f3807b50bd3c2addf836be92e8f185ea5aabf842bb363405a5cdf3deb43.jpg,ComplexDataLab/OpenFake,low,0,0.8089066743850708
9f97c23cac859e8a9ac23cc057fb145259c50dcfd4d4b77c5ec6fbffe0343429,images/9f97c23cac859e8a9ac23cc057fb145259c50dcfd4d4b77c5ec6fbffe0343429.jpg,ComplexDataLab/OpenFake,medium,0,6.084013875806704e-05
9fe32fdc3e3c34e5873d548c537d98eab28f0dad430766536afee65c793585f8,images/9fe32fdc3e3c34e5873d548c537d98eab28f0dad430766536afee65c793585f8.png,ComplexDataLab/OpenFake,medium,1,0.49841034412384033
a0b2e9a60b87b8b09ed643dd8c21814f45f73aec095f72f88cad0e338077d0c4,images/a0b2e9a60b87b8b09ed643dd8c21814f45f73aec095f72f88cad0e338077d0c4.png,ComplexDataLab/OpenFake,medium,1,0.9374642372131348
a1860559fe75c8c80ac4db69a2b5eb470ce1860acf15aeea4bc4b8b0d2212107,images/a1860559fe75c8c80ac4db69a2b5eb470ce1860acf15aeea4bc4b8b0d2212107.jpg,ComplexDataLab/OpenFake,medium,0,0.6501717567443848
a2068919ac054b2d5ca07f31abaa7d34316d4c0103296de9c5f636f263b60c17,images/a2068919ac054b2d5ca07f31abaa7d34316d4c0103296de9c5f636f263b60c17.png,ComplexDataLab/OpenFake,low,1,0.820203959941864
a232797add332691a5943af9cf1f3389fa8b66758113b4ef925d9b7f0c1da3da,images/a232797add332691a5943af9cf1f3389fa8b66758113b4ef925d9b7f0c1da3da.jpg,ComplexDataLab/OpenFake,medium,0,0.014096949249505997
a24002f8bc0c92108d006e0c3b8c1c7ca0891e2b3c8cf4ee3ee2ad3af20e2438,images/a24002f8bc0c92108d006e0c3b8c1c7ca0891e2b3c8cf4ee3ee2ad3af20e2438.png,ComplexDataLab/OpenFake,medium,1,0.9971555471420288
a26970d1851bd2a7db8b9d5999b93c5856378d3b75c54b34480a9a67eff13682,images/a26970d1851bd2a7db8b9d5999b93c5856378d3b75c54b34480a9a67eff13682.jpg,ComplexDataLab/OpenFake,low,0,0.15394797921180725
a2aee8abda8796864a14211e37e6e00d1a318ebb0c2427d59894827d049acb04,images/a2aee8abda8796864a14211e37e6e00d1a318ebb0c2427d59894827d049acb04.png,ComplexDataLab/OpenFake,medium,1,0.9888796806335449
a2c7603f7930ed3763a5a669e5bc540b291bedec59a7749fced8383f545d3abe,images/a2c7603f7930ed3763a5a669e5bc540b291bedec59a7749fced8383f545d3abe.jpg,ComplexDataLab/OpenFake,medium,0,1.895166133181192e-05
a2df70027902a05bf6a2260333cb23796db56ff66d095d440e7a0d78d2327e3b,images/a2df70027902a05bf6a2260333cb23796db56ff66d095d440e7a0d78d2327e3b.jpg,ComplexDataLab/OpenFake,medium,0,0.9270965456962585
a30dbf1ff0aff6be6b77d354824d067721399d93ea030879b0d321ee4ab0d081,images/a30dbf1ff0aff6be6b77d354824d067721399d93ea030879b0d321ee4ab0d081.jpg,ComplexDataLab/OpenFake,medium,0,0.23626917600631714
a30e54112556fd00846c892a583e5ce6586802f0c7a0150c0e21efadccb38cc4,images/a30e54112556fd00846c892a583e5ce6586802f0c7a0150c0e21efadccb38cc4.png,ComplexDataLab/OpenFake,medium,1,0.4556056559085846
a34772eea57dc36be07304b32b0595998285bc0fe647ebfcda0a7994c629a600,images/a34772eea57dc36be07304b32b0595998285bc0fe647ebfcda0a7994c629a600.png,ComplexDataLab/OpenFake,medium,1,0.9896005392074585
a3bbca22bae8f6b1738c81045c1cd2073ce4294fd6580a88c796f9f6b98dd395,images/a3bbca22bae8f6b1738c81045c1cd2073ce4294fd6580a88c796f9f6b98dd395.png,ComplexDataLab/OpenFake,medium,1,0.9993579983711243
a42f808877939f32ed5bf4c00408cb11f1d068151cbd30c6f5cde3864bd69b14,images/a42f808877939f32ed5bf4c00408cb11f1d068151cbd30c6f5cde3864bd69b14.jpg,ComplexDataLab/OpenFake,medium,0,0.020418932661414146
a54653d18d860f574bf25a7b6590db5617601f005620e2e1fd01f15d77fc80b4,images/a54653d18d860f574bf25a7b6590db5617601f005620e2e1fd01f15d77fc80b4.jpg,ComplexDataLab/OpenFake,medium,0,0.0018749769078567624
a54c3c60bbd22f760b376280ad4b0b093966ac7f27f5f60c707d99020ea3d81c,images/a54c3c60bbd22f760b376280ad4b0b093966ac7f27f5f60c707d99020ea3d81c.jpg,ComplexDataLab/OpenFake,medium,0,0.004020331427454948
a56b316efe35d7202f360488bfcb289010b1a5ef56b9438c96f87dea37c9de45,images/a56b316efe35d7202f360488bfcb289010b1a5ef56b9438c96f87dea37c9de45.png,ComplexDataLab/OpenFake,low,1,0.691596269607544
a56dda3f2c41c55ac80e9f9ce0172321f207e56896e1a5861d219e68ec6574d1,images/a56dda3f2c41c55ac80e9f9ce0172321f207e56896e1a5861d219e68ec6574d1.png,ComplexDataLab/OpenFake,medium,1,0.9771358966827393
a58cd4d42e9a3f2ed63c083b0e12ad0aaf501821d46393fe6a1cb981ead82361,images/a58cd4d42e9a3f2ed63c083b0e12ad0aaf501821d46393fe6a1cb981ead82361.jpg,ComplexDataLab/OpenFake,medium,0,0.29115864634513855
a5a17a2807b08d7682a4d8bb8be04d90f574516a3629a82ebc87f761d37095aa,images/a5a17a2807b08d7682a4d8bb8be04d90f574516a3629a82ebc87f761d37095aa.jpg,ComplexDataLab/OpenFake,low,0,0.8820542097091675
a62e5b2c5bd39f3184b596e644ccb891add30206de2a55161233113c1d97d4c7,images/a62e5b2c5bd39f3184b596e644ccb891add30206de2a55161233113c1d97d4c7.jpg,ComplexDataLab/OpenFake,medium,0,0.02010657638311386
a644353320ccebfe735ca7507dcfe5399a644339803846cfed85a13af39009bb,images/a644353320ccebfe735ca7507dcfe5399a644339803846cfed85a13af39009bb.jpg,ComplexDataLab/OpenFake,medium,0,0.0029591417405754328
a68da55ffe02afda500b5695d3a3a4ffd9e4f304dca4fb5679b52f36ae320618,images/a68da55ffe02afda500b5695d3a3a4ffd9e4f304dca4fb5679b52f36ae320618.png,ComplexDataLab/OpenFake,medium,1,0.47899916768074036
a6dfe42179857c5936b2db20ce3450e565db999581f181fc5ae5286ead8f9d55,images/a6dfe42179857c5936b2db20ce3450e565db999581f181fc5ae5286ead8f9d55.jpg,ComplexDataLab/OpenFake,medium,0,0.00048820607480593026
a700b20162e022a552f81c5d13a29d34a74dc06c1801b044bf43304f348afa2b,images/a700b20162e022a552f81c5d13a29d34a74dc06c1801b044bf43304f348afa2b.jpg,ComplexDataLab/OpenFake,medium,0,0.4161330759525299
a76077f4474996b5a3058477f22e35c7f14e52c62bcff843b0a399764776a3a8,images/a76077f4474996b5a3058477f22e35c7f14e52c62bcff843b0a399764776a3a8.png,ComplexDataLab/OpenFake,low,1,0.904420018196106
a7a1244583e789dfb4fedf56adfb1375791c9ed2addfb02125177de534c38c6a,images/a7a1244583e789dfb4fedf56adfb1375791c9ed2addfb02125177de534c38c6a.png,ComplexDataLab/OpenFake,medium,1,0.8190109133720398
a7f0ffe61c5beccef27634e4764d881496417ce29712969925336cdc4e47a7f6,images/a7f0ffe61c5beccef27634e4764d881496417ce29712969925336cdc4e47a7f6.jpg,ComplexDataLab/OpenFake,medium,0,0.006654041353613138
a7fc59057a322d10c7bdd331a0835e86fb785bae267c44cce7f721d09dbf89eb,images/a7fc59057a322d10c7bdd331a0835e86fb785bae267c44cce7f721d09dbf89eb.jpg,ComplexDataLab/OpenFake,low,1,0.06455522775650024
a828fd606565c96b84a22eb985498cb085861063f0f0e3960abb14c86ea1b42d,images/a828fd606565c96b84a22eb985498cb085861063f0f0e3960abb14c86ea1b42d.png,ComplexDataLab/OpenFake,low,1,0.9922366738319397
a893fd91b9be62d488a1bd290a6e41fda6dca8e2238c09a04eb07774948754ec,images/a893fd91b9be62d488a1bd290a6e41fda6dca8e2238c09a04eb07774948754ec.png,ComplexDataLab/OpenFake,medium,1,0.9856278896331787
a8956a5346936cd0769d1a17aa41ffa452fd4fce3003208e2857eb1f495a260a,images/a8956a5346936cd0769d1a17aa41ffa452fd4fce3003208e2857eb1f495a260a.jpg,ComplexDataLab/OpenFake,medium,0,0.016191421076655388
a897890a68519d43deb360bde55c49aaadd83107ffc7e2783d72f5c3b8d49b1d,images/a897890a68519d43deb360bde55c49aaadd83107ffc7e2783d72f5c3b8d49b1d.png,ComplexDataLab/OpenFake,medium,1,0.7132512331008911
a8a0c41691a1840784e54d8b5d75e41b4344b8dc02eefba608bb7497556e3c79,images/a8a0c41691a1840784e54d8b5d75e41b4344b8dc02eefba608bb7497556e3c79.jpg,ComplexDataLab/OpenFake,medium,0,0.011171919293701649
a8cf7be2641fe71f88f29b5c83880283001dea7233114fa3e6ac095240a8d536,images/a8cf7be2641fe71f88f29b5c83880283001dea7233114fa3e6ac095240a8d536.jpg,ComplexDataLab/OpenFake,medium,0,0.7981281876564026
a8e8f89f24a5fbd3e19f21a933848c30ede18e17201a04f46f4f010d36ecdced,images/a8e8f89f24a5fbd3e19f21a933848c30ede18e17201a04f46f4f010d36ecdced.jpg,ComplexDataLab/OpenFake,low,0,0.44991663098335266
a94d1e9d4d91af69e100dd5cfb2edf6c245d53a0f0c6e26ce6806028047aeae2,images/a94d1e9d4d91af69e100dd5cfb2edf6c245d53a0f0c6e26ce6806028047aeae2.jpg,ComplexDataLab/OpenFake,low,1,0.022913238033652306
a988a181761dbb518f36eade7235514f30ccad851bce02348d32799419b5ffad,images/a988a181761dbb518f36eade7235514f30ccad851bce02348d32799419b5ffad.png,ComplexDataLab/OpenFake,medium,1,0.11931868642568588
a9becb885763732c1d5938e4b43e5ba7ca494d3ca6a0d75729f7791c4a9a060e,images/a9becb885763732c1d5938e4b43e5ba7ca494d3ca6a0d75729f7791c4a9a060e.jpg,ComplexDataLab/OpenFake,medium,0,0.4840683341026306
a9c38230e5b3517ac74b8e2cb249d6e6f0e78373743bd3b2b09d0fc0a0a5d868,images/a9c38230e5b3517ac74b8e2cb249d6e6f0e78373743bd3b2b09d0fc0a0a5d868.jpg,ComplexDataLab/OpenFake,low,0,0.92274010181427
a9ce74cefdd2a2f4e7c8376cba09456b88735831bc8ae4dd9b0c71b73fcac432,images/a9ce74cefdd2a2f4e7c8376cba09456b88735831bc8ae4dd9b0c71b73fcac432.png,ComplexDataLab/OpenFake,medium,1,0.11183931678533554
aa0a079e62900c61cd0e7406339ae6459e4fdb4303a208fd577e75c88fe8405d,images/aa0a079e62900c61cd0e7406339ae6459e4fdb4303a208fd577e75c88fe8405d.jpg,ComplexDataLab/OpenFake,medium,0,0.0031933817081153393
aaa78c2f9b2e06b915e94acf01c25a1e75d7d69b109eb13bee262302757a8a81,images/aaa78c2f9b2e06b915e94acf01c25a1e75d7d69b109eb13bee262302757a8a81.webp,ComplexDataLab/OpenFake,medium,1,0.8370400667190552
aac36c7b5a4d0d8ca525f7aef4b6e58bc1e27cc6b76124df78cb685bc80fb355,images/aac36c7b5a4d0d8ca525f7aef4b6e58bc1e27cc6b76124df78cb685bc80fb355.png,ComplexDataLab/OpenFake,medium,1,0.5383643507957458
aafff8b7daa172abe264327d4c129732fd4a4fcf98d566fd8f27bea61cdea30d,images/aafff8b7daa172abe264327d4c129732fd4a4fcf98d566fd8f27bea61cdea30d.png,ComplexDataLab/OpenFake,medium,1,0.9989894032478333
ab23ad0ada7ac2459f40fcec3392d395ec3652c471f98ef1b1cdd40b74035e7e,images/ab23ad0ada7ac2459f40fcec3392d395ec3652c471f98ef1b1cdd40b74035e7e.jpg,ComplexDataLab/OpenFake,low,0,0.4289895296096802
ab2bdd5044f03f998261a135b62fe176371819876566f03916da85e6cbe3517c,images/ab2bdd5044f03f998261a135b62fe176371819876566f03916da85e6cbe3517c.png,ComplexDataLab/OpenFake,medium,1,0.22427372634410858
ab3280b08d474b9d64bf188064e5553545fbd93904c082ea6ccc3ca6ef2f319b,images/ab3280b08d474b9d64bf188064e5553545fbd93904c082ea6ccc3ca6ef2f319b.jpg,ComplexDataLab/OpenFake,medium,1,0.39704322814941406
ab9c4619643a3079281aeec8e4a699d5f9a500dd0291d2b2d335718213344bcb,images/ab9c4619643a3079281aeec8e4a699d5f9a500dd0291d2b2d335718213344bcb.jpg,ComplexDataLab/OpenFake,medium,0,0.0007475904421880841
ac464abb6b3a28436d73b4ec81b207d96a06e4a98535297862272b3617ea1380,images/ac464abb6b3a28436d73b4ec81b207d96a06e4a98535297862272b3617ea1380.png,ComplexDataLab/OpenFake,low,1,0.9871373176574707
ac4f8f9e6e90f1eef921fbaf594e05f85caa9b0f423de88989498507b4a5a12b,images/ac4f8f9e6e90f1eef921fbaf594e05f85caa9b0f423de88989498507b4a5a12b.png,ComplexDataLab/OpenFake,low,1,0.9974324107170105
ac68d5be6a7ae33005e523236dd668a747112068d2e22fae097e61f96849538f,images/ac68d5be6a7ae33005e523236dd668a747112068d2e22fae097e61f96849538f.png,ComplexDataLab/OpenFake,low,1,0.9576637744903564
ac89f8ff6b82e2b31a0088bf37e07de09bef34931cd9dbdbf68d770a1d101b6f,images/ac89f8ff6b82e2b31a0088bf37e07de09bef34931cd9dbdbf68d770a1d101b6f.jpg,ComplexDataLab/OpenFake,low,0,0.22238227725028992
ad2a1852fca3dbe822f9c6c88b02d28b0d9738191ad090ce08c9265761e2ce1d,images/ad2a1852fca3dbe822f9c6c88b02d28b0d9738191ad090ce08c9265761e2ce1d.png,ComplexDataLab/OpenFake,low,1,0.977185070514679
ad2d31d1e6cd53ca72954181803d66a882110fc192875153c1d12529916a4a05,images/ad2d31d1e6cd53ca72954181803d66a882110fc192875153c1d12529916a4a05.jpg,ComplexDataLab/OpenFake,medium,0,8.481394615955651e-05
ad4f3741e1f35e5ad414fd59346c64e0fadd62c466bd761f5914cc6862789830,images/ad4f3741e1f35e5ad414fd59346c64e0fadd62c466bd761f5914cc6862789830.jpg,ComplexDataLab/OpenFake,low,0,0.00028274510987102985
ad9ab8d455fa79aaebc6086ce1601116a1eecd3e28713ee770cc0da41634437b,images/ad9ab8d455fa79aaebc6086ce1601116a1eecd3e28713ee770cc0da41634437b.jpg,ComplexDataLab/OpenFake,medium,0,0.00498383492231369
adaa1545033358172f85937dec9993673c5ebf5909203b7fce894137a7f09358,images/adaa1545033358172f85937dec9993673c5ebf5909203b7fce894137a7f09358.png,ComplexDataLab/OpenFake,low,1,0.737994909286499
adb0ed7fc500633cfc7a1739e081a2413935e7eeecb417f27817ad2d38bb53ba,images/adb0ed7fc500633cfc7a1739e081a2413935e7eeecb417f27817ad2d38bb53ba.jpg,ComplexDataLab/OpenFake,low,0,0.002207564190030098
adcfe620fd1d62c67d840e91b53f43a0133904d02c1a8aa44b20edee7687e1cc,images/adcfe620fd1d62c67d840e91b53f43a0133904d02c1a8aa44b20edee7687e1cc.png,ComplexDataLab/OpenFake,low,1,0.9989988207817078
addbf5d2ce48d2d20d05430bdfa36f4e3f44ab23032a55427d95cd4ed01d0b24,images/addbf5d2ce48d2d20d05430bdfa36f4e3f44ab23032a55427d95cd4ed01d0b24.jpg,ComplexDataLab/OpenFake,medium,0,0.8984473347663879
ade5ca43c55b8acfbfe979395fb3c0ed00143dd474baea1937ed7140cbe0e286,images/ade5ca43c55b8acfbfe979395fb3c0ed00143dd474baea1937ed7140cbe0e286.jpg,ComplexDataLab/OpenFake,medium,0,0.00366025697439909
aea0008075233ac7465687e71ea6998a0d0968c6d73df4adc7b5d651b2e1ddd8,images/aea0008075233ac7465687e71ea6998a0d0968c6d73df4adc7b5d651b2e1ddd8.jpg,ComplexDataLab/OpenFake,medium,0,0.48384761810302734
aef3e9d6a5d9b83031a02c863ca4af7f311f6554db680c6984f3beec62244303,images/aef3e9d6a5d9b83031a02c863ca4af7f311f6554db680c6984f3beec62244303.jpg,ComplexDataLab/OpenFake,low,1,0.18490059673786163
aefdf042d2cb50e66ba072d2a92acfeed4bba95d659472cb85153aaf883a5eaf,images/aefdf042d2cb50e66ba072d2a92acfeed4bba95d659472cb85153aaf883a5eaf.png,ComplexDataLab/OpenFake,low,1,0.9995017051696777
af36666f1eaaf06ee2255eb818ffe5da130fed88269ec09ccf4b1f1ac2314945,images/af36666f1eaaf06ee2255eb818ffe5da130fed88269ec09ccf4b1f1ac2314945.png,ComplexDataLab/OpenFake,medium,1,0.9636682868003845
af3a1f1c88de8bdad6f12dd9068349c6f6952a9886f3eb13e181ba3131da6531,images/af3a1f1c88de8bdad6f12dd9068349c6f6952a9886f3eb13e181ba3131da6531.jpg,ComplexDataLab/OpenFake,medium,0,0.14811429381370544
af49f5b7e1f568ab3b7e461d7e8ecb1bd8de72df02189e1f7f2d9fb1e608779a,images/af49f5b7e1f568ab3b7e461d7e8ecb1bd8de72df02189e1f7f2d9fb1e608779a.jpg,ComplexDataLab/OpenFake,low,0,0.004212260711938143
af4f203010be0cfad83dae2cc43e5a0fccb1fd1e229f2793beeb29ceb3e530c8,images/af4f203010be0cfad83dae2cc43e5a0fccb1fd1e229f2793beeb29ceb3e530c8.png,ComplexDataLab/OpenFake,medium,1,0.6813822984695435
af5a0a45d756b394b9b7ea31602fb226f31d0e6e317ceaec329564806e5026d6,images/af5a0a45d756b394b9b7ea31602fb226f31d0e6e317ceaec329564806e5026d6.jpg,ComplexDataLab/OpenFake,medium,0,0.0006753110210411251
afa0af2464bfd2bed635039e1e0034b7faad566faf0502a4d4fb161bb722e04e,images/afa0af2464bfd2bed635039e1e0034b7faad566faf0502a4d4fb161bb722e04e.jpg,ComplexDataLab/OpenFake,medium,0,0.5456171035766602
afb84a89320987580f1d1360bbb2f3c9ce796e14c9a57f571600e9b47309a250,images/afb84a89320987580f1d1360bbb2f3c9ce796e14c9a57f571600e9b47309a250.jpg,ComplexDataLab/OpenFake,low,0,0.02641553431749344
afc67d1b3f2786cd231a6cd967f74fb79bb5d2df3d52b09892d6748e0516578e,images/afc67d1b3f2786cd231a6cd967f74fb79bb5d2df3d52b09892d6748e0516578e.jpg,ComplexDataLab/OpenFake,medium,0,0.0068864282220602036
b06b91bf0874507bd3d6ddf7da178df5167b5507ce7d29682f3be085cb12bc36,images/b06b91bf0874507bd3d6ddf7da178df5167b5507ce7d29682f3be085cb12bc36.png,ComplexDataLab/OpenFake,medium,1,0.7584808468818665
b0d348036ed6f32468addd56e1cbac2c9ae56a051bfe63e0f18dab58f59ef991,images/b0d348036ed6f32468addd56e1cbac2c9ae56a051bfe63e0f18dab58f59ef991.jpg,ComplexDataLab/OpenFake,medium,0,0.6062713265419006
b0e8dd9b3a5310dda59b3caba6a4c6bfe8ea97a6235a8c144c70a2cf24da5506,images/b0e8dd9b3a5310dda59b3caba6a4c6bfe8ea97a6235a8c144c70a2cf24da5506.png,ComplexDataLab/OpenFake,medium,1,0.9990594983100891
b105b92089defc43abdad543639f89f13d692f30d94142a34a823702b32cd580,images/b105b92089defc43abdad543639f89f13d692f30d94142a34a823702b32cd580.jpg,ComplexDataLab/OpenFake,low,0,0.0006633182638324797
b15e44ed3282127ff2a175d4545be9fef4d6fe48924d20f698d5b700aa9c81eb,images/b15e44ed3282127ff2a175d4545be9fef4d6fe48924d20f698d5b700aa9c81eb.jpg,ComplexDataLab/OpenFake,medium,0,0.0005873700138181448
b26dadb94a1457f74cb1bc2d52c883584643b00c13fc95475712085bc14ad729,images/b26dadb94a1457f74cb1bc2d52c883584643b00c13fc95475712085bc14ad729.jpg,ComplexDataLab/OpenFake,medium,0,0.16895069181919098
b2820b1035e777f80163a27d9ec7fc74a93885e736a94764821eb81c6e98420e,images/b2820b1035e777f80163a27d9ec7fc74a93885e736a94764821eb81c6e98420e.jpg,ComplexDataLab/OpenFake,medium,0,0.700381875038147
b29a5fdc6543db88e4015480882499ae224b0c242922dd56780fe3a90ecfa416,images/b29a5fdc6543db88e4015480882499ae224b0c242922dd56780fe3a90ecfa416.jpg,ComplexDataLab/OpenFake,medium,0,0.8825893998146057
b2cb739e1aa38e73ea7cd9b849294027374eb622d0c00c036e907a3e6ff094cc,images/b2cb739e1aa38e73ea7cd9b849294027374eb622d0c00c036e907a3e6ff094cc.png,ComplexDataLab/OpenFake,low,1,0.9946885108947754
b2db9a5933cb0d8157bf8530007891406a7486c3be447c8cf9a62c8d4333f90d,images/b2db9a5933cb0d8157bf8530007891406a7486c3be447c8cf9a62c8d4333f90d.png,ComplexDataLab/OpenFake,medium,1,0.9979228377342224
b304b7cacb2762e3046f1f9abe4ad134311e1ab82e99c2826186343181c3420e,images/b304b7cacb2762e3046f1f9abe4ad134311e1ab82e99c2826186343181c3420e.jpg,ComplexDataLab/OpenFake,medium,0,0.06853397935628891
b31118259ef88ed58ce1ffb0ffb3670cd87485d903f65f7a89b40f4c5672f2a8,images/b31118259ef88ed58ce1ffb0ffb3670cd87485d903f65f7a89b40f4c5672f2a8.png,ComplexDataLab/OpenFake,medium,1,0.9962074756622314
b3178540a1dff17f292fc29bbccf2e3b163ce1cba926c0c5c9cf81014fa9b60b,images/b3178540a1dff17f292fc29bbccf2e3b163ce1cba926c0c5c9cf81014fa9b60b.png,ComplexDataLab/OpenFake,medium,1,0.9964622855186462
b31ef476dd98de94f0945bc4d79aab2c6171f8129dae0cfd34a16268b7a5e5bb,images/b31ef476dd98de94f0945bc4d79aab2c6171f8129dae0cfd34a16268b7a5e5bb.png,ComplexDataLab/OpenFake,medium,1,0.9784718155860901
b39392ed2ca5b09387a05792ca33e49e5908886a6189c9b5b62697276ce50161,images/b39392ed2ca5b09387a05792ca33e49e5908886a6189c9b5b62697276ce50161.jpg,ComplexDataLab/OpenFake,medium,0,0.1788095384836197
b39e3fed2170bd86b1c480010a2e967f402c1a0173dd3a3f4ad90cc89d765ab3,images/b39e3fed2170bd86b1c480010a2e967f402c1a0173dd3a3f4ad90cc89d765ab3.jpg,ComplexDataLab/OpenFake,medium,0,0.02001764439046383
b3fce137d48976ef19a1f4c472b67b2a5b457a1da0b0f12facb3276f6dbf800f,images/b3fce137d48976ef19a1f4c472b67b2a5b457a1da0b0f12facb3276f6dbf800f.jpg,ComplexDataLab/OpenFake,medium,0,0.0009116624132730067
b46ef81de7dfd73e8534651ae9e69fa2cbcdaeaaf9dc6fe0b1211eea479ee885,images/b46ef81de7dfd73e8534651ae9e69fa2cbcdaeaaf9dc6fe0b1211eea479ee885.png,ComplexDataLab/OpenFake,low,1,0.999030590057373
b49ac49754b262b30bcb623611174f7de0a8b671b629e1a44060f6301063797a,images/b49ac49754b262b30bcb623611174f7de0a8b671b629e1a44060f6301063797a.png,ComplexDataLab/OpenFake,medium,1,0.9878467917442322
b49e257e2494856054e81dee2aff78ccccf05514805ed5838e47882d68ca611f,images/b49e257e2494856054e81dee2aff78ccccf05514805ed5838e47882d68ca611f.jpg,ComplexDataLab/OpenFake,low,0,0.48865583539009094
b4a82aa390209e5446a22261041ef120fc4081c08e6f9eba1809a77fbd262b62,images/b4a82aa390209e5446a22261041ef120fc4081c08e6f9eba1809a77fbd262b62.jpg,ComplexDataLab/OpenFake,low,0,0.7947975993156433
b4abd5589bd9165beedc0a89393228cd42d03f8181f782adf3568cfd53cb46f3,images/b4abd5589bd9165beedc0a89393228cd42d03f8181f782adf3568cfd53cb46f3.png,ComplexDataLab/OpenFake,low,1,0.9968461394309998
b52277a6d68c6f53b57d81abdc187b860a820b8652febdb623f6c122d7dc828a,images/b52277a6d68c6f53b57d81abdc187b860a820b8652febdb623f6c122d7dc828a.jpg,ComplexDataLab/OpenFake,medium,0,0.053290173411369324
b573859bf86b52f543da2000a952ecb5f3960a141bdbf79d2fd57bf77acfd44e,images/b573859bf86b52f543da2000a952ecb5f3960a141bdbf79d2fd57bf77acfd44e.png,ComplexDataLab/OpenFake,medium,1,0.9833101630210876
b657d0d14effde4d94e572d48f154d76880ad947cdfa780e06c47fa41e7ecd21,images/b657d0d14effde4d94e572d48f154d76880ad947cdfa780e06c47fa41e7ecd21.jpg,ComplexDataLab/OpenFake,medium,0,0.050346389412879944
b67d959293387352e0d38c8e9f7c97a03d6cbb155148fb9721d840fff1d8485c,images/b67d959293387352e0d38c8e9f7c97a03d6cbb155148fb9721d840fff1d8485c.jpg,ComplexDataLab/OpenFake,low,0,0.24811655282974243
b6945a02c93e539c26d84ff9f6524134f54f33cff10b3ac4aa6662a5c92fc26d,images/b6945a02c93e539c26d84ff9f6524134f54f33cff10b3ac4aa6662a5c92fc26d.jpg,ComplexDataLab/OpenFake,medium,0,0.008346048183739185
b6948df158882bace7224702be0692131022109236cc299c7d5e2af962909844,images/b6948df158882bace7224702be0692131022109236cc299c7d5e2af962909844.jpg,ComplexDataLab/OpenFake,medium,0,0.7734415531158447
b6970f4435d5d661d649657b34af410258a5fa092a7e439c4642741fdf13e368,images/b6970f4435d5d661d649657b34af410258a5fa092a7e439c4642741fdf13e368.png,ComplexDataLab/OpenFake,low,1,0.9750783443450928
b6a5c056f8c488adf17123df17e510cbc2cf90255970526291cb7b5f4848d6cf,images/b6a5c056f8c488adf17123df17e510cbc2cf90255970526291cb7b5f4848d6cf.jpg,ComplexDataLab/OpenFake,medium,0,0.1466282457113266
b6c6c41f6a673739a3914f18e14e498f51f14b3037017c93851e260671c16a44,images/b6c6c41f6a673739a3914f18e14e498f51f14b3037017c93851e260671c16a44.jpg,ComplexDataLab/OpenFake,medium,0,0.017551565542817116
b6e29b63ea0d46e1af8f1720cc0503acf286a3745828b47d4b82bbf9a46adb8a,images/b6e29b63ea0d46e1af8f1720cc0503acf286a3745828b47d4b82bbf9a46adb8a.png,ComplexDataLab/OpenFake,low,1,0.9787327647209167
b7281f4038ea120d91482303cc3c12b6a87f4ef4ae3f611ac3d3be4e4c86419f,images/b7281f4038ea120d91482303cc3c12b6a87f4ef4ae3f611ac3d3be4e4c86419f.jpg,ComplexDataLab/OpenFake,low,0,0.8745591044425964
b792f31db8e7fb0a35871cd048eece8303c42f8fef1731a514fde904e68ff708,images/b792f31db8e7fb0a35871cd048eece8303c42f8fef1731a514fde904e68ff708.jpg,ComplexDataLab/OpenFake,medium,0,0.1389327347278595
b7b04b65b39c02404ee447c89c82e217f543ea22fea5b8ce7cb5bea08d6fa3c7,images/b7b04b65b39c02404ee447c89c82e217f543ea22fea5b8ce7cb5bea08d6fa3c7.png,ComplexDataLab/OpenFake,medium,1,0.6118632555007935
b7c2567f352d9c6dfb927d2338e2b989cf338f95af2acb300d5182cd1b20326c,images/b7c2567f352d9c6dfb927d2338e2b989cf338f95af2acb300d5182cd1b20326c.png,ComplexDataLab/OpenFake,medium,1,0.992712140083313
b7c56f11f38d0479034ed4c3e58e1d03d41aa17599f42b8a1e2a6f8a7a472261,images/b7c56f11f38d0479034ed4c3e58e1d03d41aa17599f42b8a1e2a6f8a7a472261.png,ComplexDataLab/OpenFake,medium,1,0.9733823537826538
b82aee2afb308019e6b1794d49d8e48eb391d1cbd4d60f8b5e543110fce82b14,images/b82aee2afb308019e6b1794d49d8e48eb391d1cbd4d60f8b5e543110fce82b14.png,ComplexDataLab/OpenFake,low,1,0.6347581148147583
b8d956c3fb03608bc327b23a40768f99574fa212532c6a8ed5a419f16bbd9f3d,images/b8d956c3fb03608bc327b23a40768f99574fa212532c6a8ed5a419f16bbd9f3d.jpg,ComplexDataLab/OpenFake,medium,0,0.010651098564267159
b8db655f02b94485fd52b7156ea6c6d7f4a1b2c73757857add89391b4a939f0b,images/b8db655f02b94485fd52b7156ea6c6d7f4a1b2c73757857add89391b4a939f0b.jpg,ComplexDataLab/OpenFake,medium,0,0.04240686073899269
b8dfdeb99f9f643d801f1be9d17daa1c042d04ca81af8831078c48cbbf6b2e1b,images/b8dfdeb99f9f643d801f1be9d17daa1c042d04ca81af8831078c48cbbf6b2e1b.png,ComplexDataLab/OpenFake,low,1,0.6803733706474304
b906e53c6f5e82d5ab095a626cf8b41f7dd1c060efec086d44710bd839247d24,images/b906e53c6f5e82d5ab095a626cf8b41f7dd1c060efec086d44710bd839247d24.jpg,ComplexDataLab/OpenFake,medium,0,0.6012817621231079
b93c7476d73a628c19e3c337626e9ae1e61a6710710e4735a41d0a2efc57cc0a,images/b93c7476d73a628c19e3c337626e9ae1e61a6710710e4735a41d0a2efc57cc0a.png,ComplexDataLab/OpenFake,medium,1,0.9871867895126343
b9554a9f45f8755273ffe7a48e4636c005f683314cad4e094fb2189510975161,images/b9554a9f45f8755273ffe7a48e4636c005f683314cad4e094fb2189510975161.jpg,ComplexDataLab/OpenFake,low,0,0.00523513276129961
b99d0e9a67df3c1eb2173138810df50f5a61c39c31e746f0b3078fba5a22adf8,images/b99d0e9a67df3c1eb2173138810df50f5a61c39c31e746f0b3078fba5a22adf8.jpg,ComplexDataLab/OpenFake,medium,0,0.0041573867201805115
b9a4c4ffb8e7379f308ddbeca682765246039dc08eaf7b432a788c3fe81010cb,images/b9a4c4ffb8e7379f308ddbeca682765246039dc08eaf7b432a788c3fe81010cb.png,ComplexDataLab/OpenFake,medium,1,0.9928184747695923
b9ab65c3803be04870f501ce1f76c287413a4829cf8512e173546d17e5b749c5,images/b9ab65c3803be04870f501ce1f76c287413a4829cf8512e173546d17e5b749c5.jpg,ComplexDataLab/OpenFake,low,1,0.7563652992248535
b9af8a2df88eaf15abcb69137c6f0d26e9097297c76d4a2f24d6a27f84a3b07b,images/b9af8a2df88eaf15abcb69137c6f0d26e9097297c76d4a2f24d6a27f84a3b07b.jpg,ComplexDataLab/OpenFake,low,0,0.002222604351118207
b9f1e762b09ba6327a27128d8126a411126e5a30ca9d7c80bc2c5510c3ee5ea8,images/b9f1e762b09ba6327a27128d8126a411126e5a30ca9d7c80bc2c5510c3ee5ea8.png,ComplexDataLab/OpenFake,low,1,0.6111955642700195
bb097c1f48d9a2fabe5e6d92cf3696dde4d0cdc28f6a42e3063b9f6f18c75035,images/bb097c1f48d9a2fabe5e6d92cf3696dde4d0cdc28f6a42e3063b9f6f18c75035.jpg,ComplexDataLab/OpenFake,medium,0,0.04863421991467476
bb8b7f0ca2565c21816a58654b6d02f734f362778d1ee36bdc199f1fbe3417b9,images/bb8b7f0ca2565c21816a58654b6d02f734f362778d1ee36bdc199f1fbe3417b9.png,ComplexDataLab/OpenFake,low,1,0.9909260272979736
bba84667d3fc8a3e4e4116813d1316e8da022f784d19079017db1fb95a8e0f26,images/bba84667d3fc8a3e4e4116813d1316e8da022f784d19079017db1fb95a8e0f26.jpg,ComplexDataLab/OpenFake,medium,0,0.0075271413661539555
bbdb40931105eade06538cc8931170800afe345f089888d22cbc49115087de81,images/bbdb40931105eade06538cc8931170800afe345f089888d22cbc49115087de81.png,ComplexDataLab/OpenFake,medium,1,0.9971107244491577
bbe8b17188ce586b729827c3c98b7cc82c2d3bd3be968cc89ecf85df2db7ecf6,images/bbe8b17188ce586b729827c3c98b7cc82c2d3bd3be968cc89ecf85df2db7ecf6.png,ComplexDataLab/OpenFake,medium,1,0.37664783000946045
bc6180bdfe0e7eabbfbf718abc2d13c9a50ea866abd807a9614e5d5319e49582,images/bc6180bdfe0e7eabbfbf718abc2d13c9a50ea866abd807a9614e5d5319e49582.jpg,ComplexDataLab/OpenFake,medium,0,0.9817270040512085
bc7ae30c447e5d10b5d003d60e88b0cf75b878b27705cc8dd5f4ca0e5d90f5df,images/bc7ae30c447e5d10b5d003d60e88b0cf75b878b27705cc8dd5f4ca0e5d90f5df.jpg,ComplexDataLab/OpenFake,medium,0,0.04221575707197189
bc7e84e04cb445baaa2a741d52eb59b20943938a62e1524540bf61cd82e78872,images/bc7e84e04cb445baaa2a741d52eb59b20943938a62e1524540bf61cd82e78872.jpg,ComplexDataLab/OpenFake,medium,0,0.027440300211310387
bc8f5fd196165fabf84d5c19e26ecadd2011ee3ed5b2af10d3aacc62f50aaefe,images/bc8f5fd196165fabf84d5c19e26ecadd2011ee3ed5b2af10d3aacc62f50aaefe.jpg,ComplexDataLab/OpenFake,medium,0,0.8439598083496094
bc90882595ef874581b47d8ec69415451d4d6097809a24e2a297b922530f1ca6,images/bc90882595ef874581b47d8ec69415451d4d6097809a24e2a297b922530f1ca6.jpg,ComplexDataLab/OpenFake,medium,0,0.013119066134095192
bcb972071e3d2f8fae434bbc4cb0007f499ca748de827192dbaaa86770ebd5d1,images/bcb972071e3d2f8fae434bbc4cb0007f499ca748de827192dbaaa86770ebd5d1.jpg,ComplexDataLab/OpenFake,low,0,0.20392292737960815
bcc2891344af1ca8ab8fc491c8f6d8b860ac7eaf528f9242885938af0fbd4b37,images/bcc2891344af1ca8ab8fc491c8f6d8b860ac7eaf528f9242885938af0fbd4b37.jpg,ComplexDataLab/OpenFake,medium,0,0.9501290917396545
bcf394d31c8c08699928910b5c7d98f7cb6c8d41e894bc3f08e0e88a842d9d27,images/bcf394d31c8c08699928910b5c7d98f7cb6c8d41e894bc3f08e0e88a842d9d27.jpg,ComplexDataLab/OpenFake,low,0,0.0955258309841156
bd18fb8c67bdcfb38d4e410c079be3670ee1daf448a403b9e827b7f464b62627,images/bd18fb8c67bdcfb38d4e410c079be3670ee1daf448a403b9e827b7f464b62627.png,ComplexDataLab/OpenFake,medium,1,0.9188482761383057
bd65e5033f2e3adba71acb867e82e77c2a5d17bdc6bad76292652c1e3c539796,images/bd65e5033f2e3adba71acb867e82e77c2a5d17bdc6bad76292652c1e3c539796.png,ComplexDataLab/OpenFake,medium,1,0.779002845287323
bd826c35fabe791a86968bafed22d709ed8026979363a4dd758b03967afe6350,images/bd826c35fabe791a86968bafed22d709ed8026979363a4dd758b03967afe6350.png,ComplexDataLab/OpenFake,low,1,0.6354093551635742
bdb5b374f494146621382d746ea377dbcaa8fb510bc694739e330b9113e71dd6,images/bdb5b374f494146621382d746ea377dbcaa8fb510bc694739e330b9113e71dd6.jpg,ComplexDataLab/OpenFake,low,1,0.9516016244888306
bdbd094814aee8248a08ac9c2dc86ed41a21a7dc8bf0dab20c1d3c8dfe8ab0ec,images/bdbd094814aee8248a08ac9c2dc86ed41a21a7dc8bf0dab20c1d3c8dfe8ab0ec.png,ComplexDataLab/OpenFake,high,1,0.9718682765960693
bdbfa48fa13d55c1b58ee3dee84505c9f01d05fef34ad051d721b1f6795e0bab,images/bdbfa48fa13d55c1b58ee3dee84505c9f01d05fef34ad051d721b1f6795e0bab.jpg,ComplexDataLab/OpenFake,low,0,0.6083165407180786
bdeae710998d4caeb004462816a1019a352b2038d813ef4db39735997ab01ef2,images/bdeae710998d4caeb004462816a1019a352b2038d813ef4db39735997ab01ef2.jpg,ComplexDataLab/OpenFake,medium,1,0.535444974899292
be1f5254dc34553f2e58c10a8aea0c50099068af3133ccba6e4d837d3df1bfc4,images/be1f5254dc34553f2e58c10a8aea0c50099068af3133ccba6e4d837d3df1bfc4.png,ComplexDataLab/OpenFake,medium,1,0.9286990761756897
be33831209738199210ae60e7d5ad343fe84d1425a79ee92789caf882072276e,images/be33831209738199210ae60e7d5ad343fe84d1425a79ee92789caf882072276e.jpg,ComplexDataLab/OpenFake,medium,0,0.0057852547615766525
be5cd04fe936da1ecd2c8d010d0d524bfb27b363f21c131fb2db45d2ad7c8d08,images/be5cd04fe936da1ecd2c8d010d0d524bfb27b363f21c131fb2db45d2ad7c8d08.png,ComplexDataLab/OpenFake,medium,1,0.99913090467453
be62b4dec746e798b332c77f65f7022abc7f283c8d59eea729255bf4653e32e5,images/be62b4dec746e798b332c77f65f7022abc7f283c8d59eea729255bf4653e32e5.jpg,ComplexDataLab/OpenFake,medium,0,0.08923154324293137
be65741ad4879e310a643b4e17c0d9e34a4826fa49543cdada6a69bf635c9cb4,images/be65741ad4879e310a643b4e17c0d9e34a4826fa49543cdada6a69bf635c9cb4.jpg,ComplexDataLab/OpenFake,medium,1,0.9307624101638794
be91ff23e3eda77d35510cd8754c57d6d2437611e18e7bb561e6d343fd9398a6,images/be91ff23e3eda77d35510cd8754c57d6d2437611e18e7bb561e6d343fd9398a6.png,ComplexDataLab/OpenFake,medium,1,0.9757551550865173
be988cd479aecc49a4d8c248cd296c20ab8fa74b711fe95de0eeab1078e9af48,images/be988cd479aecc49a4d8c248cd296c20ab8fa74b711fe95de0eeab1078e9af48.png,ComplexDataLab/OpenFake,medium,1,0.318083256483078
bf2c410656b72a6f72eef3dded9557faca8d1d16467ade85fadf03ca29abdf95,images/bf2c410656b72a6f72eef3dded9557faca8d1d16467ade85fadf03ca29abdf95.jpg,ComplexDataLab/OpenFake,low,1,0.17382007837295532
bf4d8af134119a4750e50544cf68d72e4c66aadfb35ea71b230f8ea6e01f9b25,images/bf4d8af134119a4750e50544cf68d72e4c66aadfb35ea71b230f8ea6e01f9b25.jpg,ComplexDataLab/OpenFake,medium,0,0.00043972261482849717
bf7158fbc8504a51a0cf1eb2119bae19382876dffa77ad331e68c5d48d4452f5,images/bf7158fbc8504a51a0cf1eb2119bae19382876dffa77ad331e68c5d48d4452f5.png,ComplexDataLab/OpenFake,medium,1,0.8576457500457764
bfe0b68fd64d6e09a426723e5afbe41daa299667683bc5b31fc107b834917261,images/bfe0b68fd64d6e09a426723e5afbe41daa299667683bc5b31fc107b834917261.png,ComplexDataLab/OpenFake,medium,1,0.6823793649673462
c0212e9c8debbea83b722aad31b07e7b37ebeea63f8679f9069093eee4882926,images/c0212e9c8debbea83b722aad31b07e7b37ebeea63f8679f9069093eee4882926.jpg,ComplexDataLab/OpenFake,medium,0,0.896533191204071
c0ab53548738fac7149f354f7a71c8a4cde536b7cdeac9a67e8839743d1bdab2,images/c0ab53548738fac7149f354f7a71c8a4cde536b7cdeac9a67e8839743d1bdab2.png,ComplexDataLab/OpenFake,medium,1,0.9911243319511414
c0e262a672e0a0c2c137f9d10d8f53f7612f6025d52fa891503c44b37785ccc8,images/c0e262a672e0a0c2c137f9d10d8f53f7612f6025d52fa891503c44b37785ccc8.jpg,ComplexDataLab/OpenFake,medium,0,0.5209325551986694
c0e8d32b583aa36daeb127a5752ed47d4b659bfa3ead216ffee3a6a250be3b80,images/c0e8d32b583aa36daeb127a5752ed47d4b659bfa3ead216ffee3a6a250be3b80.png,ComplexDataLab/OpenFake,medium,1,0.9938886165618896
c0fad5fdca887ef09f266aeea70280f5f5cf2750d4e7e865e010635ad58561c2,images/c0fad5fdca887ef09f266aeea70280f5f5cf2750d4e7e865e010635ad58561c2.jpg,ComplexDataLab/OpenFake,medium,0,0.6647831201553345
c116943008bb238fec864df6686d5b0420e2bc4fdb2814906ee727a70eb2f37e,images/c116943008bb238fec864df6686d5b0420e2bc4fdb2814906ee727a70eb2f37e.jpg,ComplexDataLab/OpenFake,medium,0,0.0003943319316022098
c127980528b84ff9062c102dcb7cf9b337c5a910a2bde3b1ba4231afcee5186c,images/c127980528b84ff9062c102dcb7cf9b337c5a910a2bde3b1ba4231afcee5186c.jpg,ComplexDataLab/OpenFake,medium,0,0.5868578553199768
c1336bc2190d26a4f45b33f607626eac3f0d8ae6be907c08b7b04361191d0e02,images/c1336bc2190d26a4f45b33f607626eac3f0d8ae6be907c08b7b04361191d0e02.jpg,ComplexDataLab/OpenFake,medium,1,0.9309437274932861
c14a0f44a6cfb67a9d4aab110d2fcbe3ea38c17035d88f4514d3a8256beac8fa,images/c14a0f44a6cfb67a9d4aab110d2fcbe3ea38c17035d88f4514d3a8256beac8fa.jpg,ComplexDataLab/OpenFake,low,0,0.0184037946164608
c1b3987289afa0622c55c045ea4647403619dfc067ccf01cc1798bb9fc6b606f,images/c1b3987289afa0622c55c045ea4647403619dfc067ccf01cc1798bb9fc6b606f.png,ComplexDataLab/OpenFake,low,1,0.10605703294277191
c24f4fd4fc9477b64ac446a66eb58d304493d368ae55cfee0b29333a57850e21,images/c24f4fd4fc9477b64ac446a66eb58d304493d368ae55cfee0b29333a57850e21.jpg,ComplexDataLab/OpenFake,medium,0,0.0002195217675762251
c26de6b94b71f06cbb3cc38b4256555cc1519d1779b19ede5a65fe169d5bfe80,images/c26de6b94b71f06cbb3cc38b4256555cc1519d1779b19ede5a65fe169d5bfe80.png,ComplexDataLab/OpenFake,low,1,0.7909860014915466
c2ba6eb09c72ba71f906b83595c542516c6b6468b6c6ecadd0048bca9010f5e9,images/c2ba6eb09c72ba71f906b83595c542516c6b6468b6c6ecadd0048bca9010f5e9.png,ComplexDataLab/OpenFake,medium,1,0.9380438327789307
c2c4932409d5de05817e9ebb8f0868b4ba886a83a7caa06e755d9dc9f43b9c9c,images/c2c4932409d5de05817e9ebb8f0868b4ba886a83a7caa06e755d9dc9f43b9c9c.jpg,ComplexDataLab/OpenFake,medium,0,0.005910398904234171
c2cacb13de428d2bb19d3ea532788f2154624dd5a5876d960cb9e8c21f002e8b,images/c2cacb13de428d2bb19d3ea532788f2154624dd5a5876d960cb9e8c21f002e8b.jpg,ComplexDataLab/OpenFake,medium,0,0.8289108872413635
c2e054511cd19df6eb6165955c23a7bea9ca062e962c1fc660c5abde0a4610c5,images/c2e054511cd19df6eb6165955c23a7bea9ca062e962c1fc660c5abde0a4610c5.png,ComplexDataLab/OpenFake,medium,1,0.7932960987091064
c2e8417242aefcba4f35ca5cc77090d74b8dfd00d9f17e49e776889f2a7ea5a0,images/c2e8417242aefcba4f35ca5cc77090d74b8dfd00d9f17e49e776889f2a7ea5a0.jpg,ComplexDataLab/OpenFake,medium,0,0.005614813417196274
c2eca65f9826788693ad9f27c4c4ce9b80284f53a460271705d43a4f07b878f3,images/c2eca65f9826788693ad9f27c4c4ce9b80284f53a460271705d43a4f07b878f3.png,ComplexDataLab/OpenFake,medium,1,0.9407763481140137
c34b6a4214085bff23ec4c00d23ccd8b6a4ecb285c06c529c678efd8beb54680,images/c34b6a4214085bff23ec4c00d23ccd8b6a4ecb285c06c529c678efd8beb54680.jpg,ComplexDataLab/OpenFake,medium,0,5.4514890507562086e-05
c35a9cbf6b7f7d385049de9c5df0f48b6dc3b209d983bc36686cfe4c66bebf4e,images/c35a9cbf6b7f7d385049de9c5df0f48b6dc3b209d983bc36686cfe4c66bebf4e.jpg,ComplexDataLab/OpenFake,medium,0,0.8736889958381653
c35ff2c605a4ef1f11ab52198ace902cf95f69ecfc1133b36801bd82ba8dd153,images/c35ff2c605a4ef1f11ab52198ace902cf95f69ecfc1133b36801bd82ba8dd153.png,ComplexDataLab/OpenFake,medium,1,0.8476309180259705
c452c4c44051976b61638dd611e2e510c7295448f5becb17bbb847d2d2b31538,images/c452c4c44051976b61638dd611e2e510c7295448f5becb17bbb847d2d2b31538.png,ComplexDataLab/OpenFake,medium,1,0.9744354486465454
c4556a8deefe7001d27544fc113c3ce28d886d2c763fa73497e23736bb7dc8f3,images/c4556a8deefe7001d27544fc113c3ce28d886d2c763fa73497e23736bb7dc8f3.png,ComplexDataLab/OpenFake,low,1,0.9946927428245544
c465d898451fdb9744c561c0889eb9b438c4fa94959bcf6f954d3c05b306cd56,images/c465d898451fdb9744c561c0889eb9b438c4fa94959bcf6f954d3c05b306cd56.jpg,ComplexDataLab/OpenFake,low,0,0.8639137148857117
c4d041945a82db302fced4b4b064358d1ea2cf1d686bddc7ba2c342b3d3aae1f,images/c4d041945a82db302fced4b4b064358d1ea2cf1d686bddc7ba2c342b3d3aae1f.jpg,ComplexDataLab/OpenFake,medium,0,2.7130578018841334e-05
c521d38bf560a5f19b842c7f4d80e3486e2d5f99977b44e736b23fddf7cef42a,images/c521d38bf560a5f19b842c7f4d80e3486e2d5f99977b44e736b23fddf7cef42a.png,ComplexDataLab/OpenFake,medium,1,0.9703530669212341
c547cb0581de3361818ace4aab810a05fb1273992a78fed349eaf501bf4f4137,images/c547cb0581de3361818ace4aab810a05fb1273992a78fed349eaf501bf4f4137.jpg,ComplexDataLab/OpenFake,low,0,0.0015733990585431457
c58e4e720db32e84506c507757ab223bfdb2a5ff7cff405049d764c1bba9dadd,images/c58e4e720db32e84506c507757ab223bfdb2a5ff7cff405049d764c1bba9dadd.jpg,ComplexDataLab/OpenFake,low,0,0.15682478249073029
c5a3eaa6665a95f6bfaacdae124b8c1581adb5d46b9e81efe81c136e04c3ec44,images/c5a3eaa6665a95f6bfaacdae124b8c1581adb5d46b9e81efe81c136e04c3ec44.png,ComplexDataLab/OpenFake,medium,1,0.9727986454963684
c5acc4c0d20d4c574674bc76ab9a2ce1d2da0cbc5d0cb3f18debb28d493360b6,images/c5acc4c0d20d4c574674bc76ab9a2ce1d2da0cbc5d0cb3f18debb28d493360b6.jpg,ComplexDataLab/OpenFake,low,0,0.6601792573928833
c5cecca0bbd71422ad42e3462031c0b2b1956cb1ace18ab3407faf4587f03556,images/c5cecca0bbd71422ad42e3462031c0b2b1956cb1ace18ab3407faf4587f03556.jpg,ComplexDataLab/OpenFake,medium,0,0.12754417955875397
c5cfef6696e2d86c5915ade008acd3d9dbdc4790262a7dac73ef00e00e5a1f1d,images/c5cfef6696e2d86c5915ade008acd3d9dbdc4790262a7dac73ef00e00e5a1f1d.png,ComplexDataLab/OpenFake,medium,1,0.9983073472976685
c5e60e4bb13c3c07e499363a9b60c95aadde339208dad28b85d2231c7f883503,images/c5e60e4bb13c3c07e499363a9b60c95aadde339208dad28b85d2231c7f883503.png,ComplexDataLab/OpenFake,medium,1,0.34644070267677307
c5ed894b3b242fd40d06fce3f152fbe4c7d1944c023045736d0226bf4e012ef7,images/c5ed894b3b242fd40d06fce3f152fbe4c7d1944c023045736d0226bf4e012ef7.png,ComplexDataLab/OpenFake,medium,1,0.9942415952682495
c621ef3b295de16d6587c16fa5e3a1177afee1b09afe9b866a5c7dbd58ecb058,images/c621ef3b295de16d6587c16fa5e3a1177afee1b09afe9b866a5c7dbd58ecb058.jpg,ComplexDataLab/OpenFake,medium,0,0.0064011188223958015
c661aa408c18fe45635909cef13019f38480e081c74574a95b8a225cd87cdeca,images/c661aa408c18fe45635909cef13019f38480e081c74574a95b8a225cd87cdeca.jpg,ComplexDataLab/OpenFake,high,0,0.040575847029685974
c67d5588da0bfef73e8d35fd1cc41d9f798902c76190185b2446de322a605d92,images/c67d5588da0bfef73e8d35fd1cc41d9f798902c76190185b2446de322a605d92.jpg,ComplexDataLab/OpenFake,medium,0,0.10091283917427063
c6e55ba096ddfd3f4509e9e5566ac92bf3afbedd2883fab82f04df85cad13140,images/c6e55ba096ddfd3f4509e9e5566ac92bf3afbedd2883fab82f04df85cad13140.jpg,ComplexDataLab/OpenFake,medium,1,0.2980167269706726
c728f3c362ee778c77adc28dff496300e2a9d37ccbb8c2bd41e88985f14c4b82,images/c728f3c362ee778c77adc28dff496300e2a9d37ccbb8c2bd41e88985f14c4b82.jpg,ComplexDataLab/OpenFake,medium,1,0.9843387007713318
c760660d3874012c7a63ac17a3d6983f39d197ef49150ede213555b3cd1b0a42,images/c760660d3874012c7a63ac17a3d6983f39d197ef49150ede213555b3cd1b0a42.png,ComplexDataLab/OpenFake,medium,1,0.9945688247680664
c7762be57fc093f4daf9aa7d687c08362c2a61794fe9c03d1bd96603290ae689,images/c7762be57fc093f4daf9aa7d687c08362c2a61794fe9c03d1bd96603290ae689.jpg,ComplexDataLab/OpenFake,low,0,0.9518126845359802
c7d05466f4948689f58add2b702fa94f7f3991b247baa63259ce6bf0e8eef4ea,images/c7d05466f4948689f58add2b702fa94f7f3991b247baa63259ce6bf0e8eef4ea.png,ComplexDataLab/OpenFake,medium,1,0.8348259925842285
c7d495a1e9317f1026fcdc1c9093d1df3f0872ee71fb0d61d81ff8a590f87dd7,images/c7d495a1e9317f1026fcdc1c9093d1df3f0872ee71fb0d61d81ff8a590f87dd7.jpg,ComplexDataLab/OpenFake,low,0,0.05096729099750519
c83d379bfde60afc721f797105c13c98a1a10c5395c1e8cd6b4d15a31ed9d05e,images/c83d379bfde60afc721f797105c13c98a1a10c5395c1e8cd6b4d15a31ed9d05e.jpg,ComplexDataLab/OpenFake,medium,1,0.2311335951089859
c8907fe48a7bac5520e0310da22c546f622ac3a30f95f7b1851a7ee2fd352a56,images/c8907fe48a7bac5520e0310da22c546f622ac3a30f95f7b1851a7ee2fd352a56.png,ComplexDataLab/OpenFake,medium,0,0.06919872015714645
c918725cd3a4796deb191bd8f590b314952e40348fc53ad0ba019dd42e9920b9,images/c918725cd3a4796deb191bd8f590b314952e40348fc53ad0ba019dd42e9920b9.jpg,ComplexDataLab/OpenFake,medium,0,0.3995172381401062
c95023c1aeb6ded3781f8484cf6bfd4590be8bea035807ed5b00c1482f3efaba,images/c95023c1aeb6ded3781f8484cf6bfd4590be8bea035807ed5b00c1482f3efaba.jpg,ComplexDataLab/OpenFake,low,0,0.0005571870715357363
c992117752f71da1657bd9b2c35ff7493c385dca41631d1f10331a1978aee365,images/c992117752f71da1657bd9b2c35ff7493c385dca41631d1f10331a1978aee365.jpg,ComplexDataLab/OpenFake,low,0,0.5547224283218384
c995b0fcd9b16584ac2578fabcc0abf4116334afce2dfff662a58ca840f7c125,images/c995b0fcd9b16584ac2578fabcc0abf4116334afce2dfff662a58ca840f7c125.png,ComplexDataLab/OpenFake,medium,1,0.4406401216983795
c9bba1210c7bb1755c83cb468d3624b4a047b1f535a305afba921bd9b19eda6e,images/c9bba1210c7bb1755c83cb468d3624b4a047b1f535a305afba921bd9b19eda6e.png,ComplexDataLab/OpenFake,medium,1,0.02535948157310486
c9ef7ea1700260f8ed01e76a0a702ef7715198dd4ea90a7c0d17173b9ab46953,images/c9ef7ea1700260f8ed01e76a0a702ef7715198dd4ea90a7c0d17173b9ab46953.jpg,ComplexDataLab/OpenFake,medium,0,0.13669782876968384
c9f76e46d3d8995487a68f39960d76eda4d170c805a99da82245ac9c6c00bd76,images/c9f76e46d3d8995487a68f39960d76eda4d170c805a99da82245ac9c6c00bd76.jpg,ComplexDataLab/OpenFake,medium,0,0.22415456175804138
ca2bdbe192319fee0afeddba0a82110cf1c8a67c74cc17db53bf2440b8163360,images/ca2bdbe192319fee0afeddba0a82110cf1c8a67c74cc17db53bf2440b8163360.png,ComplexDataLab/OpenFake,medium,0,0.8110688924789429
ca7c5bc8bf954cb1b8d9bd3c377d657b4dc5c01271156c87ef6a8e10394e94cd,images/ca7c5bc8bf954cb1b8d9bd3c377d657b4dc5c01271156c87ef6a8e10394e94cd.jpg,ComplexDataLab/OpenFake,medium,1,0.5813440680503845
ca9ab8fa2c171bcd39df861683642b021ee1dba9dd740c1996e96961fb1eb0d4,images/ca9ab8fa2c171bcd39df861683642b021ee1dba9dd740c1996e96961fb1eb0d4.png,ComplexDataLab/OpenFake,medium,1,0.9979883432388306
caa963ad71e0ea2c6db30f345e9664420804a7228fa878485e46b8617ae7f38e,images/caa963ad71e0ea2c6db30f345e9664420804a7228fa878485e46b8617ae7f38e.jpg,ComplexDataLab/OpenFake,medium,0,0.906654953956604
cb36a0ff363acbafc2667bd69b289e2b28c76a5c01b23938b8ab2c65342074e6,images/cb36a0ff363acbafc2667bd69b289e2b28c76a5c01b23938b8ab2c65342074e6.png,ComplexDataLab/OpenFake,medium,1,0.6027655005455017
cc8ccafc3ff0fa0c3a86c32203d230d5015bbc92153d7a1df251135b70ce859d,images/cc8ccafc3ff0fa0c3a86c32203d230d5015bbc92153d7a1df251135b70ce859d.jpg,ComplexDataLab/OpenFake,medium,0,0.13285164535045624
ccbf158cb620b345288891f43c39c0f60211fc8c0da6f3c62a15c6d2625f9c27,images/ccbf158cb620b345288891f43c39c0f60211fc8c0da6f3c62a15c6d2625f9c27.png,ComplexDataLab/OpenFake,medium,1,0.9984252452850342
ccfaf66c4eb02dd921d381df671e05b8e736f8303be3ca85c3d28d8f5d79a417,images/ccfaf66c4eb02dd921d381df671e05b8e736f8303be3ca85c3d28d8f5d79a417.jpg,ComplexDataLab/OpenFake,low,0,0.0004740530566778034
cd0140837a503bfd27ec32418b572e9c5caa87851145cf4aab1bbf9b9894ece6,images/cd0140837a503bfd27ec32418b572e9c5caa87851145cf4aab1bbf9b9894ece6.png,ComplexDataLab/OpenFake,medium,1,0.04548744112253189
cd2bddb609705eb2b8b704f84055c7eac7c55cc057f6a1a7d11bc511cf994def,images/cd2bddb609705eb2b8b704f84055c7eac7c55cc057f6a1a7d11bc511cf994def.jpg,ComplexDataLab/OpenFake,medium,0,3.338405440445058e-05
cd60ca0389ce13b5e921b886f9a9314996582ca3cd227c040f6dbc9870f9f0c7,images/cd60ca0389ce13b5e921b886f9a9314996582ca3cd227c040f6dbc9870f9f0c7.jpg,ComplexDataLab/OpenFake,low,0,0.8388864994049072
cd95d75ad54402f1d99972ff2b1ba80ed41b7fe0d42350b280b4f183c637a570,images/cd95d75ad54402f1d99972ff2b1ba80ed41b7fe0d42350b280b4f183c637a570.png,ComplexDataLab/OpenFake,medium,1,0.9883204698562622
cd9bbfb9d0842bf2f38404c1eb4d63c4a01d24ce46d7abde4f57bed02071e4c4,images/cd9bbfb9d0842bf2f38404c1eb4d63c4a01d24ce46d7abde4f57bed02071e4c4.png,ComplexDataLab/OpenFake,medium,1,0.9930457472801208
ce3059746c74b84c7c1b1e1d0fc2c7fdd68aa51eed527a662e341e70e4a857e2,images/ce3059746c74b84c7c1b1e1d0fc2c7fdd68aa51eed527a662e341e70e4a857e2.png,ComplexDataLab/OpenFake,medium,1,0.9929963946342468
ce73d45404b6fe89c55b4afb66ca208af45c2c3bb0c982a24c632ba7298ced62,images/ce73d45404b6fe89c55b4afb66ca208af45c2c3bb0c982a24c632ba7298ced62.jpg,ComplexDataLab/OpenFake,medium,0,0.027332287281751633
cecf451bc08036fd8fba5e930616312e3b3ecd838bb11ccb1f2af5eedb15df2f,images/cecf451bc08036fd8fba5e930616312e3b3ecd838bb11ccb1f2af5eedb15df2f.jpg,ComplexDataLab/OpenFake,medium,0,0.03256560117006302
cf0a47f943c122ce6c321e9a5225bb62ff1d7dd275733edfde6c078552306348,images/cf0a47f943c122ce6c321e9a5225bb62ff1d7dd275733edfde6c078552306348.jpg,ComplexDataLab/OpenFake,medium,0,0.24955438077449799
cf75c470af8aad23ad8703c523af878411d939a59ff4248abc06957912632bd6,images/cf75c470af8aad23ad8703c523af878411d939a59ff4248abc06957912632bd6.png,ComplexDataLab/OpenFake,medium,1,0.9969083666801453
d00e23a38eee1b8ff4591c4c85cab1b56df0095137d83f0a483d638a2785b7aa,images/d00e23a38eee1b8ff4591c4c85cab1b56df0095137d83f0a483d638a2785b7aa.png,ComplexDataLab/OpenFake,low,1,0.7924139499664307
d01447ba9d0a472cd7bc322f727e63ab44f6c981736f739fb3b24c3066e53181,images/d01447ba9d0a472cd7bc322f727e63ab44f6c981736f739fb3b24c3066e53181.png,ComplexDataLab/OpenFake,medium,1,0.09368513524532318
d0342b12b0636aaba798c02741b864bc13d6aaa75b5f254e26a95ab9dbe33058,images/d0342b12b0636aaba798c02741b864bc13d6aaa75b5f254e26a95ab9dbe33058.jpg,ComplexDataLab/OpenFake,low,1,0.11038514971733093
d062dae8cce84fddbff814f39cae0dc4bbd0accb4f477d4fee3c67637bd5d40c,images/d062dae8cce84fddbff814f39cae0dc4bbd0accb4f477d4fee3c67637bd5d40c.jpg,ComplexDataLab/OpenFake,low,0,0.003988385666161776
d0b94e631bfa643fcee64a5b5eaa042e3cd6e295044ffe47a54043930eacc906,images/d0b94e631bfa643fcee64a5b5eaa042e3cd6e295044ffe47a54043930eacc906.png,ComplexDataLab/OpenFake,medium,1,0.47357937693595886
d0d243ffb3fccaf55a471ca1308586a431cf4bb5fd1ecedab271fc6f6c2b8d8b,images/d0d243ffb3fccaf55a471ca1308586a431cf4bb5fd1ecedab271fc6f6c2b8d8b.png,ComplexDataLab/OpenFake,medium,1,0.878348171710968
d0dee66e504b84ac5b656aac4e55a1fe2565405294755b7d0e3f187c16d6cf2f,images/d0dee66e504b84ac5b656aac4e55a1fe2565405294755b7d0e3f187c16d6cf2f.jpg,ComplexDataLab/OpenFake,low,0,0.020686279982328415
d0ea346173a8ea9d9609105b8384dd6cc9fcdcb427c6f03f993a1308d304e0c5,images/d0ea346173a8ea9d9609105b8384dd6cc9fcdcb427c6f03f993a1308d304e0c5.jpg,ComplexDataLab/OpenFake,low,0,0.5968707799911499
d17ffe7e6668ad6ef29d5d6aff1249f81dd0915a4677110dd33ce5e309dbe5a3,images/d17ffe7e6668ad6ef29d5d6aff1249f81dd0915a4677110dd33ce5e309dbe5a3.jpg,ComplexDataLab/OpenFake,medium,0,0.004138866905122995
d1d0f0ac2435f7c15a17707b4ca5db78b39ec1880db9748fba24d8a50eee028b,images/d1d0f0ac2435f7c15a17707b4ca5db78b39ec1880db9748fba24d8a50eee028b.png,ComplexDataLab/OpenFake,low,1,0.5543696880340576
d1d9002f4dee6fb725789afec8cc8f1f9057a8a7384a5362ed44421e0bcc0ad4,images/d1d9002f4dee6fb725789afec8cc8f1f9057a8a7384a5362ed44421e0bcc0ad4.png,ComplexDataLab/OpenFake,low,1,0.9587423205375671
d1ee3fd294c5971109f366f639d25a30da2cc4f3978690cca1f5da60fe4f1d6c,images/d1ee3fd294c5971109f366f639d25a30da2cc4f3978690cca1f5da60fe4f1d6c.png,ComplexDataLab/OpenFake,low,1,0.9789303541183472
d2501bfc7f5d57c6a72f3ccfefdf85037eea90ec92248c1898ce9ba11922d8c3,images/d2501bfc7f5d57c6a72f3ccfefdf85037eea90ec92248c1898ce9ba11922d8c3.jpg,ComplexDataLab/OpenFake,medium,0,0.45296862721443176
d2a9cff7b9b79f68fff94d8fc4abe506ee5a50b94644a655b0582bb277facdb8,images/d2a9cff7b9b79f68fff94d8fc4abe506ee5a50b94644a655b0582bb277facdb8.jpg,ComplexDataLab/OpenFake,low,0,0.4011768102645874
d2e45b157a96a56aa8dee012f2c451c65f8d03ef2f4ec3315383800dfa83ea3b,images/d2e45b157a96a56aa8dee012f2c451c65f8d03ef2f4ec3315383800dfa83ea3b.jpg,ComplexDataLab/OpenFake,medium,0,0.7016046643257141
d2e63cb06172418ca0c76281605cc5203b48992745a833feed3e864c8fcf24a2,images/d2e63cb06172418ca0c76281605cc5203b48992745a833feed3e864c8fcf24a2.jpg,ComplexDataLab/OpenFake,medium,0,0.2186502367258072
d31aa345aa67a240d8fbcfb4b5d17de91999b12d9d3475f993a1d8e5614388c1,images/d31aa345aa67a240d8fbcfb4b5d17de91999b12d9d3475f993a1d8e5614388c1.jpg,ComplexDataLab/OpenFake,low,0,0.0022251922637224197
d3505d04c2e9174855c579c2785c100368d5ca2760bb24c83b8af6975bbf70ed,images/d3505d04c2e9174855c579c2785c100368d5ca2760bb24c83b8af6975bbf70ed.png,ComplexDataLab/OpenFake,medium,1,0.9050040245056152
d36efdd710d2d64a71ebec4320df2db0a47f6b9f8f5dd3bdfb8894153b1a7c54,images/d36efdd710d2d64a71ebec4320df2db0a47f6b9f8f5dd3bdfb8894153b1a7c54.png,ComplexDataLab/OpenFake,high,1,0.9852225184440613
d3c995652ab7554fbe7267ec25c28f52a2d52bbf2dc84b183d7a9a33e8e104f1,images/d3c995652ab7554fbe7267ec25c28f52a2d52bbf2dc84b183d7a9a33e8e104f1.png,ComplexDataLab/OpenFake,medium,1,0.9952622652053833
d3dcb618d3d88431ec71e37a73b931e75a07aee0b785dcfca74c7985d8afd744,images/d3dcb618d3d88431ec71e37a73b931e75a07aee0b785dcfca74c7985d8afd744.jpg,ComplexDataLab/OpenFake,low,0,0.24312132596969604
d3ebf5bc354535da7841954f6c2601b8ed0ece9b85405229985732fc41f8d315,images/d3ebf5bc354535da7841954f6c2601b8ed0ece9b85405229985732fc41f8d315.jpg,ComplexDataLab/OpenFake,medium,0,0.002831702586263418
d3eccadf277467cb9d8e32c5eb9347e122adf936950801658fe22433e7a1edb5,images/d3eccadf277467cb9d8e32c5eb9347e122adf936950801658fe22433e7a1edb5.jpg,ComplexDataLab/OpenFake,low,1,0.6245478987693787
d438e300b69595b3a3fd6df904e985822d5914578e4e380118bf4dbd0c9c07db,images/d438e300b69595b3a3fd6df904e985822d5914578e4e380118bf4dbd0c9c07db.jpg,ComplexDataLab/OpenFake,low,1,0.9206110835075378
d4d5a75863cecdafdcc07989ecaeb8ae0f24ec3846ca32e1b1dfc85643eea5e1,images/d4d5a75863cecdafdcc07989ecaeb8ae0f24ec3846ca32e1b1dfc85643eea5e1.jpg,ComplexDataLab/OpenFake,low,1,0.9882751703262329
d5097ab54b80237393c20da8078215bf18ddc7f517afa7a06dfd3e8768b155ac,images/d5097ab54b80237393c20da8078215bf18ddc7f517afa7a06dfd3e8768b155ac.png,ComplexDataLab/OpenFake,low,1,0.9896027445793152
d536e3bd1b53d6babdccfdb2847caa4d45ef30ecace03d8b000869faaaee0309,images/d536e3bd1b53d6babdccfdb2847caa4d45ef30ecace03d8b000869faaaee0309.jpg,ComplexDataLab/OpenFake,medium,0,0.3473212420940399
d5429345687161ca008a3a78d324e15d804a04fd96e1eb2db4258d61ca12af97,images/d5429345687161ca008a3a78d324e15d804a04fd96e1eb2db4258d61ca12af97.webp,ComplexDataLab/OpenFake,medium,1,0.9585168957710266
d5464285a4743cdaa37e45e46a79210767e03840af7a8540130fba1100e44eaf,images/d5464285a4743cdaa37e45e46a79210767e03840af7a8540130fba1100e44eaf.png,ComplexDataLab/OpenFake,low,1,0.6508928537368774
d56ea70dab4f3f102a2405d4c520906c484f7668abce2cc1c850788de44093b4,images/d56ea70dab4f3f102a2405d4c520906c484f7668abce2cc1c850788de44093b4.jpg,ComplexDataLab/OpenFake,low,0,0.01783200353384018
d5db53d9202a2a8c9dd8a6a20e276f900a6c6df2a03ddf95ecb2dba5a88f08e4,images/d5db53d9202a2a8c9dd8a6a20e276f900a6c6df2a03ddf95ecb2dba5a88f08e4.jpg,ComplexDataLab/OpenFake,medium,0,0.6871368885040283
d6667ce7c01b23d5443011b329e19dea1f82f0abfe8b1964f3d5e82a0c8d51cc,images/d6667ce7c01b23d5443011b329e19dea1f82f0abfe8b1964f3d5e82a0c8d51cc.png,ComplexDataLab/OpenFake,medium,1,0.3063483238220215
d6a8ec21967bf774c601f3381da53b17b3baf2f3fe1f87cc8ae1536a26792cbd,images/d6a8ec21967bf774c601f3381da53b17b3baf2f3fe1f87cc8ae1536a26792cbd.jpg,ComplexDataLab/OpenFake,medium,0,0.32667064666748047
d6ac3c1a1c4fec9f090165169ab8f726895ef73797ecf94ed87f55dbf0cc6eb5,images/d6ac3c1a1c4fec9f090165169ab8f726895ef73797ecf94ed87f55dbf0cc6eb5.png,ComplexDataLab/OpenFake,low,1,0.8839903473854065
d6b209b675d85f78e4fd559b56ec8e604961bdf25850aa5f8143578c7f31f070,images/d6b209b675d85f78e4fd559b56ec8e604961bdf25850aa5f8143578c7f31f070.png,ComplexDataLab/OpenFake,low,1,0.9900425672531128
d6b4965dd93e55c3f9f3dc674dd8cc88e22aa17f8601df258005dc9914f171d1,images/d6b4965dd93e55c3f9f3dc674dd8cc88e22aa17f8601df258005dc9914f171d1.png,ComplexDataLab/OpenFake,low,1,0.7667097449302673
d72d8b5e970f3df737510f869c2bc73df6af2a46ef27029b1882f4c8b433b7da,images/d72d8b5e970f3df737510f869c2bc73df6af2a46ef27029b1882f4c8b433b7da.jpg,ComplexDataLab/OpenFake,medium,0,0.30609428882598877
d76adf9ebbdb08eac856143ef0eb5b630a6e098976d5e9e9b0b35dcbe0d589f0,images/d76adf9ebbdb08eac856143ef0eb5b630a6e098976d5e9e9b0b35dcbe0d589f0.jpg,ComplexDataLab/OpenFake,low,0,0.0044565931893885136
d76b27fc1684f0939ea16200643ee32d7de3e699c7e53ff81629ce32d1ecefb8,images/d76b27fc1684f0939ea16200643ee32d7de3e699c7e53ff81629ce32d1ecefb8.jpg,ComplexDataLab/OpenFake,medium,1,0.01642543449997902
d77fc7a276efb44cfa0821e413f56c87ceda24cb90a34718eb1b1b743d5dab59,images/d77fc7a276efb44cfa0821e413f56c87ceda24cb90a34718eb1b1b743d5dab59.jpg,ComplexDataLab/OpenFake,medium,0,0.46337592601776123
d802a4ed4f3900a5e19d1fb754e87ffdd2f02de0835aab45e39735d6b115e5e0,images/d802a4ed4f3900a5e19d1fb754e87ffdd2f02de0835aab45e39735d6b115e5e0.png,ComplexDataLab/OpenFake,medium,1,0.7091012597084045
d82eeb3ff38aaab2450eee3ce79ef712c00c0b8718cfa4acfbe4e019781f7518,images/d82eeb3ff38aaab2450eee3ce79ef712c00c0b8718cfa4acfbe4e019781f7518.png,ComplexDataLab/OpenFake,low,1,0.902499258518219
d84c1f454957ccd69c5b6464677e0189106352b1705c59c13251a5e6906a4e64,images/d84c1f454957ccd69c5b6464677e0189106352b1705c59c13251a5e6906a4e64.png,ComplexDataLab/OpenFake,medium,1,0.994648277759552
d85b9ebf78b29c0ac3eed7edfd45ffd0207772a9994d808a77af7bcc48b4b8c3,images/d85b9ebf78b29c0ac3eed7edfd45ffd0207772a9994d808a77af7bcc48b4b8c3.png,ComplexDataLab/OpenFake,medium,1,0.5350351333618164
d87428a9b33d45f27079ccbcac5b34d6e9ea40365b7f058ad7846ba923099ba2,images/d87428a9b33d45f27079ccbcac5b34d6e9ea40365b7f058ad7846ba923099ba2.jpg,ComplexDataLab/OpenFake,medium,0,0.5630698800086975
d90146cda89ee39e03f9d5b1fa2d133bcd3d6e26ea33ee3c53648effdcd7e836,images/d90146cda89ee39e03f9d5b1fa2d133bcd3d6e26ea33ee3c53648effdcd7e836.jpg,ComplexDataLab/OpenFake,medium,0,0.00026137864915654063
d91bb95659443895bb3c8502f3d067ef014e945a91824b26c51b29798d36d788,images/d91bb95659443895bb3c8502f3d067ef014e945a91824b26c51b29798d36d788.jpg,ComplexDataLab/OpenFake,medium,0,0.8744120597839355
d931f69279a1ce072f0cb8b4090b93d1843a8f74f7dbb68c66e4ea7577c7100e,images/d931f69279a1ce072f0cb8b4090b93d1843a8f74f7dbb68c66e4ea7577c7100e.jpg,ComplexDataLab/OpenFake,low,0,0.8574466705322266
d96fcf794345a6cc4723cbb6d03b86080652b550e20fe84afe771464a48b8e7d,images/d96fcf794345a6cc4723cbb6d03b86080652b550e20fe84afe771464a48b8e7d.jpg,ComplexDataLab/OpenFake,medium,0,0.30826255679130554
d975aaff3777354a8524dfd9bcd74d03343ca0cb229c4c49f87bc89eacd562fa,images/d975aaff3777354a8524dfd9bcd74d03343ca0cb229c4c49f87bc89eacd562fa.jpg,ComplexDataLab/OpenFake,low,1,0.7018778920173645
d9a1aa2fa6ee6aa9b2614f029beabc73b5260b9ccbab1edd6e3846d1ced5b8ea,images/d9a1aa2fa6ee6aa9b2614f029beabc73b5260b9ccbab1edd6e3846d1ced5b8ea.png,ComplexDataLab/OpenFake,medium,1,0.9598625898361206
da0583b1a158cb164bebbc00561d179890345b3c82b185c47555bd39ba28bece,images/da0583b1a158cb164bebbc00561d179890345b3c82b185c47555bd39ba28bece.jpg,ComplexDataLab/OpenFake,medium,0,0.0013204104034230113
da31a0220a942015107ffc9e70fa961c51c79ec0906a4c9a02c1b047fa6c0452,images/da31a0220a942015107ffc9e70fa961c51c79ec0906a4c9a02c1b047fa6c0452.jpg,ComplexDataLab/OpenFake,low,1,0.548315167427063
da780a137c3d0c6e2b54134f9ea860e5cf2013495000240deae8a71eee59000c,images/da780a137c3d0c6e2b54134f9ea860e5cf2013495000240deae8a71eee59000c.png,ComplexDataLab/OpenFake,medium,1,0.7210472822189331
da8515567a811f559176046bbd7ca71dae325f0b173de06b52f171e4f5f043b6,images/da8515567a811f559176046bbd7ca71dae325f0b173de06b52f171e4f5f043b6.png,ComplexDataLab/OpenFake,medium,1,0.9998464584350586
daab136d565791d660ea11a64c543ae157cf1141f137fdf05addde18d2e82869,images/daab136d565791d660ea11a64c543ae157cf1141f137fdf05addde18d2e82869.png,ComplexDataLab/OpenFake,low,1,0.9992849230766296
dabc44e6a649209aec3d38d4fa1f8aa4dc182271ad51bd7bb16658186a7f8652,images/dabc44e6a649209aec3d38d4fa1f8aa4dc182271ad51bd7bb16658186a7f8652.jpg,ComplexDataLab/OpenFake,medium,0,0.002891150303184986
db1c4040f97544a98ee734a39248f224afa24279c034ae5ccbfe44e01c9a5984,images/db1c4040f97544a98ee734a39248f224afa24279c034ae5ccbfe44e01c9a5984.png,ComplexDataLab/OpenFake,medium,1,0.18419437110424042
db8283e5fd735991f377331da4e9b088a8889fb05d607d605187470c716b7963,images/db8283e5fd735991f377331da4e9b088a8889fb05d607d605187470c716b7963.png,ComplexDataLab/OpenFake,medium,1,0.9121647477149963
dbc81b719f7ca5bd88c525a2e8b17eda96e9fdbeb484154a7e22277157ed7bdf,images/dbc81b719f7ca5bd88c525a2e8b17eda96e9fdbeb484154a7e22277157ed7bdf.png,ComplexDataLab/OpenFake,medium,1,0.5254426598548889
dbd8a4318ebd36691e2c436bf2faef9918b82ef526f7677efa0b3d27ee98bb17,images/dbd8a4318ebd36691e2c436bf2faef9918b82ef526f7677efa0b3d27ee98bb17.png,ComplexDataLab/OpenFake,medium,1,0.9902681708335876
dbf5147358e0b76c134fb4174c9a59593ffa0064726d09a67d4158415c8903db,images/dbf5147358e0b76c134fb4174c9a59593ffa0064726d09a67d4158415c8903db.jpg,ComplexDataLab/OpenFake,medium,0,0.0841691866517067
dc01617a9624284c023eee876ede52a846f11c81ec8abe804b88d83478cd7e76,images/dc01617a9624284c023eee876ede52a846f11c81ec8abe804b88d83478cd7e76.jpg,ComplexDataLab/OpenFake,medium,0,0.030310608446598053
dc29661847cd24106720f0de01fcbec5612c854e97bbbbc59ca11fdb95d9eed5,images/dc29661847cd24106720f0de01fcbec5612c854e97bbbbc59ca11fdb95d9eed5.jpg,ComplexDataLab/OpenFake,medium,0,0.7925864458084106
dc37020c509c72610d3950f968b103d4ac8898521c49d04a8ff344afa1e3798b,images/dc37020c509c72610d3950f968b103d4ac8898521c49d04a8ff344afa1e3798b.png,ComplexDataLab/OpenFake,medium,1,0.9265149235725403
dc373fd46ce8082c609c7049b6d6b08a19db92335f79c9f76896bbc6722a5515,images/dc373fd46ce8082c609c7049b6d6b08a19db92335f79c9f76896bbc6722a5515.jpg,ComplexDataLab/OpenFake,medium,0,0.30069997906684875
dc87eeaad10dd5c5b77234eb0204e2118eb4cf168afbfce97f9a59afabae8ddb,images/dc87eeaad10dd5c5b77234eb0204e2118eb4cf168afbfce97f9a59afabae8ddb.jpg,ComplexDataLab/OpenFake,medium,0,0.6331614851951599
dcac6ba3bd48490aa006ae81820815db8e1795ae4c8f4f243a78fffa6e967356,images/dcac6ba3bd48490aa006ae81820815db8e1795ae4c8f4f243a78fffa6e967356.jpg,ComplexDataLab/OpenFake,medium,0,0.871329665184021
dccf6fa15821f4535d3819ae55198ba5f06abea5138ba7c1b4f5f27368ce7f23,images/dccf6fa15821f4535d3819ae55198ba5f06abea5138ba7c1b4f5f27368ce7f23.jpg,ComplexDataLab/OpenFake,medium,0,0.5065862536430359
dcd2c19591daf2cbfd2bcb1c4830e97eeb742ba2408f64763ffa480267237f63,images/dcd2c19591daf2cbfd2bcb1c4830e97eeb742ba2408f64763ffa480267237f63.png,ComplexDataLab/OpenFake,medium,1,0.8755449056625366
dd09dd3068cb2d8e0d6c7b3dd15c3b17be0f8a851af820c5feca17230ec4e95b,images/dd09dd3068cb2d8e0d6c7b3dd15c3b17be0f8a851af820c5feca17230ec4e95b.png,ComplexDataLab/OpenFake,low,1,0.992233395576477
dd18df7b38f781b11c260181dc0327820bf8b89e4b23e88f95bb0546bcb6d829,images/dd18df7b38f781b11c260181dc0327820bf8b89e4b23e88f95bb0546bcb6d829.jpg,ComplexDataLab/OpenFake,low,1,0.2116711139678955
dda6c410e0793a7115e01ef848b8610316da3e64afc43489fec0ca543910f347,images/dda6c410e0793a7115e01ef848b8610316da3e64afc43489fec0ca543910f347.jpg,ComplexDataLab/OpenFake,medium,1,0.12159362435340881
ddd9ae1bbef685ea70570786a464d744c95722873f2f9ec3187034786c72966c,images/ddd9ae1bbef685ea70570786a464d744c95722873f2f9ec3187034786c72966c.png,ComplexDataLab/OpenFake,medium,1,0.8696342706680298
dde25b31d92db504d73c99368d6662157d853b91ae3b99b121531fd6f56fc42f,images/dde25b31d92db504d73c99368d6662157d853b91ae3b99b121531fd6f56fc42f.jpg,ComplexDataLab/OpenFake,low,0,0.6682084202766418
de6f63e735dc2dfe6de36932ac12e1b0fc1a3bcce4c7fc0973825c2bbc0d44d5,images/de6f63e735dc2dfe6de36932ac12e1b0fc1a3bcce4c7fc0973825c2bbc0d44d5.png,ComplexDataLab/OpenFake,medium,1,0.766954243183136
de7278bc851757e91b219a4d5003b05ec95ed59cb015709769dc0d3192a087ef,images/de7278bc851757e91b219a4d5003b05ec95ed59cb015709769dc0d3192a087ef.png,ComplexDataLab/OpenFake,medium,1,0.980544924736023
de78cfb6ac87519955fccf7d2852a5207aca84b275edad0c65c117377783f053,images/de78cfb6ac87519955fccf7d2852a5207aca84b275edad0c65c117377783f053.jpg,ComplexDataLab/OpenFake,medium,0,0.1521173119544983
dea6c2efbae9192d3f7126c07a34f4b49bf20552a931a9aa7bf8a5826226f02e,images/dea6c2efbae9192d3f7126c07a34f4b49bf20552a931a9aa7bf8a5826226f02e.png,ComplexDataLab/OpenFake,medium,1,0.945823073387146
dea9759161aaac39b66878fb0c9f8a1fa71e7c04657c47a9a0fcc79ac620939d,images/dea9759161aaac39b66878fb0c9f8a1fa71e7c04657c47a9a0fcc79ac620939d.jpg,ComplexDataLab/OpenFake,medium,0,0.08631400018930435
dec3465e15cdd3d107fc961bfa32b01a11441ee70169b3565c74a5119db14e0d,images/dec3465e15cdd3d107fc961bfa32b01a11441ee70169b3565c74a5119db14e0d.jpg,ComplexDataLab/OpenFake,low,0,0.04309219866991043
dee8c94d19fb31484b0f30b946dabcebb891304f087ee3fb82f5c1c3bb1f75d9,images/dee8c94d19fb31484b0f30b946dabcebb891304f087ee3fb82f5c1c3bb1f75d9.png,ComplexDataLab/OpenFake,medium,1,0.9895022511482239
df0c132418cf0f481e0151f78b2c059c665c054ffbd56d5e056601a1c2c862ef,images/df0c132418cf0f481e0151f78b2c059c665c054ffbd56d5e056601a1c2c862ef.png,ComplexDataLab/OpenFake,medium,1,0.8074115514755249
df1c4fd1ca76fbe1f0323935746ff37cf185defbdc27934b11ee3b9a16c02b80,images/df1c4fd1ca76fbe1f0323935746ff37cf185defbdc27934b11ee3b9a16c02b80.jpg,ComplexDataLab/OpenFake,medium,0,0.0936572328209877
df60c070316d0c7f41977e18195bdb9a9e77ba049a8871551ceb64bc860fdd63,images/df60c070316d0c7f41977e18195bdb9a9e77ba049a8871551ceb64bc860fdd63.jpg,ComplexDataLab/OpenFake,low,0,0.9892579913139343
df6808b76272bc58b91db76b4f8852df72f41128b172bb9916129aabb8ea867c,images/df6808b76272bc58b91db76b4f8852df72f41128b172bb9916129aabb8ea867c.png,ComplexDataLab/OpenFake,high,1,0.9963485598564148
df9bc81396682d84264e5de42d52252732277c89e49865e6ed3e54a9fcb8758b,images/df9bc81396682d84264e5de42d52252732277c89e49865e6ed3e54a9fcb8758b.jpg,ComplexDataLab/OpenFake,medium,0,0.0003215990145690739
e020b31cbf0a3fb6384278f845d8cbf47ce4e51c6131f32fa579cd7a9dbead1a,images/e020b31cbf0a3fb6384278f845d8cbf47ce4e51c6131f32fa579cd7a9dbead1a.jpg,ComplexDataLab/OpenFake,low,0,0.8918089270591736
e039c9608ece123f58af45636439d1375c43423888ef34ca6230166fbe448352,images/e039c9608ece123f58af45636439d1375c43423888ef34ca6230166fbe448352.jpg,ComplexDataLab/OpenFake,medium,0,0.03053518943488598
e08ac5c00da1a8abdb02f6bd19eb4ab41d72ec6aca76fc2f68c49ead03e1ce89,images/e08ac5c00da1a8abdb02f6bd19eb4ab41d72ec6aca76fc2f68c49ead03e1ce89.png,ComplexDataLab/OpenFake,medium,1,0.9938910007476807
e0b6627b789c60261f9327bac0b2d1171b7b3e528d3da0c4876b7d0539ce1950,images/e0b6627b789c60261f9327bac0b2d1171b7b3e528d3da0c4876b7d0539ce1950.jpg,ComplexDataLab/OpenFake,medium,0,0.0038542081601917744
e0c41adc56354762d4bb508c273ed009e99ba111b4570661ba01eb17d2ed0ef9,images/e0c41adc56354762d4bb508c273ed009e99ba111b4570661ba01eb17d2ed0ef9.jpg,ComplexDataLab/OpenFake,medium,0,0.005329398438334465
e1008351bb152cb452f917590c415a5ebbae2073ad42e4261329b43dbad5d6dd,images/e1008351bb152cb452f917590c415a5ebbae2073ad42e4261329b43dbad5d6dd.jpg,ComplexDataLab/OpenFake,medium,0,0.7699916958808899
e1cbec9d93eee8d7bd14604e5f4c63c4e22e56d01e7b3326b1d90f0ec13316dc,images/e1cbec9d93eee8d7bd14604e5f4c63c4e22e56d01e7b3326b1d90f0ec13316dc.png,ComplexDataLab/OpenFake,medium,1,0.9843420386314392
e226168e72221cf8d0f8d5224ed38d4ec482ef4b83b21a78d24ea4643537f0d1,images/e226168e72221cf8d0f8d5224ed38d4ec482ef4b83b21a78d24ea4643537f0d1.jpg,ComplexDataLab/OpenFake,medium,0,0.010037142783403397
e2377d129b99506546622be3b90600d6130addc2e0bc1ae4b450f1ed3e47b022,images/e2377d129b99506546622be3b90600d6130addc2e0bc1ae4b450f1ed3e47b022.jpg,ComplexDataLab/OpenFake,medium,0,0.021075021475553513
e2a8dea38a2056ad4e00333997b31a5007a6b08bf901b31a44bc4e8757eca9b1,images/e2a8dea38a2056ad4e00333997b31a5007a6b08bf901b31a44bc4e8757eca9b1.png,ComplexDataLab/OpenFake,medium,1,0.998872697353363
e2ced96352ff6218c6b0998b365863ea1f2b2cf379638cb31bbe5522accf2898,images/e2ced96352ff6218c6b0998b365863ea1f2b2cf379638cb31bbe5522accf2898.jpg,ComplexDataLab/OpenFake,medium,1,0.9512395858764648
e2ee51e17fdf741fc68df3d7219a7a821cfa12a32fd509633a59302dddaffea8,images/e2ee51e17fdf741fc68df3d7219a7a821cfa12a32fd509633a59302dddaffea8.jpg,ComplexDataLab/OpenFake,medium,0,0.005315764807164669
e343059e540802a1fb3b688a4c270c9851f8165322ed9b7e96eecaa5d4f8cb5a,images/e343059e540802a1fb3b688a4c270c9851f8165322ed9b7e96eecaa5d4f8cb5a.jpg,ComplexDataLab/OpenFake,medium,0,0.0004213945067021996
e34e9c0c50b107913e4b1fbabd32cba8b4e246e8650dccb1a4cc7683bbd11ae0,images/e34e9c0c50b107913e4b1fbabd32cba8b4e246e8650dccb1a4cc7683bbd11ae0.jpg,ComplexDataLab/OpenFake,medium,0,0.040434688329696655
e417f463240e8161a6ff10871355d68125c834c58a390d841aa029269f3dacd5,images/e417f463240e8161a6ff10871355d68125c834c58a390d841aa029269f3dacd5.png,ComplexDataLab/OpenFake,medium,1,0.9356544613838196
e4347359ccfbca1425d05e7bb5e793945ce56895cddf82fdc0b153cdf83e413b,images/e4347359ccfbca1425d05e7bb5e793945ce56895cddf82fdc0b153cdf83e413b.png,ComplexDataLab/OpenFake,medium,1,0.7965665459632874
e44ed1c77456cdfc1d9f7fe3f92be797d5284cab2306850f1af89f5d3de665d7,images/e44ed1c77456cdfc1d9f7fe3f92be797d5284cab2306850f1af89f5d3de665d7.jpg,ComplexDataLab/OpenFake,low,0,0.0017930228495970368
e47a60c1f49271502f00cd8b7a8bf54790ed3531fb7a6a77a8414b05687126f5,images/e47a60c1f49271502f00cd8b7a8bf54790ed3531fb7a6a77a8414b05687126f5.jpg,ComplexDataLab/OpenFake,medium,1,0.38573870062828064
e48a68cc12af25f634b662b6368953d7718a149f9f2543f957d3bd292bb59c36,images/e48a68cc12af25f634b662b6368953d7718a149f9f2543f957d3bd292bb59c36.jpg,ComplexDataLab/OpenFake,low,0,0.004695695359259844
e4be1032618d0645c8afd62a1da7672fd6148bfcb287eb1f9fed54aeea08256f,images/e4be1032618d0645c8afd62a1da7672fd6148bfcb287eb1f9fed54aeea08256f.jpg,ComplexDataLab/OpenFake,medium,0,0.4395284950733185
e4dcb1b7c5c03ab2cf373802be052964ab017bba57c5d841c81d90347ad06c4c,images/e4dcb1b7c5c03ab2cf373802be052964ab017bba57c5d841c81d90347ad06c4c.jpg,ComplexDataLab/OpenFake,medium,0,0.9872807860374451
e53031879dcc328fde5b7f528f329367b7528a679f5617fe6ab0030cc9d8d022,images/e53031879dcc328fde5b7f528f329367b7528a679f5617fe6ab0030cc9d8d022.jpg,ComplexDataLab/OpenFake,medium,0,0.037891097366809845
e5646b4210884c08c74cbdad4f863cba352337a125e163c510906c17c56bbce1,images/e5646b4210884c08c74cbdad4f863cba352337a125e163c510906c17c56bbce1.jpg,ComplexDataLab/OpenFake,medium,0,0.48410895466804504
e56b6a2084b51745513fef6340a3887aa514b5be8db711d2141e31bc5e0c7bf7,images/e56b6a2084b51745513fef6340a3887aa514b5be8db711d2141e31bc5e0c7bf7.png,ComplexDataLab/OpenFake,low,1,0.9438664317131042
e56e2f5b66a57a620ba70b556ecf916ec8aa135d73a7d8754afc553d46d58ec8,images/e56e2f5b66a57a620ba70b556ecf916ec8aa135d73a7d8754afc553d46d58ec8.jpg,ComplexDataLab/OpenFake,medium,0,0.01661447249352932
e58ae918e5b2c6d32e0891fc36d7d9ce4b3a0dca6bb0d09094eef2765e1b4b05,images/e58ae918e5b2c6d32e0891fc36d7d9ce4b3a0dca6bb0d09094eef2765e1b4b05.jpg,ComplexDataLab/OpenFake,medium,0,0.00018560550233814865
e59c2fb635417bc2508e837cfe2c9fb9966d118d2d38b085ada37dc3d4b7faad,images/e59c2fb635417bc2508e837cfe2c9fb9966d118d2d38b085ada37dc3d4b7faad.png,ComplexDataLab/OpenFake,low,1,0.924508273601532
e5b1772035127163d2b013f898e1fd26826a1265052ce8bd11856278a40a8435,images/e5b1772035127163d2b013f898e1fd26826a1265052ce8bd11856278a40a8435.png,ComplexDataLab/OpenFake,medium,1,0.9737116694450378
e5b202f9453fff3db7b7c881838e00b8416be51b4e95be88b72f89d3e466f6ca,images/e5b202f9453fff3db7b7c881838e00b8416be51b4e95be88b72f89d3e466f6ca.png,ComplexDataLab/OpenFake,medium,1,0.9424116611480713
e637c7511a2de0f3317ffba2951d657895a8c59bb7f1f0b39930133d1932e5ab,images/e637c7511a2de0f3317ffba2951d657895a8c59bb7f1f0b39930133d1932e5ab.jpg,ComplexDataLab/OpenFake,low,0,0.39860352873802185
e6423eebbf58c6993a10d2a6673f7f1eeb496541ec497dc40017c1cd57de1980,images/e6423eebbf58c6993a10d2a6673f7f1eeb496541ec497dc40017c1cd57de1980.jpg,ComplexDataLab/OpenFake,medium,0,0.019682209938764572
e65c0644c50d6e2a89c2e6ed66a937af3e5feb1f333edb0a0e5afafcfedb296e,images/e65c0644c50d6e2a89c2e6ed66a937af3e5feb1f333edb0a0e5afafcfedb296e.jpg,ComplexDataLab/OpenFake,low,0,0.843559741973877
e6714ac06a404b71993ccf545284226f9dac570a94f49e5ca22dd21c344520fc,images/e6714ac06a404b71993ccf545284226f9dac570a94f49e5ca22dd21c344520fc.jpg,ComplexDataLab/OpenFake,medium,0,0.5389344692230225
e693e0de14c7bf14e43f1defe408ec51e6e5adbceeb3480b5dbf3836bcab763b,images/e693e0de14c7bf14e43f1defe408ec51e6e5adbceeb3480b5dbf3836bcab763b.png,ComplexDataLab/OpenFake,high,1,0.9479996562004089
e6be6cc8dc285b8024cbd0bc61ef22b7057c72b675a7cf1111caa165e510762d,images/e6be6cc8dc285b8024cbd0bc61ef22b7057c72b675a7cf1111caa165e510762d.png,ComplexDataLab/OpenFake,medium,1,0.9671705961227417
e6c303903c122a1837e5e208d9c873bf309bd1f095e63b3ec46d5cd37ae4c9e3,images/e6c303903c122a1837e5e208d9c873bf309bd1f095e63b3ec46d5cd37ae4c9e3.jpg,ComplexDataLab/OpenFake,medium,0,0.7858929634094238
e6fd58a9fe7f24edf1c74fe2a009acdd34ecf884b34daf21ba01e7e7b5b60a17,images/e6fd58a9fe7f24edf1c74fe2a009acdd34ecf884b34daf21ba01e7e7b5b60a17.jpg,ComplexDataLab/OpenFake,medium,0,0.024626897647976875
e70508adb481ec12bd75490e8dedb84a96d2d22a0f00d08539aff08e352071c7,images/e70508adb481ec12bd75490e8dedb84a96d2d22a0f00d08539aff08e352071c7.jpg,ComplexDataLab/OpenFake,medium,0,0.13743135333061218
e75a529350d91d3769bf5dec7041b9a5d251011be24e428da32d52c180e367b9,images/e75a529350d91d3769bf5dec7041b9a5d251011be24e428da32d52c180e367b9.jpg,ComplexDataLab/OpenFake,low,0,0.000122996571008116
e79369bc88e7aa240e319fb22b4cbec612407459ce01d9cd0523fc3539457cf7,images/e79369bc88e7aa240e319fb22b4cbec612407459ce01d9cd0523fc3539457cf7.png,ComplexDataLab/OpenFake,low,1,0.05318315327167511
e7a4ac9fffa947d5ba77c7aa46471390551913cbb6647555a4b208bae3fd98f1,images/e7a4ac9fffa947d5ba77c7aa46471390551913cbb6647555a4b208bae3fd98f1.jpg,ComplexDataLab/OpenFake,medium,0,0.07780983299016953
e7b0ad6ee50f143b48e9049c75c4827f8cbed257d7c5b417063e3b6ec05607fd,images/e7b0ad6ee50f143b48e9049c75c4827f8cbed257d7c5b417063e3b6ec05607fd.jpg,ComplexDataLab/OpenFake,medium,0,0.1442718505859375
e8c93d61ae13f68b52b6c803a0fe26e6192cb4a5cfad3c95b78adab3d5d7e4bc,images/e8c93d61ae13f68b52b6c803a0fe26e6192cb4a5cfad3c95b78adab3d5d7e4bc.jpg,ComplexDataLab/OpenFake,medium,0,0.06785641610622406
e9290492c05c69ff088fb88b20e6cba7afd6993b4f02fb5dcab88db1537457e2,images/e9290492c05c69ff088fb88b20e6cba7afd6993b4f02fb5dcab88db1537457e2.jpg,ComplexDataLab/OpenFake,medium,0,0.00034044295898638666
e92940664edfacae286da30c613558edd1d11bd12574c5fffea0bc5de5be6527,images/e92940664edfacae286da30c613558edd1d11bd12574c5fffea0bc5de5be6527.png,ComplexDataLab/OpenFake,low,1,0.9984292387962341
e938c66db62164824175c19603adcc248affb3465ac82042e9ef748a580306d8,images/e938c66db62164824175c19603adcc248affb3465ac82042e9ef748a580306d8.webp,ComplexDataLab/OpenFake,medium,1,0.2632743716239929
e93a51a935ce7f59c66798986208019eb5aecfbdce0aca2d72d04a4cb4f100b8,images/e93a51a935ce7f59c66798986208019eb5aecfbdce0aca2d72d04a4cb4f100b8.jpg,ComplexDataLab/OpenFake,medium,0,0.6990200281143188
e956e3fd9d1c280eeb8919c5181ce09fe2903c0faeab320aa16bdeea373741cf,images/e956e3fd9d1c280eeb8919c5181ce09fe2903c0faeab320aa16bdeea373741cf.jpg,ComplexDataLab/OpenFake,low,0,5.8081746828975156e-05
ea060d7c89f0ba561222222ab2ae25ce4e58ea699d1e74bd8fe5bdda2ea26572,images/ea060d7c89f0ba561222222ab2ae25ce4e58ea699d1e74bd8fe5bdda2ea26572.png,ComplexDataLab/OpenFake,low,1,0.9824016690254211
ea20cbb5c5d78439debe74ebd8fe25106751a3c3b4a9423019a0b9ce7bb6b74d,images/ea20cbb5c5d78439debe74ebd8fe25106751a3c3b4a9423019a0b9ce7bb6b74d.png,ComplexDataLab/OpenFake,low,1,0.8912093639373779
ea29ab4c83a8c7d68f5cf12f67962647f17e073d2f61a18779f23f3a48192bbe,images/ea29ab4c83a8c7d68f5cf12f67962647f17e073d2f61a18779f23f3a48192bbe.jpg,ComplexDataLab/OpenFake,medium,0,0.7350077629089355
ea5ec078aa1ba9a2175e55d3ca7e3fd51cfa721297eabea7cf4e0b7caaa0e460,images/ea5ec078aa1ba9a2175e55d3ca7e3fd51cfa721297eabea7cf4e0b7caaa0e460.jpg,ComplexDataLab/OpenFake,low,0,0.0003497182042337954
ea5f887f987e2dcc8c1dd7afde11ecb366c4d32f1d0133d58bf5f2fd051d251e,images/ea5f887f987e2dcc8c1dd7afde11ecb366c4d32f1d0133d58bf5f2fd051d251e.png,ComplexDataLab/OpenFake,medium,1,0.9903174638748169
eaee3a87255020089020d3ab06c29a1d7b33eefeb5a5016eb8cae5e538e798dd,images/eaee3a87255020089020d3ab06c29a1d7b33eefeb5a5016eb8cae5e538e798dd.jpg,ComplexDataLab/OpenFake,low,0,0.11635944992303848
eaf983cf37edfb3e3366480ef5ffcd2a654c482fdf4899f15213d5737157491b,images/eaf983cf37edfb3e3366480ef5ffcd2a654c482fdf4899f15213d5737157491b.jpg,ComplexDataLab/OpenFake,medium,0,0.15324367582798004
eb270e52b277d25700e8e60b37c434c8fc8dc01c30079ab7a39a346b9f14c25e,images/eb270e52b277d25700e8e60b37c434c8fc8dc01c30079ab7a39a346b9f14c25e.jpg,ComplexDataLab/OpenFake,medium,0,0.3747323155403137
ec0ccc7fa2722405ae8e46b33d0dcf5f0c22c67f71f57938599ef3aefb53db7a,images/ec0ccc7fa2722405ae8e46b33d0dcf5f0c22c67f71f57938599ef3aefb53db7a.jpg,ComplexDataLab/OpenFake,medium,0,0.006754528731107712
ec0d345c20754888dd99a586dafb61544a672664a4bf9b7b697410081f83de85,images/ec0d345c20754888dd99a586dafb61544a672664a4bf9b7b697410081f83de85.jpg,ComplexDataLab/OpenFake,medium,0,0.014014902524650097
ec0f982485bc5f813930848059f8c417996e049278dfe9d2a0aa67cdcdd0390c,images/ec0f982485bc5f813930848059f8c417996e049278dfe9d2a0aa67cdcdd0390c.png,ComplexDataLab/OpenFake,medium,1,0.7271445989608765
ec2788963a5cdd73874380a360fbc93d38ccdfc669ab8ae521973e92952bb7e7,images/ec2788963a5cdd73874380a360fbc93d38ccdfc669ab8ae521973e92952bb7e7.jpg,ComplexDataLab/OpenFake,low,0,0.9560569524765015
ec5ea19472b91496afdeeb8982eaa5d8e08c42b41211327213b9af5319cf099a,images/ec5ea19472b91496afdeeb8982eaa5d8e08c42b41211327213b9af5319cf099a.jpg,ComplexDataLab/OpenFake,medium,1,0.0198217760771513
ec5eb889887d0b0dba351ba5abb84506c13cc4db237bb0816a51b9b84ce7745e,images/ec5eb889887d0b0dba351ba5abb84506c13cc4db237bb0816a51b9b84ce7745e.jpg,ComplexDataLab/OpenFake,medium,0,0.09073197096586227
ecaa40e7726d270eb398ab99a4c476898ad617039c38be61403c3980ba549744,images/ecaa40e7726d270eb398ab99a4c476898ad617039c38be61403c3980ba549744.jpg,ComplexDataLab/OpenFake,low,0,0.01965588703751564
ecdf43406997018530a6ef4f63290b06339b9eb49d7d22e25972c9ef87494cbf,images/ecdf43406997018530a6ef4f63290b06339b9eb49d7d22e25972c9ef87494cbf.jpg,ComplexDataLab/OpenFake,medium,0,0.6209776401519775
ed1c84cbe56af98e3c61311cae047e39e8d1494a43b102cfd206580ac27ebb91,images/ed1c84cbe56af98e3c61311cae047e39e8d1494a43b102cfd206580ac27ebb91.png,ComplexDataLab/OpenFake,medium,1,0.8448150753974915
ed74615f60ab1dd7f336d114818df152ceb41c9396237d35f619a1faa798a033,images/ed74615f60ab1dd7f336d114818df152ceb41c9396237d35f619a1faa798a033.jpg,ComplexDataLab/OpenFake,medium,0,0.10569466650485992
ed7bad72ff369d40b900fe5438b6bb4a97e29203162c8e748814fe8f49a211dd,images/ed7bad72ff369d40b900fe5438b6bb4a97e29203162c8e748814fe8f49a211dd.png,ComplexDataLab/OpenFake,medium,1,0.9675246477127075
ed97f8dd65159cb7a04f1cdb0fa7380a2ab9e81d75f2b16d3fe5496363c8d3fd,images/ed97f8dd65159cb7a04f1cdb0fa7380a2ab9e81d75f2b16d3fe5496363c8d3fd.jpg,ComplexDataLab/OpenFake,low,0,0.7570192217826843
edc32d464c59bb364e9ebf6c528643c22113e8b3be045d7c6c3bda1e59dcee69,images/edc32d464c59bb364e9ebf6c528643c22113e8b3be045d7c6c3bda1e59dcee69.jpg,ComplexDataLab/OpenFake,medium,0,0.0008238958544097841
ee2d799ebcac61c0aed7258296140b695f4ac637b9441eeabaa81bf28760cc8a,images/ee2d799ebcac61c0aed7258296140b695f4ac637b9441eeabaa81bf28760cc8a.png,ComplexDataLab/OpenFake,low,1,0.832030177116394
ee451883abda53a3bc5436e8bf839ef85b4b26493d00cc73132b7be58186a721,images/ee451883abda53a3bc5436e8bf839ef85b4b26493d00cc73132b7be58186a721.jpg,ComplexDataLab/OpenFake,medium,0,0.8531564474105835
ee89a5cda1326c99c0b54f85fc18ad130c3b63bf4eb22a76b993fb41f0fc3373,images/ee89a5cda1326c99c0b54f85fc18ad130c3b63bf4eb22a76b993fb41f0fc3373.png,ComplexDataLab/OpenFake,low,1,0.5824790596961975
ee90bf45b6bd2c08b2b05063ab2502c158693463ca8d3c173fc83eb2894cfa6b,images/ee90bf45b6bd2c08b2b05063ab2502c158693463ca8d3c173fc83eb2894cfa6b.jpg,ComplexDataLab/OpenFake,medium,0,0.00710625946521759
eeb94d4b8c6e3aa02aa4c12aa4f27efa018c71880b4d4b8d1bc5378b96eb27f9,images/eeb94d4b8c6e3aa02aa4c12aa4f27efa018c71880b4d4b8d1bc5378b96eb27f9.png,ComplexDataLab/OpenFake,medium,1,0.9888218641281128
eebc5a29824d06d848f92ad4b7a868a27099cafe6d8df5a3a63d53e7a7b6bfdd,images/eebc5a29824d06d848f92ad4b7a868a27099cafe6d8df5a3a63d53e7a7b6bfdd.jpg,ComplexDataLab/OpenFake,high,0,0.5993075370788574
eec0dff61bb6cd8a6849fdb74144b5d03c5e48e7ac359ff24b2ae664c14d92d9,images/eec0dff61bb6cd8a6849fdb74144b5d03c5e48e7ac359ff24b2ae664c14d92d9.jpg,ComplexDataLab/OpenFake,medium,1,0.7298821210861206
eec4bd2a1dc1a222ff5231271fe59b5b6a59728ec83d60494acb8a352051e2b5,images/eec4bd2a1dc1a222ff5231271fe59b5b6a59728ec83d60494acb8a352051e2b5.png,ComplexDataLab/OpenFake,medium,1,0.7747278809547424
eeda3ce43277955cb13b07603360dcddf524636e3ae2477beeb0ed8c6507c799,images/eeda3ce43277955cb13b07603360dcddf524636e3ae2477beeb0ed8c6507c799.jpg,ComplexDataLab/OpenFake,low,0,0.0012260484509170055
ef41fbc2657439a4ca23f0452179799172ab904583fba07520dd333273f7bd54,images/ef41fbc2657439a4ca23f0452179799172ab904583fba07520dd333273f7bd54.jpg,ComplexDataLab/OpenFake,medium,0,0.10177015513181686
ef48c403c257002808efb808e93b03567072c47d528ee32beaf79ee8cdba120b,images/ef48c403c257002808efb808e93b03567072c47d528ee32beaf79ee8cdba120b.jpg,ComplexDataLab/OpenFake,low,0,0.0027774267364293337
ef5dbea79b09c1c355a35d6c47495ed191cdc89c97e88e7345edf837f79da59f,images/ef5dbea79b09c1c355a35d6c47495ed191cdc89c97e88e7345edf837f79da59f.jpg,ComplexDataLab/OpenFake,low,0,0.6907217502593994
f02094281494da3cbd04d1bf49e78c4d8aad58ad7189bcabcb0dd3b4ef9c678f,images/f02094281494da3cbd04d1bf49e78c4d8aad58ad7189bcabcb0dd3b4ef9c678f.png,ComplexDataLab/OpenFake,medium,1,0.7277532815933228
f054e829a4a6d80c79af175918b6f802d10b82db5fb9352ee567f8cd1a952c2b,images/f054e829a4a6d80c79af175918b6f802d10b82db5fb9352ee567f8cd1a952c2b.png,ComplexDataLab/OpenFake,medium,1,0.9908757209777832
f072d3c8dd343fd8b25bb12ffce4db7bcbeb3552c87187aee511cbf58f338aca,images/f072d3c8dd343fd8b25bb12ffce4db7bcbeb3552c87187aee511cbf58f338aca.jpg,ComplexDataLab/OpenFake,low,1,0.4907950162887573
f0737f6e1bc4aeadcd4706d33023d13700f5cc5360a0c4ec6ef42f83e605a773,images/f0737f6e1bc4aeadcd4706d33023d13700f5cc5360a0c4ec6ef42f83e605a773.png,ComplexDataLab/OpenFake,medium,1,0.8073481321334839
f08e638722601e640f2a055c10c1f894454decbfe3c9014f0990d91352e21c93,images/f08e638722601e640f2a055c10c1f894454decbfe3c9014f0990d91352e21c93.png,ComplexDataLab/OpenFake,medium,1,0.999799907207489
f0960d579925b156b1ddf60bce625b1f245e599e3452a9406185cc9a1ab0d1d6,images/f0960d579925b156b1ddf60bce625b1f245e599e3452a9406185cc9a1ab0d1d6.png,ComplexDataLab/OpenFake,low,1,0.9578897356987
f0ceecd6eae5d7ba7b876ae28eb901aabdcb83950c1d1336ada0612f735c5288,images/f0ceecd6eae5d7ba7b876ae28eb901aabdcb83950c1d1336ada0612f735c5288.png,ComplexDataLab/OpenFake,medium,1,0.8475493788719177
f208d268d06a3f89772dafa1bcdc14851b588d437565e291d3fd9f28ae159958,images/f208d268d06a3f89772dafa1bcdc14851b588d437565e291d3fd9f28ae159958.jpg,ComplexDataLab/OpenFake,medium,0,0.026402698829770088
f2174e7f779f6aaddfa6afe3cb8809f85585c1930a63df319d42b9c59ff084d1,images/f2174e7f779f6aaddfa6afe3cb8809f85585c1930a63df319d42b9c59ff084d1.jpg,ComplexDataLab/OpenFake,low,1,0.16807088255882263
f22f4d739299b93055d43ee7329ce67ad6a167d53621aa5b7fa5b665f9fd7a3b,images/f22f4d739299b93055d43ee7329ce67ad6a167d53621aa5b7fa5b665f9fd7a3b.png,ComplexDataLab/OpenFake,low,1,0.9584903717041016
f28d562c454f2d809775f9bc7056aab92205e18513d0b1adc9b1800ef17f0255,images/f28d562c454f2d809775f9bc7056aab92205e18513d0b1adc9b1800ef17f0255.jpg,ComplexDataLab/OpenFake,medium,0,0.025024153292179108
f2b243c1ba9f320c0e233adfb6b66a18160dfeb7730053918ce42d87c9f5c095,images/f2b243c1ba9f320c0e233adfb6b66a18160dfeb7730053918ce42d87c9f5c095.jpg,ComplexDataLab/OpenFake,medium,0,0.0010892505524680018
f2b6119f46685938bb1b7b274dce02da699e53702efc68d1cb4299997737c072,images/f2b6119f46685938bb1b7b274dce02da699e53702efc68d1cb4299997737c072.png,ComplexDataLab/OpenFake,medium,1,0.09182880818843842
f2b9546501d23ef2d0b7056917092067ceea3434479005fefecfa985b0b2bece,images/f2b9546501d23ef2d0b7056917092067ceea3434479005fefecfa985b0b2bece.png,ComplexDataLab/OpenFake,medium,1,0.9433006048202515
f2d38cb6c6dc31d535ecec1b5b93565c44a46bb86bba608e7301c0af814f841e,images/f2d38cb6c6dc31d535ecec1b5b93565c44a46bb86bba608e7301c0af814f841e.jpg,ComplexDataLab/OpenFake,medium,0,0.0418623648583889
f2e00f962b781fdba32661610707ac853216503a45bacfd08e9d1ad42d676064,images/f2e00f962b781fdba32661610707ac853216503a45bacfd08e9d1ad42d676064.jpg,ComplexDataLab/OpenFake,medium,0,0.014124851673841476
f3087ec42b093a0d95d1e819991be4ed37264fb9fd43c4fa0daa0d9ecf05c376,images/f3087ec42b093a0d95d1e819991be4ed37264fb9fd43c4fa0daa0d9ecf05c376.png,ComplexDataLab/OpenFake,high,1,0.9994810223579407
f3214b838b15693fd97e7929e1d1c7e3188a17fc8b055b6d3baf140ae165d676,images/f3214b838b15693fd97e7929e1d1c7e3188a17fc8b055b6d3baf140ae165d676.jpg,ComplexDataLab/OpenFake,medium,1,0.9038568735122681
f36b6935ef2b0e36c9eff8de94a6e12e3c7c348c5f163c6c675a09ca9e980434,images/f36b6935ef2b0e36c9eff8de94a6e12e3c7c348c5f163c6c675a09ca9e980434.png,ComplexDataLab/OpenFake,medium,1,0.9976430535316467
f37e7af30b3814230aaa32eed4d296726e21667066e8f37eac23344464b96e85,images/f37e7af30b3814230aaa32eed4d296726e21667066e8f37eac23344464b96e85.jpg,ComplexDataLab/OpenFake,low,0,0.9532732367515564
f3a6a2c6600e5903265e80583cdfc0fe8da6ef099eacb7dbabeeeff9bc84f7b8,images/f3a6a2c6600e5903265e80583cdfc0fe8da6ef099eacb7dbabeeeff9bc84f7b8.jpg,ComplexDataLab/OpenFake,medium,0,0.19386076927185059
f3b17de77e333317320fd05b06d4dbdefd6f6575e31613df9498bd88ef9cd342,images/f3b17de77e333317320fd05b06d4dbdefd6f6575e31613df9498bd88ef9cd342.jpg,ComplexDataLab/OpenFake,medium,0,0.47979480028152466
f4115c296be02b1232cbbbd8f7496675ebe3f57d245f6e822b52306f9a279a39,images/f4115c296be02b1232cbbbd8f7496675ebe3f57d245f6e822b52306f9a279a39.png,ComplexDataLab/OpenFake,medium,1,0.8735887408256531
f43905e70b7f00aa13062d503c7e88f420ba92d9a1ccd8831031d909c8fa14ed,images/f43905e70b7f00aa13062d503c7e88f420ba92d9a1ccd8831031d909c8fa14ed.jpg,ComplexDataLab/OpenFake,medium,0,0.7800933718681335
f451533aa0a42aeec70be47ec5ad33e25aa62a0f4eaef27ac6fe8fe1c7e76448,images/f451533aa0a42aeec70be47ec5ad33e25aa62a0f4eaef27ac6fe8fe1c7e76448.png,ComplexDataLab/OpenFake,medium,1,0.9487248659133911
f4f466f50137b8cc3845a22ee00272e2661ca3eeac13b98f2be531551fdcf46a,images/f4f466f50137b8cc3845a22ee00272e2661ca3eeac13b98f2be531551fdcf46a.jpg,ComplexDataLab/OpenFake,medium,0,0.6055899262428284
f505c3d78a55812f0e63a05e436feff3294dd373bd34db5e0a9f8ec90f85ca70,images/f505c3d78a55812f0e63a05e436feff3294dd373bd34db5e0a9f8ec90f85ca70.jpg,ComplexDataLab/OpenFake,medium,0,0.3785848915576935
f54780444020c448f52d0f0a64b49196c6fbc6ae1c692586db92ce9bbedee45d,images/f54780444020c448f52d0f0a64b49196c6fbc6ae1c692586db92ce9bbedee45d.png,ComplexDataLab/OpenFake,medium,1,0.8763118982315063
f58f3dafb76293cfe49b7fb91c3281b874cb8435c6afea694eace669d5782841,images/f58f3dafb76293cfe49b7fb91c3281b874cb8435c6afea694eace669d5782841.png,ComplexDataLab/OpenFake,medium,1,0.2636204957962036
f59e6a3a362788047303facccea3eaed56b43714dbb3b80ea548a364953c198f,images/f59e6a3a362788047303facccea3eaed56b43714dbb3b80ea548a364953c198f.png,ComplexDataLab/OpenFake,low,1,0.10382538288831711
f5da32ef017276c143bab9cee5af6f9e6ed44fa73af16ae404004ab487244463,images/f5da32ef017276c143bab9cee5af6f9e6ed44fa73af16ae404004ab487244463.jpg,ComplexDataLab/OpenFake,low,1,0.8205598592758179
f60c927c2c7509438192907b66f9e1bc7c2b289328206efd60b380f852edd340,images/f60c927c2c7509438192907b66f9e1bc7c2b289328206efd60b380f852edd340.jpg,ComplexDataLab/OpenFake,medium,0,0.03368416056036949
f63f0bbaa9f9e95015c62451b9fb82d55f188832667e98f404e731d7714f7df6,images/f63f0bbaa9f9e95015c62451b9fb82d55f188832667e98f404e731d7714f7df6.png,ComplexDataLab/OpenFake,medium,1,0.5980113744735718
f65ecb47c6f4e7b534d1747d5d127eb6a06c57ee3060989f8a2430d816e931b6,images/f65ecb47c6f4e7b534d1747d5d127eb6a06c57ee3060989f8a2430d816e931b6.jpg,ComplexDataLab/OpenFake,medium,0,0.01196453720331192
f68f7534f9d407c72e0b4d982372945f96153166d2bb91068ec2f63ee9e44ecf,images/f68f7534f9d407c72e0b4d982372945f96153166d2bb91068ec2f63ee9e44ecf.png,ComplexDataLab/OpenFake,medium,1,0.9785804748535156
f726d67d4d0490926f241bdc0287132049869d14ffe0284abc1a61ddfcdef827,images/f726d67d4d0490926f241bdc0287132049869d14ffe0284abc1a61ddfcdef827.png,ComplexDataLab/OpenFake,medium,1,0.8942824602127075
f758b0e7433b38415d7bf99c31dc0fa333492be339ae67c6c53ba045af32e2d2,images/f758b0e7433b38415d7bf99c31dc0fa333492be339ae67c6c53ba045af32e2d2.webp,ComplexDataLab/OpenFake,medium,1,0.9689281582832336
f78eca03913e5b56de63506d25f14c418243191f3646264338a241f359ee9628,images/f78eca03913e5b56de63506d25f14c418243191f3646264338a241f359ee9628.jpg,ComplexDataLab/OpenFake,medium,0,0.0006682680686935782
f78f95d8e2830f46562442a549e235f72d056b9a9c305acc5bd820c2ef532722,images/f78f95d8e2830f46562442a549e235f72d056b9a9c305acc5bd820c2ef532722.jpg,ComplexDataLab/OpenFake,medium,0,0.0009198827319778502
f7ff53c16924bd810fc0766bc98ee3a0da3d4938e8ff4c451a44f21042dfc0d1,images/f7ff53c16924bd810fc0766bc98ee3a0da3d4938e8ff4c451a44f21042dfc0d1.jpg,ComplexDataLab/OpenFake,medium,1,0.8903376460075378
f84e46e8f44b2f7998f8ee1c0f42fa07f531f643f42463b52c406c13502af447,images/f84e46e8f44b2f7998f8ee1c0f42fa07f531f643f42463b52c406c13502af447.png,ComplexDataLab/OpenFake,medium,1,0.9985468983650208
f86031aaf66f4bc36f6b8840a2d1d7ed5a4ae35520a516df05ee534889ddedb3,images/f86031aaf66f4bc36f6b8840a2d1d7ed5a4ae35520a516df05ee534889ddedb3.png,ComplexDataLab/OpenFake,medium,1,0.9989354014396667
f8ddf07d0685ca85edff178773841a4482a05cf678e4e0b45a30d6789e770398,images/f8ddf07d0685ca85edff178773841a4482a05cf678e4e0b45a30d6789e770398.jpg,ComplexDataLab/OpenFake,medium,0,0.024158500134944916
f901be9089ca831d2e65e5178cf8d28e3463504bcb505944d602869681bf4884,images/f901be9089ca831d2e65e5178cf8d28e3463504bcb505944d602869681bf4884.jpg,ComplexDataLab/OpenFake,low,0,0.010113556869328022
f9cc0abd5732d27761c579ab78bdc0044cdd81cdd9b24926674138b3605bde77,images/f9cc0abd5732d27761c579ab78bdc0044cdd81cdd9b24926674138b3605bde77.png,ComplexDataLab/OpenFake,low,1,0.9524962902069092
f9f908d6f76c9fedc5136b53fc858cfca5933361357c6b5047ad87730186924c,images/f9f908d6f76c9fedc5136b53fc858cfca5933361357c6b5047ad87730186924c.png,ComplexDataLab/OpenFake,medium,1,0.9310078620910645
fa20fca3616ece80bff08b8969e62bcc2ef8aa2b1f4e35d7f55a180e0f0a0a60,images/fa20fca3616ece80bff08b8969e62bcc2ef8aa2b1f4e35d7f55a180e0f0a0a60.jpg,ComplexDataLab/OpenFake,low,0,0.009161233901977539
fa69240fdc5e48d053602de47738478b2bc115af3354e3b077bb3e414e456e20,images/fa69240fdc5e48d053602de47738478b2bc115af3354e3b077bb3e414e456e20.jpg,ComplexDataLab/OpenFake,medium,0,0.594880998134613
fa8b0cbd0eb3f08901f9d3820bbf0ad85b72d84537427cbf69c4125e94c5e6bf,images/fa8b0cbd0eb3f08901f9d3820bbf0ad85b72d84537427cbf69c4125e94c5e6bf.jpg,ComplexDataLab/OpenFake,medium,0,0.015449658036231995
fa9d5f8e1337b139e35f4648071dad4d5a94a2a35d77a840b98e1ef9ca2e38f1,images/fa9d5f8e1337b139e35f4648071dad4d5a94a2a35d77a840b98e1ef9ca2e38f1.png,ComplexDataLab/OpenFake,medium,1,0.9874635934829712
facf7e6273d6048f5a9f02722d8080f796bd2e361e3a3c5a0795eedbb2f071b8,images/facf7e6273d6048f5a9f02722d8080f796bd2e361e3a3c5a0795eedbb2f071b8.png,ComplexDataLab/OpenFake,medium,1,0.9972456693649292
faf5eee7ebadd867cbdc3a1cb213ffc631f8975365b64b011da5af25b3b38b77,images/faf5eee7ebadd867cbdc3a1cb213ffc631f8975365b64b011da5af25b3b38b77.jpg,ComplexDataLab/OpenFake,medium,0,0.0011982944561168551
fb3c35334df287ed9b340ff756a6a0aa8895179b25ad4d3749a6d5916decdf4b,images/fb3c35334df287ed9b340ff756a6a0aa8895179b25ad4d3749a6d5916decdf4b.png,ComplexDataLab/OpenFake,low,1,0.9959086179733276
fb532c315060ee70a408d7fd081f60e7669126d8ca6de86d8eef959dd21c521f,images/fb532c315060ee70a408d7fd081f60e7669126d8ca6de86d8eef959dd21c521f.jpg,ComplexDataLab/OpenFake,low,0,0.0023364624939858913
fc8cc7a1188c1d6676e2f96b9f8fb5c510558b616de711aaf18dff9314c2ced3,images/fc8cc7a1188c1d6676e2f96b9f8fb5c510558b616de711aaf18dff9314c2ced3.jpg,ComplexDataLab/OpenFake,medium,0,0.03883768990635872
fcdc5d26899e531863d674bb390c8596e77d17d396b2de195db7e29e022eaf3e,images/fcdc5d26899e531863d674bb390c8596e77d17d396b2de195db7e29e022eaf3e.jpg,ComplexDataLab/OpenFake,medium,0,0.00041034084279090166
fd33a4285630c0b0ed774b1f2a028b830843618e58bc29c393e942935bc8111f,images/fd33a4285630c0b0ed774b1f2a028b830843618e58bc29c393e942935bc8111f.png,ComplexDataLab/OpenFake,medium,1,0.9993839263916016
fd58fb1d663d772c9b8e8438eb61f92d30a31fee1c3a7a35411039bc6deeeca1,images/fd58fb1d663d772c9b8e8438eb61f92d30a31fee1c3a7a35411039bc6deeeca1.png,ComplexDataLab/OpenFake,medium,0,0.23621517419815063
fd6982b180e856a7f74f482296c108889ae71a5e7d786ebed7e5bd1c7684e9dd,images/fd6982b180e856a7f74f482296c108889ae71a5e7d786ebed7e5bd1c7684e9dd.jpg,ComplexDataLab/OpenFake,low,0,0.8553639054298401
fdbe648f3b80348067e8ac765811c57eb0036d79665420bad38ad3a406302e55,images/fdbe648f3b80348067e8ac765811c57eb0036d79665420bad38ad3a406302e55.jpg,ComplexDataLab/OpenFake,medium,0,0.033192574977874756
fe8bf93c943039d615f98c4b7199ee0079ee1ab6b5e42a4fbb86b67fa26c6784,images/fe8bf93c943039d615f98c4b7199ee0079ee1ab6b5e42a4fbb86b67fa26c6784.jpg,ComplexDataLab/OpenFake,medium,0,0.000507945369463414
fed4e37675fdc0032a0fa264cb318f4248951c26a0694f11503cec35a573e12b,images/fed4e37675fdc0032a0fa264cb318f4248951c26a0694f11503cec35a573e12b.png,ComplexDataLab/OpenFake,low,1,0.8632684350013733
fed84956ad8d5bc426b30258c986c60ce248c0d45d5b325b1caeb3ee0f707bda,images/fed84956ad8d5bc426b30258c986c60ce248c0d45d5b325b1caeb3ee0f707bda.jpg,ComplexDataLab/OpenFake,medium,0,0.00415409728884697
ff0c205c14e919dd16f5d13920a6719e98e0dbf459df6d4f00176bd1a1f1b73a,images/ff0c205c14e919dd16f5d13920a6719e98e0dbf459df6d4f00176bd1a1f1b73a.jpg,ComplexDataLab/OpenFake,medium,0,0.05019338056445122
ff25bbb3dd6285984b174343f154c02447d9316b49dfdba3e51f7726b5d008a0,images/ff25bbb3dd6285984b174343f154c02447d9316b49dfdba3e51f7726b5d008a0.png,ComplexDataLab/OpenFake,medium,1,0.9962016940116882
ff441f06a0b9f8b9ba080cb10b51d511c0428f523f25f0712532d82b29f5c636,images/ff441f06a0b9f8b9ba080cb10b51d511c0428f523f25f0712532d82b29f5c636.png,ComplexDataLab/OpenFake,medium,1,0.9250353574752808
ff622ab98286801c2a2123a9f3077c1066f145a9270999052e638a6f3cbf0022,images/ff622ab98286801c2a2123a9f3077c1066f145a9270999052e638a6f3cbf0022.jpg,ComplexDataLab/OpenFake,medium,0,0.00022477675520349294
ff7d9840cdf4fe6284e943c43615570aca0cc02743ba5191ea1f38da9916c235,images/ff7d9840cdf4fe6284e943c43615570aca0cc02743ba5191ea1f38da9916c235.jpg,ComplexDataLab/OpenFake,medium,0,0.927493155002594
ffb769a2e2771209a1db1accd478d782f104e1912147163479028a5926809f23,images/ffb769a2e2771209a1db1accd478d782f104e1912147163479028a5926809f23.jpg,ComplexDataLab/OpenFake,medium,0,0.007251461502164602
ffe31c6d0ed2e940f44e302105eeee7e1c27b9fb88c2cf24cae175e23b11bedc,images/ffe31c6d0ed2e940f44e302105eeee7e1c27b9fb88c2cf24cae175e23b11bedc.jpg,ComplexDataLab/OpenFake,medium,0,0.17591926455497742
