image_id,image_path,source_dataset,source_original_path,source_original_paths_json,sha256,source_dataset_url,source_dataset_license,source_original_id,source_requested_revision,source_resolved_revision,real_fake_label,real_fake_label_name,real_fake_label_provenance,annotation_type,sensitivity_label_quality,human_annotation_available,human_annotation_source,human_sensitivity_score,human_sensitivity_label,predicted_sensitivity_score,predicted_sensitivity_label,p_ge_1,p_ge_2,final_sensitivity_score,final_sensitivity_label,model_version,checkpoint_sha256,v3_supervision_split
00294dcb68a832c07c7fede8179e6f9caa0e209ef1622436be2502c9dfdfaa2a,human_annotated/images/00294dcb68a832c07c7fede8179e6f9caa0e209ef1622436be2502c9dfdfaa2a.png,ComplexDataLab/OpenFake,data/datasets/openfake/pilot-600/images/fake/00294dcb68a832c07c7fede8179e6f9caa0e209ef1622436be2502c9dfdfaa2a.png,"[""data/datasets/openfake/pilot-600/images/fake/00294dcb68a832c07c7fede8179e6f9caa0e209ef1622436be2502c9dfdfaa2a.png""]",00294dcb68a832c07c7fede8179e6f9caa0e209ef1622436be2502c9dfdfaa2a,https://huggingface.co/datasets/ComplexDataLab/OpenFake,CC-BY-NC-4.0,,v1.0,,1,fake,collection_manifest_normalized_label_verified_by_sha256,human,human,true,human_master_final,1,medium,1,medium,0.92597496509552,0.014802010729908943,1,medium,resnet50_layer4_fc_weighted_ordinal_v3,48f6495d4a62ded10d98c3835ffcd33c8f5c653e5df19cb03aef62582060e9b4,training
0044cb3e58cacc4afc961798a33f77b3e83bc5b43787ea5a66f97b7095241392,human_annotated/images/0044cb3e58cacc4afc961798a33f77b3e83bc5b43787ea5a66f97b7095241392.png,saberzl/SID_Set,data/datasets/sid-set/candidate-1500/images/fake/0044cb3e58cacc4afc961798a33f77b3e83bc5b43787ea5a66f97b7095241392.png,"[""data/datasets/sid-set/candidate-1500/images/fake/0044cb3e58cacc4afc961798a33f77b3e83bc5b43787ea5a66f97b7095241392.png""]",0044cb3e58cacc4afc961798a33f77b3e83bc5b43787ea5a66f97b7095241392,https://huggingface.co/datasets/saberzl/SID_Set,CC-BY-4.0,full_synthetic_068905,main,dc03ead57929879319ce30a82bfcfb8d317b10bd,1,fake,collection_manifest_normalized_label_verified_by_sha256,human,human,true,consolidated_human_review,1,medium,1,medium,0.908676028251648,0.41539624333381653,1,medium,resnet50_layer4_fc_weighted_ordinal_v3,48f6495d4a62ded10d98c3835ffcd33c8f5c653e5df19cb03aef62582060e9b4,training
008594762f20ec8efb62efe09d5cf0dee237e5c2b2e32f60c50c06d911d58f3e,human_annotated/images/008594762f20ec8efb62efe09d5cf0dee237e5c2b2e32f60c50c06d911d58f3e.jpg,ComplexDataLab/OpenFake,data/datasets/openfake/pilot-600/images/real/008594762f20ec8efb62efe09d5cf0dee237e5c2b2e32f60c50c06d911d58f3e.jpg,"[""data/datasets/openfake/pilot-600/images/real/008594762f20ec8efb62efe09d5cf0dee237e5c2b2e32f60c50c06d911d58f3e.jpg""]",008594762f20ec8efb62efe09d5cf0dee237e5c2b2e32f60c50c06d911d58f3e,https://huggingface.co/datasets/ComplexDataLab/OpenFake,CC-BY-NC-4.0,,v1.0,,0,real,collection_manifest_normalized_label_verified_by_sha256,human,human,true,human_master_final,1,medium,1,medium,0.9854787588119507,0.2120424062013626,1,medium,resnet50_layer4_fc_weighted_ordinal_v3,48f6495d4a62ded10d98c3835ffcd33c8f5c653e5df19cb03aef62582060e9b4,training
00c0435d508a73bbeda582d06bf261b98b6913a56226e7cf29da67737ddd5e20,human_annotated/images/00c0435d508a73bbeda582d06bf261b98b6913a56226e7cf29da67737ddd5e20.webp,ComplexDataLab/OpenFake,data/datasets/openfake/additional-900/images/fake/00c0435d508a73bbeda582d06bf261b98b6913a56226e7cf29da67737ddd5e20.webp,"[""data/datasets/openfake/additional-900/images/fake/00c0435d508a73bbeda582d06bf261b98b6913a56226e7cf29da67737ddd5e20.webp""]",00c0435d508a73bbeda582d06bf261b98b6913a56226e7cf29da67737ddd5e20,https://huggingface.co/datasets/ComplexDataLab/OpenFake,CC-BY-NC-4.0,,v1.0,750279a9710d3d98bbc6d0d87250312cfdf922a0,1,fake,collection_manifest_normalized_label_verified_by_sha256,human,human,true,consolidated_human_review,1,medium,1,medium,0.7545387148857117,0.41569095849990845,1,medium,resnet50_layer4_fc_weighted_ordinal_v3,48f6495d4a62ded10d98c3835ffcd33c8f5c653e5df19cb03aef62582060e9b4,validation
00d551ef32ea946c29602bb6de3293a4653624b19fa1e84f67408f10d8430132,human_annotated/images/00d551ef32ea946c29602bb6de3293a4653624b19fa1e84f67408f10d8430132.png,ComplexDataLab/OpenFake,data/datasets/openfake/pilot-600/images/fake/00d551ef32ea946c29602bb6de3293a4653624b19fa1e84f67408f10d8430132.png,"[""data/datasets/openfake/pilot-600/images/fake/00d551ef32ea946c29602bb6de3293a4653624b19fa1e84f67408f10d8430132.png""]",00d551ef32ea946c29602bb6de3293a4653624b19fa1e84f67408f10d8430132,https://huggingface.co/datasets/ComplexDataLab/OpenFake,CC-BY-NC-4.0,,v1.0,,1,fake,collection_manifest_normalized_label_verified_by_sha256,human,human,true,human_master_final,0,low,1,medium,0.5907598733901978,0.04522373527288437,0,low,resnet50_layer4_fc_weighted_ordinal_v3,48f6495d4a62ded10d98c3835ffcd33c8f5c653e5df19cb03aef62582060e9b4,training
0147939617332895c4c6c426c1c4ea6fd587365762d02e1b3188f5712e0673a7,human_annotated/images/0147939617332895c4c6c426c1c4ea6fd587365762d02e1b3188f5712e0673a7.jpg,RRDataset,data/datasets/RRDataset/selection_1500/sara/real/real_001245.jpg,"[""data/datasets/RRDataset/selection_1500/sara/real/real_001245.jpg""]",0147939617332895c4c6c426c1c4ea6fd587365762d02e1b3188f5712e0673a7,https://zenodo.org/records/14963880,CC-BY-4.0,,,,0,real,rrdataset_local_directory_verified_by_sha256,human,human,true,consolidated_human_review,0,low,0,low,0.15187396109104156,0.05735735222697258,0,low,resnet50_layer4_fc_weighted_ordinal_v3,48f6495d4a62ded10d98c3835ffcd33c8f5c653e5df19cb03aef62582060e9b4,training
01c2dc25de4fd1137d5eba4c85cd924388783d41a356f5ba7652aaafb537132c,human_annotated/images/01c2dc25de4fd1137d5eba4c85cd924388783d41a356f5ba7652aaafb537132c.jpg,saberzl/SID_Set,data/datasets/sid-set/candidate-1500/images/real/01c2dc25de4fd1137d5eba4c85cd924388783d41a356f5ba7652aaafb537132c.jpg,"[""data/datasets/sid-set/candidate-1500/images/real/01c2dc25de4fd1137d5eba4c85cd924388783d41a356f5ba7652aaafb537132c.jpg""]",01c2dc25de4fd1137d5eba4c85cd924388783d41a356f5ba7652aaafb537132c,https://huggingface.co/datasets/saberzl/SID_Set,CC-BY-4.0,533fe1327dec9737,main,dc03ead57929879319ce30a82bfcfb8d317b10bd,0,real,collection_manifest_normalized_label_verified_by_sha256,human,human,true,human_master_final,0,low,1,medium,0.5926224589347839,0.08415575325489044,0,low,resnet50_layer4_fc_weighted_ordinal_v3,48f6495d4a62ded10d98c3835ffcd33c8f5c653e5df19cb03aef62582060e9b4,frozen_test
02386a52b1b73b5fe1b4f9d5e32618571533c7271b2185107e11c13f68246f41,human_annotated/images/02386a52b1b73b5fe1b4f9d5e32618571533c7271b2185107e11c13f68246f41.jpg,RRDataset,data/datasets/RRDataset/selection_1500/giovanni/real/real_008927.jpg,"[""data/datasets/RRDataset/selection_1500/giovanni/real/real_008927.jpg""]",02386a52b1b73b5fe1b4f9d5e32618571533c7271b2185107e11c13f68246f41,https://zenodo.org/records/14963880,CC-BY-4.0,,,,0,real,rrdataset_local_directory_verified_by_sha256,human,human,true,human_master_final,1,medium,1,medium,0.8579138517379761,0.08587056398391724,1,medium,resnet50_layer4_fc_weighted_ordinal_v3,48f6495d4a62ded10d98c3835ffcd33c8f5c653e5df19cb03aef62582060e9b4,training
024121446d9b4c927e70c286c359bf61324585372cae6ea98c1bf41d597582c6,human_annotated/images/024121446d9b4c927e70c286c359bf61324585372cae6ea98c1bf41d597582c6.png,RRDataset,data/datasets/RRDataset/selection_1500/sara/ai/War_&_Conflict_Scenes_000468.png,"[""data/datasets/RRDataset/selection_1500/sara/ai/War_&_Conflict_Scenes_000468.png""]",024121446d9b4c927e70c286c359bf61324585372cae6ea98c1bf41d597582c6,https://zenodo.org/records/14963880,CC-BY-4.0,,,,1,fake,rrdataset_local_directory_verified_by_sha256,human,human,true,human_master_final,1,medium,1,medium,0.8765830397605896,0.05084273964166641,1,medium,resnet50_layer4_fc_weighted_ordinal_v3,48f6495d4a62ded10d98c3835ffcd33c8f5c653e5df19cb03aef62582060e9b4,training
025491dce15d071c5e15aaa21b0e00402c4b7ebe88998548a850752645f53650,human_annotated/images/025491dce15d071c5e15aaa21b0e00402c4b7ebe88998548a850752645f53650.png,RRDataset,data/datasets/RRDataset/selection_1500/sara/ai/War_&_Conflict_Scenes_000061.png,"[""data/datasets/RRDataset/selection_1500/sara/ai/War_&_Conflict_Scenes_000061.png""]",025491dce15d071c5e15aaa21b0e00402c4b7ebe88998548a850752645f53650,https://zenodo.org/records/14963880,CC-BY-4.0,,,,1,fake,rrdataset_local_directory_verified_by_sha256,human,human,true,human_master_final,1,medium,1,medium,0.8442947864532471,0.23996534943580627,1,medium,resnet50_layer4_fc_weighted_ordinal_v3,48f6495d4a62ded10d98c3835ffcd33c8f5c653e5df19cb03aef62582060e9b4,training
02748a7ea7f4b4c86e6af44b003fe6e3f019a88377fa69a53a9b8be93f443daf,human_annotated/images/02748a7ea7f4b4c86e6af44b003fe6e3f019a88377fa69a53a9b8be93f443daf.jpg,saberzl/SID_Set,data/datasets/sid-set/candidate-1500/images/real/02748a7ea7f4b4c86e6af44b003fe6e3f019a88377fa69a53a9b8be93f443daf.jpg,"[""data/datasets/sid-set/candidate-1500/images/real/02748a7ea7f4b4c86e6af44b003fe6e3f019a88377fa69a53a9b8be93f443daf.jpg""]",02748a7ea7f4b4c86e6af44b003fe6e3f019a88377fa69a53a9b8be93f443daf,https://huggingface.co/datasets/saberzl/SID_Set,CC-BY-4.0,01319a4c71e952a6,main,dc03ead57929879319ce30a82bfcfb8d317b10bd,0,real,collection_manifest_normalized_label_verified_by_sha256,human,human,true,human_master_final,0,low,0,low,0.22217626869678497,0.04079974442720413,0,low,resnet50_layer4_fc_weighted_ordinal_v3,48f6495d4a62ded10d98c3835ffcd33c8f5c653e5df19cb03aef62582060e9b4,frozen_test
02b4ff836d7f3edf0e68eaaa2a045baec77cbb402246f9baff14194db49fdde7,human_annotated/images/02b4ff836d7f3edf0e68eaaa2a045baec77cbb402246f9baff14194db49fdde7.jpg,ComplexDataLab/OpenFake,data/datasets/openfake/additional-900/images/real/02b4ff836d7f3edf0e68eaaa2a045baec77cbb402246f9baff14194db49fdde7.jpg,"[""data/datasets/openfake/additional-900/images/real/02b4ff836d7f3edf0e68eaaa2a045baec77cbb402246f9baff14194db49fdde7.jpg""]",02b4ff836d7f3edf0e68eaaa2a045baec77cbb402246f9baff14194db49fdde7,https://huggingface.co/datasets/ComplexDataLab/OpenFake,CC-BY-NC-4.0,,v1.0,750279a9710d3d98bbc6d0d87250312cfdf922a0,0,real,collection_manifest_normalized_label_verified_by_sha256,human,human,true,consolidated_human_review,1,medium,1,medium,0.8258737921714783,0.028591815382242203,1,medium,resnet50_layer4_fc_weighted_ordinal_v3,48f6495d4a62ded10d98c3835ffcd33c8f5c653e5df19cb03aef62582060e9b4,validation
02fc55f36e68646fcb41c0234e3cad56c7b3768529c45ea9242d05597f789ae6,human_annotated/images/02fc55f36e68646fcb41c0234e3cad56c7b3768529c45ea9242d05597f789ae6.jpg,saberzl/SID_Set,data/datasets/sid-set/candidate-1500/images/real/02fc55f36e68646fcb41c0234e3cad56c7b3768529c45ea9242d05597f789ae6.jpg,"[""data/datasets/sid-set/candidate-1500/images/real/02fc55f36e68646fcb41c0234e3cad56c7b3768529c45ea9242d05597f789ae6.jpg""]",02fc55f36e68646fcb41c0234e3cad56c7b3768529c45ea9242d05597f789ae6,https://huggingface.co/datasets/saberzl/SID_Set,CC-BY-4.0,6c7d5b0c6e59d1d3,main,dc03ead57929879319ce30a82bfcfb8d317b10bd,0,real,collection_manifest_normalized_label_verified_by_sha256,human,human,true,consolidated_human_review,0,low,1,medium,0.8423348665237427,0.17766238749027252,0,low,resnet50_layer4_fc_weighted_ordinal_v3,48f6495d4a62ded10d98c3835ffcd33c8f5c653e5df19cb03aef62582060e9b4,validation
034a3d4070847840505a010c78888746d367be6658457fc770780c5d5f9e0681,human_annotated/images/034a3d4070847840505a010c78888746d367be6658457fc770780c5d5f9e0681.jpg,ComplexDataLab/OpenFake,data/datasets/openfake/additional-900/images/real/034a3d4070847840505a010c78888746d367be6658457fc770780c5d5f9e0681.jpg,"[""data/datasets/openfake/additional-900/images/real/034a3d4070847840505a010c78888746d367be6658457fc770780c5d5f9e0681.jpg""]",034a3d4070847840505a010c78888746d367be6658457fc770780c5d5f9e0681,https://huggingface.co/datasets/ComplexDataLab/OpenFake,CC-BY-NC-4.0,,v1.0,750279a9710d3d98bbc6d0d87250312cfdf922a0,0,real,collection_manifest_normalized_label_verified_by_sha256,human,human,true,consolidated_human_review,1,medium,1,medium,0.9237592816352844,0.03087305836379528,1,medium,resnet50_layer4_fc_weighted_ordinal_v3,48f6495d4a62ded10d98c3835ffcd33c8f5c653e5df19cb03aef62582060e9b4,training
036304a4c432ccbb930f006425afff9ea0ccd6e0ccd28fd4004c03d0979914b0,human_annotated/images/036304a4c432ccbb930f006425afff9ea0ccd6e0ccd28fd4004c03d0979914b0.jpg,RRDataset,data/datasets/RRDataset/selection_1500/sara/real/real_000388.jpg,"[""data/datasets/RRDataset/selection_1500/sara/real/real_000388.jpg""]",036304a4c432ccbb930f006425afff9ea0ccd6e0ccd28fd4004c03d0979914b0,https://zenodo.org/records/14963880,CC-BY-4.0,,,,0,real,rrdataset_local_directory_verified_by_sha256,human,human,true,human_master_final,1,medium,0,low,0.42334046959877014,0.018417540937662125,1,medium,resnet50_layer4_fc_weighted_ordinal_v3,48f6495d4a62ded10d98c3835ffcd33c8f5c653e5df19cb03aef62582060e9b4,frozen_test
036f70333998ec27791d7595d9315bf278d7c55b7d96a6b0983b35960a9af1aa,human_annotated/images/036f70333998ec27791d7595d9315bf278d7c55b7d96a6b0983b35960a9af1aa.png,RRDataset,data/datasets/RRDataset/selection_1500/lorenzo/ai/Political_&_Social_Events_000101.png,"[""data/datasets/RRDataset/selection_1500/lorenzo/ai/Political_&_Social_Events_000101.png""]",036f70333998ec27791d7595d9315bf278d7c55b7d96a6b0983b35960a9af1aa,https://zenodo.org/records/14963880,CC-BY-4.0,,,,1,fake,rrdataset_local_directory_verified_by_sha256,human,human,true,consolidated_human_review,1,medium,1,medium,0.9823285937309265,0.1428425908088684,1,medium,resnet50_layer4_fc_weighted_ordinal_v3,48f6495d4a62ded10d98c3835ffcd33c8f5c653e5df19cb03aef62582060e9b4,validation
039c6a10e9760ad25aee5291f61c34588f938d3a57b0d1edd7101837e37dc18d,human_annotated/images/039c6a10e9760ad25aee5291f61c34588f938d3a57b0d1edd7101837e37dc18d.png,RRDataset,data/datasets/RRDataset/selection_1500/lorenzo/ai/War_&_Conflict_Scenes_000523.png,"[""data/datasets/RRDataset/selection_1500/lorenzo/ai/War_&_Conflict_Scenes_000523.png""]",039c6a10e9760ad25aee5291f61c34588f938d3a57b0d1edd7101837e37dc18d,https://zenodo.org/records/14963880,CC-BY-4.0,,,,1,fake,rrdataset_local_directory_verified_by_sha256,human,human,true,human_master_final,2,high,2,high,0.9685208797454834,0.5024155974388123,2,high,resnet50_layer4_fc_weighted_ordinal_v3,48f6495d4a62ded10d98c3835ffcd33c8f5c653e5df19cb03aef62582060e9b4,training
03bd8c2585b6244c18dae7d992578ac52bcf5c7c31d9cfde18a1d1002670ed96,human_annotated/images/03bd8c2585b6244c18dae7d992578ac52bcf5c7c31d9cfde18a1d1002670ed96.jpg,ComplexDataLab/OpenFake,data/datasets/openfake/pilot-600/images/real/03bd8c2585b6244c18dae7d992578ac52bcf5c7c31d9cfde18a1d1002670ed96.jpg,"[""data/datasets/openfake/pilot-600/images/real/03bd8c2585b6244c18dae7d992578ac52bcf5c7c31d9cfde18a1d1002670ed96.jpg""]",03bd8c2585b6244c18dae7d992578ac52bcf5c7c31d9cfde18a1d1002670ed96,https://huggingface.co/datasets/ComplexDataLab/OpenFake,CC-BY-NC-4.0,,v1.0,,0,real,collection_manifest_normalized_label_verified_by_sha256,human,human,true,human_master_final,0,low,0,low,0.187851682305336,0.013805541209876537,0,low,resnet50_layer4_fc_weighted_ordinal_v3,48f6495d4a62ded10d98c3835ffcd33c8f5c653e5df19cb03aef62582060e9b4,frozen_test
03de9c707a42412e78c18e974e7a5ee2fc8d7b6e6bc9abbdcb9c9b23f60ecd0a,human_annotated/images/03de9c707a42412e78c18e974e7a5ee2fc8d7b6e6bc9abbdcb9c9b23f60ecd0a.jpg,ComplexDataLab/OpenFake,data/datasets/openfake/pilot-600/images/real/03de9c707a42412e78c18e974e7a5ee2fc8d7b6e6bc9abbdcb9c9b23f60ecd0a.jpg,"[""data/datasets/openfake/pilot-600/images/real/03de9c707a42412e78c18e974e7a5ee2fc8d7b6e6bc9abbdcb9c9b23f60ecd0a.jpg""]",03de9c707a42412e78c18e974e7a5ee2fc8d7b6e6bc9abbdcb9c9b23f60ecd0a,https://huggingface.co/datasets/ComplexDataLab/OpenFake,CC-BY-NC-4.0,,v1.0,,0,real,collection_manifest_normalized_label_verified_by_sha256,human,human,true,human_master_final,0,low,1,medium,0.519982099533081,0.026612086221575737,0,low,resnet50_layer4_fc_weighted_ordinal_v3,48f6495d4a62ded10d98c3835ffcd33c8f5c653e5df19cb03aef62582060e9b4,training
03fea5da992e31226d60b47fabc9099bb9150804e563b7a5d1bf1a970acaecdc,human_annotated/images/03fea5da992e31226d60b47fabc9099bb9150804e563b7a5d1bf1a970acaecdc.png,RRDataset,data/datasets/RRDataset/selection_1500/giovanni/ai/War_&_Conflict_Scenes_000724.png,"[""data/datasets/RRDataset/selection_1500/giovanni/ai/War_&_Conflict_Scenes_000724.png""]",03fea5da992e31226d60b47fabc9099bb9150804e563b7a5d1bf1a970acaecdc,https://zenodo.org/records/14963880,CC-BY-4.0,,,,1,fake,rrdataset_local_directory_verified_by_sha256,human,human,true,consolidated_human_review,2,high,1,medium,0.8962174654006958,0.40923336148262024,2,high,resnet50_layer4_fc_weighted_ordinal_v3,48f6495d4a62ded10d98c3835ffcd33c8f5c653e5df19cb03aef62582060e9b4,training
0444a8dbadba66ac8169e326ab74f6153e6307d043e42b9b3421f7065cb99388,human_annotated/images/0444a8dbadba66ac8169e326ab74f6153e6307d043e42b9b3421f7065cb99388.jpg,RRDataset,data/datasets/RRDataset/selection_1500/sara/real/real_000694.jpg,"[""data/datasets/RRDataset/selection_1500/sara/real/real_000694.jpg""]",0444a8dbadba66ac8169e326ab74f6153e6307d043e42b9b3421f7065cb99388,https://zenodo.org/records/14963880,CC-BY-4.0,,,,0,real,rrdataset_local_directory_verified_by_sha256,human,human,true,human_master_final,1,medium,1,medium,0.7552109360694885,0.003173894016072154,1,medium,resnet50_layer4_fc_weighted_ordinal_v3,48f6495d4a62ded10d98c3835ffcd33c8f5c653e5df19cb03aef62582060e9b4,frozen_test
045fc1c8fe52d12262dde8c3933400944984610a76683bd538f5839a14309555,human_annotated/images/045fc1c8fe52d12262dde8c3933400944984610a76683bd538f5839a14309555.png,ComplexDataLab/OpenFake,data/datasets/openfake/pilot-600/images/fake/045fc1c8fe52d12262dde8c3933400944984610a76683bd538f5839a14309555.png,"[""data/datasets/openfake/pilot-600/images/fake/045fc1c8fe52d12262dde8c3933400944984610a76683bd538f5839a14309555.png""]",045fc1c8fe52d12262dde8c3933400944984610a76683bd538f5839a14309555,https://huggingface.co/datasets/ComplexDataLab/OpenFake,CC-BY-NC-4.0,,v1.0,,1,fake,collection_manifest_normalized_label_verified_by_sha256,human,human,true,human_master_final,0,low,0,low,0.431972473859787,0.0604989193379879,0,low,resnet50_layer4_fc_weighted_ordinal_v3,48f6495d4a62ded10d98c3835ffcd33c8f5c653e5df19cb03aef62582060e9b4,training
04c4d0637769e0efaed8de9d1dc7fe72fde874d71bd5d94209d4bde3a8393ba2,human_annotated/images/04c4d0637769e0efaed8de9d1dc7fe72fde874d71bd5d94209d4bde3a8393ba2.png,RRDataset,data/datasets/RRDataset/selection_1500/sara/ai/Natural_Disasters_&_Accidents_000066.png,"[""data/datasets/RRDataset/selection_1500/sara/ai/Natural_Disasters_&_Accidents_000066.png""]",04c4d0637769e0efaed8de9d1dc7fe72fde874d71bd5d94209d4bde3a8393ba2,https://zenodo.org/records/14963880,CC-BY-4.0,,,,1,fake,rrdataset_local_directory_verified_by_sha256,human,human,true,human_master_final,0,low,0,low,0.289999783039093,0.12377917766571045,0,low,resnet50_layer4_fc_weighted_ordinal_v3,48f6495d4a62ded10d98c3835ffcd33c8f5c653e5df19cb03aef62582060e9b4,training
04ca52d8dc4cdf229af48394be5a3fee6ac0c6fe8a3e290df815e91be8de2814,human_annotated/images/04ca52d8dc4cdf229af48394be5a3fee6ac0c6fe8a3e290df815e91be8de2814.png,saberzl/SID_Set,data/datasets/sid-set/candidate-1500/images/fake/04ca52d8dc4cdf229af48394be5a3fee6ac0c6fe8a3e290df815e91be8de2814.png,"[""data/datasets/sid-set/candidate-1500/images/fake/04ca52d8dc4cdf229af48394be5a3fee6ac0c6fe8a3e290df815e91be8de2814.png""]",04ca52d8dc4cdf229af48394be5a3fee6ac0c6fe8a3e290df815e91be8de2814,https://huggingface.co/datasets/saberzl/SID_Set,CC-BY-4.0,full_synthetic_068188,main,dc03ead57929879319ce30a82bfcfb8d317b10bd,1,fake,collection_manifest_normalized_label_verified_by_sha256,human,human,true,human_master_final,0,low,0,low,0.26328369975090027,0.03327430784702301,0,low,resnet50_layer4_fc_weighted_ordinal_v3,48f6495d4a62ded10d98c3835ffcd33c8f5c653e5df19cb03aef62582060e9b4,training
04ff629a92b0be237e5872ab65749303d0de15df814f00635e8183625a6cfaaf,human_annotated/images/04ff629a92b0be237e5872ab65749303d0de15df814f00635e8183625a6cfaaf.jpg,RRDataset,data/datasets/RRDataset/selection_1500/giovanni/real/real_007135.jpg,"[""data/datasets/RRDataset/selection_1500/giovanni/real/real_007135.jpg""]",04ff629a92b0be237e5872ab65749303d0de15df814f00635e8183625a6cfaaf,https://zenodo.org/records/14963880,CC-BY-4.0,,,,0,real,rrdataset_local_directory_verified_by_sha256,human,human,true,human_master_final,1,medium,1,medium,0.9013028740882874,0.05444704368710518,1,medium,resnet50_layer4_fc_weighted_ordinal_v3,48f6495d4a62ded10d98c3835ffcd33c8f5c653e5df19cb03aef62582060e9b4,training
056e94ca3802b167d68c51ef79a45b9d8156d3d3749d75c11a2478714015bab9,human_annotated/images/056e94ca3802b167d68c51ef79a45b9d8156d3d3749d75c11a2478714015bab9.jpg,saberzl/SID_Set,data/datasets/sid-set/candidate-1500/images/real/056e94ca3802b167d68c51ef79a45b9d8156d3d3749d75c11a2478714015bab9.jpg,"[""data/datasets/sid-set/candidate-1500/images/real/056e94ca3802b167d68c51ef79a45b9d8156d3d3749d75c11a2478714015bab9.jpg""]",056e94ca3802b167d68c51ef79a45b9d8156d3d3749d75c11a2478714015bab9,https://huggingface.co/datasets/saberzl/SID_Set,CC-BY-4.0,9746b8d044151aee,main,dc03ead57929879319ce30a82bfcfb8d317b10bd,0,real,collection_manifest_normalized_label_verified_by_sha256,human,human,true,human_master_final,0,low,1,medium,0.7743129730224609,0.23228269815444946,0,low,resnet50_layer4_fc_weighted_ordinal_v3,48f6495d4a62ded10d98c3835ffcd33c8f5c653e5df19cb03aef62582060e9b4,training
05821ee51ef95d0a7de9d81a147b95ad2f0bb57f7608320a6e34e3565e13157e,human_annotated/images/05821ee51ef95d0a7de9d81a147b95ad2f0bb57f7608320a6e34e3565e13157e.png,ComplexDataLab/OpenFake,data/datasets/openfake/pilot-600/images/fake/05821ee51ef95d0a7de9d81a147b95ad2f0bb57f7608320a6e34e3565e13157e.png,"[""data/datasets/openfake/pilot-600/images/fake/05821ee51ef95d0a7de9d81a147b95ad2f0bb57f7608320a6e34e3565e13157e.png""]",05821ee51ef95d0a7de9d81a147b95ad2f0bb57f7608320a6e34e3565e13157e,https://huggingface.co/datasets/ComplexDataLab/OpenFake,CC-BY-NC-4.0,,v1.0,,1,fake,collection_manifest_normalized_label_verified_by_sha256,human,human,true,human_master_final,1,medium,0,low,0.37070298194885254,0.18061834573745728,1,medium,resnet50_layer4_fc_weighted_ordinal_v3,48f6495d4a62ded10d98c3835ffcd33c8f5c653e5df19cb03aef62582060e9b4,validation
05ac0359d577325e72e93d1f7de77d76d58aec86402d792f8274648287ef037a,human_annotated/images/05ac0359d577325e72e93d1f7de77d76d58aec86402d792f8274648287ef037a.png,ComplexDataLab/OpenFake,data/datasets/openfake/additional-900/images/fake/05ac0359d577325e72e93d1f7de77d76d58aec86402d792f8274648287ef037a.png,"[""data/datasets/openfake/additional-900/images/fake/05ac0359d577325e72e93d1f7de77d76d58aec86402d792f8274648287ef037a.png""]",05ac0359d577325e72e93d1f7de77d76d58aec86402d792f8274648287ef037a,https://huggingface.co/datasets/ComplexDataLab/OpenFake,CC-BY-NC-4.0,,v1.0,750279a9710d3d98bbc6d0d87250312cfdf922a0,1,fake,collection_manifest_normalized_label_verified_by_sha256,human,human,true,consolidated_human_review,1,medium,1,medium,0.8913304805755615,0.2877942621707916,1,medium,resnet50_layer4_fc_weighted_ordinal_v3,48f6495d4a62ded10d98c3835ffcd33c8f5c653e5df19cb03aef62582060e9b4,training
05f91619bc57703b921503b38c585515445fc6c9c41e9cad81774510dc6e146c,human_annotated/images/05f91619bc57703b921503b38c585515445fc6c9c41e9cad81774510dc6e146c.png,saberzl/SID_Set,data/datasets/sid-set/candidate-1500/images/fake/05f91619bc57703b921503b38c585515445fc6c9c41e9cad81774510dc6e146c.png,"[""data/datasets/sid-set/candidate-1500/images/fake/05f91619bc57703b921503b38c585515445fc6c9c41e9cad81774510dc6e146c.png""]",05f91619bc57703b921503b38c585515445fc6c9c41e9cad81774510dc6e146c,https://huggingface.co/datasets/saberzl/SID_Set,CC-BY-4.0,full_synthetic_054290,main,dc03ead57929879319ce30a82bfcfb8d317b10bd,1,fake,collection_manifest_normalized_label_verified_by_sha256,human,human,true,consolidated_human_review,1,medium,1,medium,0.9344381093978882,0.003412380116060376,1,medium,resnet50_layer4_fc_weighted_ordinal_v3,48f6495d4a62ded10d98c3835ffcd33c8f5c653e5df19cb03aef62582060e9b4,validation
061cfae20dd48e05b75e569295942b30572ab19ae9a170d79851d92368926b30,human_annotated/images/061cfae20dd48e05b75e569295942b30572ab19ae9a170d79851d92368926b30.png,RRDataset,data/datasets/RRDataset/selection_1500/lorenzo/ai/normal_008286.png,"[""data/datasets/RRDataset/selection_1500/lorenzo/ai/normal_008286.png""]",061cfae20dd48e05b75e569295942b30572ab19ae9a170d79851d92368926b30,https://zenodo.org/records/14963880,CC-BY-4.0,,,,1,fake,rrdataset_local_directory_verified_by_sha256,human,human,true,consolidated_human_review,0,low,0,low,0.16802436113357544,0.06796882301568985,0,low,resnet50_layer4_fc_weighted_ordinal_v3,48f6495d4a62ded10d98c3835ffcd33c8f5c653e5df19cb03aef62582060e9b4,training
063ca4ef077d8f4a537cf22d74429c0b343c9fb87ac87dd315ea6cdfc07c5a39,human_annotated/images/063ca4ef077d8f4a537cf22d74429c0b343c9fb87ac87dd315ea6cdfc07c5a39.jpg,RRDataset,data/datasets/RRDataset/selection_1500/giovanni/real/real_001234.jpg,"[""data/datasets/RRDataset/selection_1500/giovanni/real/real_001234.jpg""]",063ca4ef077d8f4a537cf22d74429c0b343c9fb87ac87dd315ea6cdfc07c5a39,https://zenodo.org/records/14963880,CC-BY-4.0,,,,0,real,rrdataset_local_directory_verified_by_sha256,human,human,true,human_master_final,1,medium,1,medium,0.9811417460441589,0.028040755540132523,1,medium,resnet50_layer4_fc_weighted_ordinal_v3,48f6495d4a62ded10d98c3835ffcd33c8f5c653e5df19cb03aef62582060e9b4,training
06893fad7e7c21359cecc402386bb8c8dac0123c23467a7e1daacbf0b61f07e7,human_annotated/images/06893fad7e7c21359cecc402386bb8c8dac0123c23467a7e1daacbf0b61f07e7.jpg,RRDataset,data/datasets/RRDataset/selection_1500/sara/real/real_003519.jpg,"[""data/datasets/RRDataset/selection_1500/sara/real/real_003519.jpg""]",06893fad7e7c21359cecc402386bb8c8dac0123c23467a7e1daacbf0b61f07e7,https://zenodo.org/records/14963880,CC-BY-4.0,,,,0,real,rrdataset_local_directory_verified_by_sha256,human,human,true,human_master_final,0,low,0,low,0.28762486577033997,0.006142148748040199,0,low,resnet50_layer4_fc_weighted_ordinal_v3,48f6495d4a62ded10d98c3835ffcd33c8f5c653e5df19cb03aef62582060e9b4,validation
068db8c05195270f3286986a368a5bef069e41717bf99415e460f5ed6e3ca84b,human_annotated/images/068db8c05195270f3286986a368a5bef069e41717bf99415e460f5ed6e3ca84b.png,RRDataset,data/datasets/RRDataset/selection_1500/sara/ai/War_&_Conflict_Scenes_000867.png,"[""data/datasets/RRDataset/selection_1500/sara/ai/War_&_Conflict_Scenes_000867.png""]",068db8c05195270f3286986a368a5bef069e41717bf99415e460f5ed6e3ca84b,https://zenodo.org/records/14963880,CC-BY-4.0,,,,1,fake,rrdataset_local_directory_verified_by_sha256,human,human,true,consolidated_human_review,2,high,2,high,0.9345332980155945,0.6760801672935486,2,high,resnet50_layer4_fc_weighted_ordinal_v3,48f6495d4a62ded10d98c3835ffcd33c8f5c653e5df19cb03aef62582060e9b4,training
06d9af988efd8d6d3ff49e4b253efa2f87950c83d1b77aa1c383311700baaa81,human_annotated/images/06d9af988efd8d6d3ff49e4b253efa2f87950c83d1b77aa1c383311700baaa81.jpg,ComplexDataLab/OpenFake,data/datasets/openfake/additional-900/images/real/06d9af988efd8d6d3ff49e4b253efa2f87950c83d1b77aa1c383311700baaa81.jpg,"[""data/datasets/openfake/additional-900/images/real/06d9af988efd8d6d3ff49e4b253efa2f87950c83d1b77aa1c383311700baaa81.jpg""]",06d9af988efd8d6d3ff49e4b253efa2f87950c83d1b77aa1c383311700baaa81,https://huggingface.co/datasets/ComplexDataLab/OpenFake,CC-BY-NC-4.0,,v1.0,750279a9710d3d98bbc6d0d87250312cfdf922a0,0,real,collection_manifest_normalized_label_verified_by_sha256,human,human,true,consolidated_human_review,1,medium,1,medium,0.6847904324531555,0.1095874160528183,1,medium,resnet50_layer4_fc_weighted_ordinal_v3,48f6495d4a62ded10d98c3835ffcd33c8f5c653e5df19cb03aef62582060e9b4,training
06e0c0d0a0607c6f63e7b6c769905f01b4822f070478dffc96f1b50af5273953,human_annotated/images/06e0c0d0a0607c6f63e7b6c769905f01b4822f070478dffc96f1b50af5273953.jpg,saberzl/SID_Set,data/datasets/sid-set/candidate-1500/images/real/06e0c0d0a0607c6f63e7b6c769905f01b4822f070478dffc96f1b50af5273953.jpg,"[""data/datasets/sid-set/candidate-1500/images/real/06e0c0d0a0607c6f63e7b6c769905f01b4822f070478dffc96f1b50af5273953.jpg""]",06e0c0d0a0607c6f63e7b6c769905f01b4822f070478dffc96f1b50af5273953,https://huggingface.co/datasets/saberzl/SID_Set,CC-BY-4.0,0594c93c744a233f,main,dc03ead57929879319ce30a82bfcfb8d317b10bd,0,real,collection_manifest_normalized_label_verified_by_sha256,human,human,true,consolidated_human_review,0,low,0,low,0.30803248286247253,0.05989287048578262,0,low,resnet50_layer4_fc_weighted_ordinal_v3,48f6495d4a62ded10d98c3835ffcd33c8f5c653e5df19cb03aef62582060e9b4,training
06f827bf1da25a8736f1c07da9723ebcd1f1d6023efb7f4cbe14950c78fe58b2,human_annotated/images/06f827bf1da25a8736f1c07da9723ebcd1f1d6023efb7f4cbe14950c78fe58b2.png,saberzl/SID_Set,data/datasets/sid-set/candidate-1500/images/fake/06f827bf1da25a8736f1c07da9723ebcd1f1d6023efb7f4cbe14950c78fe58b2.png,"[""data/datasets/sid-set/candidate-1500/images/fake/06f827bf1da25a8736f1c07da9723ebcd1f1d6023efb7f4cbe14950c78fe58b2.png""]",06f827bf1da25a8736f1c07da9723ebcd1f1d6023efb7f4cbe14950c78fe58b2,https://huggingface.co/datasets/saberzl/SID_Set,CC-BY-4.0,full_synthetic_067211,main,dc03ead57929879319ce30a82bfcfb8d317b10bd,1,fake,collection_manifest_normalized_label_verified_by_sha256,human,human,true,consolidated_human_review,1,medium,0,low,0.4729953110218048,0.04693404212594032,1,medium,resnet50_layer4_fc_weighted_ordinal_v3,48f6495d4a62ded10d98c3835ffcd33c8f5c653e5df19cb03aef62582060e9b4,training
0733874ff23a178f8df2b3fc91ce2b851726008d29456debb199e183a1be25e2,human_annotated/images/0733874ff23a178f8df2b3fc91ce2b851726008d29456debb199e183a1be25e2.png,saberzl/SID_Set,data/datasets/sid-set/candidate-1500/images/fake/0733874ff23a178f8df2b3fc91ce2b851726008d29456debb199e183a1be25e2.png,"[""data/datasets/sid-set/candidate-1500/images/fake/0733874ff23a178f8df2b3fc91ce2b851726008d29456debb199e183a1be25e2.png""]",0733874ff23a178f8df2b3fc91ce2b851726008d29456debb199e183a1be25e2,https://huggingface.co/datasets/saberzl/SID_Set,CC-BY-4.0,full_synthetic_060882,main,dc03ead57929879319ce30a82bfcfb8d317b10bd,1,fake,collection_manifest_normalized_label_verified_by_sha256,human,human,true,consolidated_human_review,0,low,0,low,0.4396974742412567,0.08868654817342758,0,low,resnet50_layer4_fc_weighted_ordinal_v3,48f6495d4a62ded10d98c3835ffcd33c8f5c653e5df19cb03aef62582060e9b4,training
07384e302abb3ab518e316c601457622bb1a67460d1fdaca3c5362d347979dd8,human_annotated/images/07384e302abb3ab518e316c601457622bb1a67460d1fdaca3c5362d347979dd8.png,ComplexDataLab/OpenFake,data/datasets/openfake/additional-900/images/fake/07384e302abb3ab518e316c601457622bb1a67460d1fdaca3c5362d347979dd8.png,"[""data/datasets/openfake/additional-900/images/fake/07384e302abb3ab518e316c601457622bb1a67460d1fdaca3c5362d347979dd8.png""]",07384e302abb3ab518e316c601457622bb1a67460d1fdaca3c5362d347979dd8,https://huggingface.co/datasets/ComplexDataLab/OpenFake,CC-BY-NC-4.0,,v1.0,750279a9710d3d98bbc6d0d87250312cfdf922a0,1,fake,collection_manifest_normalized_label_verified_by_sha256,human,human,true,human_master_final,1,medium,1,medium,0.988899827003479,0.24597680568695068,1,medium,resnet50_layer4_fc_weighted_ordinal_v3,48f6495d4a62ded10d98c3835ffcd33c8f5c653e5df19cb03aef62582060e9b4,training
073f80938d867d05ff759088df4f97ec3821b4e1bc24e9f3703ff8838568f789,human_annotated/images/073f80938d867d05ff759088df4f97ec3821b4e1bc24e9f3703ff8838568f789.png,ComplexDataLab/OpenFake,data/datasets/openfake/pilot-600/images/fake/073f80938d867d05ff759088df4f97ec3821b4e1bc24e9f3703ff8838568f789.png,"[""data/datasets/openfake/pilot-600/images/fake/073f80938d867d05ff759088df4f97ec3821b4e1bc24e9f3703ff8838568f789.png""]",073f80938d867d05ff759088df4f97ec3821b4e1bc24e9f3703ff8838568f789,https://huggingface.co/datasets/ComplexDataLab/OpenFake,CC-BY-NC-4.0,,v1.0,,1,fake,collection_manifest_normalized_label_verified_by_sha256,human,human,true,human_master_final,0,low,2,high,0.8659229874610901,0.4798867702484131,0,low,resnet50_layer4_fc_weighted_ordinal_v3,48f6495d4a62ded10d98c3835ffcd33c8f5c653e5df19cb03aef62582060e9b4,training
07d4b1e531c83a33816dda5fb4c631c5f27d80bde8970fd35fba8d72ae7074d8,human_annotated/images/07d4b1e531c83a33816dda5fb4c631c5f27d80bde8970fd35fba8d72ae7074d8.jpg,ComplexDataLab/OpenFake,data/datasets/openfake/pilot-600/images/real/07d4b1e531c83a33816dda5fb4c631c5f27d80bde8970fd35fba8d72ae7074d8.jpg,"[""data/datasets/openfake/pilot-600/images/real/07d4b1e531c83a33816dda5fb4c631c5f27d80bde8970fd35fba8d72ae7074d8.jpg""]",07d4b1e531c83a33816dda5fb4c631c5f27d80bde8970fd35fba8d72ae7074d8,https://huggingface.co/datasets/ComplexDataLab/OpenFake,CC-BY-NC-4.0,,v1.0,,0,real,collection_manifest_normalized_label_verified_by_sha256,human,human,true,human_master_final,2,high,1,medium,0.5506095290184021,0.058053452521562576,2,high,resnet50_layer4_fc_weighted_ordinal_v3,48f6495d4a62ded10d98c3835ffcd33c8f5c653e5df19cb03aef62582060e9b4,training
07e12ede05a01457fec05feecbad284bc870747af5501a9a998c13e138ea498a,human_annotated/images/07e12ede05a01457fec05feecbad284bc870747af5501a9a998c13e138ea498a.png,RRDataset,data/datasets/RRDataset/selection_1500/lorenzo/ai/production_000147.png,"[""data/datasets/RRDataset/selection_1500/lorenzo/ai/production_000147.png""]",07e12ede05a01457fec05feecbad284bc870747af5501a9a998c13e138ea498a,https://zenodo.org/records/14963880,CC-BY-4.0,,,,1,fake,rrdataset_local_directory_verified_by_sha256,human,human,true,consolidated_human_review,1,medium,1,medium,0.8614162802696228,0.029807306826114655,1,medium,resnet50_layer4_fc_weighted_ordinal_v3,48f6495d4a62ded10d98c3835ffcd33c8f5c653e5df19cb03aef62582060e9b4,training
07eeb2f407ebff2653f8e581286a656ede979cf97b8a0c4f1be689bc88e4756c,human_annotated/images/07eeb2f407ebff2653f8e581286a656ede979cf97b8a0c4f1be689bc88e4756c.png,RRDataset,data/datasets/RRDataset/selection_1500/lorenzo/ai/Political_&_Social_Events_000432.png,"[""data/datasets/RRDataset/selection_1500/lorenzo/ai/Political_&_Social_Events_000432.png""]",07eeb2f407ebff2653f8e581286a656ede979cf97b8a0c4f1be689bc88e4756c,https://zenodo.org/records/14963880,CC-BY-4.0,,,,1,fake,rrdataset_local_directory_verified_by_sha256,human,human,true,consolidated_human_review,2,high,2,high,0.9855973124504089,0.5961794257164001,2,high,resnet50_layer4_fc_weighted_ordinal_v3,48f6495d4a62ded10d98c3835ffcd33c8f5c653e5df19cb03aef62582060e9b4,training
07f79d4f9cb185b5f2589aeb02f3868288e8a4202cad3dd378236a59d1dfa571,human_annotated/images/07f79d4f9cb185b5f2589aeb02f3868288e8a4202cad3dd378236a59d1dfa571.png,ComplexDataLab/OpenFake,data/datasets/openfake/additional-900/images/fake/07f79d4f9cb185b5f2589aeb02f3868288e8a4202cad3dd378236a59d1dfa571.png,"[""data/datasets/openfake/additional-900/images/fake/07f79d4f9cb185b5f2589aeb02f3868288e8a4202cad3dd378236a59d1dfa571.png""]",07f79d4f9cb185b5f2589aeb02f3868288e8a4202cad3dd378236a59d1dfa571,https://huggingface.co/datasets/ComplexDataLab/OpenFake,CC-BY-NC-4.0,,v1.0,750279a9710d3d98bbc6d0d87250312cfdf922a0,1,fake,collection_manifest_normalized_label_verified_by_sha256,human,human,true,human_master_final,0,low,0,low,0.08321098238229752,0.00539127504453063,0,low,resnet50_layer4_fc_weighted_ordinal_v3,48f6495d4a62ded10d98c3835ffcd33c8f5c653e5df19cb03aef62582060e9b4,training
082c9244b2f98754068d696ae42cc29ba67c4d481b6a905cce21db15359e724e,human_annotated/images/082c9244b2f98754068d696ae42cc29ba67c4d481b6a905cce21db15359e724e.jpg,RRDataset,data/datasets/RRDataset/selection_1500/lorenzo/real/real_000369.jpg,"[""data/datasets/RRDataset/selection_1500/lorenzo/real/real_000369.jpg""]",082c9244b2f98754068d696ae42cc29ba67c4d481b6a905cce21db15359e724e,https://zenodo.org/records/14963880,CC-BY-4.0,,,,0,real,rrdataset_local_directory_verified_by_sha256,human,human,true,human_master_final,1,medium,1,medium,0.6650429368019104,0.04243115708231926,1,medium,resnet50_layer4_fc_weighted_ordinal_v3,48f6495d4a62ded10d98c3835ffcd33c8f5c653e5df19cb03aef62582060e9b4,training
08438c5fa8410f6bd4bee37721db733715605990536b017200a387a263e79608,human_annotated/images/08438c5fa8410f6bd4bee37721db733715605990536b017200a387a263e79608.jpg,ComplexDataLab/OpenFake,data/datasets/openfake/additional-900/images/real/08438c5fa8410f6bd4bee37721db733715605990536b017200a387a263e79608.jpg,"[""data/datasets/openfake/additional-900/images/real/08438c5fa8410f6bd4bee37721db733715605990536b017200a387a263e79608.jpg""]",08438c5fa8410f6bd4bee37721db733715605990536b017200a387a263e79608,https://huggingface.co/datasets/ComplexDataLab/OpenFake,CC-BY-NC-4.0,,v1.0,750279a9710d3d98bbc6d0d87250312cfdf922a0,0,real,collection_manifest_normalized_label_verified_by_sha256,human,human,true,human_master_final,0,low,1,medium,0.8611833453178406,0.004938711412250996,0,low,resnet50_layer4_fc_weighted_ordinal_v3,48f6495d4a62ded10d98c3835ffcd33c8f5c653e5df19cb03aef62582060e9b4,validation
08ac98b0ffa43c5e3d8088abb10f13fcdbe243e075182db3e732cfbd1a231867,human_annotated/images/08ac98b0ffa43c5e3d8088abb10f13fcdbe243e075182db3e732cfbd1a231867.png,saberzl/SID_Set,data/datasets/sid-set/candidate-1500/images/fake/08ac98b0ffa43c5e3d8088abb10f13fcdbe243e075182db3e732cfbd1a231867.png,"[""data/datasets/sid-set/candidate-1500/images/fake/08ac98b0ffa43c5e3d8088abb10f13fcdbe243e075182db3e732cfbd1a231867.png""]",08ac98b0ffa43c5e3d8088abb10f13fcdbe243e075182db3e732cfbd1a231867,https://huggingface.co/datasets/saberzl/SID_Set,CC-BY-4.0,full_synthetic_023635,main,dc03ead57929879319ce30a82bfcfb8d317b10bd,1,fake,collection_manifest_normalized_label_verified_by_sha256,human,human,true,human_master_final,1,medium,1,medium,0.6950455904006958,0.009779169224202633,1,medium,resnet50_layer4_fc_weighted_ordinal_v3,48f6495d4a62ded10d98c3835ffcd33c8f5c653e5df19cb03aef62582060e9b4,training
08d8bd1005a12d89f20435d181be248f7fecb411d5c9c07657503196a6fde8bf,human_annotated/images/08d8bd1005a12d89f20435d181be248f7fecb411d5c9c07657503196a6fde8bf.jpg,saberzl/SID_Set,data/datasets/sid-set/candidate-1500/images/real/08d8bd1005a12d89f20435d181be248f7fecb411d5c9c07657503196a6fde8bf.jpg,"[""data/datasets/sid-set/candidate-1500/images/real/08d8bd1005a12d89f20435d181be248f7fecb411d5c9c07657503196a6fde8bf.jpg""]",08d8bd1005a12d89f20435d181be248f7fecb411d5c9c07657503196a6fde8bf,https://huggingface.co/datasets/saberzl/SID_Set,CC-BY-4.0,214af643e72c7814,main,dc03ead57929879319ce30a82bfcfb8d317b10bd,0,real,collection_manifest_normalized_label_verified_by_sha256,human,human,true,human_master_final,0,low,0,low,0.1864868849515915,0.042016126215457916,0,low,resnet50_layer4_fc_weighted_ordinal_v3,48f6495d4a62ded10d98c3835ffcd33c8f5c653e5df19cb03aef62582060e9b4,training
0952277d830d647fb5c53ab7161e0231d697e8640397095488bba286cd0b194d,human_annotated/images/0952277d830d647fb5c53ab7161e0231d697e8640397095488bba286cd0b194d.png,RRDataset,data/datasets/RRDataset/selection_1500/lorenzo/ai/Natural_Disasters_&_Accidents_000906.png,"[""data/datasets/RRDataset/selection_1500/lorenzo/ai/Natural_Disasters_&_Accidents_000906.png""]",0952277d830d647fb5c53ab7161e0231d697e8640397095488bba286cd0b194d,https://zenodo.org/records/14963880,CC-BY-4.0,,,,1,fake,rrdataset_local_directory_verified_by_sha256,human,human,true,human_master_final,1,medium,1,medium,0.5434513688087463,0.08214353024959564,1,medium,resnet50_layer4_fc_weighted_ordinal_v3,48f6495d4a62ded10d98c3835ffcd33c8f5c653e5df19cb03aef62582060e9b4,training
097db96da5fdf9ac982d53e86e135f7353040781242b5bbdfd762091e6db94b8,human_annotated/images/097db96da5fdf9ac982d53e86e135f7353040781242b5bbdfd762091e6db94b8.png,ComplexDataLab/OpenFake,data/datasets/openfake/pilot-600/images/fake/097db96da5fdf9ac982d53e86e135f7353040781242b5bbdfd762091e6db94b8.png,"[""data/datasets/openfake/pilot-600/images/fake/097db96da5fdf9ac982d53e86e135f7353040781242b5bbdfd762091e6db94b8.png""]",097db96da5fdf9ac982d53e86e135f7353040781242b5bbdfd762091e6db94b8,https://huggingface.co/datasets/ComplexDataLab/OpenFake,CC-BY-NC-4.0,,v1.0,,1,fake,collection_manifest_normalized_label_verified_by_sha256,human,human,true,human_master_final,0,low,1,medium,0.7888224720954895,0.04505493864417076,0,low,resnet50_layer4_fc_weighted_ordinal_v3,48f6495d4a62ded10d98c3835ffcd33c8f5c653e5df19cb03aef62582060e9b4,training
09a2ec7304869e844a671161cf44a987c6a33f91b4e2cd92a9eebb982326cd0f,human_annotated/images/09a2ec7304869e844a671161cf44a987c6a33f91b4e2cd92a9eebb982326cd0f.png,RRDataset,data/datasets/RRDataset/selection_1500/lorenzo/ai/War_&_Conflict_Scenes_000337.png,"[""data/datasets/RRDataset/selection_1500/lorenzo/ai/War_&_Conflict_Scenes_000337.png""]",09a2ec7304869e844a671161cf44a987c6a33f91b4e2cd92a9eebb982326cd0f,https://zenodo.org/records/14963880,CC-BY-4.0,,,,1,fake,rrdataset_local_directory_verified_by_sha256,human,human,true,consolidated_human_review,2,high,2,high,0.8477801084518433,0.7643731832504272,2,high,resnet50_layer4_fc_weighted_ordinal_v3,48f6495d4a62ded10d98c3835ffcd33c8f5c653e5df19cb03aef62582060e9b4,training
0a1f85e3743cacc16ca52b322c5ee9897bc7fd37af17d639f70f4091da816039,human_annotated/images/0a1f85e3743cacc16ca52b322c5ee9897bc7fd37af17d639f70f4091da816039.jpg,RRDataset,data/datasets/RRDataset/selection_1500/sara/real/real_009930.jpg,"[""data/datasets/RRDataset/selection_1500/sara/real/real_009930.jpg""]",0a1f85e3743cacc16ca52b322c5ee9897bc7fd37af17d639f70f4091da816039,https://zenodo.org/records/14963880,CC-BY-4.0,,,,0,real,rrdataset_local_directory_verified_by_sha256,human,human,true,human_master_final,0,low,0,low,0.23158274590969086,0.039532795548439026,0,low,resnet50_layer4_fc_weighted_ordinal_v3,48f6495d4a62ded10d98c3835ffcd33c8f5c653e5df19cb03aef62582060e9b4,training
0a7e89a52c053f6051f6d8d3264528a762d2731f51a94345796cd42b49d54dc6,human_annotated/images/0a7e89a52c053f6051f6d8d3264528a762d2731f51a94345796cd42b49d54dc6.png,ComplexDataLab/OpenFake,data/datasets/openfake/pilot-600/images/fake/0a7e89a52c053f6051f6d8d3264528a762d2731f51a94345796cd42b49d54dc6.png,"[""data/datasets/openfake/pilot-600/images/fake/0a7e89a52c053f6051f6d8d3264528a762d2731f51a94345796cd42b49d54dc6.png""]",0a7e89a52c053f6051f6d8d3264528a762d2731f51a94345796cd42b49d54dc6,https://huggingface.co/datasets/ComplexDataLab/OpenFake,CC-BY-NC-4.0,,v1.0,,1,fake,collection_manifest_normalized_label_verified_by_sha256,human,human,true,human_master_final,1,medium,0,low,0.4182400405406952,0.031783755868673325,1,medium,resnet50_layer4_fc_weighted_ordinal_v3,48f6495d4a62ded10d98c3835ffcd33c8f5c653e5df19cb03aef62582060e9b4,training
0a98527f49c1d40989de6eb1c8bcdb9b28e291a0f769e7b56f8e254670da7a4c,human_annotated/images/0a98527f49c1d40989de6eb1c8bcdb9b28e291a0f769e7b56f8e254670da7a4c.png,saberzl/SID_Set,data/datasets/sid-set/candidate-1500/images/fake/0a98527f49c1d40989de6eb1c8bcdb9b28e291a0f769e7b56f8e254670da7a4c.png,"[""data/datasets/sid-set/candidate-1500/images/fake/0a98527f49c1d40989de6eb1c8bcdb9b28e291a0f769e7b56f8e254670da7a4c.png""]",0a98527f49c1d40989de6eb1c8bcdb9b28e291a0f769e7b56f8e254670da7a4c,https://huggingface.co/datasets/saberzl/SID_Set,CC-BY-4.0,full_synthetic_062658,main,dc03ead57929879319ce30a82bfcfb8d317b10bd,1,fake,collection_manifest_normalized_label_verified_by_sha256,human,human,true,consolidated_human_review,1,medium,1,medium,0.6754341721534729,0.0032197271939367056,1,medium,resnet50_layer4_fc_weighted_ordinal_v3,48f6495d4a62ded10d98c3835ffcd33c8f5c653e5df19cb03aef62582060e9b4,training
0ab44341e182a1e9de811e24e39b9a6c8d22362b88cbc517c4b9969a30cbb44c,human_annotated/images/0ab44341e182a1e9de811e24e39b9a6c8d22362b88cbc517c4b9969a30cbb44c.jpg,RRDataset,data/datasets/RRDataset/selection_1500/sara/real/real_002874.jpg,"[""data/datasets/RRDataset/selection_1500/sara/real/real_002874.jpg""]",0ab44341e182a1e9de811e24e39b9a6c8d22362b88cbc517c4b9969a30cbb44c,https://zenodo.org/records/14963880,CC-BY-4.0,,,,0,real,rrdataset_local_directory_verified_by_sha256,human,human,true,human_master_final,1,medium,1,medium,0.9596182107925415,0.11842173337936401,1,medium,resnet50_layer4_fc_weighted_ordinal_v3,48f6495d4a62ded10d98c3835ffcd33c8f5c653e5df19cb03aef62582060e9b4,frozen_test
0b5f344910e00d8df72cd42b16c1d3dc1260245903e227cdb56809fe73884cbf,human_annotated/images/0b5f344910e00d8df72cd42b16c1d3dc1260245903e227cdb56809fe73884cbf.jpg,RRDataset,data/datasets/RRDataset/selection_1500/lorenzo/real/real_006599.jpg,"[""data/datasets/RRDataset/selection_1500/lorenzo/real/real_006599.jpg""]",0b5f344910e00d8df72cd42b16c1d3dc1260245903e227cdb56809fe73884cbf,https://zenodo.org/records/14963880,CC-BY-4.0,,,,0,real,rrdataset_local_directory_verified_by_sha256,human,human,true,human_master_final,1,medium,1,medium,0.7270206809043884,0.00920348521322012,1,medium,resnet50_layer4_fc_weighted_ordinal_v3,48f6495d4a62ded10d98c3835ffcd33c8f5c653e5df19cb03aef62582060e9b4,training
0b68ce702d9e3b9f25b515a29bc352cf543d3a7273d3bf5777ea580b390f852b,human_annotated/images/0b68ce702d9e3b9f25b515a29bc352cf543d3a7273d3bf5777ea580b390f852b.jpg,ComplexDataLab/OpenFake,data/datasets/openfake/additional-900/images/fake/0b68ce702d9e3b9f25b515a29bc352cf543d3a7273d3bf5777ea580b390f852b.jpg,"[""data/datasets/openfake/additional-900/images/fake/0b68ce702d9e3b9f25b515a29bc352cf543d3a7273d3bf5777ea580b390f852b.jpg""]",0b68ce702d9e3b9f25b515a29bc352cf543d3a7273d3bf5777ea580b390f852b,https://huggingface.co/datasets/ComplexDataLab/OpenFake,CC-BY-NC-4.0,,v1.0,750279a9710d3d98bbc6d0d87250312cfdf922a0,1,fake,collection_manifest_normalized_label_verified_by_sha256,human,human,true,consolidated_human_review,0,low,1,medium,0.6086321473121643,0.2104462832212448,0,low,resnet50_layer4_fc_weighted_ordinal_v3,48f6495d4a62ded10d98c3835ffcd33c8f5c653e5df19cb03aef62582060e9b4,training
0b70504b4786fc7ec65c05711e8438375d5cccc6c21c352ed613e4b521b735fe,human_annotated/images/0b70504b4786fc7ec65c05711e8438375d5cccc6c21c352ed613e4b521b735fe.png,ComplexDataLab/OpenFake,data/datasets/openfake/pilot-600/images/fake/0b70504b4786fc7ec65c05711e8438375d5cccc6c21c352ed613e4b521b735fe.png,"[""data/datasets/openfake/pilot-600/images/fake/0b70504b4786fc7ec65c05711e8438375d5cccc6c21c352ed613e4b521b735fe.png""]",0b70504b4786fc7ec65c05711e8438375d5cccc6c21c352ed613e4b521b735fe,https://huggingface.co/datasets/ComplexDataLab/OpenFake,CC-BY-NC-4.0,,v1.0,,1,fake,collection_manifest_normalized_label_verified_by_sha256,human,human,true,human_master_final,1,medium,1,medium,0.9581753611564636,0.037578944116830826,1,medium,resnet50_layer4_fc_weighted_ordinal_v3,48f6495d4a62ded10d98c3835ffcd33c8f5c653e5df19cb03aef62582060e9b4,training
0b760c4b24ae68818da9c0fb756ce5ebc7a8845d65b8966b86e16b5d43e37324,human_annotated/images/0b760c4b24ae68818da9c0fb756ce5ebc7a8845d65b8966b86e16b5d43e37324.jpg,saberzl/SID_Set,data/datasets/sid-set/candidate-1500/images/real/0b760c4b24ae68818da9c0fb756ce5ebc7a8845d65b8966b86e16b5d43e37324.jpg,"[""data/datasets/sid-set/candidate-1500/images/real/0b760c4b24ae68818da9c0fb756ce5ebc7a8845d65b8966b86e16b5d43e37324.jpg""]",0b760c4b24ae68818da9c0fb756ce5ebc7a8845d65b8966b86e16b5d43e37324,https://huggingface.co/datasets/saberzl/SID_Set,CC-BY-4.0,91d4a0c7e9d91f24,main,dc03ead57929879319ce30a82bfcfb8d317b10bd,0,real,collection_manifest_normalized_label_verified_by_sha256,human,human,true,human_master_final,0,low,1,medium,0.7898650765419006,0.029106510803103447,0,low,resnet50_layer4_fc_weighted_ordinal_v3,48f6495d4a62ded10d98c3835ffcd33c8f5c653e5df19cb03aef62582060e9b4,frozen_test
0bacb3b70b4c94da9c0e62827e200dbe1a58e095787ce4a3bd82db25e1c32b33,human_annotated/images/0bacb3b70b4c94da9c0e62827e200dbe1a58e095787ce4a3bd82db25e1c32b33.jpg,saberzl/SID_Set,data/datasets/sid-set/candidate-1500/images/real/0bacb3b70b4c94da9c0e62827e200dbe1a58e095787ce4a3bd82db25e1c32b33.jpg,"[""data/datasets/sid-set/candidate-1500/images/real/0bacb3b70b4c94da9c0e62827e200dbe1a58e095787ce4a3bd82db25e1c32b33.jpg""]",0bacb3b70b4c94da9c0e62827e200dbe1a58e095787ce4a3bd82db25e1c32b33,https://huggingface.co/datasets/saberzl/SID_Set,CC-BY-4.0,06a49a893e742cbb,main,dc03ead57929879319ce30a82bfcfb8d317b10bd,0,real,collection_manifest_normalized_label_verified_by_sha256,human,human,true,consolidated_human_review,2,high,2,high,0.9694808125495911,0.7831794023513794,2,high,resnet50_layer4_fc_weighted_ordinal_v3,48f6495d4a62ded10d98c3835ffcd33c8f5c653e5df19cb03aef62582060e9b4,training
0bcdf69572b1e02a6980cc98d22e6e65cff5bd5cce447e74a29c0931e7aa6901,human_annotated/images/0bcdf69572b1e02a6980cc98d22e6e65cff5bd5cce447e74a29c0931e7aa6901.webp,ComplexDataLab/OpenFake,data/datasets/openfake/pilot-600/images/fake/0bcdf69572b1e02a6980cc98d22e6e65cff5bd5cce447e74a29c0931e7aa6901.webp,"[""data/datasets/openfake/pilot-600/images/fake/0bcdf69572b1e02a6980cc98d22e6e65cff5bd5cce447e74a29c0931e7aa6901.webp""]",0bcdf69572b1e02a6980cc98d22e6e65cff5bd5cce447e74a29c0931e7aa6901,https://huggingface.co/datasets/ComplexDataLab/OpenFake,CC-BY-NC-4.0,,v1.0,,1,fake,collection_manifest_normalized_label_verified_by_sha256,human,human,true,human_master_final,0,low,1,medium,0.7181234359741211,0.006211285479366779,0,low,resnet50_layer4_fc_weighted_ordinal_v3,48f6495d4a62ded10d98c3835ffcd33c8f5c653e5df19cb03aef62582060e9b4,training
0be0c4bfc0aec81122347ee5410a4e81278df49dab0482bcfa5b7f8ebb1f183a,human_annotated/images/0be0c4bfc0aec81122347ee5410a4e81278df49dab0482bcfa5b7f8ebb1f183a.png,ComplexDataLab/OpenFake,data/datasets/openfake/additional-900/images/fake/0be0c4bfc0aec81122347ee5410a4e81278df49dab0482bcfa5b7f8ebb1f183a.png,"[""data/datasets/openfake/additional-900/images/fake/0be0c4bfc0aec81122347ee5410a4e81278df49dab0482bcfa5b7f8ebb1f183a.png""]",0be0c4bfc0aec81122347ee5410a4e81278df49dab0482bcfa5b7f8ebb1f183a,https://huggingface.co/datasets/ComplexDataLab/OpenFake,CC-BY-NC-4.0,,v1.0,750279a9710d3d98bbc6d0d87250312cfdf922a0,1,fake,collection_manifest_normalized_label_verified_by_sha256,human,human,true,human_master_final,1,medium,1,medium,0.8160633444786072,0.1456846445798874,1,medium,resnet50_layer4_fc_weighted_ordinal_v3,48f6495d4a62ded10d98c3835ffcd33c8f5c653e5df19cb03aef62582060e9b4,frozen_test
0c4e7d25a02e169dc3433a340c940e5cd5b673da8c27299ee32a5e7b52875a6c,human_annotated/images/0c4e7d25a02e169dc3433a340c940e5cd5b673da8c27299ee32a5e7b52875a6c.png,RRDataset,data/datasets/RRDataset/selection_1500/lorenzo/ai/Political_&_Social_Events_000356.png,"[""data/datasets/RRDataset/selection_1500/lorenzo/ai/Political_&_Social_Events_000356.png""]",0c4e7d25a02e169dc3433a340c940e5cd5b673da8c27299ee32a5e7b52875a6c,https://zenodo.org/records/14963880,CC-BY-4.0,,,,1,fake,rrdataset_local_directory_verified_by_sha256,human,human,true,consolidated_human_review,1,medium,1,medium,0.9749805927276611,0.09439408779144287,1,medium,resnet50_layer4_fc_weighted_ordinal_v3,48f6495d4a62ded10d98c3835ffcd33c8f5c653e5df19cb03aef62582060e9b4,training
0cc747e95710a543f2fb2ec0ee0603aadd290997e1b7e2e9fe2717f66bb4b826,human_annotated/images/0cc747e95710a543f2fb2ec0ee0603aadd290997e1b7e2e9fe2717f66bb4b826.jpg,ComplexDataLab/OpenFake,data/datasets/openfake/pilot-600/images/fake/0cc747e95710a543f2fb2ec0ee0603aadd290997e1b7e2e9fe2717f66bb4b826.jpg,"[""data/datasets/openfake/pilot-600/images/fake/0cc747e95710a543f2fb2ec0ee0603aadd290997e1b7e2e9fe2717f66bb4b826.jpg""]",0cc747e95710a543f2fb2ec0ee0603aadd290997e1b7e2e9fe2717f66bb4b826,https://huggingface.co/datasets/ComplexDataLab/OpenFake,CC-BY-NC-4.0,,v1.0,,1,fake,collection_manifest_normalized_label_verified_by_sha256,human,human,true,human_master_final,0,low,1,medium,0.8796688318252563,0.273449569940567,0,low,resnet50_layer4_fc_weighted_ordinal_v3,48f6495d4a62ded10d98c3835ffcd33c8f5c653e5df19cb03aef62582060e9b4,training
0d07d71e4534f5a7004a7f6542a282e0587dc895be3018de552d99dc24f1f59b,human_annotated/images/0d07d71e4534f5a7004a7f6542a282e0587dc895be3018de552d99dc24f1f59b.jpg,RRDataset,data/datasets/RRDataset/selection_1500/sara/real/real_002954.jpg,"[""data/datasets/RRDataset/selection_1500/sara/real/real_002954.jpg""]",0d07d71e4534f5a7004a7f6542a282e0587dc895be3018de552d99dc24f1f59b,https://zenodo.org/records/14963880,CC-BY-4.0,,,,0,real,rrdataset_local_directory_verified_by_sha256,human,human,true,consolidated_human_review,1,medium,1,medium,0.9910824298858643,0.041150517761707306,1,medium,resnet50_layer4_fc_weighted_ordinal_v3,48f6495d4a62ded10d98c3835ffcd33c8f5c653e5df19cb03aef62582060e9b4,training
0d1ad29bda23bfda16ca625c43a0ec0a23de6d9b43204312bfd98858ecb75517,human_annotated/images/0d1ad29bda23bfda16ca625c43a0ec0a23de6d9b43204312bfd98858ecb75517.png,RRDataset,data/datasets/RRDataset/selection_1500/lorenzo/ai/production_000196.png,"[""data/datasets/RRDataset/selection_1500/lorenzo/ai/production_000196.png""]",0d1ad29bda23bfda16ca625c43a0ec0a23de6d9b43204312bfd98858ecb75517,https://zenodo.org/records/14963880,CC-BY-4.0,,,,1,fake,rrdataset_local_directory_verified_by_sha256,human,human,true,consolidated_human_review,1,medium,1,medium,0.938723623752594,0.07639895379543304,1,medium,resnet50_layer4_fc_weighted_ordinal_v3,48f6495d4a62ded10d98c3835ffcd33c8f5c653e5df19cb03aef62582060e9b4,training
0d3a6c1adf273fd526f05973b18e6ba54ca8f627beb115c24a258a216186ed64,human_annotated/images/0d3a6c1adf273fd526f05973b18e6ba54ca8f627beb115c24a258a216186ed64.jpg,saberzl/SID_Set,data/datasets/sid-set/candidate-1500/images/real/0d3a6c1adf273fd526f05973b18e6ba54ca8f627beb115c24a258a216186ed64.jpg,"[""data/datasets/sid-set/candidate-1500/images/real/0d3a6c1adf273fd526f05973b18e6ba54ca8f627beb115c24a258a216186ed64.jpg""]",0d3a6c1adf273fd526f05973b18e6ba54ca8f627beb115c24a258a216186ed64,https://huggingface.co/datasets/saberzl/SID_Set,CC-BY-4.0,b35f1271e72cffa3,main,dc03ead57929879319ce30a82bfcfb8d317b10bd,0,real,collection_manifest_normalized_label_verified_by_sha256,human,human,true,human_master_final,1,medium,1,medium,0.7801423072814941,0.16381941735744476,1,medium,resnet50_layer4_fc_weighted_ordinal_v3,48f6495d4a62ded10d98c3835ffcd33c8f5c653e5df19cb03aef62582060e9b4,frozen_test
0d8a92c8f05d8bb03966bdd7565e66b05adf6426016b791d07b7258d865ae12f,human_annotated/images/0d8a92c8f05d8bb03966bdd7565e66b05adf6426016b791d07b7258d865ae12f.jpg,saberzl/SID_Set,data/datasets/sid-set/candidate-1500/images/real/0d8a92c8f05d8bb03966bdd7565e66b05adf6426016b791d07b7258d865ae12f.jpg,"[""data/datasets/sid-set/candidate-1500/images/real/0d8a92c8f05d8bb03966bdd7565e66b05adf6426016b791d07b7258d865ae12f.jpg""]",0d8a92c8f05d8bb03966bdd7565e66b05adf6426016b791d07b7258d865ae12f,https://huggingface.co/datasets/saberzl/SID_Set,CC-BY-4.0,266ea98277e23471,main,dc03ead57929879319ce30a82bfcfb8d317b10bd,0,real,collection_manifest_normalized_label_verified_by_sha256,human,human,true,consolidated_human_review,0,low,0,low,0.4542057514190674,0.10218042880296707,0,low,resnet50_layer4_fc_weighted_ordinal_v3,48f6495d4a62ded10d98c3835ffcd33c8f5c653e5df19cb03aef62582060e9b4,training
0dc31d5f410094d6dce37ba0701877ed06ab08773de69de6cf813f43f3435abe,human_annotated/images/0dc31d5f410094d6dce37ba0701877ed06ab08773de69de6cf813f43f3435abe.png,RRDataset,data/datasets/RRDataset/selection_1500/giovanni/ai/War_&_Conflict_Scenes_000913.png,"[""data/datasets/RRDataset/selection_1500/giovanni/ai/War_&_Conflict_Scenes_000913.png""]",0dc31d5f410094d6dce37ba0701877ed06ab08773de69de6cf813f43f3435abe,https://zenodo.org/records/14963880,CC-BY-4.0,,,,1,fake,rrdataset_local_directory_verified_by_sha256,human,human,true,human_master_final,1,medium,1,medium,0.9066840410232544,0.2579113245010376,1,medium,resnet50_layer4_fc_weighted_ordinal_v3,48f6495d4a62ded10d98c3835ffcd33c8f5c653e5df19cb03aef62582060e9b4,training
0de8454c0539f8fbefe8c4a9e785afa495bcfc4febc9ff0ec70dde106b560dcc,human_annotated/images/0de8454c0539f8fbefe8c4a9e785afa495bcfc4febc9ff0ec70dde106b560dcc.jpg,ComplexDataLab/OpenFake,data/datasets/openfake/additional-900/images/real/0de8454c0539f8fbefe8c4a9e785afa495bcfc4febc9ff0ec70dde106b560dcc.jpg,"[""data/datasets/openfake/additional-900/images/real/0de8454c0539f8fbefe8c4a9e785afa495bcfc4febc9ff0ec70dde106b560dcc.jpg""]",0de8454c0539f8fbefe8c4a9e785afa495bcfc4febc9ff0ec70dde106b560dcc,https://huggingface.co/datasets/ComplexDataLab/OpenFake,CC-BY-NC-4.0,,v1.0,750279a9710d3d98bbc6d0d87250312cfdf922a0,0,real,collection_manifest_normalized_label_verified_by_sha256,human,human,true,consolidated_human_review,1,medium,1,medium,0.8254276514053345,0.21286305785179138,1,medium,resnet50_layer4_fc_weighted_ordinal_v3,48f6495d4a62ded10d98c3835ffcd33c8f5c653e5df19cb03aef62582060e9b4,training
0e1adcf1938bffe75354b08d731f1bfe20fdd5794f92bd85edff315ea0949525,human_annotated/images/0e1adcf1938bffe75354b08d731f1bfe20fdd5794f92bd85edff315ea0949525.jpg,RRDataset,data/datasets/RRDataset/selection_1500/lorenzo/real/real_003381.jpg,"[""data/datasets/RRDataset/selection_1500/lorenzo/real/real_003381.jpg""]",0e1adcf1938bffe75354b08d731f1bfe20fdd5794f92bd85edff315ea0949525,https://zenodo.org/records/14963880,CC-BY-4.0,,,,0,real,rrdataset_local_directory_verified_by_sha256,human,human,true,human_master_final,1,medium,1,medium,0.8570703864097595,0.022425085306167603,1,medium,resnet50_layer4_fc_weighted_ordinal_v3,48f6495d4a62ded10d98c3835ffcd33c8f5c653e5df19cb03aef62582060e9b4,training
0e3939d15aa671baf3379244de712eaece3c97429496d4008a06af8703a90a05,human_annotated/images/0e3939d15aa671baf3379244de712eaece3c97429496d4008a06af8703a90a05.jpg,RRDataset,data/datasets/RRDataset/selection_1500/giovanni/real/real_006449.jpg,"[""data/datasets/RRDataset/selection_1500/giovanni/real/real_006449.jpg""]",0e3939d15aa671baf3379244de712eaece3c97429496d4008a06af8703a90a05,https://zenodo.org/records/14963880,CC-BY-4.0,,,,0,real,rrdataset_local_directory_verified_by_sha256,human,human,true,human_master_final,1,medium,1,medium,0.6720909476280212,0.013775416649878025,1,medium,resnet50_layer4_fc_weighted_ordinal_v3,48f6495d4a62ded10d98c3835ffcd33c8f5c653e5df19cb03aef62582060e9b4,training
0e5ba798bf9da944aaa7d06a54b36814bec1223c41aa60e1716d5c1f4f148ed7,human_annotated/images/0e5ba798bf9da944aaa7d06a54b36814bec1223c41aa60e1716d5c1f4f148ed7.png,saberzl/SID_Set,data/datasets/sid-set/candidate-1500/images/fake/0e5ba798bf9da944aaa7d06a54b36814bec1223c41aa60e1716d5c1f4f148ed7.png,"[""data/datasets/sid-set/candidate-1500/images/fake/0e5ba798bf9da944aaa7d06a54b36814bec1223c41aa60e1716d5c1f4f148ed7.png""]",0e5ba798bf9da944aaa7d06a54b36814bec1223c41aa60e1716d5c1f4f148ed7,https://huggingface.co/datasets/saberzl/SID_Set,CC-BY-4.0,full_synthetic_007293,main,dc03ead57929879319ce30a82bfcfb8d317b10bd,1,fake,collection_manifest_normalized_label_verified_by_sha256,human,human,true,consolidated_human_review,2,high,1,medium,0.6823307871818542,0.17454947531223297,2,high,resnet50_layer4_fc_weighted_ordinal_v3,48f6495d4a62ded10d98c3835ffcd33c8f5c653e5df19cb03aef62582060e9b4,training
0e7e22e427067f08efadab663e1a4f1c1513567d13e7558bc360b55e0048c79d,human_annotated/images/0e7e22e427067f08efadab663e1a4f1c1513567d13e7558bc360b55e0048c79d.png,saberzl/SID_Set,data/datasets/sid-set/candidate-1500/images/fake/0e7e22e427067f08efadab663e1a4f1c1513567d13e7558bc360b55e0048c79d.png,"[""data/datasets/sid-set/candidate-1500/images/fake/0e7e22e427067f08efadab663e1a4f1c1513567d13e7558bc360b55e0048c79d.png""]",0e7e22e427067f08efadab663e1a4f1c1513567d13e7558bc360b55e0048c79d,https://huggingface.co/datasets/saberzl/SID_Set,CC-BY-4.0,full_synthetic_061516,main,dc03ead57929879319ce30a82bfcfb8d317b10bd,1,fake,collection_manifest_normalized_label_verified_by_sha256,human,human,true,human_master_final,0,low,0,low,0.2196013480424881,0.04908204823732376,0,low,resnet50_layer4_fc_weighted_ordinal_v3,48f6495d4a62ded10d98c3835ffcd33c8f5c653e5df19cb03aef62582060e9b4,training
0fb6b36b89ab83f004de9cb59ddcb3e59eb7d21b4e2a615b3aa773bd571a5c6c,human_annotated/images/0fb6b36b89ab83f004de9cb59ddcb3e59eb7d21b4e2a615b3aa773bd571a5c6c.png,ComplexDataLab/OpenFake,data/datasets/openfake/pilot-600/images/fake/0fb6b36b89ab83f004de9cb59ddcb3e59eb7d21b4e2a615b3aa773bd571a5c6c.png,"[""data/datasets/openfake/pilot-600/images/fake/0fb6b36b89ab83f004de9cb59ddcb3e59eb7d21b4e2a615b3aa773bd571a5c6c.png""]",0fb6b36b89ab83f004de9cb59ddcb3e59eb7d21b4e2a615b3aa773bd571a5c6c,https://huggingface.co/datasets/ComplexDataLab/OpenFake,CC-BY-NC-4.0,,v1.0,,1,fake,collection_manifest_normalized_label_verified_by_sha256,human,human,true,consolidated_human_review,1,medium,0,low,0.2882889211177826,0.006562417838722467,1,medium,resnet50_layer4_fc_weighted_ordinal_v3,48f6495d4a62ded10d98c3835ffcd33c8f5c653e5df19cb03aef62582060e9b4,training
0fe8a3aca679b2c8034507382c588c747656d4bde9b3a23f48f38d5150333cb9,human_annotated/images/0fe8a3aca679b2c8034507382c588c747656d4bde9b3a23f48f38d5150333cb9.jpg,RRDataset,data/datasets/RRDataset/selection_1500/sara/real/real_001814.jpg,"[""data/datasets/RRDataset/selection_1500/sara/real/real_001814.jpg""]",0fe8a3aca679b2c8034507382c588c747656d4bde9b3a23f48f38d5150333cb9,https://zenodo.org/records/14963880,CC-BY-4.0,,,,0,real,rrdataset_local_directory_verified_by_sha256,human,human,true,human_master_final,1,medium,1,medium,0.8760721683502197,0.008049619384109974,1,medium,resnet50_layer4_fc_weighted_ordinal_v3,48f6495d4a62ded10d98c3835ffcd33c8f5c653e5df19cb03aef62582060e9b4,frozen_test
100c0389ea0e51c9d0d1e951c7b0e2495b5ed707ae65f135b96ef518d3f352c3,human_annotated/images/100c0389ea0e51c9d0d1e951c7b0e2495b5ed707ae65f135b96ef518d3f352c3.png,ComplexDataLab/OpenFake,data/datasets/openfake/pilot-600/images/fake/100c0389ea0e51c9d0d1e951c7b0e2495b5ed707ae65f135b96ef518d3f352c3.png,"[""data/datasets/openfake/pilot-600/images/fake/100c0389ea0e51c9d0d1e951c7b0e2495b5ed707ae65f135b96ef518d3f352c3.png""]",100c0389ea0e51c9d0d1e951c7b0e2495b5ed707ae65f135b96ef518d3f352c3,https://huggingface.co/datasets/ComplexDataLab/OpenFake,CC-BY-NC-4.0,,v1.0,,1,fake,collection_manifest_normalized_label_verified_by_sha256,human,human,true,human_master_final,0,low,1,medium,0.6908453702926636,0.09800883382558823,0,low,resnet50_layer4_fc_weighted_ordinal_v3,48f6495d4a62ded10d98c3835ffcd33c8f5c653e5df19cb03aef62582060e9b4,training
103cbc081474f94f336384ed673d9f8f180bf0560ce17d66bdcf3c8adda6e603,human_annotated/images/103cbc081474f94f336384ed673d9f8f180bf0560ce17d66bdcf3c8adda6e603.jpg,ComplexDataLab/OpenFake,data/datasets/openfake/additional-900/images/real/103cbc081474f94f336384ed673d9f8f180bf0560ce17d66bdcf3c8adda6e603.jpg,"[""data/datasets/openfake/additional-900/images/real/103cbc081474f94f336384ed673d9f8f180bf0560ce17d66bdcf3c8adda6e603.jpg""]",103cbc081474f94f336384ed673d9f8f180bf0560ce17d66bdcf3c8adda6e603,https://huggingface.co/datasets/ComplexDataLab/OpenFake,CC-BY-NC-4.0,,v1.0,750279a9710d3d98bbc6d0d87250312cfdf922a0,0,real,collection_manifest_normalized_label_verified_by_sha256,human,human,true,human_master_final,0,low,0,low,0.1271611899137497,0.03323354944586754,0,low,resnet50_layer4_fc_weighted_ordinal_v3,48f6495d4a62ded10d98c3835ffcd33c8f5c653e5df19cb03aef62582060e9b4,training
1066e29317832e8599746a8a39be02cc203d261d6297fcaec01f23e1901a93a8,human_annotated/images/1066e29317832e8599746a8a39be02cc203d261d6297fcaec01f23e1901a93a8.jpg,saberzl/SID_Set,data/datasets/sid-set/candidate-1500/images/real/1066e29317832e8599746a8a39be02cc203d261d6297fcaec01f23e1901a93a8.jpg,"[""data/datasets/sid-set/candidate-1500/images/real/1066e29317832e8599746a8a39be02cc203d261d6297fcaec01f23e1901a93a8.jpg""]",1066e29317832e8599746a8a39be02cc203d261d6297fcaec01f23e1901a93a8,https://huggingface.co/datasets/saberzl/SID_Set,CC-BY-4.0,43e8f84c132404bc,main,dc03ead57929879319ce30a82bfcfb8d317b10bd,0,real,collection_manifest_normalized_label_verified_by_sha256,human,human,true,human_master_final,0,low,1,medium,0.6783616542816162,0.051076389849185944,0,low,resnet50_layer4_fc_weighted_ordinal_v3,48f6495d4a62ded10d98c3835ffcd33c8f5c653e5df19cb03aef62582060e9b4,training
10ade2ca695b42527103f8f79815bb3b9de805bb2451d76d039f30c5d7593424,human_annotated/images/10ade2ca695b42527103f8f79815bb3b9de805bb2451d76d039f30c5d7593424.png,RRDataset,data/datasets/RRDataset/selection_1500/lorenzo/ai/War_&_Conflict_Scenes_000855.png,"[""data/datasets/RRDataset/selection_1500/lorenzo/ai/War_&_Conflict_Scenes_000855.png""]",10ade2ca695b42527103f8f79815bb3b9de805bb2451d76d039f30c5d7593424,https://zenodo.org/records/14963880,CC-BY-4.0,,,,1,fake,rrdataset_local_directory_verified_by_sha256,human,human,true,human_master_final,2,high,2,high,0.9570429921150208,0.8467798829078674,2,high,resnet50_layer4_fc_weighted_ordinal_v3,48f6495d4a62ded10d98c3835ffcd33c8f5c653e5df19cb03aef62582060e9b4,training
113526d056e358968ba7809871910a5c3b3848924f6c32e21bce8cf891f68d9b,human_annotated/images/113526d056e358968ba7809871910a5c3b3848924f6c32e21bce8cf891f68d9b.png,ComplexDataLab/OpenFake,data/datasets/openfake/pilot-600/images/fake/113526d056e358968ba7809871910a5c3b3848924f6c32e21bce8cf891f68d9b.png,"[""data/datasets/openfake/pilot-600/images/fake/113526d056e358968ba7809871910a5c3b3848924f6c32e21bce8cf891f68d9b.png""]",113526d056e358968ba7809871910a5c3b3848924f6c32e21bce8cf891f68d9b,https://huggingface.co/datasets/ComplexDataLab/OpenFake,CC-BY-NC-4.0,,v1.0,,1,fake,collection_manifest_normalized_label_verified_by_sha256,human,human,true,human_master_final,1,medium,1,medium,0.846535325050354,0.0050706942565739155,1,medium,resnet50_layer4_fc_weighted_ordinal_v3,48f6495d4a62ded10d98c3835ffcd33c8f5c653e5df19cb03aef62582060e9b4,training
114a152b5e9804ff8d6c4024ca73b0119f8a608125f46b2595f6040eeb7c17ec,human_annotated/images/114a152b5e9804ff8d6c4024ca73b0119f8a608125f46b2595f6040eeb7c17ec.png,ComplexDataLab/OpenFake,data/datasets/openfake/pilot-600/images/fake/114a152b5e9804ff8d6c4024ca73b0119f8a608125f46b2595f6040eeb7c17ec.png,"[""data/datasets/openfake/pilot-600/images/fake/114a152b5e9804ff8d6c4024ca73b0119f8a608125f46b2595f6040eeb7c17ec.png""]",114a152b5e9804ff8d6c4024ca73b0119f8a608125f46b2595f6040eeb7c17ec,https://huggingface.co/datasets/ComplexDataLab/OpenFake,CC-BY-NC-4.0,,v1.0,,1,fake,collection_manifest_normalized_label_verified_by_sha256,human,human,true,human_master_final,0,low,1,medium,0.6103940606117249,0.007159557659178972,0,low,resnet50_layer4_fc_weighted_ordinal_v3,48f6495d4a62ded10d98c3835ffcd33c8f5c653e5df19cb03aef62582060e9b4,frozen_test
116648816a9d870730937c1d01038b1c986e0b088fb38a12ecff5cdf35e4fb5f,human_annotated/images/116648816a9d870730937c1d01038b1c986e0b088fb38a12ecff5cdf35e4fb5f.jpg,RRDataset,data/datasets/RRDataset/selection_1500/sara/real/real_005225.jpg,"[""data/datasets/RRDataset/selection_1500/sara/real/real_005225.jpg""]",116648816a9d870730937c1d01038b1c986e0b088fb38a12ecff5cdf35e4fb5f,https://zenodo.org/records/14963880,CC-BY-4.0,,,,0,real,rrdataset_local_directory_verified_by_sha256,human,human,true,human_master_final,1,medium,1,medium,0.8711050152778625,0.09161775559186935,1,medium,resnet50_layer4_fc_weighted_ordinal_v3,48f6495d4a62ded10d98c3835ffcd33c8f5c653e5df19cb03aef62582060e9b4,frozen_test
117e42fa351f1cf0d260521fbce2307db7093cb73b497ed9364c71e9222ade3b,human_annotated/images/117e42fa351f1cf0d260521fbce2307db7093cb73b497ed9364c71e9222ade3b.jpg,ComplexDataLab/OpenFake,data/datasets/openfake/additional-900/images/real/117e42fa351f1cf0d260521fbce2307db7093cb73b497ed9364c71e9222ade3b.jpg,"[""data/datasets/openfake/additional-900/images/real/117e42fa351f1cf0d260521fbce2307db7093cb73b497ed9364c71e9222ade3b.jpg""]",117e42fa351f1cf0d260521fbce2307db7093cb73b497ed9364c71e9222ade3b,https://huggingface.co/datasets/ComplexDataLab/OpenFake,CC-BY-NC-4.0,,v1.0,750279a9710d3d98bbc6d0d87250312cfdf922a0,0,real,collection_manifest_normalized_label_verified_by_sha256,human,human,true,consolidated_human_review,2,high,1,medium,0.7711233496665955,0.25926876068115234,2,high,resnet50_layer4_fc_weighted_ordinal_v3,48f6495d4a62ded10d98c3835ffcd33c8f5c653e5df19cb03aef62582060e9b4,training
119e4fa9a3e0b436ac150ae11c3c00edb522a73b1b790fadb9869be8f5b9b16c,human_annotated/images/119e4fa9a3e0b436ac150ae11c3c00edb522a73b1b790fadb9869be8f5b9b16c.jpg,ComplexDataLab/OpenFake,data/datasets/openfake/pilot-600/images/real/119e4fa9a3e0b436ac150ae11c3c00edb522a73b1b790fadb9869be8f5b9b16c.jpg,"[""data/datasets/openfake/pilot-600/images/real/119e4fa9a3e0b436ac150ae11c3c00edb522a73b1b790fadb9869be8f5b9b16c.jpg""]",119e4fa9a3e0b436ac150ae11c3c00edb522a73b1b790fadb9869be8f5b9b16c,https://huggingface.co/datasets/ComplexDataLab/OpenFake,CC-BY-NC-4.0,,v1.0,,0,real,collection_manifest_normalized_label_verified_by_sha256,human,human,true,human_master_final,1,medium,1,medium,0.8938104510307312,0.05924336984753609,1,medium,resnet50_layer4_fc_weighted_ordinal_v3,48f6495d4a62ded10d98c3835ffcd33c8f5c653e5df19cb03aef62582060e9b4,training
1202c6ac23afd4e543149bbaa8624af3799aac9875b725b2323a2ef4c224a332,human_annotated/images/1202c6ac23afd4e543149bbaa8624af3799aac9875b725b2323a2ef4c224a332.png,RRDataset,data/datasets/RRDataset/selection_1500/lorenzo/ai/Natural_Disasters_&_Accidents_000029.png,"[""data/datasets/RRDataset/selection_1500/lorenzo/ai/Natural_Disasters_&_Accidents_000029.png""]",1202c6ac23afd4e543149bbaa8624af3799aac9875b725b2323a2ef4c224a332,https://zenodo.org/records/14963880,CC-BY-4.0,,,,1,fake,rrdataset_local_directory_verified_by_sha256,human,human,true,consolidated_human_review,2,high,1,medium,0.806002676486969,0.09421761333942413,2,high,resnet50_layer4_fc_weighted_ordinal_v3,48f6495d4a62ded10d98c3835ffcd33c8f5c653e5df19cb03aef62582060e9b4,training
12565dc391bab4e2bb6b21b5969d5da2ff6e767546940c4101bc9b95b59ea9d2,human_annotated/images/12565dc391bab4e2bb6b21b5969d5da2ff6e767546940c4101bc9b95b59ea9d2.png,ComplexDataLab/OpenFake,data/datasets/openfake/pilot-600/images/fake/12565dc391bab4e2bb6b21b5969d5da2ff6e767546940c4101bc9b95b59ea9d2.png,"[""data/datasets/openfake/pilot-600/images/fake/12565dc391bab4e2bb6b21b5969d5da2ff6e767546940c4101bc9b95b59ea9d2.png""]",12565dc391bab4e2bb6b21b5969d5da2ff6e767546940c4101bc9b95b59ea9d2,https://huggingface.co/datasets/ComplexDataLab/OpenFake,CC-BY-NC-4.0,,v1.0,,1,fake,collection_manifest_normalized_label_verified_by_sha256,human,human,true,human_master_final,1,medium,1,medium,0.86446613073349,0.04200417175889015,1,medium,resnet50_layer4_fc_weighted_ordinal_v3,48f6495d4a62ded10d98c3835ffcd33c8f5c653e5df19cb03aef62582060e9b4,training
1256cabdff0d36d908ba739bd1feda661708e9a39160282d57c7300ad0e2eb6e,human_annotated/images/1256cabdff0d36d908ba739bd1feda661708e9a39160282d57c7300ad0e2eb6e.png,RRDataset,data/datasets/RRDataset/selection_1500/giovanni/ai/production_000038.png,"[""data/datasets/RRDataset/selection_1500/giovanni/ai/production_000038.png""]",1256cabdff0d36d908ba739bd1feda661708e9a39160282d57c7300ad0e2eb6e,https://zenodo.org/records/14963880,CC-BY-4.0,,,,1,fake,rrdataset_local_directory_verified_by_sha256,human,human,true,human_master_final,1,medium,1,medium,0.6569008231163025,0.016006797552108765,1,medium,resnet50_layer4_fc_weighted_ordinal_v3,48f6495d4a62ded10d98c3835ffcd33c8f5c653e5df19cb03aef62582060e9b4,training
125bcd2065702fc5f67aec337894776d51083a2ccceddc7197c9234b3d49e108,human_annotated/images/125bcd2065702fc5f67aec337894776d51083a2ccceddc7197c9234b3d49e108.png,RRDataset,data/datasets/RRDataset/selection_1500/sara/ai/War_&_Conflict_Scenes_000212.png,"[""data/datasets/RRDataset/selection_1500/sara/ai/War_&_Conflict_Scenes_000212.png""]",125bcd2065702fc5f67aec337894776d51083a2ccceddc7197c9234b3d49e108,https://zenodo.org/records/14963880,CC-BY-4.0,,,,1,fake,rrdataset_local_directory_verified_by_sha256,human,human,true,human_master_final,2,high,2,high,0.9779531359672546,0.6223178505897522,2,high,resnet50_layer4_fc_weighted_ordinal_v3,48f6495d4a62ded10d98c3835ffcd33c8f5c653e5df19cb03aef62582060e9b4,training
128bd40a51f84fd5c425d1bc64f40c2db9a763849ab1f880582b850aaa7656eb,human_annotated/images/128bd40a51f84fd5c425d1bc64f40c2db9a763849ab1f880582b850aaa7656eb.png,ComplexDataLab/OpenFake,data/datasets/openfake/additional-900/images/fake/128bd40a51f84fd5c425d1bc64f40c2db9a763849ab1f880582b850aaa7656eb.png,"[""data/datasets/openfake/additional-900/images/fake/128bd40a51f84fd5c425d1bc64f40c2db9a763849ab1f880582b850aaa7656eb.png""]",128bd40a51f84fd5c425d1bc64f40c2db9a763849ab1f880582b850aaa7656eb,https://huggingface.co/datasets/ComplexDataLab/OpenFake,CC-BY-NC-4.0,,v1.0,750279a9710d3d98bbc6d0d87250312cfdf922a0,1,fake,collection_manifest_normalized_label_verified_by_sha256,human,human,true,human_master_final,1,medium,1,medium,0.8797752857208252,0.029141895473003387,1,medium,resnet50_layer4_fc_weighted_ordinal_v3,48f6495d4a62ded10d98c3835ffcd33c8f5c653e5df19cb03aef62582060e9b4,validation
1290f01483406bc80be692f0fa10aeb1989c29e063c234f29095f39e208b7ca1,human_annotated/images/1290f01483406bc80be692f0fa10aeb1989c29e063c234f29095f39e208b7ca1.png,RRDataset,data/datasets/RRDataset/selection_1500/giovanni/ai/War_&_Conflict_Scenes_000939.png,"[""data/datasets/RRDataset/selection_1500/giovanni/ai/War_&_Conflict_Scenes_000939.png""]",1290f01483406bc80be692f0fa10aeb1989c29e063c234f29095f39e208b7ca1,https://zenodo.org/records/14963880,CC-BY-4.0,,,,1,fake,rrdataset_local_directory_verified_by_sha256,human,human,true,consolidated_human_review,2,high,2,high,0.9316611289978027,0.7680552005767822,2,high,resnet50_layer4_fc_weighted_ordinal_v3,48f6495d4a62ded10d98c3835ffcd33c8f5c653e5df19cb03aef62582060e9b4,training
12bd4b31dd75102e4a975fb4e0d3c7709590f8d614c4b2f8b96e68014490fbbe,human_annotated/images/12bd4b31dd75102e4a975fb4e0d3c7709590f8d614c4b2f8b96e68014490fbbe.jpg,ComplexDataLab/OpenFake,data/datasets/openfake/additional-900/images/real/12bd4b31dd75102e4a975fb4e0d3c7709590f8d614c4b2f8b96e68014490fbbe.jpg,"[""data/datasets/openfake/additional-900/images/real/12bd4b31dd75102e4a975fb4e0d3c7709590f8d614c4b2f8b96e68014490fbbe.jpg""]",12bd4b31dd75102e4a975fb4e0d3c7709590f8d614c4b2f8b96e68014490fbbe,https://huggingface.co/datasets/ComplexDataLab/OpenFake,CC-BY-NC-4.0,,v1.0,750279a9710d3d98bbc6d0d87250312cfdf922a0,0,real,collection_manifest_normalized_label_verified_by_sha256,human,human,true,human_master_final,0,low,1,medium,0.7908088564872742,0.03476814180612564,0,low,resnet50_layer4_fc_weighted_ordinal_v3,48f6495d4a62ded10d98c3835ffcd33c8f5c653e5df19cb03aef62582060e9b4,training
130d7cea6e90db4c96403a4047a616b2a9e9825260c79cbc568f33e95c8f6007,human_annotated/images/130d7cea6e90db4c96403a4047a616b2a9e9825260c79cbc568f33e95c8f6007.jpg,RRDataset,data/datasets/RRDataset/selection_1500/giovanni/ai/normal_006967.jpg,"[""data/datasets/RRDataset/selection_1500/giovanni/ai/normal_006967.jpg""]",130d7cea6e90db4c96403a4047a616b2a9e9825260c79cbc568f33e95c8f6007,https://zenodo.org/records/14963880,CC-BY-4.0,,,,1,fake,rrdataset_local_directory_verified_by_sha256,human,human,true,human_master_final,0,low,0,low,0.4655298590660095,0.0190966185182333,0,low,resnet50_layer4_fc_weighted_ordinal_v3,48f6495d4a62ded10d98c3835ffcd33c8f5c653e5df19cb03aef62582060e9b4,frozen_test
13667e7b59f8d594b3c71a2dc1f75b52cf896a28c5a1a7e1c3acdc97f0b4fc05,human_annotated/images/13667e7b59f8d594b3c71a2dc1f75b52cf896a28c5a1a7e1c3acdc97f0b4fc05.jpg,RRDataset,data/datasets/RRDataset/selection_1500/sara/real/real_008673.jpg,"[""data/datasets/RRDataset/selection_1500/sara/real/real_008673.jpg""]",13667e7b59f8d594b3c71a2dc1f75b52cf896a28c5a1a7e1c3acdc97f0b4fc05,https://zenodo.org/records/14963880,CC-BY-4.0,,,,0,real,rrdataset_local_directory_verified_by_sha256,human,human,true,human_master_final,1,medium,1,medium,0.9639935493469238,0.0465782955288887,1,medium,resnet50_layer4_fc_weighted_ordinal_v3,48f6495d4a62ded10d98c3835ffcd33c8f5c653e5df19cb03aef62582060e9b4,training
13b7f2b97efa0967297328c662b99d1efcd7de62623b45e21a62a0cce802ff14,human_annotated/images/13b7f2b97efa0967297328c662b99d1efcd7de62623b45e21a62a0cce802ff14.png,ComplexDataLab/OpenFake,data/datasets/openfake/pilot-600/images/fake/13b7f2b97efa0967297328c662b99d1efcd7de62623b45e21a62a0cce802ff14.png,"[""data/datasets/openfake/pilot-600/images/fake/13b7f2b97efa0967297328c662b99d1efcd7de62623b45e21a62a0cce802ff14.png""]",13b7f2b97efa0967297328c662b99d1efcd7de62623b45e21a62a0cce802ff14,https://huggingface.co/datasets/ComplexDataLab/OpenFake,CC-BY-NC-4.0,,v1.0,,1,fake,collection_manifest_normalized_label_verified_by_sha256,human,human,true,human_master_final,2,high,1,medium,0.601412296295166,0.03012968972325325,2,high,resnet50_layer4_fc_weighted_ordinal_v3,48f6495d4a62ded10d98c3835ffcd33c8f5c653e5df19cb03aef62582060e9b4,validation
13eaf3f006a205859c056a62b1fbad814fc90a268bfd4129b442feffc38a4cec,human_annotated/images/13eaf3f006a205859c056a62b1fbad814fc90a268bfd4129b442feffc38a4cec.jpg,ComplexDataLab/OpenFake,data/datasets/openfake/additional-900/images/real/13eaf3f006a205859c056a62b1fbad814fc90a268bfd4129b442feffc38a4cec.jpg,"[""data/datasets/openfake/additional-900/images/real/13eaf3f006a205859c056a62b1fbad814fc90a268bfd4129b442feffc38a4cec.jpg""]",13eaf3f006a205859c056a62b1fbad814fc90a268bfd4129b442feffc38a4cec,https://huggingface.co/datasets/ComplexDataLab/OpenFake,CC-BY-NC-4.0,,v1.0,750279a9710d3d98bbc6d0d87250312cfdf922a0,0,real,collection_manifest_normalized_label_verified_by_sha256,human,human,true,consolidated_human_review,1,medium,1,medium,0.8417271971702576,0.08707525581121445,1,medium,resnet50_layer4_fc_weighted_ordinal_v3,48f6495d4a62ded10d98c3835ffcd33c8f5c653e5df19cb03aef62582060e9b4,training
13f57c8262f0aa97180bac351e36a3159eade642b20faec3cbddf328e343bfe2,human_annotated/images/13f57c8262f0aa97180bac351e36a3159eade642b20faec3cbddf328e343bfe2.jpg,RRDataset,data/datasets/RRDataset/selection_1500/giovanni/real/real_008806.jpg,"[""data/datasets/RRDataset/selection_1500/giovanni/real/real_008806.jpg""]",13f57c8262f0aa97180bac351e36a3159eade642b20faec3cbddf328e343bfe2,https://zenodo.org/records/14963880,CC-BY-4.0,,,,0,real,rrdataset_local_directory_verified_by_sha256,human,human,true,human_master_final,0,low,0,low,0.32785138487815857,0.15324822068214417,0,low,resnet50_layer4_fc_weighted_ordinal_v3,48f6495d4a62ded10d98c3835ffcd33c8f5c653e5df19cb03aef62582060e9b4,training
1411c0137ba1fc4943def3d81790421ebbd488dc5fa5d10a90e3c20f6056d223,human_annotated/images/1411c0137ba1fc4943def3d81790421ebbd488dc5fa5d10a90e3c20f6056d223.png,ComplexDataLab/OpenFake,data/datasets/openfake/pilot-600/images/fake/1411c0137ba1fc4943def3d81790421ebbd488dc5fa5d10a90e3c20f6056d223.png,"[""data/datasets/openfake/pilot-600/images/fake/1411c0137ba1fc4943def3d81790421ebbd488dc5fa5d10a90e3c20f6056d223.png""]",1411c0137ba1fc4943def3d81790421ebbd488dc5fa5d10a90e3c20f6056d223,https://huggingface.co/datasets/ComplexDataLab/OpenFake,CC-BY-NC-4.0,,v1.0,,1,fake,collection_manifest_normalized_label_verified_by_sha256,human,human,true,human_master_final,0,low,1,medium,0.6071991324424744,0.005816561169922352,0,low,resnet50_layer4_fc_weighted_ordinal_v3,48f6495d4a62ded10d98c3835ffcd33c8f5c653e5df19cb03aef62582060e9b4,training
14acc8c0d89e4492d79d2b43068916e924ed4f629248e6ac2913528168425830,human_annotated/images/14acc8c0d89e4492d79d2b43068916e924ed4f629248e6ac2913528168425830.jpg,ComplexDataLab/OpenFake,data/datasets/openfake/additional-900/images/real/14acc8c0d89e4492d79d2b43068916e924ed4f629248e6ac2913528168425830.jpg,"[""data/datasets/openfake/additional-900/images/real/14acc8c0d89e4492d79d2b43068916e924ed4f629248e6ac2913528168425830.jpg""]",14acc8c0d89e4492d79d2b43068916e924ed4f629248e6ac2913528168425830,https://huggingface.co/datasets/ComplexDataLab/OpenFake,CC-BY-NC-4.0,,v1.0,750279a9710d3d98bbc6d0d87250312cfdf922a0,0,real,collection_manifest_normalized_label_verified_by_sha256,human,human,true,consolidated_human_review,1,medium,1,medium,0.8566776514053345,0.18135114014148712,1,medium,resnet50_layer4_fc_weighted_ordinal_v3,48f6495d4a62ded10d98c3835ffcd33c8f5c653e5df19cb03aef62582060e9b4,training
14c3155a8eb37b344c101c2fb306ef4054ac1266510b7391b18f4483f8bae30b,human_annotated/images/14c3155a8eb37b344c101c2fb306ef4054ac1266510b7391b18f4483f8bae30b.png,RRDataset,data/datasets/RRDataset/selection_1500/lorenzo/ai/Political_&_Social_Events_000791.png,"[""data/datasets/RRDataset/selection_1500/lorenzo/ai/Political_&_Social_Events_000791.png""]",14c3155a8eb37b344c101c2fb306ef4054ac1266510b7391b18f4483f8bae30b,https://zenodo.org/records/14963880,CC-BY-4.0,,,,1,fake,rrdataset_local_directory_verified_by_sha256,human,human,true,consolidated_human_review,1,medium,2,high,0.9841901659965515,0.6547049283981323,1,medium,resnet50_layer4_fc_weighted_ordinal_v3,48f6495d4a62ded10d98c3835ffcd33c8f5c653e5df19cb03aef62582060e9b4,validation
14df3a280afb698df7227ced3333c17a812c53cb601255b12fbe2a61ff021a75,human_annotated/images/14df3a280afb698df7227ced3333c17a812c53cb601255b12fbe2a61ff021a75.jpg,RRDataset,data/datasets/RRDataset/selection_1500/giovanni/real/real_001904.jpg,"[""data/datasets/RRDataset/selection_1500/giovanni/real/real_001904.jpg""]",14df3a280afb698df7227ced3333c17a812c53cb601255b12fbe2a61ff021a75,https://zenodo.org/records/14963880,CC-BY-4.0,,,,0,real,rrdataset_local_directory_verified_by_sha256,human,human,true,human_master_final,1,medium,1,medium,0.6165663003921509,0.004834766499698162,1,medium,resnet50_layer4_fc_weighted_ordinal_v3,48f6495d4a62ded10d98c3835ffcd33c8f5c653e5df19cb03aef62582060e9b4,training
15018cefbb446f63493e6520460bc42bc1e23085b805fff7199a262ea706b90d,human_annotated/images/15018cefbb446f63493e6520460bc42bc1e23085b805fff7199a262ea706b90d.png,RRDataset,data/datasets/RRDataset/selection_1500/sara/ai/War_&_Conflict_Scenes_000392.png,"[""data/datasets/RRDataset/selection_1500/sara/ai/War_&_Conflict_Scenes_000392.png""]",15018cefbb446f63493e6520460bc42bc1e23085b805fff7199a262ea706b90d,https://zenodo.org/records/14963880,CC-BY-4.0,,,,1,fake,rrdataset_local_directory_verified_by_sha256,human,human,true,consolidated_human_review,2,high,2,high,0.936705470085144,0.8500690460205078,2,high,resnet50_layer4_fc_weighted_ordinal_v3,48f6495d4a62ded10d98c3835ffcd33c8f5c653e5df19cb03aef62582060e9b4,training
15530980a71e3bca66d0c6931eec1eb7cf82ad82bf182418eaaa2df450bb081a,human_annotated/images/15530980a71e3bca66d0c6931eec1eb7cf82ad82bf182418eaaa2df450bb081a.png,saberzl/SID_Set,data/datasets/sid-set/candidate-1500/images/fake/15530980a71e3bca66d0c6931eec1eb7cf82ad82bf182418eaaa2df450bb081a.png,"[""data/datasets/sid-set/candidate-1500/images/fake/15530980a71e3bca66d0c6931eec1eb7cf82ad82bf182418eaaa2df450bb081a.png""]",15530980a71e3bca66d0c6931eec1eb7cf82ad82bf182418eaaa2df450bb081a,https://huggingface.co/datasets/saberzl/SID_Set,CC-BY-4.0,full_synthetic_010792,main,dc03ead57929879319ce30a82bfcfb8d317b10bd,1,fake,collection_manifest_normalized_label_verified_by_sha256,human,human,true,human_master_final,0,low,0,low,0.39205440878868103,0.03238203004002571,0,low,resnet50_layer4_fc_weighted_ordinal_v3,48f6495d4a62ded10d98c3835ffcd33c8f5c653e5df19cb03aef62582060e9b4,training
1564245bbd0aa7132fa0391258283c258e918d85f04ecb93564a3b29de3261ce,human_annotated/images/1564245bbd0aa7132fa0391258283c258e918d85f04ecb93564a3b29de3261ce.jpg,ComplexDataLab/OpenFake,data/datasets/openfake/additional-900/images/real/1564245bbd0aa7132fa0391258283c258e918d85f04ecb93564a3b29de3261ce.jpg,"[""data/datasets/openfake/additional-900/images/real/1564245bbd0aa7132fa0391258283c258e918d85f04ecb93564a3b29de3261ce.jpg""]",1564245bbd0aa7132fa0391258283c258e918d85f04ecb93564a3b29de3261ce,https://huggingface.co/datasets/ComplexDataLab/OpenFake,CC-BY-NC-4.0,,v1.0,750279a9710d3d98bbc6d0d87250312cfdf922a0,0,real,collection_manifest_normalized_label_verified_by_sha256,human,human,true,human_master_final,1,medium,1,medium,0.7946632504463196,0.03858353942632675,1,medium,resnet50_layer4_fc_weighted_ordinal_v3,48f6495d4a62ded10d98c3835ffcd33c8f5c653e5df19cb03aef62582060e9b4,training
1589d1fd225b765173ac4cb7b458f48991a239f5085f9eaf8a1c1a2468ccb28c,human_annotated/images/1589d1fd225b765173ac4cb7b458f48991a239f5085f9eaf8a1c1a2468ccb28c.jpg,RRDataset,data/datasets/RRDataset/selection_1500/giovanni/real/real_006130.jpg,"[""data/datasets/RRDataset/selection_1500/giovanni/real/real_006130.jpg""]",1589d1fd225b765173ac4cb7b458f48991a239f5085f9eaf8a1c1a2468ccb28c,https://zenodo.org/records/14963880,CC-BY-4.0,,,,0,real,rrdataset_local_directory_verified_by_sha256,human,human,true,human_master_final,1,medium,1,medium,0.6514437198638916,0.021629517897963524,1,medium,resnet50_layer4_fc_weighted_ordinal_v3,48f6495d4a62ded10d98c3835ffcd33c8f5c653e5df19cb03aef62582060e9b4,training
15ae8374438d5cc4db199621967bb1de849004e3e9b332e829a1596aed8ef51b,human_annotated/images/15ae8374438d5cc4db199621967bb1de849004e3e9b332e829a1596aed8ef51b.jpg,saberzl/SID_Set,data/datasets/sid-set/candidate-1500/images/real/15ae8374438d5cc4db199621967bb1de849004e3e9b332e829a1596aed8ef51b.jpg,"[""data/datasets/sid-set/candidate-1500/images/real/15ae8374438d5cc4db199621967bb1de849004e3e9b332e829a1596aed8ef51b.jpg""]",15ae8374438d5cc4db199621967bb1de849004e3e9b332e829a1596aed8ef51b,https://huggingface.co/datasets/saberzl/SID_Set,CC-BY-4.0,0002af997ecdfcf4,main,dc03ead57929879319ce30a82bfcfb8d317b10bd,0,real,collection_manifest_normalized_label_verified_by_sha256,human,human,true,consolidated_human_review,1,medium,1,medium,0.8927087187767029,0.002197490306571126,1,medium,resnet50_layer4_fc_weighted_ordinal_v3,48f6495d4a62ded10d98c3835ffcd33c8f5c653e5df19cb03aef62582060e9b4,training
1603b655f1a252ef2fd038bf46a74f1921d61f971cd593b8a569103d06d5aaa4,human_annotated/images/1603b655f1a252ef2fd038bf46a74f1921d61f971cd593b8a569103d06d5aaa4.jpg,RRDataset,data/datasets/RRDataset/selection_1500/sara/real/real_004165.jpg,"[""data/datasets/RRDataset/selection_1500/sara/real/real_004165.jpg""]",1603b655f1a252ef2fd038bf46a74f1921d61f971cd593b8a569103d06d5aaa4,https://zenodo.org/records/14963880,CC-BY-4.0,,,,0,real,rrdataset_local_directory_verified_by_sha256,human,human,true,human_master_final,0,low,1,medium,0.5174173712730408,0.06040700897574425,0,low,resnet50_layer4_fc_weighted_ordinal_v3,48f6495d4a62ded10d98c3835ffcd33c8f5c653e5df19cb03aef62582060e9b4,training
161a24d079a4cbaca93de55ee2af8a40aa1b60871e63a61e03dcef0f6d964310,human_annotated/images/161a24d079a4cbaca93de55ee2af8a40aa1b60871e63a61e03dcef0f6d964310.jpg,RRDataset,data/datasets/RRDataset/selection_1500/giovanni/real/real_005826.jpg,"[""data/datasets/RRDataset/selection_1500/giovanni/real/real_005826.jpg""]",161a24d079a4cbaca93de55ee2af8a40aa1b60871e63a61e03dcef0f6d964310,https://zenodo.org/records/14963880,CC-BY-4.0,,,,0,real,rrdataset_local_directory_verified_by_sha256,human,human,true,consolidated_human_review,1,medium,0,low,0.3427577018737793,0.04135327786207199,1,medium,resnet50_layer4_fc_weighted_ordinal_v3,48f6495d4a62ded10d98c3835ffcd33c8f5c653e5df19cb03aef62582060e9b4,training
16203f9e3abbe615f54b91ff6a4d2adc7396e7f2d6456b8e72796337a2977498,human_annotated/images/16203f9e3abbe615f54b91ff6a4d2adc7396e7f2d6456b8e72796337a2977498.jpg,RRDataset,data/datasets/RRDataset/selection_1500/sara/real/real_009101.jpg,"[""data/datasets/RRDataset/selection_1500/sara/real/real_009101.jpg""]",16203f9e3abbe615f54b91ff6a4d2adc7396e7f2d6456b8e72796337a2977498,https://zenodo.org/records/14963880,CC-BY-4.0,,,,0,real,rrdataset_local_directory_verified_by_sha256,human,human,true,human_master_final,1,medium,1,medium,0.7931413650512695,0.028644952923059464,1,medium,resnet50_layer4_fc_weighted_ordinal_v3,48f6495d4a62ded10d98c3835ffcd33c8f5c653e5df19cb03aef62582060e9b4,frozen_test
1649eac954d5a54d6419a76ce460b565d1afe9b052b78663aecadb88a4038f6d,human_annotated/images/1649eac954d5a54d6419a76ce460b565d1afe9b052b78663aecadb88a4038f6d.jpg,saberzl/SID_Set,data/datasets/sid-set/candidate-1500/images/real/1649eac954d5a54d6419a76ce460b565d1afe9b052b78663aecadb88a4038f6d.jpg,"[""data/datasets/sid-set/candidate-1500/images/real/1649eac954d5a54d6419a76ce460b565d1afe9b052b78663aecadb88a4038f6d.jpg""]",1649eac954d5a54d6419a76ce460b565d1afe9b052b78663aecadb88a4038f6d,https://huggingface.co/datasets/saberzl/SID_Set,CC-BY-4.0,4c29d0cef1dbafcf,main,dc03ead57929879319ce30a82bfcfb8d317b10bd,0,real,collection_manifest_normalized_label_verified_by_sha256,human,human,true,human_master_final,1,medium,0,low,0.22035162150859833,0.02301439270377159,1,medium,resnet50_layer4_fc_weighted_ordinal_v3,48f6495d4a62ded10d98c3835ffcd33c8f5c653e5df19cb03aef62582060e9b4,training
1666626ba244b301d5b10c187b3c9d3cad15a640fa3b91381b12e5756f95552e,human_annotated/images/1666626ba244b301d5b10c187b3c9d3cad15a640fa3b91381b12e5756f95552e.jpg,ComplexDataLab/OpenFake,data/datasets/openfake/additional-900/images/real/1666626ba244b301d5b10c187b3c9d3cad15a640fa3b91381b12e5756f95552e.jpg,"[""data/datasets/openfake/additional-900/images/real/1666626ba244b301d5b10c187b3c9d3cad15a640fa3b91381b12e5756f95552e.jpg""]",1666626ba244b301d5b10c187b3c9d3cad15a640fa3b91381b12e5756f95552e,https://huggingface.co/datasets/ComplexDataLab/OpenFake,CC-BY-NC-4.0,,v1.0,750279a9710d3d98bbc6d0d87250312cfdf922a0,0,real,collection_manifest_normalized_label_verified_by_sha256,human,human,true,human_master_final,0,low,1,medium,0.9839771389961243,0.313541054725647,0,low,resnet50_layer4_fc_weighted_ordinal_v3,48f6495d4a62ded10d98c3835ffcd33c8f5c653e5df19cb03aef62582060e9b4,frozen_test
16afbb9890ffb91a0e7dd9ef2e10080040d48f9c401f76862d00a96192afa737,human_annotated/images/16afbb9890ffb91a0e7dd9ef2e10080040d48f9c401f76862d00a96192afa737.jpg,ComplexDataLab/OpenFake,data/datasets/openfake/pilot-600/images/real/16afbb9890ffb91a0e7dd9ef2e10080040d48f9c401f76862d00a96192afa737.jpg,"[""data/datasets/openfake/pilot-600/images/real/16afbb9890ffb91a0e7dd9ef2e10080040d48f9c401f76862d00a96192afa737.jpg""]",16afbb9890ffb91a0e7dd9ef2e10080040d48f9c401f76862d00a96192afa737,https://huggingface.co/datasets/ComplexDataLab/OpenFake,CC-BY-NC-4.0,,v1.0,,0,real,collection_manifest_normalized_label_verified_by_sha256,human,human,true,human_master_final,0,low,1,medium,0.5224331617355347,0.0519515685737133,0,low,resnet50_layer4_fc_weighted_ordinal_v3,48f6495d4a62ded10d98c3835ffcd33c8f5c653e5df19cb03aef62582060e9b4,training
16c14f1512289686074b3c869540122c654ed5b851f31b72dbb7dc6f861b78a6,human_annotated/images/16c14f1512289686074b3c869540122c654ed5b851f31b72dbb7dc6f861b78a6.jpg,saberzl/SID_Set,data/datasets/sid-set/candidate-1500/images/real/16c14f1512289686074b3c869540122c654ed5b851f31b72dbb7dc6f861b78a6.jpg,"[""data/datasets/sid-set/candidate-1500/images/real/16c14f1512289686074b3c869540122c654ed5b851f31b72dbb7dc6f861b78a6.jpg""]",16c14f1512289686074b3c869540122c654ed5b851f31b72dbb7dc6f861b78a6,https://huggingface.co/datasets/saberzl/SID_Set,CC-BY-4.0,e25053c24e2a93e3,main,dc03ead57929879319ce30a82bfcfb8d317b10bd,0,real,collection_manifest_normalized_label_verified_by_sha256,human,human,true,consolidated_human_review,1,medium,1,medium,0.856175422668457,0.16873954236507416,1,medium,resnet50_layer4_fc_weighted_ordinal_v3,48f6495d4a62ded10d98c3835ffcd33c8f5c653e5df19cb03aef62582060e9b4,training
16c1b979972f6b2d2846de0545138c9051fdcce463834dc2d9e9c074efbdeb29,human_annotated/images/16c1b979972f6b2d2846de0545138c9051fdcce463834dc2d9e9c074efbdeb29.jpg,ComplexDataLab/OpenFake,data/datasets/openfake/pilot-600/images/real/16c1b979972f6b2d2846de0545138c9051fdcce463834dc2d9e9c074efbdeb29.jpg,"[""data/datasets/openfake/pilot-600/images/real/16c1b979972f6b2d2846de0545138c9051fdcce463834dc2d9e9c074efbdeb29.jpg""]",16c1b979972f6b2d2846de0545138c9051fdcce463834dc2d9e9c074efbdeb29,https://huggingface.co/datasets/ComplexDataLab/OpenFake,CC-BY-NC-4.0,,v1.0,,0,real,collection_manifest_normalized_label_verified_by_sha256,human,human,true,human_master_final,1,medium,0,low,0.4047980010509491,0.024367254227399826,1,medium,resnet50_layer4_fc_weighted_ordinal_v3,48f6495d4a62ded10d98c3835ffcd33c8f5c653e5df19cb03aef62582060e9b4,training
1760bc29f8e686101c530e292b18fb3234d79abd3d4d70266d340dbd50625587,human_annotated/images/1760bc29f8e686101c530e292b18fb3234d79abd3d4d70266d340dbd50625587.jpg,saberzl/SID_Set,data/datasets/sid-set/candidate-1500/images/real/1760bc29f8e686101c530e292b18fb3234d79abd3d4d70266d340dbd50625587.jpg,"[""data/datasets/sid-set/candidate-1500/images/real/1760bc29f8e686101c530e292b18fb3234d79abd3d4d70266d340dbd50625587.jpg""]",1760bc29f8e686101c530e292b18fb3234d79abd3d4d70266d340dbd50625587,https://huggingface.co/datasets/saberzl/SID_Set,CC-BY-4.0,db425134895f827c,main,dc03ead57929879319ce30a82bfcfb8d317b10bd,0,real,collection_manifest_normalized_label_verified_by_sha256,human,human,true,consolidated_human_review,0,low,1,medium,0.8827911615371704,0.08591466397047043,0,low,resnet50_layer4_fc_weighted_ordinal_v3,48f6495d4a62ded10d98c3835ffcd33c8f5c653e5df19cb03aef62582060e9b4,validation
184f67107497daa6867c73a94a993f170ebfd998c6eb894224b60eaa43ff23d3,human_annotated/images/184f67107497daa6867c73a94a993f170ebfd998c6eb894224b60eaa43ff23d3.png,saberzl/SID_Set,data/datasets/sid-set/candidate-1500/images/fake/184f67107497daa6867c73a94a993f170ebfd998c6eb894224b60eaa43ff23d3.png,"[""data/datasets/sid-set/candidate-1500/images/fake/184f67107497daa6867c73a94a993f170ebfd998c6eb894224b60eaa43ff23d3.png""]",184f67107497daa6867c73a94a993f170ebfd998c6eb894224b60eaa43ff23d3,https://huggingface.co/datasets/saberzl/SID_Set,CC-BY-4.0,full_synthetic_063846,main,dc03ead57929879319ce30a82bfcfb8d317b10bd,1,fake,collection_manifest_normalized_label_verified_by_sha256,human,human,true,human_master_final,0,low,1,medium,0.6313846707344055,0.0595439113676548,0,low,resnet50_layer4_fc_weighted_ordinal_v3,48f6495d4a62ded10d98c3835ffcd33c8f5c653e5df19cb03aef62582060e9b4,training
185cfdabf02f426c7dba49ed11c5f5dc8d39e7653336223f05418a0c7826589e,human_annotated/images/185cfdabf02f426c7dba49ed11c5f5dc8d39e7653336223f05418a0c7826589e.png,RRDataset,data/datasets/RRDataset/selection_1500/lorenzo/ai/Medical_&_Public_Health_000462.png,"[""data/datasets/RRDataset/selection_1500/lorenzo/ai/Medical_&_Public_Health_000462.png""]",185cfdabf02f426c7dba49ed11c5f5dc8d39e7653336223f05418a0c7826589e,https://zenodo.org/records/14963880,CC-BY-4.0,,,,1,fake,rrdataset_local_directory_verified_by_sha256,human,human,true,human_master_final,2,high,2,high,0.9852433204650879,0.6546626687049866,2,high,resnet50_layer4_fc_weighted_ordinal_v3,48f6495d4a62ded10d98c3835ffcd33c8f5c653e5df19cb03aef62582060e9b4,training
18751ab204d7dc3c37bc1c5e23b749cc6b3c5c3eb014f1165a85421f1396070e,human_annotated/images/18751ab204d7dc3c37bc1c5e23b749cc6b3c5c3eb014f1165a85421f1396070e.jpg,ComplexDataLab/OpenFake,data/datasets/openfake/additional-900/images/real/18751ab204d7dc3c37bc1c5e23b749cc6b3c5c3eb014f1165a85421f1396070e.jpg,"[""data/datasets/openfake/additional-900/images/real/18751ab204d7dc3c37bc1c5e23b749cc6b3c5c3eb014f1165a85421f1396070e.jpg""]",18751ab204d7dc3c37bc1c5e23b749cc6b3c5c3eb014f1165a85421f1396070e,https://huggingface.co/datasets/ComplexDataLab/OpenFake,CC-BY-NC-4.0,,v1.0,750279a9710d3d98bbc6d0d87250312cfdf922a0,0,real,collection_manifest_normalized_label_verified_by_sha256,human,human,true,consolidated_human_review,1,medium,1,medium,0.8086627721786499,0.04883767291903496,1,medium,resnet50_layer4_fc_weighted_ordinal_v3,48f6495d4a62ded10d98c3835ffcd33c8f5c653e5df19cb03aef62582060e9b4,validation
188c83865facb67a88d24438eaba30e3ab8baf95c03612715d363ee87eb0bed0,human_annotated/images/188c83865facb67a88d24438eaba30e3ab8baf95c03612715d363ee87eb0bed0.jpg,ComplexDataLab/OpenFake,data/datasets/openfake/pilot-600/images/fake/188c83865facb67a88d24438eaba30e3ab8baf95c03612715d363ee87eb0bed0.jpg,"[""data/datasets/openfake/pilot-600/images/fake/188c83865facb67a88d24438eaba30e3ab8baf95c03612715d363ee87eb0bed0.jpg""]",188c83865facb67a88d24438eaba30e3ab8baf95c03612715d363ee87eb0bed0,https://huggingface.co/datasets/ComplexDataLab/OpenFake,CC-BY-NC-4.0,,v1.0,,1,fake,collection_manifest_normalized_label_verified_by_sha256,human,human,true,human_master_final,0,low,1,medium,0.5847409963607788,0.0013223710702732205,0,low,resnet50_layer4_fc_weighted_ordinal_v3,48f6495d4a62ded10d98c3835ffcd33c8f5c653e5df19cb03aef62582060e9b4,training
18bce8b97cd36ee7286152fe7db043ec0138ef174361203b2ed4f83350f299c9,human_annotated/images/18bce8b97cd36ee7286152fe7db043ec0138ef174361203b2ed4f83350f299c9.jpg,ComplexDataLab/OpenFake,data/datasets/openfake/additional-900/images/real/18bce8b97cd36ee7286152fe7db043ec0138ef174361203b2ed4f83350f299c9.jpg,"[""data/datasets/openfake/additional-900/images/real/18bce8b97cd36ee7286152fe7db043ec0138ef174361203b2ed4f83350f299c9.jpg""]",18bce8b97cd36ee7286152fe7db043ec0138ef174361203b2ed4f83350f299c9,https://huggingface.co/datasets/ComplexDataLab/OpenFake,CC-BY-NC-4.0,,v1.0,750279a9710d3d98bbc6d0d87250312cfdf922a0,0,real,collection_manifest_normalized_label_verified_by_sha256,human,human,true,consolidated_human_review,0,low,0,low,0.257529616355896,0.012862361036241055,0,low,resnet50_layer4_fc_weighted_ordinal_v3,48f6495d4a62ded10d98c3835ffcd33c8f5c653e5df19cb03aef62582060e9b4,training
18cfb8b96af1cdc6c0a14f5034f65a2a05d906f88adab74d0952ddef8871bce6,human_annotated/images/18cfb8b96af1cdc6c0a14f5034f65a2a05d906f88adab74d0952ddef8871bce6.png,ComplexDataLab/OpenFake,data/datasets/openfake/pilot-600/images/fake/18cfb8b96af1cdc6c0a14f5034f65a2a05d906f88adab74d0952ddef8871bce6.png,"[""data/datasets/openfake/pilot-600/images/fake/18cfb8b96af1cdc6c0a14f5034f65a2a05d906f88adab74d0952ddef8871bce6.png""]",18cfb8b96af1cdc6c0a14f5034f65a2a05d906f88adab74d0952ddef8871bce6,https://huggingface.co/datasets/ComplexDataLab/OpenFake,CC-BY-NC-4.0,,v1.0,,1,fake,collection_manifest_normalized_label_verified_by_sha256,human,human,true,human_master_final,1,medium,1,medium,0.8018014430999756,0.006360824219882488,1,medium,resnet50_layer4_fc_weighted_ordinal_v3,48f6495d4a62ded10d98c3835ffcd33c8f5c653e5df19cb03aef62582060e9b4,training
19acabba6a6c886cf0bf07d27a22c770163b240d9a989c9649f17762d228503a,human_annotated/images/19acabba6a6c886cf0bf07d27a22c770163b240d9a989c9649f17762d228503a.jpg,saberzl/SID_Set,data/datasets/sid-set/candidate-1500/images/real/19acabba6a6c886cf0bf07d27a22c770163b240d9a989c9649f17762d228503a.jpg,"[""data/datasets/sid-set/candidate-1500/images/real/19acabba6a6c886cf0bf07d27a22c770163b240d9a989c9649f17762d228503a.jpg""]",19acabba6a6c886cf0bf07d27a22c770163b240d9a989c9649f17762d228503a,https://huggingface.co/datasets/saberzl/SID_Set,CC-BY-4.0,8188c09e4803f871,main,dc03ead57929879319ce30a82bfcfb8d317b10bd,0,real,collection_manifest_normalized_label_verified_by_sha256,human,human,true,human_master_final,0,low,0,low,0.2177526205778122,0.006850532256066799,0,low,resnet50_layer4_fc_weighted_ordinal_v3,48f6495d4a62ded10d98c3835ffcd33c8f5c653e5df19cb03aef62582060e9b4,training
19bf0fa724fffaf5ce31b3e1db8269548ab488537a8bdd608df390715fdedfb4,human_annotated/images/19bf0fa724fffaf5ce31b3e1db8269548ab488537a8bdd608df390715fdedfb4.jpg,RRDataset,data/datasets/RRDataset/selection_1500/lorenzo/real/real_006848.jpg,"[""data/datasets/RRDataset/selection_1500/lorenzo/real/real_006848.jpg""]",19bf0fa724fffaf5ce31b3e1db8269548ab488537a8bdd608df390715fdedfb4,https://zenodo.org/records/14963880,CC-BY-4.0,,,,0,real,rrdataset_local_directory_verified_by_sha256,human,human,true,human_master_final,1,medium,1,medium,0.9278749823570251,0.014261716045439243,1,medium,resnet50_layer4_fc_weighted_ordinal_v3,48f6495d4a62ded10d98c3835ffcd33c8f5c653e5df19cb03aef62582060e9b4,frozen_test
19c530d2a60c0687844cc650389c43eaab499d15c6457ba593704a77a73a7007,human_annotated/images/19c530d2a60c0687844cc650389c43eaab499d15c6457ba593704a77a73a7007.png,ComplexDataLab/OpenFake,data/datasets/openfake/pilot-600/images/fake/19c530d2a60c0687844cc650389c43eaab499d15c6457ba593704a77a73a7007.png,"[""data/datasets/openfake/pilot-600/images/fake/19c530d2a60c0687844cc650389c43eaab499d15c6457ba593704a77a73a7007.png""]",19c530d2a60c0687844cc650389c43eaab499d15c6457ba593704a77a73a7007,https://huggingface.co/datasets/ComplexDataLab/OpenFake,CC-BY-NC-4.0,,v1.0,,1,fake,collection_manifest_normalized_label_verified_by_sha256,human,human,true,human_master_final,1,medium,1,medium,0.8713043332099915,0.034114766865968704,1,medium,resnet50_layer4_fc_weighted_ordinal_v3,48f6495d4a62ded10d98c3835ffcd33c8f5c653e5df19cb03aef62582060e9b4,training
1a8d02901738183f57a59a686fb847bcb003d46de5fd2fbf10ce889898f0d9b0,human_annotated/images/1a8d02901738183f57a59a686fb847bcb003d46de5fd2fbf10ce889898f0d9b0.jpg,saberzl/SID_Set,data/datasets/sid-set/candidate-1500/images/real/1a8d02901738183f57a59a686fb847bcb003d46de5fd2fbf10ce889898f0d9b0.jpg,"[""data/datasets/sid-set/candidate-1500/images/real/1a8d02901738183f57a59a686fb847bcb003d46de5fd2fbf10ce889898f0d9b0.jpg""]",1a8d02901738183f57a59a686fb847bcb003d46de5fd2fbf10ce889898f0d9b0,https://huggingface.co/datasets/saberzl/SID_Set,CC-BY-4.0,490ac7e2b220e065,main,dc03ead57929879319ce30a82bfcfb8d317b10bd,0,real,collection_manifest_normalized_label_verified_by_sha256,human,human,true,human_master_final,1,medium,1,medium,0.7551053166389465,0.06826798617839813,1,medium,resnet50_layer4_fc_weighted_ordinal_v3,48f6495d4a62ded10d98c3835ffcd33c8f5c653e5df19cb03aef62582060e9b4,frozen_test
1ab16642b8f631407df60b9e51c0ef35140598ebe3c0cf17a3f03c42d8053484,human_annotated/images/1ab16642b8f631407df60b9e51c0ef35140598ebe3c0cf17a3f03c42d8053484.jpg,RRDataset,data/datasets/RRDataset/selection_1500/lorenzo/real/real_003983.jpg,"[""data/datasets/RRDataset/selection_1500/lorenzo/real/real_003983.jpg""]",1ab16642b8f631407df60b9e51c0ef35140598ebe3c0cf17a3f03c42d8053484,https://zenodo.org/records/14963880,CC-BY-4.0,,,,0,real,rrdataset_local_directory_verified_by_sha256,human,human,true,human_master_final,1,medium,1,medium,0.9012700319290161,0.040779437869787216,1,medium,resnet50_layer4_fc_weighted_ordinal_v3,48f6495d4a62ded10d98c3835ffcd33c8f5c653e5df19cb03aef62582060e9b4,training
1b9848f4050f057ec149a26537531451100dbc5cc9a7a55367da05ec4c5bde26,human_annotated/images/1b9848f4050f057ec149a26537531451100dbc5cc9a7a55367da05ec4c5bde26.jpg,ComplexDataLab/OpenFake,data/datasets/openfake/additional-900/images/fake/1b9848f4050f057ec149a26537531451100dbc5cc9a7a55367da05ec4c5bde26.jpg,"[""data/datasets/openfake/additional-900/images/fake/1b9848f4050f057ec149a26537531451100dbc5cc9a7a55367da05ec4c5bde26.jpg""]",1b9848f4050f057ec149a26537531451100dbc5cc9a7a55367da05ec4c5bde26,https://huggingface.co/datasets/ComplexDataLab/OpenFake,CC-BY-NC-4.0,,v1.0,750279a9710d3d98bbc6d0d87250312cfdf922a0,1,fake,collection_manifest_normalized_label_verified_by_sha256,human,human,true,human_master_final,2,high,1,medium,0.7257651090621948,0.41679641604423523,2,high,resnet50_layer4_fc_weighted_ordinal_v3,48f6495d4a62ded10d98c3835ffcd33c8f5c653e5df19cb03aef62582060e9b4,training
1bac358d8c506545f2bd3e16e402036ff24bb3ae17fd1f469e0a0c8e0e77db11,human_annotated/images/1bac358d8c506545f2bd3e16e402036ff24bb3ae17fd1f469e0a0c8e0e77db11.jpg,saberzl/SID_Set,data/datasets/sid-set/candidate-1500/images/real/1bac358d8c506545f2bd3e16e402036ff24bb3ae17fd1f469e0a0c8e0e77db11.jpg,"[""data/datasets/sid-set/candidate-1500/images/real/1bac358d8c506545f2bd3e16e402036ff24bb3ae17fd1f469e0a0c8e0e77db11.jpg""]",1bac358d8c506545f2bd3e16e402036ff24bb3ae17fd1f469e0a0c8e0e77db11,https://huggingface.co/datasets/saberzl/SID_Set,CC-BY-4.0,d33c0a9c6655a77e,main,dc03ead57929879319ce30a82bfcfb8d317b10bd,0,real,collection_manifest_normalized_label_verified_by_sha256,human,human,true,consolidated_human_review,0,low,1,medium,0.670625627040863,0.04209587723016739,0,low,resnet50_layer4_fc_weighted_ordinal_v3,48f6495d4a62ded10d98c3835ffcd33c8f5c653e5df19cb03aef62582060e9b4,training
1bc86717d2c636c94375ac7004f5d4f6e54bf18c27138c7dc48d8b06f69d0c2a,human_annotated/images/1bc86717d2c636c94375ac7004f5d4f6e54bf18c27138c7dc48d8b06f69d0c2a.png,RRDataset,data/datasets/RRDataset/selection_1500/sara/ai/Medical_&_Public_Health_000627.png,"[""data/datasets/RRDataset/selection_1500/sara/ai/Medical_&_Public_Health_000627.png""]",1bc86717d2c636c94375ac7004f5d4f6e54bf18c27138c7dc48d8b06f69d0c2a,https://zenodo.org/records/14963880,CC-BY-4.0,,,,1,fake,rrdataset_local_directory_verified_by_sha256,human,human,true,consolidated_human_review,1,medium,1,medium,0.6881682276725769,0.02235576882958412,1,medium,resnet50_layer4_fc_weighted_ordinal_v3,48f6495d4a62ded10d98c3835ffcd33c8f5c653e5df19cb03aef62582060e9b4,training
1bfa76f151ce782e2d59b37f2ceb3f07aad397bd581f3a1d058ac9a104d62ad4,human_annotated/images/1bfa76f151ce782e2d59b37f2ceb3f07aad397bd581f3a1d058ac9a104d62ad4.png,ComplexDataLab/OpenFake,data/datasets/openfake/pilot-600/images/fake/1bfa76f151ce782e2d59b37f2ceb3f07aad397bd581f3a1d058ac9a104d62ad4.png,"[""data/datasets/openfake/pilot-600/images/fake/1bfa76f151ce782e2d59b37f2ceb3f07aad397bd581f3a1d058ac9a104d62ad4.png""]",1bfa76f151ce782e2d59b37f2ceb3f07aad397bd581f3a1d058ac9a104d62ad4,https://huggingface.co/datasets/ComplexDataLab/OpenFake,CC-BY-NC-4.0,,v1.0,,1,fake,collection_manifest_normalized_label_verified_by_sha256,human,human,true,consolidated_human_review,1,medium,1,medium,0.901375412940979,0.012668062932789326,1,medium,resnet50_layer4_fc_weighted_ordinal_v3,48f6495d4a62ded10d98c3835ffcd33c8f5c653e5df19cb03aef62582060e9b4,training
1c282873f278b2b62b5503e56e36d0db96614c2f21f00f74b9cb27a3dd4b28be,human_annotated/images/1c282873f278b2b62b5503e56e36d0db96614c2f21f00f74b9cb27a3dd4b28be.png,saberzl/SID_Set,data/datasets/sid-set/candidate-1500/images/fake/1c282873f278b2b62b5503e56e36d0db96614c2f21f00f74b9cb27a3dd4b28be.png,"[""data/datasets/sid-set/candidate-1500/images/fake/1c282873f278b2b62b5503e56e36d0db96614c2f21f00f74b9cb27a3dd4b28be.png""]",1c282873f278b2b62b5503e56e36d0db96614c2f21f00f74b9cb27a3dd4b28be,https://huggingface.co/datasets/saberzl/SID_Set,CC-BY-4.0,full_synthetic_060809,main,dc03ead57929879319ce30a82bfcfb8d317b10bd,1,fake,collection_manifest_normalized_label_verified_by_sha256,human,human,true,consolidated_human_review,0,low,0,low,0.2685023844242096,0.03956218436360359,0,low,resnet50_layer4_fc_weighted_ordinal_v3,48f6495d4a62ded10d98c3835ffcd33c8f5c653e5df19cb03aef62582060e9b4,validation
1c2b8f1d874d78e86dec0ef527ab337b3cef94333f7ab22470384b99399dc225,human_annotated/images/1c2b8f1d874d78e86dec0ef527ab337b3cef94333f7ab22470384b99399dc225.jpg,ComplexDataLab/OpenFake,data/datasets/openfake/additional-900/images/real/1c2b8f1d874d78e86dec0ef527ab337b3cef94333f7ab22470384b99399dc225.jpg,"[""data/datasets/openfake/additional-900/images/real/1c2b8f1d874d78e86dec0ef527ab337b3cef94333f7ab22470384b99399dc225.jpg""]",1c2b8f1d874d78e86dec0ef527ab337b3cef94333f7ab22470384b99399dc225,https://huggingface.co/datasets/ComplexDataLab/OpenFake,CC-BY-NC-4.0,,v1.0,750279a9710d3d98bbc6d0d87250312cfdf922a0,0,real,collection_manifest_normalized_label_verified_by_sha256,human,human,true,consolidated_human_review,1,medium,1,medium,0.6413459777832031,0.018503159284591675,1,medium,resnet50_layer4_fc_weighted_ordinal_v3,48f6495d4a62ded10d98c3835ffcd33c8f5c653e5df19cb03aef62582060e9b4,validation
1c332d5e8e126675bb473827e28520c1898f73a756a3df5d6cde9cfbd5787f6b,human_annotated/images/1c332d5e8e126675bb473827e28520c1898f73a756a3df5d6cde9cfbd5787f6b.png,ComplexDataLab/OpenFake,data/datasets/openfake/additional-900/images/fake/1c332d5e8e126675bb473827e28520c1898f73a756a3df5d6cde9cfbd5787f6b.png,"[""data/datasets/openfake/additional-900/images/fake/1c332d5e8e126675bb473827e28520c1898f73a756a3df5d6cde9cfbd5787f6b.png""]",1c332d5e8e126675bb473827e28520c1898f73a756a3df5d6cde9cfbd5787f6b,https://huggingface.co/datasets/ComplexDataLab/OpenFake,CC-BY-NC-4.0,,v1.0,750279a9710d3d98bbc6d0d87250312cfdf922a0,1,fake,collection_manifest_normalized_label_verified_by_sha256,human,human,true,consolidated_human_review,1,medium,1,medium,0.7160266637802124,0.03070950321853161,1,medium,resnet50_layer4_fc_weighted_ordinal_v3,48f6495d4a62ded10d98c3835ffcd33c8f5c653e5df19cb03aef62582060e9b4,training
1c67d2e4b8d8502d8e3abd78b6637eba1b877d3e0badaed576f459fa873f1e90,human_annotated/images/1c67d2e4b8d8502d8e3abd78b6637eba1b877d3e0badaed576f459fa873f1e90.png,ComplexDataLab/OpenFake,data/datasets/openfake/pilot-600/images/fake/1c67d2e4b8d8502d8e3abd78b6637eba1b877d3e0badaed576f459fa873f1e90.png,"[""data/datasets/openfake/pilot-600/images/fake/1c67d2e4b8d8502d8e3abd78b6637eba1b877d3e0badaed576f459fa873f1e90.png""]",1c67d2e4b8d8502d8e3abd78b6637eba1b877d3e0badaed576f459fa873f1e90,https://huggingface.co/datasets/ComplexDataLab/OpenFake,CC-BY-NC-4.0,,v1.0,,1,fake,collection_manifest_normalized_label_verified_by_sha256,human,human,true,human_master_final,0,low,0,low,0.11681614071130753,0.00610809912905097,0,low,resnet50_layer4_fc_weighted_ordinal_v3,48f6495d4a62ded10d98c3835ffcd33c8f5c653e5df19cb03aef62582060e9b4,training
1c9f16e1d6d8cb404e2ab836ca927743e31c31f9dda8de0d408a028de3b92932,human_annotated/images/1c9f16e1d6d8cb404e2ab836ca927743e31c31f9dda8de0d408a028de3b92932.png,ComplexDataLab/OpenFake,data/datasets/openfake/pilot-600/images/fake/1c9f16e1d6d8cb404e2ab836ca927743e31c31f9dda8de0d408a028de3b92932.png,"[""data/datasets/openfake/pilot-600/images/fake/1c9f16e1d6d8cb404e2ab836ca927743e31c31f9dda8de0d408a028de3b92932.png""]",1c9f16e1d6d8cb404e2ab836ca927743e31c31f9dda8de0d408a028de3b92932,https://huggingface.co/datasets/ComplexDataLab/OpenFake,CC-BY-NC-4.0,,v1.0,,1,fake,collection_manifest_normalized_label_verified_by_sha256,human,human,true,human_master_final,1,medium,1,medium,0.6871344447135925,0.006857965607196093,1,medium,resnet50_layer4_fc_weighted_ordinal_v3,48f6495d4a62ded10d98c3835ffcd33c8f5c653e5df19cb03aef62582060e9b4,training
1d223ba5c28ea1ff99c242bb1ff9ffb57707d9e2dca2516a819de97301b8c904,human_annotated/images/1d223ba5c28ea1ff99c242bb1ff9ffb57707d9e2dca2516a819de97301b8c904.png,ComplexDataLab/OpenFake,data/datasets/openfake/additional-900/images/fake/1d223ba5c28ea1ff99c242bb1ff9ffb57707d9e2dca2516a819de97301b8c904.png,"[""data/datasets/openfake/additional-900/images/fake/1d223ba5c28ea1ff99c242bb1ff9ffb57707d9e2dca2516a819de97301b8c904.png""]",1d223ba5c28ea1ff99c242bb1ff9ffb57707d9e2dca2516a819de97301b8c904,https://huggingface.co/datasets/ComplexDataLab/OpenFake,CC-BY-NC-4.0,,v1.0,750279a9710d3d98bbc6d0d87250312cfdf922a0,1,fake,collection_manifest_normalized_label_verified_by_sha256,human,human,true,consolidated_human_review,0,low,0,low,0.29407212138175964,0.007383113261312246,0,low,resnet50_layer4_fc_weighted_ordinal_v3,48f6495d4a62ded10d98c3835ffcd33c8f5c653e5df19cb03aef62582060e9b4,training
1d2b01a82b5deb013e265141ffa79161b90ec884a25e3a740acf34fc758f29f7,human_annotated/images/1d2b01a82b5deb013e265141ffa79161b90ec884a25e3a740acf34fc758f29f7.jpg,RRDataset,data/datasets/RRDataset/selection_1500/sara/real/real_006708.jpg,"[""data/datasets/RRDataset/selection_1500/sara/real/real_006708.jpg""]",1d2b01a82b5deb013e265141ffa79161b90ec884a25e3a740acf34fc758f29f7,https://zenodo.org/records/14963880,CC-BY-4.0,,,,0,real,rrdataset_local_directory_verified_by_sha256,human,human,true,consolidated_human_review,1,medium,1,medium,0.5631558299064636,0.022046484053134918,1,medium,resnet50_layer4_fc_weighted_ordinal_v3,48f6495d4a62ded10d98c3835ffcd33c8f5c653e5df19cb03aef62582060e9b4,training
1dbb0316c9fdf94ae2b48543f4005940e52d5ad7dd8664a02c2294f1c5fd064a,human_annotated/images/1dbb0316c9fdf94ae2b48543f4005940e52d5ad7dd8664a02c2294f1c5fd064a.png,ComplexDataLab/OpenFake,data/datasets/openfake/additional-900/images/fake/1dbb0316c9fdf94ae2b48543f4005940e52d5ad7dd8664a02c2294f1c5fd064a.png,"[""data/datasets/openfake/additional-900/images/fake/1dbb0316c9fdf94ae2b48543f4005940e52d5ad7dd8664a02c2294f1c5fd064a.png""]",1dbb0316c9fdf94ae2b48543f4005940e52d5ad7dd8664a02c2294f1c5fd064a,https://huggingface.co/datasets/ComplexDataLab/OpenFake,CC-BY-NC-4.0,,v1.0,750279a9710d3d98bbc6d0d87250312cfdf922a0,1,fake,collection_manifest_normalized_label_verified_by_sha256,human,human,true,human_master_final,1,medium,1,medium,0.767177402973175,0.009418499656021595,1,medium,resnet50_layer4_fc_weighted_ordinal_v3,48f6495d4a62ded10d98c3835ffcd33c8f5c653e5df19cb03aef62582060e9b4,training
1de8ff484628a27bb205d608025a78770d840783b71745eeb0625b98d4640521,human_annotated/images/1de8ff484628a27bb205d608025a78770d840783b71745eeb0625b98d4640521.png,RRDataset,data/datasets/RRDataset/selection_1500/lorenzo/ai/War_&_Conflict_Scenes_000833.png,"[""data/datasets/RRDataset/selection_1500/lorenzo/ai/War_&_Conflict_Scenes_000833.png""]",1de8ff484628a27bb205d608025a78770d840783b71745eeb0625b98d4640521,https://zenodo.org/records/14963880,CC-BY-4.0,,,,1,fake,rrdataset_local_directory_verified_by_sha256,human,human,true,consolidated_human_review,2,high,2,high,0.8279275298118591,0.5276910662651062,2,high,resnet50_layer4_fc_weighted_ordinal_v3,48f6495d4a62ded10d98c3835ffcd33c8f5c653e5df19cb03aef62582060e9b4,training
1e42e2aef08ddfe7d7325a55ac54fda825b3e5ba5131ec6d7e3edfb09bb70bcb,human_annotated/images/1e42e2aef08ddfe7d7325a55ac54fda825b3e5ba5131ec6d7e3edfb09bb70bcb.jpg,saberzl/SID_Set,data/datasets/sid-set/candidate-1500/images/real/1e42e2aef08ddfe7d7325a55ac54fda825b3e5ba5131ec6d7e3edfb09bb70bcb.jpg,"[""data/datasets/sid-set/candidate-1500/images/real/1e42e2aef08ddfe7d7325a55ac54fda825b3e5ba5131ec6d7e3edfb09bb70bcb.jpg""]",1e42e2aef08ddfe7d7325a55ac54fda825b3e5ba5131ec6d7e3edfb09bb70bcb,https://huggingface.co/datasets/saberzl/SID_Set,CC-BY-4.0,372f9bc243d57f68,main,dc03ead57929879319ce30a82bfcfb8d317b10bd,0,real,collection_manifest_normalized_label_verified_by_sha256,human,human,true,consolidated_human_review,1,medium,0,low,0.24046361446380615,0.15685996413230896,1,medium,resnet50_layer4_fc_weighted_ordinal_v3,48f6495d4a62ded10d98c3835ffcd33c8f5c653e5df19cb03aef62582060e9b4,training
1e62c12b75e125c85c52008a78b113a5be0af9c0fd6cc455a708ee34e2847dd4,human_annotated/images/1e62c12b75e125c85c52008a78b113a5be0af9c0fd6cc455a708ee34e2847dd4.jpg,RRDataset,data/datasets/RRDataset/selection_1500/giovanni/real/real_009203.jpg,"[""data/datasets/RRDataset/selection_1500/giovanni/real/real_009203.jpg""]",1e62c12b75e125c85c52008a78b113a5be0af9c0fd6cc455a708ee34e2847dd4,https://zenodo.org/records/14963880,CC-BY-4.0,,,,0,real,rrdataset_local_directory_verified_by_sha256,human,human,true,human_master_final,0,low,1,medium,0.5212022662162781,0.051778703927993774,0,low,resnet50_layer4_fc_weighted_ordinal_v3,48f6495d4a62ded10d98c3835ffcd33c8f5c653e5df19cb03aef62582060e9b4,training
1e9abc5be8602f3c103acf6047dbc17528e682fd001edcf6da09613d1c6e4bc4,human_annotated/images/1e9abc5be8602f3c103acf6047dbc17528e682fd001edcf6da09613d1c6e4bc4.jpg,RRDataset,data/datasets/RRDataset/selection_1500/giovanni/real/real_000337.jpg,"[""data/datasets/RRDataset/selection_1500/giovanni/real/real_000337.jpg""]",1e9abc5be8602f3c103acf6047dbc17528e682fd001edcf6da09613d1c6e4bc4,https://zenodo.org/records/14963880,CC-BY-4.0,,,,0,real,rrdataset_local_directory_verified_by_sha256,human,human,true,consolidated_human_review,2,high,2,high,0.9946224689483643,0.5716865062713623,2,high,resnet50_layer4_fc_weighted_ordinal_v3,48f6495d4a62ded10d98c3835ffcd33c8f5c653e5df19cb03aef62582060e9b4,training
1f63843ff6f2f8dbe07fbf2d65fed8c884e1bdab06904ce31b33132ac47b3275,human_annotated/images/1f63843ff6f2f8dbe07fbf2d65fed8c884e1bdab06904ce31b33132ac47b3275.jpg,ComplexDataLab/OpenFake,data/datasets/openfake/pilot-600/images/real/1f63843ff6f2f8dbe07fbf2d65fed8c884e1bdab06904ce31b33132ac47b3275.jpg,"[""data/datasets/openfake/pilot-600/images/real/1f63843ff6f2f8dbe07fbf2d65fed8c884e1bdab06904ce31b33132ac47b3275.jpg""]",1f63843ff6f2f8dbe07fbf2d65fed8c884e1bdab06904ce31b33132ac47b3275,https://huggingface.co/datasets/ComplexDataLab/OpenFake,CC-BY-NC-4.0,,v1.0,,0,real,collection_manifest_normalized_label_verified_by_sha256,human,human,true,consolidated_human_review,2,high,0,low,0.36806803941726685,0.333889901638031,2,high,resnet50_layer4_fc_weighted_ordinal_v3,48f6495d4a62ded10d98c3835ffcd33c8f5c653e5df19cb03aef62582060e9b4,training
1f71f5110b4e5aa7e41750c81827dfff8d9e20977411b72089994f23ef606a05,human_annotated/images/1f71f5110b4e5aa7e41750c81827dfff8d9e20977411b72089994f23ef606a05.jpg,ComplexDataLab/OpenFake,data/datasets/openfake/additional-900/images/real/1f71f5110b4e5aa7e41750c81827dfff8d9e20977411b72089994f23ef606a05.jpg,"[""data/datasets/openfake/additional-900/images/real/1f71f5110b4e5aa7e41750c81827dfff8d9e20977411b72089994f23ef606a05.jpg""]",1f71f5110b4e5aa7e41750c81827dfff8d9e20977411b72089994f23ef606a05,https://huggingface.co/datasets/ComplexDataLab/OpenFake,CC-BY-NC-4.0,,v1.0,750279a9710d3d98bbc6d0d87250312cfdf922a0,0,real,collection_manifest_normalized_label_verified_by_sha256,human,human,true,human_master_final,0,low,0,low,0.4253886044025421,0.017451664432883263,0,low,resnet50_layer4_fc_weighted_ordinal_v3,48f6495d4a62ded10d98c3835ffcd33c8f5c653e5df19cb03aef62582060e9b4,training
1fb6cab0fbcc6d47276a70ab57244452848733f6e2159bef8fffe04cf67720a4,human_annotated/images/1fb6cab0fbcc6d47276a70ab57244452848733f6e2159bef8fffe04cf67720a4.png,saberzl/SID_Set,data/datasets/sid-set/candidate-1500/images/fake/1fb6cab0fbcc6d47276a70ab57244452848733f6e2159bef8fffe04cf67720a4.png,"[""data/datasets/sid-set/candidate-1500/images/fake/1fb6cab0fbcc6d47276a70ab57244452848733f6e2159bef8fffe04cf67720a4.png""]",1fb6cab0fbcc6d47276a70ab57244452848733f6e2159bef8fffe04cf67720a4,https://huggingface.co/datasets/saberzl/SID_Set,CC-BY-4.0,full_synthetic_008578,main,dc03ead57929879319ce30a82bfcfb8d317b10bd,1,fake,collection_manifest_normalized_label_verified_by_sha256,human,human,true,human_master_final,1,medium,1,medium,0.9313430786132812,0.10237205773591995,1,medium,resnet50_layer4_fc_weighted_ordinal_v3,48f6495d4a62ded10d98c3835ffcd33c8f5c653e5df19cb03aef62582060e9b4,frozen_test
201921e4a39180fb5e0f990275bd17e4c783a4adaa8365a2581fa879d1849062,human_annotated/images/201921e4a39180fb5e0f990275bd17e4c783a4adaa8365a2581fa879d1849062.png,RRDataset,data/datasets/RRDataset/selection_1500/sara/ai/Culture_&_Religion_000763.png,"[""data/datasets/RRDataset/selection_1500/sara/ai/Culture_&_Religion_000763.png""]",201921e4a39180fb5e0f990275bd17e4c783a4adaa8365a2581fa879d1849062,https://zenodo.org/records/14963880,CC-BY-4.0,,,,1,fake,rrdataset_local_directory_verified_by_sha256,human,human,true,human_master_final,1,medium,1,medium,0.9269602298736572,0.06327959895133972,1,medium,resnet50_layer4_fc_weighted_ordinal_v3,48f6495d4a62ded10d98c3835ffcd33c8f5c653e5df19cb03aef62582060e9b4,training
2029415654491971b94d758e2f960e967e049c95a9a42de6e8659b7ac6383fe3,human_annotated/images/2029415654491971b94d758e2f960e967e049c95a9a42de6e8659b7ac6383fe3.png,ComplexDataLab/OpenFake,data/datasets/openfake/pilot-600/images/fake/2029415654491971b94d758e2f960e967e049c95a9a42de6e8659b7ac6383fe3.png,"[""data/datasets/openfake/pilot-600/images/fake/2029415654491971b94d758e2f960e967e049c95a9a42de6e8659b7ac6383fe3.png""]",2029415654491971b94d758e2f960e967e049c95a9a42de6e8659b7ac6383fe3,https://huggingface.co/datasets/ComplexDataLab/OpenFake,CC-BY-NC-4.0,,v1.0,,1,fake,collection_manifest_normalized_label_verified_by_sha256,human,human,true,human_master_final,0,low,1,medium,0.7057787179946899,0.221335768699646,0,low,resnet50_layer4_fc_weighted_ordinal_v3,48f6495d4a62ded10d98c3835ffcd33c8f5c653e5df19cb03aef62582060e9b4,validation
204e2917f387ef3b3953f2993ad6e95a032eed89f66f267e2b209e3734446ace,human_annotated/images/204e2917f387ef3b3953f2993ad6e95a032eed89f66f267e2b209e3734446ace.png,ComplexDataLab/OpenFake,data/datasets/openfake/additional-900/images/fake/204e2917f387ef3b3953f2993ad6e95a032eed89f66f267e2b209e3734446ace.png,"[""data/datasets/openfake/additional-900/images/fake/204e2917f387ef3b3953f2993ad6e95a032eed89f66f267e2b209e3734446ace.png""]",204e2917f387ef3b3953f2993ad6e95a032eed89f66f267e2b209e3734446ace,https://huggingface.co/datasets/ComplexDataLab/OpenFake,CC-BY-NC-4.0,,v1.0,750279a9710d3d98bbc6d0d87250312cfdf922a0,1,fake,collection_manifest_normalized_label_verified_by_sha256,human,human,true,consolidated_human_review,1,medium,1,medium,0.5363612174987793,0.022960374131798744,1,medium,resnet50_layer4_fc_weighted_ordinal_v3,48f6495d4a62ded10d98c3835ffcd33c8f5c653e5df19cb03aef62582060e9b4,training
20bc833ac6a1884f8fca53f03d3e419bb4866fcb0287769333f9555c9051afef,human_annotated/images/20bc833ac6a1884f8fca53f03d3e419bb4866fcb0287769333f9555c9051afef.png,RRDataset,data/datasets/RRDataset/selection_1500/lorenzo/ai/Natural_Disasters_&_Accidents_000529.png,"[""data/datasets/RRDataset/selection_1500/lorenzo/ai/Natural_Disasters_&_Accidents_000529.png""]",20bc833ac6a1884f8fca53f03d3e419bb4866fcb0287769333f9555c9051afef,https://zenodo.org/records/14963880,CC-BY-4.0,,,,1,fake,rrdataset_local_directory_verified_by_sha256,human,human,true,human_master_final,1,medium,1,medium,0.7408581376075745,0.0509016327559948,1,medium,resnet50_layer4_fc_weighted_ordinal_v3,48f6495d4a62ded10d98c3835ffcd33c8f5c653e5df19cb03aef62582060e9b4,training
20cf6b08c79a9bb48af20a7420430001d1f9fcb8709449be4c4b42d0e1d8e112,human_annotated/images/20cf6b08c79a9bb48af20a7420430001d1f9fcb8709449be4c4b42d0e1d8e112.png,saberzl/SID_Set,data/datasets/sid-set/candidate-1500/images/fake/20cf6b08c79a9bb48af20a7420430001d1f9fcb8709449be4c4b42d0e1d8e112.png,"[""data/datasets/sid-set/candidate-1500/images/fake/20cf6b08c79a9bb48af20a7420430001d1f9fcb8709449be4c4b42d0e1d8e112.png""]",20cf6b08c79a9bb48af20a7420430001d1f9fcb8709449be4c4b42d0e1d8e112,https://huggingface.co/datasets/saberzl/SID_Set,CC-BY-4.0,full_synthetic_021669,main,dc03ead57929879319ce30a82bfcfb8d317b10bd,1,fake,collection_manifest_normalized_label_verified_by_sha256,human,human,true,human_master_final,0,low,0,low,0.32267266511917114,0.01247498206794262,0,low,resnet50_layer4_fc_weighted_ordinal_v3,48f6495d4a62ded10d98c3835ffcd33c8f5c653e5df19cb03aef62582060e9b4,training
2108c6cb939d1d8d6da6d656fb51268d443a28fbc212c81c1b370495becd3761,human_annotated/images/2108c6cb939d1d8d6da6d656fb51268d443a28fbc212c81c1b370495becd3761.jpg,RRDataset,data/datasets/RRDataset/selection_1500/sara/real/real_000485.jpg,"[""data/datasets/RRDataset/selection_1500/sara/real/real_000485.jpg""]",2108c6cb939d1d8d6da6d656fb51268d443a28fbc212c81c1b370495becd3761,https://zenodo.org/records/14963880,CC-BY-4.0,,,,0,real,rrdataset_local_directory_verified_by_sha256,human,human,true,human_master_final,1,medium,1,medium,0.6906153559684753,0.017105428501963615,1,medium,resnet50_layer4_fc_weighted_ordinal_v3,48f6495d4a62ded10d98c3835ffcd33c8f5c653e5df19cb03aef62582060e9b4,training
2120ab66203a98af3c9d88410ef4716e29ab37487b6e4823a7ced411aad21e88,human_annotated/images/2120ab66203a98af3c9d88410ef4716e29ab37487b6e4823a7ced411aad21e88.jpg,RRDataset,data/datasets/RRDataset/selection_1500/giovanni/real/real_006913.jpg,"[""data/datasets/RRDataset/selection_1500/giovanni/real/real_006913.jpg""]",2120ab66203a98af3c9d88410ef4716e29ab37487b6e4823a7ced411aad21e88,https://zenodo.org/records/14963880,CC-BY-4.0,,,,0,real,rrdataset_local_directory_verified_by_sha256,human,human,true,human_master_final,1,medium,1,medium,0.7320367693901062,0.025278368964791298,1,medium,resnet50_layer4_fc_weighted_ordinal_v3,48f6495d4a62ded10d98c3835ffcd33c8f5c653e5df19cb03aef62582060e9b4,validation
21aee744ba7ffaa3ac5a4d4f8a1c7d4b50fd19b45ffe0d0f15b527bc96f4209b,human_annotated/images/21aee744ba7ffaa3ac5a4d4f8a1c7d4b50fd19b45ffe0d0f15b527bc96f4209b.jpg,ComplexDataLab/OpenFake,data/datasets/openfake/additional-900/images/real/21aee744ba7ffaa3ac5a4d4f8a1c7d4b50fd19b45ffe0d0f15b527bc96f4209b.jpg,"[""data/datasets/openfake/additional-900/images/real/21aee744ba7ffaa3ac5a4d4f8a1c7d4b50fd19b45ffe0d0f15b527bc96f4209b.jpg""]",21aee744ba7ffaa3ac5a4d4f8a1c7d4b50fd19b45ffe0d0f15b527bc96f4209b,https://huggingface.co/datasets/ComplexDataLab/OpenFake,CC-BY-NC-4.0,,v1.0,750279a9710d3d98bbc6d0d87250312cfdf922a0,0,real,collection_manifest_normalized_label_verified_by_sha256,human,human,true,consolidated_human_review,1,medium,1,medium,0.9021158814430237,0.06036694347858429,1,medium,resnet50_layer4_fc_weighted_ordinal_v3,48f6495d4a62ded10d98c3835ffcd33c8f5c653e5df19cb03aef62582060e9b4,training
21ccf6fafb3f31f0231951aa7f44c3bd205c2b918b1b562b6dd289ff9389b8d6,human_annotated/images/21ccf6fafb3f31f0231951aa7f44c3bd205c2b918b1b562b6dd289ff9389b8d6.jpg,saberzl/SID_Set,data/datasets/sid-set/candidate-1500/images/real/21ccf6fafb3f31f0231951aa7f44c3bd205c2b918b1b562b6dd289ff9389b8d6.jpg,"[""data/datasets/sid-set/candidate-1500/images/real/21ccf6fafb3f31f0231951aa7f44c3bd205c2b918b1b562b6dd289ff9389b8d6.jpg""]",21ccf6fafb3f31f0231951aa7f44c3bd205c2b918b1b562b6dd289ff9389b8d6,https://huggingface.co/datasets/saberzl/SID_Set,CC-BY-4.0,d8d3af364c89376b,main,dc03ead57929879319ce30a82bfcfb8d317b10bd,0,real,collection_manifest_normalized_label_verified_by_sha256,human,human,true,consolidated_human_review,0,low,0,low,0.48213887214660645,0.006950739771127701,0,low,resnet50_layer4_fc_weighted_ordinal_v3,48f6495d4a62ded10d98c3835ffcd33c8f5c653e5df19cb03aef62582060e9b4,validation
2293bde9faae7810bcf4b395b8e30863f46930d3f8238ac986c58a52544976eb,human_annotated/images/2293bde9faae7810bcf4b395b8e30863f46930d3f8238ac986c58a52544976eb.jpg,ComplexDataLab/OpenFake,data/datasets/openfake/pilot-600/images/real/2293bde9faae7810bcf4b395b8e30863f46930d3f8238ac986c58a52544976eb.jpg,"[""data/datasets/openfake/pilot-600/images/real/2293bde9faae7810bcf4b395b8e30863f46930d3f8238ac986c58a52544976eb.jpg""]",2293bde9faae7810bcf4b395b8e30863f46930d3f8238ac986c58a52544976eb,https://huggingface.co/datasets/ComplexDataLab/OpenFake,CC-BY-NC-4.0,,v1.0,,0,real,collection_manifest_normalized_label_verified_by_sha256,human,human,true,human_master_final,0,low,1,medium,0.5263367295265198,0.029558293521404266,0,low,resnet50_layer4_fc_weighted_ordinal_v3,48f6495d4a62ded10d98c3835ffcd33c8f5c653e5df19cb03aef62582060e9b4,validation
22baa876d6617bc1d3e776486fe0d9c5c3a7d7c86c97bd7ded970b807e070bc5,human_annotated/images/22baa876d6617bc1d3e776486fe0d9c5c3a7d7c86c97bd7ded970b807e070bc5.png,RRDataset,data/datasets/RRDataset/selection_1500/giovanni/ai/Political_&_Social_Events_000629.png,"[""data/datasets/RRDataset/selection_1500/giovanni/ai/Political_&_Social_Events_000629.png""]",22baa876d6617bc1d3e776486fe0d9c5c3a7d7c86c97bd7ded970b807e070bc5,https://zenodo.org/records/14963880,CC-BY-4.0,,,,1,fake,rrdataset_local_directory_verified_by_sha256,human,human,true,human_master_final,1,medium,1,medium,0.6167635917663574,0.018044956028461456,1,medium,resnet50_layer4_fc_weighted_ordinal_v3,48f6495d4a62ded10d98c3835ffcd33c8f5c653e5df19cb03aef62582060e9b4,training
22dff736e50cc3296bac82444053f2e6357402ec5f47cc55828e2f95734a7709,human_annotated/images/22dff736e50cc3296bac82444053f2e6357402ec5f47cc55828e2f95734a7709.png,RRDataset,data/datasets/RRDataset/selection_1500/giovanni/ai/Culture_&_Religion_000237.png,"[""data/datasets/RRDataset/selection_1500/giovanni/ai/Culture_&_Religion_000237.png""]",22dff736e50cc3296bac82444053f2e6357402ec5f47cc55828e2f95734a7709,https://zenodo.org/records/14963880,CC-BY-4.0,,,,1,fake,rrdataset_local_directory_verified_by_sha256,human,human,true,human_master_final,2,high,2,high,0.9786376357078552,0.8024845123291016,2,high,resnet50_layer4_fc_weighted_ordinal_v3,48f6495d4a62ded10d98c3835ffcd33c8f5c653e5df19cb03aef62582060e9b4,training
22f57b1146d5f400d4f3f16eebbf7913e518620e318f53cc409eec675603dda4,human_annotated/images/22f57b1146d5f400d4f3f16eebbf7913e518620e318f53cc409eec675603dda4.webp,ComplexDataLab/OpenFake,data/datasets/openfake/additional-900/images/fake/22f57b1146d5f400d4f3f16eebbf7913e518620e318f53cc409eec675603dda4.webp,"[""data/datasets/openfake/additional-900/images/fake/22f57b1146d5f400d4f3f16eebbf7913e518620e318f53cc409eec675603dda4.webp""]",22f57b1146d5f400d4f3f16eebbf7913e518620e318f53cc409eec675603dda4,https://huggingface.co/datasets/ComplexDataLab/OpenFake,CC-BY-NC-4.0,,v1.0,750279a9710d3d98bbc6d0d87250312cfdf922a0,1,fake,collection_manifest_normalized_label_verified_by_sha256,human,human,true,human_master_final,0,low,1,medium,0.5895900130271912,0.14167095720767975,0,low,resnet50_layer4_fc_weighted_ordinal_v3,48f6495d4a62ded10d98c3835ffcd33c8f5c653e5df19cb03aef62582060e9b4,training
2310020a213b01bf1670b613b67cdf54d9e078a63f232a388bb13df0d4522ee5,human_annotated/images/2310020a213b01bf1670b613b67cdf54d9e078a63f232a388bb13df0d4522ee5.png,ComplexDataLab/OpenFake,data/datasets/openfake/pilot-600/images/fake/2310020a213b01bf1670b613b67cdf54d9e078a63f232a388bb13df0d4522ee5.png,"[""data/datasets/openfake/pilot-600/images/fake/2310020a213b01bf1670b613b67cdf54d9e078a63f232a388bb13df0d4522ee5.png""]",2310020a213b01bf1670b613b67cdf54d9e078a63f232a388bb13df0d4522ee5,https://huggingface.co/datasets/ComplexDataLab/OpenFake,CC-BY-NC-4.0,,v1.0,,1,fake,collection_manifest_normalized_label_verified_by_sha256,human,human,true,human_master_final,1,medium,1,medium,0.7865926623344421,0.016808798536658287,1,medium,resnet50_layer4_fc_weighted_ordinal_v3,48f6495d4a62ded10d98c3835ffcd33c8f5c653e5df19cb03aef62582060e9b4,training
23b6fd5b96ea00ed7aa0d460ce7a12649b3020b1fc137200ce78353de630fa6e,human_annotated/images/23b6fd5b96ea00ed7aa0d460ce7a12649b3020b1fc137200ce78353de630fa6e.png,RRDataset,data/datasets/RRDataset/selection_1500/sara/ai/War_&_Conflict_Scenes_000736.png,"[""data/datasets/RRDataset/selection_1500/sara/ai/War_&_Conflict_Scenes_000736.png""]",23b6fd5b96ea00ed7aa0d460ce7a12649b3020b1fc137200ce78353de630fa6e,https://zenodo.org/records/14963880,CC-BY-4.0,,,,1,fake,rrdataset_local_directory_verified_by_sha256,human,human,true,consolidated_human_review,1,medium,1,medium,0.5001170635223389,0.09365324676036835,1,medium,resnet50_layer4_fc_weighted_ordinal_v3,48f6495d4a62ded10d98c3835ffcd33c8f5c653e5df19cb03aef62582060e9b4,validation
23e0f9c0fe7eac99d6b4ac0b15cacc3f4b41de3c447e01175c3c5c416196018d,human_annotated/images/23e0f9c0fe7eac99d6b4ac0b15cacc3f4b41de3c447e01175c3c5c416196018d.jpg,saberzl/SID_Set,data/datasets/sid-set/candidate-1500/images/real/23e0f9c0fe7eac99d6b4ac0b15cacc3f4b41de3c447e01175c3c5c416196018d.jpg,"[""data/datasets/sid-set/candidate-1500/images/real/23e0f9c0fe7eac99d6b4ac0b15cacc3f4b41de3c447e01175c3c5c416196018d.jpg""]",23e0f9c0fe7eac99d6b4ac0b15cacc3f4b41de3c447e01175c3c5c416196018d,https://huggingface.co/datasets/saberzl/SID_Set,CC-BY-4.0,0025f55cd14a317f,main,dc03ead57929879319ce30a82bfcfb8d317b10bd,0,real,collection_manifest_normalized_label_verified_by_sha256,human,human,true,human_master_final,1,medium,1,medium,0.9432061910629272,0.019852200523018837,1,medium,resnet50_layer4_fc_weighted_ordinal_v3,48f6495d4a62ded10d98c3835ffcd33c8f5c653e5df19cb03aef62582060e9b4,training
23fc2a5e914f881f35d2ee2c6ae8d0e48b147e2645dc8f060bcf28b5cce2c155,human_annotated/images/23fc2a5e914f881f35d2ee2c6ae8d0e48b147e2645dc8f060bcf28b5cce2c155.png,RRDataset,data/datasets/RRDataset/selection_1500/lorenzo/ai/production_000015.png,"[""data/datasets/RRDataset/selection_1500/lorenzo/ai/production_000015.png""]",23fc2a5e914f881f35d2ee2c6ae8d0e48b147e2645dc8f060bcf28b5cce2c155,https://zenodo.org/records/14963880,CC-BY-4.0,,,,1,fake,rrdataset_local_directory_verified_by_sha256,human,human,true,human_master_final,1,medium,1,medium,0.8748916387557983,0.014332441613078117,1,medium,resnet50_layer4_fc_weighted_ordinal_v3,48f6495d4a62ded10d98c3835ffcd33c8f5c653e5df19cb03aef62582060e9b4,training
240065ce4fb297a8aa6d9ed3b7b017531124c27050465cabdd751b7526f9d600,human_annotated/images/240065ce4fb297a8aa6d9ed3b7b017531124c27050465cabdd751b7526f9d600.png,RRDataset,data/datasets/RRDataset/selection_1500/giovanni/ai/War_&_Conflict_Scenes_000023.png,"[""data/datasets/RRDataset/selection_1500/giovanni/ai/War_&_Conflict_Scenes_000023.png""]",240065ce4fb297a8aa6d9ed3b7b017531124c27050465cabdd751b7526f9d600,https://zenodo.org/records/14963880,CC-BY-4.0,,,,1,fake,rrdataset_local_directory_verified_by_sha256,human,human,true,human_master_final,1,medium,1,medium,0.9832144975662231,0.21427492797374725,1,medium,resnet50_layer4_fc_weighted_ordinal_v3,48f6495d4a62ded10d98c3835ffcd33c8f5c653e5df19cb03aef62582060e9b4,training
2457330713fd03ba2d0c72c7c5cf58c050a4202d08e558879a50b903af5e34a0,human_annotated/images/2457330713fd03ba2d0c72c7c5cf58c050a4202d08e558879a50b903af5e34a0.png,saberzl/SID_Set,data/datasets/sid-set/candidate-1500/images/fake/2457330713fd03ba2d0c72c7c5cf58c050a4202d08e558879a50b903af5e34a0.png,"[""data/datasets/sid-set/candidate-1500/images/fake/2457330713fd03ba2d0c72c7c5cf58c050a4202d08e558879a50b903af5e34a0.png""]",2457330713fd03ba2d0c72c7c5cf58c050a4202d08e558879a50b903af5e34a0,https://huggingface.co/datasets/saberzl/SID_Set,CC-BY-4.0,full_synthetic_058765,main,dc03ead57929879319ce30a82bfcfb8d317b10bd,1,fake,collection_manifest_normalized_label_verified_by_sha256,human,human,true,consolidated_human_review,1,medium,1,medium,0.7782377600669861,0.3694375157356262,1,medium,resnet50_layer4_fc_weighted_ordinal_v3,48f6495d4a62ded10d98c3835ffcd33c8f5c653e5df19cb03aef62582060e9b4,training
248f69db77d07800d75d4814c27f97d502961597cd3f22d67a7eb1a61deb4a28,human_annotated/images/248f69db77d07800d75d4814c27f97d502961597cd3f22d67a7eb1a61deb4a28.jpg,saberzl/SID_Set,data/datasets/sid-set/candidate-1500/images/real/248f69db77d07800d75d4814c27f97d502961597cd3f22d67a7eb1a61deb4a28.jpg,"[""data/datasets/sid-set/candidate-1500/images/real/248f69db77d07800d75d4814c27f97d502961597cd3f22d67a7eb1a61deb4a28.jpg""]",248f69db77d07800d75d4814c27f97d502961597cd3f22d67a7eb1a61deb4a28,https://huggingface.co/datasets/saberzl/SID_Set,CC-BY-4.0,66f34cdf8726e52a,main,dc03ead57929879319ce30a82bfcfb8d317b10bd,0,real,collection_manifest_normalized_label_verified_by_sha256,human,human,true,consolidated_human_review,0,low,0,low,0.4838216304779053,0.1714148074388504,0,low,resnet50_layer4_fc_weighted_ordinal_v3,48f6495d4a62ded10d98c3835ffcd33c8f5c653e5df19cb03aef62582060e9b4,validation
249ced550c605549f65fb91397e111932c4a91930484391541ce23e84d24b95c,human_annotated/images/249ced550c605549f65fb91397e111932c4a91930484391541ce23e84d24b95c.jpg,saberzl/SID_Set,data/datasets/sid-set/candidate-1500/images/real/249ced550c605549f65fb91397e111932c4a91930484391541ce23e84d24b95c.jpg,"[""data/datasets/sid-set/candidate-1500/images/real/249ced550c605549f65fb91397e111932c4a91930484391541ce23e84d24b95c.jpg""]",249ced550c605549f65fb91397e111932c4a91930484391541ce23e84d24b95c,https://huggingface.co/datasets/saberzl/SID_Set,CC-BY-4.0,28dc0e022b765ae9,main,dc03ead57929879319ce30a82bfcfb8d317b10bd,0,real,collection_manifest_normalized_label_verified_by_sha256,human,human,true,consolidated_human_review,0,low,0,low,0.16193678975105286,0.044607918709516525,0,low,resnet50_layer4_fc_weighted_ordinal_v3,48f6495d4a62ded10d98c3835ffcd33c8f5c653e5df19cb03aef62582060e9b4,training
24a696fb1a873bec98ee896ee42c155138585ae05fca68727e207fe9f4ace5d7,human_annotated/images/24a696fb1a873bec98ee896ee42c155138585ae05fca68727e207fe9f4ace5d7.png,ComplexDataLab/OpenFake,data/datasets/openfake/pilot-600/images/fake/24a696fb1a873bec98ee896ee42c155138585ae05fca68727e207fe9f4ace5d7.png,"[""data/datasets/openfake/pilot-600/images/fake/24a696fb1a873bec98ee896ee42c155138585ae05fca68727e207fe9f4ace5d7.png""]",24a696fb1a873bec98ee896ee42c155138585ae05fca68727e207fe9f4ace5d7,https://huggingface.co/datasets/ComplexDataLab/OpenFake,CC-BY-NC-4.0,,v1.0,,1,fake,collection_manifest_normalized_label_verified_by_sha256,human,human,true,human_master_final,1,medium,1,medium,0.9210074543952942,0.37492138147354126,1,medium,resnet50_layer4_fc_weighted_ordinal_v3,48f6495d4a62ded10d98c3835ffcd33c8f5c653e5df19cb03aef62582060e9b4,frozen_test
24d498d3de2afbd47c2589fdcf13036be6856aeac0cc7ca6d395f9d6cf07d56a,human_annotated/images/24d498d3de2afbd47c2589fdcf13036be6856aeac0cc7ca6d395f9d6cf07d56a.jpg,saberzl/SID_Set,data/datasets/sid-set/candidate-1500/images/real/24d498d3de2afbd47c2589fdcf13036be6856aeac0cc7ca6d395f9d6cf07d56a.jpg,"[""data/datasets/sid-set/candidate-1500/images/real/24d498d3de2afbd47c2589fdcf13036be6856aeac0cc7ca6d395f9d6cf07d56a.jpg""]",24d498d3de2afbd47c2589fdcf13036be6856aeac0cc7ca6d395f9d6cf07d56a,https://huggingface.co/datasets/saberzl/SID_Set,CC-BY-4.0,b8bb6b8043b38b56,main,dc03ead57929879319ce30a82bfcfb8d317b10bd,0,real,collection_manifest_normalized_label_verified_by_sha256,human,human,true,human_master_final,0,low,0,low,0.29407939314842224,0.016626497730612755,0,low,resnet50_layer4_fc_weighted_ordinal_v3,48f6495d4a62ded10d98c3835ffcd33c8f5c653e5df19cb03aef62582060e9b4,training
24fc6ffd7b7d2feaf8e591a3c16222c41590ec0f286a478043c56992f7d52caa,human_annotated/images/24fc6ffd7b7d2feaf8e591a3c16222c41590ec0f286a478043c56992f7d52caa.jpg,RRDataset,data/datasets/RRDataset/selection_1500/giovanni/real/real_002323.jpg,"[""data/datasets/RRDataset/selection_1500/giovanni/real/real_002323.jpg""]",24fc6ffd7b7d2feaf8e591a3c16222c41590ec0f286a478043c56992f7d52caa,https://zenodo.org/records/14963880,CC-BY-4.0,,,,0,real,rrdataset_local_directory_verified_by_sha256,human,human,true,human_master_final,1,medium,1,medium,0.9979774355888367,0.2215992510318756,1,medium,resnet50_layer4_fc_weighted_ordinal_v3,48f6495d4a62ded10d98c3835ffcd33c8f5c653e5df19cb03aef62582060e9b4,training
2537dad7ba2cdf047b3e22060a047e58bbb9d4e9e845b024530a813d49c02efc,human_annotated/images/2537dad7ba2cdf047b3e22060a047e58bbb9d4e9e845b024530a813d49c02efc.jpg,RRDataset,data/datasets/RRDataset/selection_1500/lorenzo/real/real_004447.jpg,"[""data/datasets/RRDataset/selection_1500/lorenzo/real/real_004447.jpg""]",2537dad7ba2cdf047b3e22060a047e58bbb9d4e9e845b024530a813d49c02efc,https://zenodo.org/records/14963880,CC-BY-4.0,,,,0,real,rrdataset_local_directory_verified_by_sha256,human,human,true,human_master_final,1,medium,1,medium,0.9429656267166138,0.1253470778465271,1,medium,resnet50_layer4_fc_weighted_ordinal_v3,48f6495d4a62ded10d98c3835ffcd33c8f5c653e5df19cb03aef62582060e9b4,training
25451d167b7458ffd4c10e668935eba0a56bce9e11301b93e119b07321b358fd,human_annotated/images/25451d167b7458ffd4c10e668935eba0a56bce9e11301b93e119b07321b358fd.jpg,RRDataset,data/datasets/RRDataset/selection_1500/lorenzo/real/real_000614.jpg,"[""data/datasets/RRDataset/selection_1500/lorenzo/real/real_000614.jpg""]",25451d167b7458ffd4c10e668935eba0a56bce9e11301b93e119b07321b358fd,https://zenodo.org/records/14963880,CC-BY-4.0,,,,0,real,rrdataset_local_directory_verified_by_sha256,human,human,true,human_master_final,1,medium,1,medium,0.9673057794570923,0.2512321174144745,1,medium,resnet50_layer4_fc_weighted_ordinal_v3,48f6495d4a62ded10d98c3835ffcd33c8f5c653e5df19cb03aef62582060e9b4,training
2554b23bdf6bc5559f93bf1f6db54732700c6bbdabe57c77b283804122b213f4,human_annotated/images/2554b23bdf6bc5559f93bf1f6db54732700c6bbdabe57c77b283804122b213f4.jpg,ComplexDataLab/OpenFake,data/datasets/openfake/pilot-600/images/real/2554b23bdf6bc5559f93bf1f6db54732700c6bbdabe57c77b283804122b213f4.jpg,"[""data/datasets/openfake/pilot-600/images/real/2554b23bdf6bc5559f93bf1f6db54732700c6bbdabe57c77b283804122b213f4.jpg""]",2554b23bdf6bc5559f93bf1f6db54732700c6bbdabe57c77b283804122b213f4,https://huggingface.co/datasets/ComplexDataLab/OpenFake,CC-BY-NC-4.0,,v1.0,,0,real,collection_manifest_normalized_label_verified_by_sha256,human,human,true,human_master_final,1,medium,0,low,0.286083847284317,0.003858100390061736,1,medium,resnet50_layer4_fc_weighted_ordinal_v3,48f6495d4a62ded10d98c3835ffcd33c8f5c653e5df19cb03aef62582060e9b4,validation
25a0f88d3511166b8649c9a7adaa251823ab583caa866f54a5d127668321f823,human_annotated/images/25a0f88d3511166b8649c9a7adaa251823ab583caa866f54a5d127668321f823.png,saberzl/SID_Set,data/datasets/sid-set/candidate-1500/images/fake/25a0f88d3511166b8649c9a7adaa251823ab583caa866f54a5d127668321f823.png,"[""data/datasets/sid-set/candidate-1500/images/fake/25a0f88d3511166b8649c9a7adaa251823ab583caa866f54a5d127668321f823.png""]",25a0f88d3511166b8649c9a7adaa251823ab583caa866f54a5d127668321f823,https://huggingface.co/datasets/saberzl/SID_Set,CC-BY-4.0,full_synthetic_029397,main,dc03ead57929879319ce30a82bfcfb8d317b10bd,1,fake,collection_manifest_normalized_label_verified_by_sha256,human,human,true,human_master_final,0,low,0,low,0.41376709938049316,0.03222009539604187,0,low,resnet50_layer4_fc_weighted_ordinal_v3,48f6495d4a62ded10d98c3835ffcd33c8f5c653e5df19cb03aef62582060e9b4,training
25e41aa51dc6e739cf4e77ef570612af965e1a7c89de8b27a333a65ac05b1326,human_annotated/images/25e41aa51dc6e739cf4e77ef570612af965e1a7c89de8b27a333a65ac05b1326.webp,ComplexDataLab/OpenFake,data/datasets/openfake/pilot-600/images/fake/25e41aa51dc6e739cf4e77ef570612af965e1a7c89de8b27a333a65ac05b1326.webp,"[""data/datasets/openfake/pilot-600/images/fake/25e41aa51dc6e739cf4e77ef570612af965e1a7c89de8b27a333a65ac05b1326.webp""]",25e41aa51dc6e739cf4e77ef570612af965e1a7c89de8b27a333a65ac05b1326,https://huggingface.co/datasets/ComplexDataLab/OpenFake,CC-BY-NC-4.0,,v1.0,,1,fake,collection_manifest_normalized_label_verified_by_sha256,human,human,true,human_master_final,1,medium,1,medium,0.768915057182312,0.11913459748029709,1,medium,resnet50_layer4_fc_weighted_ordinal_v3,48f6495d4a62ded10d98c3835ffcd33c8f5c653e5df19cb03aef62582060e9b4,frozen_test
2616ae726257175cbc4aee0907a4a767fe09f6d053a48083a30d22315b722736,human_annotated/images/2616ae726257175cbc4aee0907a4a767fe09f6d053a48083a30d22315b722736.jpg,saberzl/SID_Set,data/datasets/sid-set/candidate-1500/images/real/2616ae726257175cbc4aee0907a4a767fe09f6d053a48083a30d22315b722736.jpg,"[""data/datasets/sid-set/candidate-1500/images/real/2616ae726257175cbc4aee0907a4a767fe09f6d053a48083a30d22315b722736.jpg""]",2616ae726257175cbc4aee0907a4a767fe09f6d053a48083a30d22315b722736,https://huggingface.co/datasets/saberzl/SID_Set,CC-BY-4.0,4c646d51fe453317,main,dc03ead57929879319ce30a82bfcfb8d317b10bd,0,real,collection_manifest_normalized_label_verified_by_sha256,human,human,true,human_master_final,2,high,1,medium,0.9009758830070496,0.36581143736839294,2,high,resnet50_layer4_fc_weighted_ordinal_v3,48f6495d4a62ded10d98c3835ffcd33c8f5c653e5df19cb03aef62582060e9b4,training
26d332cdb2027871c60be2fed4e8345e0a34fc2c48ac3cc2a093161f906ddf68,human_annotated/images/26d332cdb2027871c60be2fed4e8345e0a34fc2c48ac3cc2a093161f906ddf68.jpg,saberzl/SID_Set,data/datasets/sid-set/candidate-1500/images/real/26d332cdb2027871c60be2fed4e8345e0a34fc2c48ac3cc2a093161f906ddf68.jpg,"[""data/datasets/sid-set/candidate-1500/images/real/26d332cdb2027871c60be2fed4e8345e0a34fc2c48ac3cc2a093161f906ddf68.jpg""]",26d332cdb2027871c60be2fed4e8345e0a34fc2c48ac3cc2a093161f906ddf68,https://huggingface.co/datasets/saberzl/SID_Set,CC-BY-4.0,8d151844faf9e93a,main,dc03ead57929879319ce30a82bfcfb8d317b10bd,0,real,collection_manifest_normalized_label_verified_by_sha256,human,human,true,human_master_final,0,low,0,low,0.37160438299179077,0.13299734890460968,0,low,resnet50_layer4_fc_weighted_ordinal_v3,48f6495d4a62ded10d98c3835ffcd33c8f5c653e5df19cb03aef62582060e9b4,frozen_test
270c5de8b1642e10e28105974382134caa9c631f7dce25554f24023dea8d8e6e,human_annotated/images/270c5de8b1642e10e28105974382134caa9c631f7dce25554f24023dea8d8e6e.jpg,saberzl/SID_Set,data/datasets/sid-set/candidate-1500/images/real/270c5de8b1642e10e28105974382134caa9c631f7dce25554f24023dea8d8e6e.jpg,"[""data/datasets/sid-set/candidate-1500/images/real/270c5de8b1642e10e28105974382134caa9c631f7dce25554f24023dea8d8e6e.jpg""]",270c5de8b1642e10e28105974382134caa9c631f7dce25554f24023dea8d8e6e,https://huggingface.co/datasets/saberzl/SID_Set,CC-BY-4.0,d387b3e09466cb83,main,dc03ead57929879319ce30a82bfcfb8d317b10bd,0,real,collection_manifest_normalized_label_verified_by_sha256,human,human,true,consolidated_human_review,1,medium,1,medium,0.8655955195426941,0.049861542880535126,1,medium,resnet50_layer4_fc_weighted_ordinal_v3,48f6495d4a62ded10d98c3835ffcd33c8f5c653e5df19cb03aef62582060e9b4,training
27181a257121302906ac0825fc5d0e30cd3dab312953c70192c3ebe202a31e68,human_annotated/images/27181a257121302906ac0825fc5d0e30cd3dab312953c70192c3ebe202a31e68.png,ComplexDataLab/OpenFake,data/datasets/openfake/additional-900/images/fake/27181a257121302906ac0825fc5d0e30cd3dab312953c70192c3ebe202a31e68.png,"[""data/datasets/openfake/additional-900/images/fake/27181a257121302906ac0825fc5d0e30cd3dab312953c70192c3ebe202a31e68.png""]",27181a257121302906ac0825fc5d0e30cd3dab312953c70192c3ebe202a31e68,https://huggingface.co/datasets/ComplexDataLab/OpenFake,CC-BY-NC-4.0,,v1.0,750279a9710d3d98bbc6d0d87250312cfdf922a0,1,fake,collection_manifest_normalized_label_verified_by_sha256,human,human,true,human_master_final,1,medium,1,medium,0.8111019730567932,0.01333816908299923,1,medium,resnet50_layer4_fc_weighted_ordinal_v3,48f6495d4a62ded10d98c3835ffcd33c8f5c653e5df19cb03aef62582060e9b4,training
2791a0894d6747cabd0d8814312e2917c77679e14b4232e4d2654061a935f919,human_annotated/images/2791a0894d6747cabd0d8814312e2917c77679e14b4232e4d2654061a935f919.jpg,ComplexDataLab/OpenFake,data/datasets/openfake/additional-900/images/real/2791a0894d6747cabd0d8814312e2917c77679e14b4232e4d2654061a935f919.jpg,"[""data/datasets/openfake/additional-900/images/real/2791a0894d6747cabd0d8814312e2917c77679e14b4232e4d2654061a935f919.jpg""]",2791a0894d6747cabd0d8814312e2917c77679e14b4232e4d2654061a935f919,https://huggingface.co/datasets/ComplexDataLab/OpenFake,CC-BY-NC-4.0,,v1.0,750279a9710d3d98bbc6d0d87250312cfdf922a0,0,real,collection_manifest_normalized_label_verified_by_sha256,human,human,true,human_master_final,0,low,1,medium,0.6622884273529053,0.006761109456419945,0,low,resnet50_layer4_fc_weighted_ordinal_v3,48f6495d4a62ded10d98c3835ffcd33c8f5c653e5df19cb03aef62582060e9b4,frozen_test
27958940f4f32e432400360f307197349233d84f18b01bcf7860c2d0b2db4966,human_annotated/images/27958940f4f32e432400360f307197349233d84f18b01bcf7860c2d0b2db4966.png,RRDataset,data/datasets/RRDataset/selection_1500/lorenzo/ai/War_&_Conflict_Scenes_000275.png,"[""data/datasets/RRDataset/selection_1500/lorenzo/ai/War_&_Conflict_Scenes_000275.png""]",27958940f4f32e432400360f307197349233d84f18b01bcf7860c2d0b2db4966,https://zenodo.org/records/14963880,CC-BY-4.0,,,,1,fake,rrdataset_local_directory_verified_by_sha256,human,human,true,human_master_final,1,medium,1,medium,0.9716625809669495,0.09182074666023254,1,medium,resnet50_layer4_fc_weighted_ordinal_v3,48f6495d4a62ded10d98c3835ffcd33c8f5c653e5df19cb03aef62582060e9b4,training
27a8837396877f6e6c79abe739a969bbbed572cbab48a8ad372f4b3bec846b6e,human_annotated/images/27a8837396877f6e6c79abe739a969bbbed572cbab48a8ad372f4b3bec846b6e.png,ComplexDataLab/OpenFake,data/datasets/openfake/pilot-600/images/fake/27a8837396877f6e6c79abe739a969bbbed572cbab48a8ad372f4b3bec846b6e.png,"[""data/datasets/openfake/pilot-600/images/fake/27a8837396877f6e6c79abe739a969bbbed572cbab48a8ad372f4b3bec846b6e.png""]",27a8837396877f6e6c79abe739a969bbbed572cbab48a8ad372f4b3bec846b6e,https://huggingface.co/datasets/ComplexDataLab/OpenFake,CC-BY-NC-4.0,,v1.0,,1,fake,collection_manifest_normalized_label_verified_by_sha256,human,human,true,human_master_final,1,medium,1,medium,0.9013722538948059,0.09488696604967117,1,medium,resnet50_layer4_fc_weighted_ordinal_v3,48f6495d4a62ded10d98c3835ffcd33c8f5c653e5df19cb03aef62582060e9b4,training
27bd2140e36ee16d66e0b0ee2aad1636b95331545b1f7484d50f278775a32719,human_annotated/images/27bd2140e36ee16d66e0b0ee2aad1636b95331545b1f7484d50f278775a32719.jpg,saberzl/SID_Set,data/datasets/sid-set/candidate-1500/images/real/27bd2140e36ee16d66e0b0ee2aad1636b95331545b1f7484d50f278775a32719.jpg,"[""data/datasets/sid-set/candidate-1500/images/real/27bd2140e36ee16d66e0b0ee2aad1636b95331545b1f7484d50f278775a32719.jpg""]",27bd2140e36ee16d66e0b0ee2aad1636b95331545b1f7484d50f278775a32719,https://huggingface.co/datasets/saberzl/SID_Set,CC-BY-4.0,a74eeca9a3dabb4f,main,dc03ead57929879319ce30a82bfcfb8d317b10bd,0,real,collection_manifest_normalized_label_verified_by_sha256,human,human,true,consolidated_human_review,1,medium,2,high,0.9246785640716553,0.4942704737186432,1,medium,resnet50_layer4_fc_weighted_ordinal_v3,48f6495d4a62ded10d98c3835ffcd33c8f5c653e5df19cb03aef62582060e9b4,training
27dd2e18e8f1b1581c6fe5442368cec27738923f12cb891af27acda9d5d95d51,human_annotated/images/27dd2e18e8f1b1581c6fe5442368cec27738923f12cb891af27acda9d5d95d51.png,saberzl/SID_Set,data/datasets/sid-set/candidate-1500/images/fake/27dd2e18e8f1b1581c6fe5442368cec27738923f12cb891af27acda9d5d95d51.png,"[""data/datasets/sid-set/candidate-1500/images/fake/27dd2e18e8f1b1581c6fe5442368cec27738923f12cb891af27acda9d5d95d51.png""]",27dd2e18e8f1b1581c6fe5442368cec27738923f12cb891af27acda9d5d95d51,https://huggingface.co/datasets/saberzl/SID_Set,CC-BY-4.0,full_synthetic_018736,main,dc03ead57929879319ce30a82bfcfb8d317b10bd,1,fake,collection_manifest_normalized_label_verified_by_sha256,human,human,true,human_master_final,1,medium,1,medium,0.9434345960617065,0.049529287964105606,1,medium,resnet50_layer4_fc_weighted_ordinal_v3,48f6495d4a62ded10d98c3835ffcd33c8f5c653e5df19cb03aef62582060e9b4,training
2812f3d602031ec9e018f1a2118d18f7549a23cac91c8208ff3b6016459f2d03,human_annotated/images/2812f3d602031ec9e018f1a2118d18f7549a23cac91c8208ff3b6016459f2d03.jpg,ComplexDataLab/OpenFake,data/datasets/openfake/additional-900/images/real/2812f3d602031ec9e018f1a2118d18f7549a23cac91c8208ff3b6016459f2d03.jpg,"[""data/datasets/openfake/additional-900/images/real/2812f3d602031ec9e018f1a2118d18f7549a23cac91c8208ff3b6016459f2d03.jpg""]",2812f3d602031ec9e018f1a2118d18f7549a23cac91c8208ff3b6016459f2d03,https://huggingface.co/datasets/ComplexDataLab/OpenFake,CC-BY-NC-4.0,,v1.0,750279a9710d3d98bbc6d0d87250312cfdf922a0,0,real,collection_manifest_normalized_label_verified_by_sha256,human,human,true,human_master_final,0,low,0,low,0.4885232150554657,0.010612256824970245,0,low,resnet50_layer4_fc_weighted_ordinal_v3,48f6495d4a62ded10d98c3835ffcd33c8f5c653e5df19cb03aef62582060e9b4,validation
281e02921d20ad0f013239909818ebb00da14d01a382fab61a7b4f10227aab5b,human_annotated/images/281e02921d20ad0f013239909818ebb00da14d01a382fab61a7b4f10227aab5b.jpg,saberzl/SID_Set,data/datasets/sid-set/candidate-1500/images/real/281e02921d20ad0f013239909818ebb00da14d01a382fab61a7b4f10227aab5b.jpg,"[""data/datasets/sid-set/candidate-1500/images/real/281e02921d20ad0f013239909818ebb00da14d01a382fab61a7b4f10227aab5b.jpg""]",281e02921d20ad0f013239909818ebb00da14d01a382fab61a7b4f10227aab5b,https://huggingface.co/datasets/saberzl/SID_Set,CC-BY-4.0,031ea84f7a2ffb81,main,dc03ead57929879319ce30a82bfcfb8d317b10bd,0,real,collection_manifest_normalized_label_verified_by_sha256,human,human,true,human_master_final,0,low,0,low,0.14196813106536865,0.016351744532585144,0,low,resnet50_layer4_fc_weighted_ordinal_v3,48f6495d4a62ded10d98c3835ffcd33c8f5c653e5df19cb03aef62582060e9b4,training
286d9b91142b63d04c6fc188791f5548471277e634a32fad2c7fe907153b1fe3,human_annotated/images/286d9b91142b63d04c6fc188791f5548471277e634a32fad2c7fe907153b1fe3.png,RRDataset,data/datasets/RRDataset/selection_1500/lorenzo/ai/Culture_&_Religion_000876.png,"[""data/datasets/RRDataset/selection_1500/lorenzo/ai/Culture_&_Religion_000876.png""]",286d9b91142b63d04c6fc188791f5548471277e634a32fad2c7fe907153b1fe3,https://zenodo.org/records/14963880,CC-BY-4.0,,,,1,fake,rrdataset_local_directory_verified_by_sha256,human,human,true,human_master_final,1,medium,1,medium,0.9531204104423523,0.05410517379641533,1,medium,resnet50_layer4_fc_weighted_ordinal_v3,48f6495d4a62ded10d98c3835ffcd33c8f5c653e5df19cb03aef62582060e9b4,training
289c3d2d731715a1afee54caeee6606ed2c97477fde31b85a3be275139ebcdc4,human_annotated/images/289c3d2d731715a1afee54caeee6606ed2c97477fde31b85a3be275139ebcdc4.jpg,ComplexDataLab/OpenFake,data/datasets/openfake/additional-900/images/real/289c3d2d731715a1afee54caeee6606ed2c97477fde31b85a3be275139ebcdc4.jpg,"[""data/datasets/openfake/additional-900/images/real/289c3d2d731715a1afee54caeee6606ed2c97477fde31b85a3be275139ebcdc4.jpg""]",289c3d2d731715a1afee54caeee6606ed2c97477fde31b85a3be275139ebcdc4,https://huggingface.co/datasets/ComplexDataLab/OpenFake,CC-BY-NC-4.0,,v1.0,750279a9710d3d98bbc6d0d87250312cfdf922a0,0,real,collection_manifest_normalized_label_verified_by_sha256,human,human,true,human_master_final,1,medium,1,medium,0.9770395159721375,0.017383262515068054,1,medium,resnet50_layer4_fc_weighted_ordinal_v3,48f6495d4a62ded10d98c3835ffcd33c8f5c653e5df19cb03aef62582060e9b4,training
28bf8d1c263f3e03ab9bd6f04909e4f18626d546b9380196e3fec945db71a959,human_annotated/images/28bf8d1c263f3e03ab9bd6f04909e4f18626d546b9380196e3fec945db71a959.jpg,ComplexDataLab/OpenFake,data/datasets/openfake/additional-900/images/real/28bf8d1c263f3e03ab9bd6f04909e4f18626d546b9380196e3fec945db71a959.jpg,"[""data/datasets/openfake/additional-900/images/real/28bf8d1c263f3e03ab9bd6f04909e4f18626d546b9380196e3fec945db71a959.jpg""]",28bf8d1c263f3e03ab9bd6f04909e4f18626d546b9380196e3fec945db71a959,https://huggingface.co/datasets/ComplexDataLab/OpenFake,CC-BY-NC-4.0,,v1.0,750279a9710d3d98bbc6d0d87250312cfdf922a0,0,real,collection_manifest_normalized_label_verified_by_sha256,human,human,true,consolidated_human_review,2,high,2,high,0.8252989649772644,0.532143771648407,2,high,resnet50_layer4_fc_weighted_ordinal_v3,48f6495d4a62ded10d98c3835ffcd33c8f5c653e5df19cb03aef62582060e9b4,training
28f5b2776caf577799ef4726f9498923bad0096613007a1f06011495c528617e,human_annotated/images/28f5b2776caf577799ef4726f9498923bad0096613007a1f06011495c528617e.png,saberzl/SID_Set,data/datasets/sid-set/candidate-1500/images/fake/28f5b2776caf577799ef4726f9498923bad0096613007a1f06011495c528617e.png,"[""data/datasets/sid-set/candidate-1500/images/fake/28f5b2776caf577799ef4726f9498923bad0096613007a1f06011495c528617e.png""]",28f5b2776caf577799ef4726f9498923bad0096613007a1f06011495c528617e,https://huggingface.co/datasets/saberzl/SID_Set,CC-BY-4.0,full_synthetic_028750,main,dc03ead57929879319ce30a82bfcfb8d317b10bd,1,fake,collection_manifest_normalized_label_verified_by_sha256,human,human,true,human_master_final,0,low,0,low,0.31619027256965637,0.001538829761557281,0,low,resnet50_layer4_fc_weighted_ordinal_v3,48f6495d4a62ded10d98c3835ffcd33c8f5c653e5df19cb03aef62582060e9b4,frozen_test
2901813455299c13e3f026e5a451a8d452b6827e7086cc6d5d7988e5a1e48086,human_annotated/images/2901813455299c13e3f026e5a451a8d452b6827e7086cc6d5d7988e5a1e48086.jpg,saberzl/SID_Set,data/datasets/sid-set/candidate-1500/images/real/2901813455299c13e3f026e5a451a8d452b6827e7086cc6d5d7988e5a1e48086.jpg,"[""data/datasets/sid-set/candidate-1500/images/real/2901813455299c13e3f026e5a451a8d452b6827e7086cc6d5d7988e5a1e48086.jpg""]",2901813455299c13e3f026e5a451a8d452b6827e7086cc6d5d7988e5a1e48086,https://huggingface.co/datasets/saberzl/SID_Set,CC-BY-4.0,deb8e2ee7be0485e,main,dc03ead57929879319ce30a82bfcfb8d317b10bd,0,real,collection_manifest_normalized_label_verified_by_sha256,human,human,true,human_master_final,0,low,1,medium,0.5947275161743164,0.206856831908226,0,low,resnet50_layer4_fc_weighted_ordinal_v3,48f6495d4a62ded10d98c3835ffcd33c8f5c653e5df19cb03aef62582060e9b4,validation
2927a80afb120ff2261f3b0f169e56e7380a34395003d4c57b113cb7f0bd09a3,human_annotated/images/2927a80afb120ff2261f3b0f169e56e7380a34395003d4c57b113cb7f0bd09a3.jpg,RRDataset,data/datasets/RRDataset/selection_1500/lorenzo/real/real_009042.jpg,"[""data/datasets/RRDataset/selection_1500/lorenzo/real/real_009042.jpg""]",2927a80afb120ff2261f3b0f169e56e7380a34395003d4c57b113cb7f0bd09a3,https://zenodo.org/records/14963880,CC-BY-4.0,,,,0,real,rrdataset_local_directory_verified_by_sha256,human,human,true,human_master_final,0,low,0,low,0.3044902980327606,0.16751958429813385,0,low,resnet50_layer4_fc_weighted_ordinal_v3,48f6495d4a62ded10d98c3835ffcd33c8f5c653e5df19cb03aef62582060e9b4,training
2930055d08fb8850cf48359d18c1120bba66466447d88478c734ce2084502544,human_annotated/images/2930055d08fb8850cf48359d18c1120bba66466447d88478c734ce2084502544.png,RRDataset,data/datasets/RRDataset/selection_1500/lorenzo/ai/War_&_Conflict_Scenes_000807.png,"[""data/datasets/RRDataset/selection_1500/lorenzo/ai/War_&_Conflict_Scenes_000807.png""]",2930055d08fb8850cf48359d18c1120bba66466447d88478c734ce2084502544,https://zenodo.org/records/14963880,CC-BY-4.0,,,,1,fake,rrdataset_local_directory_verified_by_sha256,human,human,true,human_master_final,2,high,2,high,0.805723249912262,0.4603103697299957,2,high,resnet50_layer4_fc_weighted_ordinal_v3,48f6495d4a62ded10d98c3835ffcd33c8f5c653e5df19cb03aef62582060e9b4,training
2935e4b2a63b9fb1a71feb61b7bced75600389677263b098f383d7e91f166cef,human_annotated/images/2935e4b2a63b9fb1a71feb61b7bced75600389677263b098f383d7e91f166cef.png,RRDataset,data/datasets/RRDataset/selection_1500/lorenzo/ai/normal_009238.png,"[""data/datasets/RRDataset/selection_1500/lorenzo/ai/normal_009238.png""]",2935e4b2a63b9fb1a71feb61b7bced75600389677263b098f383d7e91f166cef,https://zenodo.org/records/14963880,CC-BY-4.0,,,,1,fake,rrdataset_local_directory_verified_by_sha256,human,human,true,consolidated_human_review,0,low,0,low,0.20233580470085144,0.017603548243641853,0,low,resnet50_layer4_fc_weighted_ordinal_v3,48f6495d4a62ded10d98c3835ffcd33c8f5c653e5df19cb03aef62582060e9b4,training
29797f9829711b497c7836f9e3a87599dc76c68664bd14905af5ed3dfb020587,human_annotated/images/29797f9829711b497c7836f9e3a87599dc76c68664bd14905af5ed3dfb020587.png,saberzl/SID_Set,data/datasets/sid-set/candidate-1500/images/fake/29797f9829711b497c7836f9e3a87599dc76c68664bd14905af5ed3dfb020587.png,"[""data/datasets/sid-set/candidate-1500/images/fake/29797f9829711b497c7836f9e3a87599dc76c68664bd14905af5ed3dfb020587.png""]",29797f9829711b497c7836f9e3a87599dc76c68664bd14905af5ed3dfb020587,https://huggingface.co/datasets/saberzl/SID_Set,CC-BY-4.0,full_synthetic_002309,main,dc03ead57929879319ce30a82bfcfb8d317b10bd,1,fake,collection_manifest_normalized_label_verified_by_sha256,human,human,true,consolidated_human_review,1,medium,1,medium,0.9120879769325256,0.013993834145367146,1,medium,resnet50_layer4_fc_weighted_ordinal_v3,48f6495d4a62ded10d98c3835ffcd33c8f5c653e5df19cb03aef62582060e9b4,validation
299e2de57f8371be987ea096817cd12342d020bb1bcc3c8d33d512133cd47d3f,human_annotated/images/299e2de57f8371be987ea096817cd12342d020bb1bcc3c8d33d512133cd47d3f.jpg,ComplexDataLab/OpenFake,data/datasets/openfake/additional-900/images/fake/299e2de57f8371be987ea096817cd12342d020bb1bcc3c8d33d512133cd47d3f.jpg,"[""data/datasets/openfake/additional-900/images/fake/299e2de57f8371be987ea096817cd12342d020bb1bcc3c8d33d512133cd47d3f.jpg""]",299e2de57f8371be987ea096817cd12342d020bb1bcc3c8d33d512133cd47d3f,https://huggingface.co/datasets/ComplexDataLab/OpenFake,CC-BY-NC-4.0,,v1.0,750279a9710d3d98bbc6d0d87250312cfdf922a0,1,fake,collection_manifest_normalized_label_verified_by_sha256,human,human,true,human_master_final,1,medium,1,medium,0.9163205027580261,0.25655925273895264,1,medium,resnet50_layer4_fc_weighted_ordinal_v3,48f6495d4a62ded10d98c3835ffcd33c8f5c653e5df19cb03aef62582060e9b4,training
29abcb93f31db5b6977e4cb6f5ce7bf3b92e56ba2dbbcec125b019f1370d3a3a,human_annotated/images/29abcb93f31db5b6977e4cb6f5ce7bf3b92e56ba2dbbcec125b019f1370d3a3a.png,saberzl/SID_Set,data/datasets/sid-set/candidate-1500/images/fake/29abcb93f31db5b6977e4cb6f5ce7bf3b92e56ba2dbbcec125b019f1370d3a3a.png,"[""data/datasets/sid-set/candidate-1500/images/fake/29abcb93f31db5b6977e4cb6f5ce7bf3b92e56ba2dbbcec125b019f1370d3a3a.png""]",29abcb93f31db5b6977e4cb6f5ce7bf3b92e56ba2dbbcec125b019f1370d3a3a,https://huggingface.co/datasets/saberzl/SID_Set,CC-BY-4.0,full_synthetic_025027,main,dc03ead57929879319ce30a82bfcfb8d317b10bd,1,fake,collection_manifest_normalized_label_verified_by_sha256,human,human,true,human_master_final,0,low,0,low,0.14148323237895966,0.012992381118237972,0,low,resnet50_layer4_fc_weighted_ordinal_v3,48f6495d4a62ded10d98c3835ffcd33c8f5c653e5df19cb03aef62582060e9b4,training
2a1ea8ce014057b6977a8b6bea9efcb4c26e81da93d5910c90a3095fd0b22c3e,human_annotated/images/2a1ea8ce014057b6977a8b6bea9efcb4c26e81da93d5910c90a3095fd0b22c3e.jpg,saberzl/SID_Set,data/datasets/sid-set/candidate-1500/images/real/2a1ea8ce014057b6977a8b6bea9efcb4c26e81da93d5910c90a3095fd0b22c3e.jpg,"[""data/datasets/sid-set/candidate-1500/images/real/2a1ea8ce014057b6977a8b6bea9efcb4c26e81da93d5910c90a3095fd0b22c3e.jpg""]",2a1ea8ce014057b6977a8b6bea9efcb4c26e81da93d5910c90a3095fd0b22c3e,https://huggingface.co/datasets/saberzl/SID_Set,CC-BY-4.0,ef9d804aa27819b6,main,dc03ead57929879319ce30a82bfcfb8d317b10bd,0,real,collection_manifest_normalized_label_verified_by_sha256,human,human,true,human_master_final,1,medium,1,medium,0.7362949252128601,0.13033351302146912,1,medium,resnet50_layer4_fc_weighted_ordinal_v3,48f6495d4a62ded10d98c3835ffcd33c8f5c653e5df19cb03aef62582060e9b4,validation
2a452213aae98a21e7bf6abce3035c5d3c7c57db33eaeb20614eadc27c7b84b5,human_annotated/images/2a452213aae98a21e7bf6abce3035c5d3c7c57db33eaeb20614eadc27c7b84b5.png,RRDataset,data/datasets/RRDataset/selection_1500/giovanni/ai/War_&_Conflict_Scenes_000492.png,"[""data/datasets/RRDataset/selection_1500/giovanni/ai/War_&_Conflict_Scenes_000492.png""]",2a452213aae98a21e7bf6abce3035c5d3c7c57db33eaeb20614eadc27c7b84b5,https://zenodo.org/records/14963880,CC-BY-4.0,,,,1,fake,rrdataset_local_directory_verified_by_sha256,human,human,true,human_master_final,2,high,2,high,0.9264940619468689,0.7482751607894897,2,high,resnet50_layer4_fc_weighted_ordinal_v3,48f6495d4a62ded10d98c3835ffcd33c8f5c653e5df19cb03aef62582060e9b4,training
2a99484982bb0adad44a10648158002e076573b230500276bee93350f6562505,human_annotated/images/2a99484982bb0adad44a10648158002e076573b230500276bee93350f6562505.png,ComplexDataLab/OpenFake,data/datasets/openfake/additional-900/images/fake/2a99484982bb0adad44a10648158002e076573b230500276bee93350f6562505.png,"[""data/datasets/openfake/additional-900/images/fake/2a99484982bb0adad44a10648158002e076573b230500276bee93350f6562505.png""]",2a99484982bb0adad44a10648158002e076573b230500276bee93350f6562505,https://huggingface.co/datasets/ComplexDataLab/OpenFake,CC-BY-NC-4.0,,v1.0,750279a9710d3d98bbc6d0d87250312cfdf922a0,1,fake,collection_manifest_normalized_label_verified_by_sha256,human,human,true,consolidated_human_review,1,medium,1,medium,0.6185460686683655,0.08378138393163681,1,medium,resnet50_layer4_fc_weighted_ordinal_v3,48f6495d4a62ded10d98c3835ffcd33c8f5c653e5df19cb03aef62582060e9b4,training
2aaceb0e8e00881cd6c05a1db9ff58605921a24b7e06ccc410645e00a45cf9e3,human_annotated/images/2aaceb0e8e00881cd6c05a1db9ff58605921a24b7e06ccc410645e00a45cf9e3.jpg,RRDataset,data/datasets/RRDataset/selection_1500/sara/real/real_006320.jpg,"[""data/datasets/RRDataset/selection_1500/sara/real/real_006320.jpg""]",2aaceb0e8e00881cd6c05a1db9ff58605921a24b7e06ccc410645e00a45cf9e3,https://zenodo.org/records/14963880,CC-BY-4.0,,,,0,real,rrdataset_local_directory_verified_by_sha256,human,human,true,human_master_final,1,medium,1,medium,0.6660941243171692,0.005155238788574934,1,medium,resnet50_layer4_fc_weighted_ordinal_v3,48f6495d4a62ded10d98c3835ffcd33c8f5c653e5df19cb03aef62582060e9b4,validation
2b9e888aedeba4bfebc80a21a81d25423bc5b5d3117d8c31efa5f2db4c136962,human_annotated/images/2b9e888aedeba4bfebc80a21a81d25423bc5b5d3117d8c31efa5f2db4c136962.jpg,ComplexDataLab/OpenFake,data/datasets/openfake/additional-900/images/real/2b9e888aedeba4bfebc80a21a81d25423bc5b5d3117d8c31efa5f2db4c136962.jpg,"[""data/datasets/openfake/additional-900/images/real/2b9e888aedeba4bfebc80a21a81d25423bc5b5d3117d8c31efa5f2db4c136962.jpg""]",2b9e888aedeba4bfebc80a21a81d25423bc5b5d3117d8c31efa5f2db4c136962,https://huggingface.co/datasets/ComplexDataLab/OpenFake,CC-BY-NC-4.0,,v1.0,750279a9710d3d98bbc6d0d87250312cfdf922a0,0,real,collection_manifest_normalized_label_verified_by_sha256,human,human,true,consolidated_human_review,1,medium,1,medium,0.9217756986618042,0.07219716906547546,1,medium,resnet50_layer4_fc_weighted_ordinal_v3,48f6495d4a62ded10d98c3835ffcd33c8f5c653e5df19cb03aef62582060e9b4,validation
2bb6546d37b4ec790a3c073d43ae9235f46893ade6816bd9519baaa1385a305d,human_annotated/images/2bb6546d37b4ec790a3c073d43ae9235f46893ade6816bd9519baaa1385a305d.png,ComplexDataLab/OpenFake,data/datasets/openfake/pilot-600/images/fake/2bb6546d37b4ec790a3c073d43ae9235f46893ade6816bd9519baaa1385a305d.png,"[""data/datasets/openfake/pilot-600/images/fake/2bb6546d37b4ec790a3c073d43ae9235f46893ade6816bd9519baaa1385a305d.png""]",2bb6546d37b4ec790a3c073d43ae9235f46893ade6816bd9519baaa1385a305d,https://huggingface.co/datasets/ComplexDataLab/OpenFake,CC-BY-NC-4.0,,v1.0,,1,fake,collection_manifest_normalized_label_verified_by_sha256,human,human,true,human_master_final,2,high,1,medium,0.9054909944534302,0.29033955931663513,2,high,resnet50_layer4_fc_weighted_ordinal_v3,48f6495d4a62ded10d98c3835ffcd33c8f5c653e5df19cb03aef62582060e9b4,training
2bcdbdde3859de338d907b58581b0e9442863796e871e38263a651d9e7eb96a7,human_annotated/images/2bcdbdde3859de338d907b58581b0e9442863796e871e38263a651d9e7eb96a7.png,RRDataset,data/datasets/RRDataset/selection_1500/giovanni/ai/normal_008613.png,"[""data/datasets/RRDataset/selection_1500/giovanni/ai/normal_008613.png""]",2bcdbdde3859de338d907b58581b0e9442863796e871e38263a651d9e7eb96a7,https://zenodo.org/records/14963880,CC-BY-4.0,,,,1,fake,rrdataset_local_directory_verified_by_sha256,human,human,true,human_master_final,0,low,0,low,0.3687523901462555,0.27547335624694824,0,low,resnet50_layer4_fc_weighted_ordinal_v3,48f6495d4a62ded10d98c3835ffcd33c8f5c653e5df19cb03aef62582060e9b4,frozen_test
2c1575eac884ba672c6e56bc30672b7087ac1ed956c1b48cd1bad16326331981,human_annotated/images/2c1575eac884ba672c6e56bc30672b7087ac1ed956c1b48cd1bad16326331981.jpg,saberzl/SID_Set,data/datasets/sid-set/candidate-1500/images/real/2c1575eac884ba672c6e56bc30672b7087ac1ed956c1b48cd1bad16326331981.jpg,"[""data/datasets/sid-set/candidate-1500/images/real/2c1575eac884ba672c6e56bc30672b7087ac1ed956c1b48cd1bad16326331981.jpg""]",2c1575eac884ba672c6e56bc30672b7087ac1ed956c1b48cd1bad16326331981,https://huggingface.co/datasets/saberzl/SID_Set,CC-BY-4.0,b78422f08008a501,main,dc03ead57929879319ce30a82bfcfb8d317b10bd,0,real,collection_manifest_normalized_label_verified_by_sha256,human,human,true,human_master_final,1,medium,1,medium,0.7332974672317505,0.0036286800168454647,1,medium,resnet50_layer4_fc_weighted_ordinal_v3,48f6495d4a62ded10d98c3835ffcd33c8f5c653e5df19cb03aef62582060e9b4,training
2c75550c7fa6507e0090ee20fc830929209a972eec8fa22df5e5c13b21d5c513,human_annotated/images/2c75550c7fa6507e0090ee20fc830929209a972eec8fa22df5e5c13b21d5c513.png,RRDataset,data/datasets/RRDataset/selection_1500/lorenzo/ai/Natural_Disasters_&_Accidents_000691.png,"[""data/datasets/RRDataset/selection_1500/lorenzo/ai/Natural_Disasters_&_Accidents_000691.png""]",2c75550c7fa6507e0090ee20fc830929209a972eec8fa22df5e5c13b21d5c513,https://zenodo.org/records/14963880,CC-BY-4.0,,,,1,fake,rrdataset_local_directory_verified_by_sha256,human,human,true,human_master_final,1,medium,1,medium,0.9129452109336853,0.12306178361177444,1,medium,resnet50_layer4_fc_weighted_ordinal_v3,48f6495d4a62ded10d98c3835ffcd33c8f5c653e5df19cb03aef62582060e9b4,frozen_test
2ca52aab7a4718d9ff2b152c70d484861a13da051958e7d4f39b027b00352fd8,human_annotated/images/2ca52aab7a4718d9ff2b152c70d484861a13da051958e7d4f39b027b00352fd8.png,saberzl/SID_Set,data/datasets/sid-set/candidate-1500/images/fake/2ca52aab7a4718d9ff2b152c70d484861a13da051958e7d4f39b027b00352fd8.png,"[""data/datasets/sid-set/candidate-1500/images/fake/2ca52aab7a4718d9ff2b152c70d484861a13da051958e7d4f39b027b00352fd8.png""]",2ca52aab7a4718d9ff2b152c70d484861a13da051958e7d4f39b027b00352fd8,https://huggingface.co/datasets/saberzl/SID_Set,CC-BY-4.0,full_synthetic_002307,main,dc03ead57929879319ce30a82bfcfb8d317b10bd,1,fake,collection_manifest_normalized_label_verified_by_sha256,human,human,true,human_master_final,0,low,1,medium,0.9682309627532959,0.2560858726501465,0,low,resnet50_layer4_fc_weighted_ordinal_v3,48f6495d4a62ded10d98c3835ffcd33c8f5c653e5df19cb03aef62582060e9b4,validation
2cbf5bdf85dd014677ee32e5283e408882cb4de3ca90a4ab8788d85b67118528,human_annotated/images/2cbf5bdf85dd014677ee32e5283e408882cb4de3ca90a4ab8788d85b67118528.png,RRDataset,data/datasets/RRDataset/selection_1500/lorenzo/ai/Medical_&_Public_Health_000071.png,"[""data/datasets/RRDataset/selection_1500/lorenzo/ai/Medical_&_Public_Health_000071.png""]",2cbf5bdf85dd014677ee32e5283e408882cb4de3ca90a4ab8788d85b67118528,https://zenodo.org/records/14963880,CC-BY-4.0,,,,1,fake,rrdataset_local_directory_verified_by_sha256,human,human,true,consolidated_human_review,0,low,1,medium,0.6027106046676636,0.0365217961370945,0,low,resnet50_layer4_fc_weighted_ordinal_v3,48f6495d4a62ded10d98c3835ffcd33c8f5c653e5df19cb03aef62582060e9b4,training
2cf956554468751388825ab0845762abd0791056e3279437e24ff687fec05205,human_annotated/images/2cf956554468751388825ab0845762abd0791056e3279437e24ff687fec05205.jpg,RRDataset,data/datasets/RRDataset/selection_1500/giovanni/real/real_008545.jpg,"[""data/datasets/RRDataset/selection_1500/giovanni/real/real_008545.jpg""]",2cf956554468751388825ab0845762abd0791056e3279437e24ff687fec05205,https://zenodo.org/records/14963880,CC-BY-4.0,,,,0,real,rrdataset_local_directory_verified_by_sha256,human,human,true,human_master_final,1,medium,1,medium,0.5523359179496765,0.018151113763451576,1,medium,resnet50_layer4_fc_weighted_ordinal_v3,48f6495d4a62ded10d98c3835ffcd33c8f5c653e5df19cb03aef62582060e9b4,validation
2d2acd2eebd94248083eff02c6894ec76fbb58446d3060b21d83cc6bc70c6216,human_annotated/images/2d2acd2eebd94248083eff02c6894ec76fbb58446d3060b21d83cc6bc70c6216.png,RRDataset,data/datasets/RRDataset/selection_1500/sara/ai/normal_007828.png,"[""data/datasets/RRDataset/selection_1500/sara/ai/normal_007828.png""]",2d2acd2eebd94248083eff02c6894ec76fbb58446d3060b21d83cc6bc70c6216,https://zenodo.org/records/14963880,CC-BY-4.0,,,,1,fake,rrdataset_local_directory_verified_by_sha256,human,human,true,human_master_final,0,low,0,low,0.43290531635284424,0.005317158531397581,0,low,resnet50_layer4_fc_weighted_ordinal_v3,48f6495d4a62ded10d98c3835ffcd33c8f5c653e5df19cb03aef62582060e9b4,training
2d3e0bcb39625517cf44b44331d16741371ffc034f129b397e5efdb585ec9017,human_annotated/images/2d3e0bcb39625517cf44b44331d16741371ffc034f129b397e5efdb585ec9017.jpg,ComplexDataLab/OpenFake,data/datasets/openfake/pilot-600/images/real/2d3e0bcb39625517cf44b44331d16741371ffc034f129b397e5efdb585ec9017.jpg,"[""data/datasets/openfake/pilot-600/images/real/2d3e0bcb39625517cf44b44331d16741371ffc034f129b397e5efdb585ec9017.jpg""]",2d3e0bcb39625517cf44b44331d16741371ffc034f129b397e5efdb585ec9017,https://huggingface.co/datasets/ComplexDataLab/OpenFake,CC-BY-NC-4.0,,v1.0,,0,real,collection_manifest_normalized_label_verified_by_sha256,human,human,true,human_master_final,1,medium,1,medium,0.9775012731552124,0.10901569575071335,1,medium,resnet50_layer4_fc_weighted_ordinal_v3,48f6495d4a62ded10d98c3835ffcd33c8f5c653e5df19cb03aef62582060e9b4,training
2d406380fa01bb0f69caf279087582f0bffb617b2c0de877a9ec75611c83ea26,human_annotated/images/2d406380fa01bb0f69caf279087582f0bffb617b2c0de877a9ec75611c83ea26.png,ComplexDataLab/OpenFake,data/datasets/openfake/additional-900/images/fake/2d406380fa01bb0f69caf279087582f0bffb617b2c0de877a9ec75611c83ea26.png,"[""data/datasets/openfake/additional-900/images/fake/2d406380fa01bb0f69caf279087582f0bffb617b2c0de877a9ec75611c83ea26.png""]",2d406380fa01bb0f69caf279087582f0bffb617b2c0de877a9ec75611c83ea26,https://huggingface.co/datasets/ComplexDataLab/OpenFake,CC-BY-NC-4.0,,v1.0,750279a9710d3d98bbc6d0d87250312cfdf922a0,1,fake,collection_manifest_normalized_label_verified_by_sha256,human,human,true,consolidated_human_review,1,medium,1,medium,0.9208790063858032,0.30126363039016724,1,medium,resnet50_layer4_fc_weighted_ordinal_v3,48f6495d4a62ded10d98c3835ffcd33c8f5c653e5df19cb03aef62582060e9b4,training
2db98325232bb7d6cf4f996a8ca09365ddd8052a76f7fc1fe1bf7c6c47588201,human_annotated/images/2db98325232bb7d6cf4f996a8ca09365ddd8052a76f7fc1fe1bf7c6c47588201.png,ComplexDataLab/OpenFake,data/datasets/openfake/pilot-600/images/fake/2db98325232bb7d6cf4f996a8ca09365ddd8052a76f7fc1fe1bf7c6c47588201.png,"[""data/datasets/openfake/pilot-600/images/fake/2db98325232bb7d6cf4f996a8ca09365ddd8052a76f7fc1fe1bf7c6c47588201.png""]",2db98325232bb7d6cf4f996a8ca09365ddd8052a76f7fc1fe1bf7c6c47588201,https://huggingface.co/datasets/ComplexDataLab/OpenFake,CC-BY-NC-4.0,,v1.0,,1,fake,collection_manifest_normalized_label_verified_by_sha256,human,human,true,human_master_final,1,medium,1,medium,0.8795671463012695,0.010053071193397045,1,medium,resnet50_layer4_fc_weighted_ordinal_v3,48f6495d4a62ded10d98c3835ffcd33c8f5c653e5df19cb03aef62582060e9b4,training
2de9dcb0fe618e0fe267e257bc944ec2e58fbed405feef3ffbb59b0045196ce0,human_annotated/images/2de9dcb0fe618e0fe267e257bc944ec2e58fbed405feef3ffbb59b0045196ce0.png,RRDataset,data/datasets/RRDataset/selection_1500/lorenzo/ai/production_000295.png,"[""data/datasets/RRDataset/selection_1500/lorenzo/ai/production_000295.png""]",2de9dcb0fe618e0fe267e257bc944ec2e58fbed405feef3ffbb59b0045196ce0,https://zenodo.org/records/14963880,CC-BY-4.0,,,,1,fake,rrdataset_local_directory_verified_by_sha256,human,human,true,consolidated_human_review,2,high,2,high,0.9611203074455261,0.714199423789978,2,high,resnet50_layer4_fc_weighted_ordinal_v3,48f6495d4a62ded10d98c3835ffcd33c8f5c653e5df19cb03aef62582060e9b4,training
2e049d87c003219e194c90864b3124a00434f7911d850806a9e361bb5f44753d,human_annotated/images/2e049d87c003219e194c90864b3124a00434f7911d850806a9e361bb5f44753d.jpg,RRDataset,data/datasets/RRDataset/selection_1500/giovanni/real/real_006841.jpg,"[""data/datasets/RRDataset/selection_1500/giovanni/real/real_006841.jpg""]",2e049d87c003219e194c90864b3124a00434f7911d850806a9e361bb5f44753d,https://zenodo.org/records/14963880,CC-BY-4.0,,,,0,real,rrdataset_local_directory_verified_by_sha256,human,human,true,consolidated_human_review,0,low,0,low,0.470730721950531,0.024102749302983284,0,low,resnet50_layer4_fc_weighted_ordinal_v3,48f6495d4a62ded10d98c3835ffcd33c8f5c653e5df19cb03aef62582060e9b4,training
2e060d486cccb9f6226a5a7aaad48e2e502dd27699afac8c74a07a03feca643d,human_annotated/images/2e060d486cccb9f6226a5a7aaad48e2e502dd27699afac8c74a07a03feca643d.jpg,saberzl/SID_Set,data/datasets/sid-set/candidate-1500/images/real/2e060d486cccb9f6226a5a7aaad48e2e502dd27699afac8c74a07a03feca643d.jpg,"[""data/datasets/sid-set/candidate-1500/images/real/2e060d486cccb9f6226a5a7aaad48e2e502dd27699afac8c74a07a03feca643d.jpg""]",2e060d486cccb9f6226a5a7aaad48e2e502dd27699afac8c74a07a03feca643d,https://huggingface.co/datasets/saberzl/SID_Set,CC-BY-4.0,3e3cafab3bd16cf5,main,dc03ead57929879319ce30a82bfcfb8d317b10bd,0,real,collection_manifest_normalized_label_verified_by_sha256,human,human,true,human_master_final,0,low,0,low,0.3490241467952728,0.031436458230018616,0,low,resnet50_layer4_fc_weighted_ordinal_v3,48f6495d4a62ded10d98c3835ffcd33c8f5c653e5df19cb03aef62582060e9b4,validation
2e58e17899ace162ae471cb588b7b18bb0061b5399224604528778d0da05356f,human_annotated/images/2e58e17899ace162ae471cb588b7b18bb0061b5399224604528778d0da05356f.png,ComplexDataLab/OpenFake,data/datasets/openfake/additional-900/images/fake/2e58e17899ace162ae471cb588b7b18bb0061b5399224604528778d0da05356f.png,"[""data/datasets/openfake/additional-900/images/fake/2e58e17899ace162ae471cb588b7b18bb0061b5399224604528778d0da05356f.png""]",2e58e17899ace162ae471cb588b7b18bb0061b5399224604528778d0da05356f,https://huggingface.co/datasets/ComplexDataLab/OpenFake,CC-BY-NC-4.0,,v1.0,750279a9710d3d98bbc6d0d87250312cfdf922a0,1,fake,collection_manifest_normalized_label_verified_by_sha256,human,human,true,consolidated_human_review,1,medium,1,medium,0.6901126503944397,0.10465749353170395,1,medium,resnet50_layer4_fc_weighted_ordinal_v3,48f6495d4a62ded10d98c3835ffcd33c8f5c653e5df19cb03aef62582060e9b4,validation
2e6cbae2a2050133a6acff458b9af36dc4192eb027c039456ca248484fbf607b,human_annotated/images/2e6cbae2a2050133a6acff458b9af36dc4192eb027c039456ca248484fbf607b.jpg,ComplexDataLab/OpenFake,data/datasets/openfake/pilot-600/images/real/2e6cbae2a2050133a6acff458b9af36dc4192eb027c039456ca248484fbf607b.jpg,"[""data/datasets/openfake/pilot-600/images/real/2e6cbae2a2050133a6acff458b9af36dc4192eb027c039456ca248484fbf607b.jpg""]",2e6cbae2a2050133a6acff458b9af36dc4192eb027c039456ca248484fbf607b,https://huggingface.co/datasets/ComplexDataLab/OpenFake,CC-BY-NC-4.0,,v1.0,,0,real,collection_manifest_normalized_label_verified_by_sha256,human,human,true,consolidated_human_review,1,medium,1,medium,0.8053513169288635,0.03601902723312378,1,medium,resnet50_layer4_fc_weighted_ordinal_v3,48f6495d4a62ded10d98c3835ffcd33c8f5c653e5df19cb03aef62582060e9b4,validation
2e97f4ff303aa19c9485a9def34289bb6314b012d91941f8b06aa34b2310c2a9,human_annotated/images/2e97f4ff303aa19c9485a9def34289bb6314b012d91941f8b06aa34b2310c2a9.jpg,RRDataset,data/datasets/RRDataset/selection_1500/lorenzo/real/real_000737.jpg,"[""data/datasets/RRDataset/selection_1500/lorenzo/real/real_000737.jpg""]",2e97f4ff303aa19c9485a9def34289bb6314b012d91941f8b06aa34b2310c2a9,https://zenodo.org/records/14963880,CC-BY-4.0,,,,0,real,rrdataset_local_directory_verified_by_sha256,human,human,true,human_master_final,1,medium,1,medium,0.6015915274620056,0.0020481932442635298,1,medium,resnet50_layer4_fc_weighted_ordinal_v3,48f6495d4a62ded10d98c3835ffcd33c8f5c653e5df19cb03aef62582060e9b4,training
2edfd530ede74b54ea89d8c6cc0336937263d8ac737be19114a0c4775b19ecc3,human_annotated/images/2edfd530ede74b54ea89d8c6cc0336937263d8ac737be19114a0c4775b19ecc3.jpg,RRDataset,data/datasets/RRDataset/selection_1500/giovanni/real/real_009418.jpg,"[""data/datasets/RRDataset/selection_1500/giovanni/real/real_009418.jpg""]",2edfd530ede74b54ea89d8c6cc0336937263d8ac737be19114a0c4775b19ecc3,https://zenodo.org/records/14963880,CC-BY-4.0,,,,0,real,rrdataset_local_directory_verified_by_sha256,human,human,true,human_master_final,1,medium,1,medium,0.5879237651824951,0.07400349527597427,1,medium,resnet50_layer4_fc_weighted_ordinal_v3,48f6495d4a62ded10d98c3835ffcd33c8f5c653e5df19cb03aef62582060e9b4,training
2f7c27920584d66703b0b302e3a6e3b5be13339bddf6c606ba2390a3d86bae8a,human_annotated/images/2f7c27920584d66703b0b302e3a6e3b5be13339bddf6c606ba2390a3d86bae8a.jpg,ComplexDataLab/OpenFake,data/datasets/openfake/additional-900/images/real/2f7c27920584d66703b0b302e3a6e3b5be13339bddf6c606ba2390a3d86bae8a.jpg,"[""data/datasets/openfake/additional-900/images/real/2f7c27920584d66703b0b302e3a6e3b5be13339bddf6c606ba2390a3d86bae8a.jpg""]",2f7c27920584d66703b0b302e3a6e3b5be13339bddf6c606ba2390a3d86bae8a,https://huggingface.co/datasets/ComplexDataLab/OpenFake,CC-BY-NC-4.0,,v1.0,750279a9710d3d98bbc6d0d87250312cfdf922a0,0,real,collection_manifest_normalized_label_verified_by_sha256,human,human,true,human_master_final,1,medium,1,medium,0.8936363458633423,0.01827920600771904,1,medium,resnet50_layer4_fc_weighted_ordinal_v3,48f6495d4a62ded10d98c3835ffcd33c8f5c653e5df19cb03aef62582060e9b4,training
2fd7dfeae360c67b95d7a9982208c144694ed52458bf7b75efc49252daf31c80,human_annotated/images/2fd7dfeae360c67b95d7a9982208c144694ed52458bf7b75efc49252daf31c80.png,saberzl/SID_Set,data/datasets/sid-set/candidate-1500/images/fake/2fd7dfeae360c67b95d7a9982208c144694ed52458bf7b75efc49252daf31c80.png,"[""data/datasets/sid-set/candidate-1500/images/fake/2fd7dfeae360c67b95d7a9982208c144694ed52458bf7b75efc49252daf31c80.png""]",2fd7dfeae360c67b95d7a9982208c144694ed52458bf7b75efc49252daf31c80,https://huggingface.co/datasets/saberzl/SID_Set,CC-BY-4.0,full_synthetic_031702,main,dc03ead57929879319ce30a82bfcfb8d317b10bd,1,fake,collection_manifest_normalized_label_verified_by_sha256,human,human,true,human_master_final,1,medium,1,medium,0.8019183278083801,0.011154523119330406,1,medium,resnet50_layer4_fc_weighted_ordinal_v3,48f6495d4a62ded10d98c3835ffcd33c8f5c653e5df19cb03aef62582060e9b4,training
2fe3883bbe00030fd767436de847d1acdce36792aaf6cd0fbb054e1b72689b41,human_annotated/images/2fe3883bbe00030fd767436de847d1acdce36792aaf6cd0fbb054e1b72689b41.png,ComplexDataLab/OpenFake,data/datasets/openfake/additional-900/images/fake/2fe3883bbe00030fd767436de847d1acdce36792aaf6cd0fbb054e1b72689b41.png,"[""data/datasets/openfake/additional-900/images/fake/2fe3883bbe00030fd767436de847d1acdce36792aaf6cd0fbb054e1b72689b41.png""]",2fe3883bbe00030fd767436de847d1acdce36792aaf6cd0fbb054e1b72689b41,https://huggingface.co/datasets/ComplexDataLab/OpenFake,CC-BY-NC-4.0,,v1.0,750279a9710d3d98bbc6d0d87250312cfdf922a0,1,fake,collection_manifest_normalized_label_verified_by_sha256,human,human,true,human_master_final,1,medium,1,medium,0.9160422086715698,0.0019225981086492538,1,medium,resnet50_layer4_fc_weighted_ordinal_v3,48f6495d4a62ded10d98c3835ffcd33c8f5c653e5df19cb03aef62582060e9b4,training
3016cfebab5dc44162cff763c92c92bec977880b0740f30fe3cecc63cfaa4343,human_annotated/images/3016cfebab5dc44162cff763c92c92bec977880b0740f30fe3cecc63cfaa4343.png,ComplexDataLab/OpenFake,data/datasets/openfake/additional-900/images/fake/3016cfebab5dc44162cff763c92c92bec977880b0740f30fe3cecc63cfaa4343.png,"[""data/datasets/openfake/additional-900/images/fake/3016cfebab5dc44162cff763c92c92bec977880b0740f30fe3cecc63cfaa4343.png""]",3016cfebab5dc44162cff763c92c92bec977880b0740f30fe3cecc63cfaa4343,https://huggingface.co/datasets/ComplexDataLab/OpenFake,CC-BY-NC-4.0,,v1.0,750279a9710d3d98bbc6d0d87250312cfdf922a0,1,fake,collection_manifest_normalized_label_verified_by_sha256,human,human,true,human_master_final,1,medium,1,medium,0.7503097057342529,0.032044265419244766,1,medium,resnet50_layer4_fc_weighted_ordinal_v3,48f6495d4a62ded10d98c3835ffcd33c8f5c653e5df19cb03aef62582060e9b4,validation
304ac65815c86f645739662978efea6b32456385c59ce1c1418d76729da13bbc,human_annotated/images/304ac65815c86f645739662978efea6b32456385c59ce1c1418d76729da13bbc.jpg,RRDataset,data/datasets/RRDataset/selection_1500/lorenzo/real/real_001047.jpg,"[""data/datasets/RRDataset/selection_1500/lorenzo/real/real_001047.jpg""]",304ac65815c86f645739662978efea6b32456385c59ce1c1418d76729da13bbc,https://zenodo.org/records/14963880,CC-BY-4.0,,,,0,real,rrdataset_local_directory_verified_by_sha256,human,human,true,human_master_final,1,medium,1,medium,0.6842706203460693,0.10675489902496338,1,medium,resnet50_layer4_fc_weighted_ordinal_v3,48f6495d4a62ded10d98c3835ffcd33c8f5c653e5df19cb03aef62582060e9b4,validation
306d8832218b1cdb8be8dc8976ad5f04ab10be030468034c078c3300ee791e5b,human_annotated/images/306d8832218b1cdb8be8dc8976ad5f04ab10be030468034c078c3300ee791e5b.png,RRDataset,data/datasets/RRDataset/selection_1500/lorenzo/ai/War_&_Conflict_Scenes_000755.png,"[""data/datasets/RRDataset/selection_1500/lorenzo/ai/War_&_Conflict_Scenes_000755.png""]",306d8832218b1cdb8be8dc8976ad5f04ab10be030468034c078c3300ee791e5b,https://zenodo.org/records/14963880,CC-BY-4.0,,,,1,fake,rrdataset_local_directory_verified_by_sha256,human,human,true,human_master_final,2,high,2,high,0.9579646587371826,0.559019148349762,2,high,resnet50_layer4_fc_weighted_ordinal_v3,48f6495d4a62ded10d98c3835ffcd33c8f5c653e5df19cb03aef62582060e9b4,training
312b5db959c1bcce5e6668324223f2e44e9dabb8ee0410c623c22c2749cab509,human_annotated/images/312b5db959c1bcce5e6668324223f2e44e9dabb8ee0410c623c22c2749cab509.png,saberzl/SID_Set,data/datasets/sid-set/candidate-1500/images/fake/312b5db959c1bcce5e6668324223f2e44e9dabb8ee0410c623c22c2749cab509.png,"[""data/datasets/sid-set/candidate-1500/images/fake/312b5db959c1bcce5e6668324223f2e44e9dabb8ee0410c623c22c2749cab509.png""]",312b5db959c1bcce5e6668324223f2e44e9dabb8ee0410c623c22c2749cab509,https://huggingface.co/datasets/saberzl/SID_Set,CC-BY-4.0,full_synthetic_064372,main,dc03ead57929879319ce30a82bfcfb8d317b10bd,1,fake,collection_manifest_normalized_label_verified_by_sha256,human,human,true,consolidated_human_review,0,low,0,low,0.4261610209941864,0.07453823834657669,0,low,resnet50_layer4_fc_weighted_ordinal_v3,48f6495d4a62ded10d98c3835ffcd33c8f5c653e5df19cb03aef62582060e9b4,training
312fe8f53e69ddc14b7eeb707b15f62a616584013eea24046fed732d05d7dd6f,human_annotated/images/312fe8f53e69ddc14b7eeb707b15f62a616584013eea24046fed732d05d7dd6f.jpg,ComplexDataLab/OpenFake,data/datasets/openfake/additional-900/images/real/312fe8f53e69ddc14b7eeb707b15f62a616584013eea24046fed732d05d7dd6f.jpg,"[""data/datasets/openfake/additional-900/images/real/312fe8f53e69ddc14b7eeb707b15f62a616584013eea24046fed732d05d7dd6f.jpg""]",312fe8f53e69ddc14b7eeb707b15f62a616584013eea24046fed732d05d7dd6f,https://huggingface.co/datasets/ComplexDataLab/OpenFake,CC-BY-NC-4.0,,v1.0,750279a9710d3d98bbc6d0d87250312cfdf922a0,0,real,collection_manifest_normalized_label_verified_by_sha256,human,human,true,consolidated_human_review,1,medium,1,medium,0.7823830842971802,0.023087840527296066,1,medium,resnet50_layer4_fc_weighted_ordinal_v3,48f6495d4a62ded10d98c3835ffcd33c8f5c653e5df19cb03aef62582060e9b4,training
3174fe2a4ab8ef6794a39c7b22ae3419bd9b03fff2ee7b3fd9af5af54957fa2a,human_annotated/images/3174fe2a4ab8ef6794a39c7b22ae3419bd9b03fff2ee7b3fd9af5af54957fa2a.jpg,RRDataset,data/datasets/RRDataset/selection_1500/lorenzo/real/real_003577.jpg,"[""data/datasets/RRDataset/selection_1500/lorenzo/real/real_003577.jpg""]",3174fe2a4ab8ef6794a39c7b22ae3419bd9b03fff2ee7b3fd9af5af54957fa2a,https://zenodo.org/records/14963880,CC-BY-4.0,,,,0,real,rrdataset_local_directory_verified_by_sha256,human,human,true,human_master_final,1,medium,1,medium,0.9088316559791565,0.025756144896149635,1,medium,resnet50_layer4_fc_weighted_ordinal_v3,48f6495d4a62ded10d98c3835ffcd33c8f5c653e5df19cb03aef62582060e9b4,training
317960cdb93ed395e34cdaac6e99ced6e792b82eec15462e64fcef9ebc97756e,human_annotated/images/317960cdb93ed395e34cdaac6e99ced6e792b82eec15462e64fcef9ebc97756e.jpg,saberzl/SID_Set,data/datasets/sid-set/candidate-1500/images/real/317960cdb93ed395e34cdaac6e99ced6e792b82eec15462e64fcef9ebc97756e.jpg,"[""data/datasets/sid-set/candidate-1500/images/real/317960cdb93ed395e34cdaac6e99ced6e792b82eec15462e64fcef9ebc97756e.jpg""]",317960cdb93ed395e34cdaac6e99ced6e792b82eec15462e64fcef9ebc97756e,https://huggingface.co/datasets/saberzl/SID_Set,CC-BY-4.0,35086c261d363bfa,main,dc03ead57929879319ce30a82bfcfb8d317b10bd,0,real,collection_manifest_normalized_label_verified_by_sha256,human,human,true,human_master_final,1,medium,1,medium,0.6826798915863037,0.18849797546863556,1,medium,resnet50_layer4_fc_weighted_ordinal_v3,48f6495d4a62ded10d98c3835ffcd33c8f5c653e5df19cb03aef62582060e9b4,training
31b3713409f03cafa12d0ae7de7778fc25b3816441998997c04a8a3758bbee35,human_annotated/images/31b3713409f03cafa12d0ae7de7778fc25b3816441998997c04a8a3758bbee35.jpg,saberzl/SID_Set,data/datasets/sid-set/candidate-1500/images/real/31b3713409f03cafa12d0ae7de7778fc25b3816441998997c04a8a3758bbee35.jpg,"[""data/datasets/sid-set/candidate-1500/images/real/31b3713409f03cafa12d0ae7de7778fc25b3816441998997c04a8a3758bbee35.jpg""]",31b3713409f03cafa12d0ae7de7778fc25b3816441998997c04a8a3758bbee35,https://huggingface.co/datasets/saberzl/SID_Set,CC-BY-4.0,11a1debe76d82955,main,dc03ead57929879319ce30a82bfcfb8d317b10bd,0,real,collection_manifest_normalized_label_verified_by_sha256,human,human,true,consolidated_human_review,1,medium,1,medium,0.8100658655166626,0.05136296525597572,1,medium,resnet50_layer4_fc_weighted_ordinal_v3,48f6495d4a62ded10d98c3835ffcd33c8f5c653e5df19cb03aef62582060e9b4,training
31e1d3356de88098d8c6df6cb2cd7ceb4d54c1fe30427be90525de8777351b91,human_annotated/images/31e1d3356de88098d8c6df6cb2cd7ceb4d54c1fe30427be90525de8777351b91.jpg,RRDataset,data/datasets/RRDataset/selection_1500/sara/real/real_003213.jpg,"[""data/datasets/RRDataset/selection_1500/sara/real/real_003213.jpg""]",31e1d3356de88098d8c6df6cb2cd7ceb4d54c1fe30427be90525de8777351b91,https://zenodo.org/records/14963880,CC-BY-4.0,,,,0,real,rrdataset_local_directory_verified_by_sha256,human,human,true,human_master_final,0,low,1,medium,0.7422692775726318,0.00861859880387783,0,low,resnet50_layer4_fc_weighted_ordinal_v3,48f6495d4a62ded10d98c3835ffcd33c8f5c653e5df19cb03aef62582060e9b4,training
31e667fc7f286991cc50729f201ce5e6c0c8a7c36e1e2512648976e54e7bc7da,human_annotated/images/31e667fc7f286991cc50729f201ce5e6c0c8a7c36e1e2512648976e54e7bc7da.png,ComplexDataLab/OpenFake,data/datasets/openfake/additional-900/images/fake/31e667fc7f286991cc50729f201ce5e6c0c8a7c36e1e2512648976e54e7bc7da.png,"[""data/datasets/openfake/additional-900/images/fake/31e667fc7f286991cc50729f201ce5e6c0c8a7c36e1e2512648976e54e7bc7da.png""]",31e667fc7f286991cc50729f201ce5e6c0c8a7c36e1e2512648976e54e7bc7da,https://huggingface.co/datasets/ComplexDataLab/OpenFake,CC-BY-NC-4.0,,v1.0,750279a9710d3d98bbc6d0d87250312cfdf922a0,1,fake,collection_manifest_normalized_label_verified_by_sha256,human,human,true,consolidated_human_review,1,medium,0,low,0.37942442297935486,0.01776716113090515,1,medium,resnet50_layer4_fc_weighted_ordinal_v3,48f6495d4a62ded10d98c3835ffcd33c8f5c653e5df19cb03aef62582060e9b4,validation
32430a235982cadd1c83eb796692cda70d353915cba2d8f63bfc120bb9d383e2,human_annotated/images/32430a235982cadd1c83eb796692cda70d353915cba2d8f63bfc120bb9d383e2.png,saberzl/SID_Set,data/datasets/sid-set/candidate-1500/images/fake/32430a235982cadd1c83eb796692cda70d353915cba2d8f63bfc120bb9d383e2.png,"[""data/datasets/sid-set/candidate-1500/images/fake/32430a235982cadd1c83eb796692cda70d353915cba2d8f63bfc120bb9d383e2.png""]",32430a235982cadd1c83eb796692cda70d353915cba2d8f63bfc120bb9d383e2,https://huggingface.co/datasets/saberzl/SID_Set,CC-BY-4.0,full_synthetic_002519,main,dc03ead57929879319ce30a82bfcfb8d317b10bd,1,fake,collection_manifest_normalized_label_verified_by_sha256,human,human,true,consolidated_human_review,0,low,0,low,0.3498452305793762,0.03509648144245148,0,low,resnet50_layer4_fc_weighted_ordinal_v3,48f6495d4a62ded10d98c3835ffcd33c8f5c653e5df19cb03aef62582060e9b4,validation
32a03e436e2a458b0389c064e63bcbc15843742342626dd674c574261c47c6d6,human_annotated/images/32a03e436e2a458b0389c064e63bcbc15843742342626dd674c574261c47c6d6.jpg,ComplexDataLab/OpenFake,data/datasets/openfake/pilot-600/images/real/32a03e436e2a458b0389c064e63bcbc15843742342626dd674c574261c47c6d6.jpg,"[""data/datasets/openfake/pilot-600/images/real/32a03e436e2a458b0389c064e63bcbc15843742342626dd674c574261c47c6d6.jpg""]",32a03e436e2a458b0389c064e63bcbc15843742342626dd674c574261c47c6d6,https://huggingface.co/datasets/ComplexDataLab/OpenFake,CC-BY-NC-4.0,,v1.0,,0,real,collection_manifest_normalized_label_verified_by_sha256,human,human,true,consolidated_human_review,1,medium,1,medium,0.9123424291610718,0.05392825976014137,1,medium,resnet50_layer4_fc_weighted_ordinal_v3,48f6495d4a62ded10d98c3835ffcd33c8f5c653e5df19cb03aef62582060e9b4,training
32c116aceda440db46fb33a8e69ddaff4a37d642c5a86ea0c13d17ff2673c754,human_annotated/images/32c116aceda440db46fb33a8e69ddaff4a37d642c5a86ea0c13d17ff2673c754.png,ComplexDataLab/OpenFake,data/datasets/openfake/pilot-600/images/fake/32c116aceda440db46fb33a8e69ddaff4a37d642c5a86ea0c13d17ff2673c754.png,"[""data/datasets/openfake/pilot-600/images/fake/32c116aceda440db46fb33a8e69ddaff4a37d642c5a86ea0c13d17ff2673c754.png""]",32c116aceda440db46fb33a8e69ddaff4a37d642c5a86ea0c13d17ff2673c754,https://huggingface.co/datasets/ComplexDataLab/OpenFake,CC-BY-NC-4.0,,v1.0,,1,fake,collection_manifest_normalized_label_verified_by_sha256,human,human,true,consolidated_human_review,0,low,1,medium,0.5216675996780396,0.022773616015911102,0,low,resnet50_layer4_fc_weighted_ordinal_v3,48f6495d4a62ded10d98c3835ffcd33c8f5c653e5df19cb03aef62582060e9b4,training
32f4c3813e9ed8c16bbff628ffe3becfd1bb6320d5a3f7488150d9baa4cf2896,human_annotated/images/32f4c3813e9ed8c16bbff628ffe3becfd1bb6320d5a3f7488150d9baa4cf2896.png,RRDataset,data/datasets/RRDataset/selection_1500/sara/ai/War_&_Conflict_Scenes_000017.png,"[""data/datasets/RRDataset/selection_1500/sara/ai/War_&_Conflict_Scenes_000017.png""]",32f4c3813e9ed8c16bbff628ffe3becfd1bb6320d5a3f7488150d9baa4cf2896,https://zenodo.org/records/14963880,CC-BY-4.0,,,,1,fake,rrdataset_local_directory_verified_by_sha256,human,human,true,human_master_final,1,medium,2,high,0.9699720144271851,0.6622641682624817,1,medium,resnet50_layer4_fc_weighted_ordinal_v3,48f6495d4a62ded10d98c3835ffcd33c8f5c653e5df19cb03aef62582060e9b4,validation
33752ff4140bba5607f4567fa8b4a0c34cf8a2dcb26b8d0b576f035437891a30,human_annotated/images/33752ff4140bba5607f4567fa8b4a0c34cf8a2dcb26b8d0b576f035437891a30.png,RRDataset,data/datasets/RRDataset/selection_1500/sara/ai/War_&_Conflict_Scenes_000963.png,"[""data/datasets/RRDataset/selection_1500/sara/ai/War_&_Conflict_Scenes_000963.png""]",33752ff4140bba5607f4567fa8b4a0c34cf8a2dcb26b8d0b576f035437891a30,https://zenodo.org/records/14963880,CC-BY-4.0,,,,1,fake,rrdataset_local_directory_verified_by_sha256,human,human,true,human_master_final,1,medium,1,medium,0.7025453448295593,0.3432188034057617,1,medium,resnet50_layer4_fc_weighted_ordinal_v3,48f6495d4a62ded10d98c3835ffcd33c8f5c653e5df19cb03aef62582060e9b4,training
339f4941d4aacda4a4133de2c0caac004f7c23e3c5671dfbff8523128e11d053,human_annotated/images/339f4941d4aacda4a4133de2c0caac004f7c23e3c5671dfbff8523128e11d053.png,RRDataset,data/datasets/RRDataset/selection_1500/giovanni/ai/Political_&_Social_Events_000378.png,"[""data/datasets/RRDataset/selection_1500/giovanni/ai/Political_&_Social_Events_000378.png""]",339f4941d4aacda4a4133de2c0caac004f7c23e3c5671dfbff8523128e11d053,https://zenodo.org/records/14963880,CC-BY-4.0,,,,1,fake,rrdataset_local_directory_verified_by_sha256,human,human,true,consolidated_human_review,1,medium,1,medium,0.9776048064231873,0.07125683128833771,1,medium,resnet50_layer4_fc_weighted_ordinal_v3,48f6495d4a62ded10d98c3835ffcd33c8f5c653e5df19cb03aef62582060e9b4,training
33a3792dac9ca3840412daeaed4fcd6f798e92893bed317a5b2dd7f7ed79b002,human_annotated/images/33a3792dac9ca3840412daeaed4fcd6f798e92893bed317a5b2dd7f7ed79b002.webp,ComplexDataLab/OpenFake,data/datasets/openfake/pilot-600/images/fake/33a3792dac9ca3840412daeaed4fcd6f798e92893bed317a5b2dd7f7ed79b002.webp,"[""data/datasets/openfake/pilot-600/images/fake/33a3792dac9ca3840412daeaed4fcd6f798e92893bed317a5b2dd7f7ed79b002.webp""]",33a3792dac9ca3840412daeaed4fcd6f798e92893bed317a5b2dd7f7ed79b002,https://huggingface.co/datasets/ComplexDataLab/OpenFake,CC-BY-NC-4.0,,v1.0,,1,fake,collection_manifest_normalized_label_verified_by_sha256,human,human,true,human_master_final,1,medium,1,medium,0.6894579529762268,0.04858193174004555,1,medium,resnet50_layer4_fc_weighted_ordinal_v3,48f6495d4a62ded10d98c3835ffcd33c8f5c653e5df19cb03aef62582060e9b4,training
33b7f53291d9de5c00736fe79747aa61d9c10a988ccc921822f1e36ec2566566,human_annotated/images/33b7f53291d9de5c00736fe79747aa61d9c10a988ccc921822f1e36ec2566566.png,saberzl/SID_Set,data/datasets/sid-set/candidate-1500/images/fake/33b7f53291d9de5c00736fe79747aa61d9c10a988ccc921822f1e36ec2566566.png,"[""data/datasets/sid-set/candidate-1500/images/fake/33b7f53291d9de5c00736fe79747aa61d9c10a988ccc921822f1e36ec2566566.png""]",33b7f53291d9de5c00736fe79747aa61d9c10a988ccc921822f1e36ec2566566,https://huggingface.co/datasets/saberzl/SID_Set,CC-BY-4.0,full_synthetic_051216,main,dc03ead57929879319ce30a82bfcfb8d317b10bd,1,fake,collection_manifest_normalized_label_verified_by_sha256,human,human,true,human_master_final,0,low,1,medium,0.8672022819519043,0.05710909143090248,0,low,resnet50_layer4_fc_weighted_ordinal_v3,48f6495d4a62ded10d98c3835ffcd33c8f5c653e5df19cb03aef62582060e9b4,training
33ef181b98b1c81f18e6db7b805686d0441fbe009c6ac97b53479dab03909a23,human_annotated/images/33ef181b98b1c81f18e6db7b805686d0441fbe009c6ac97b53479dab03909a23.png,RRDataset,data/datasets/RRDataset/selection_1500/lorenzo/ai/Political_&_Social_Events_000508.png,"[""data/datasets/RRDataset/selection_1500/lorenzo/ai/Political_&_Social_Events_000508.png""]",33ef181b98b1c81f18e6db7b805686d0441fbe009c6ac97b53479dab03909a23,https://zenodo.org/records/14963880,CC-BY-4.0,,,,1,fake,rrdataset_local_directory_verified_by_sha256,human,human,true,human_master_final,1,medium,1,medium,0.9821469187736511,0.1470055729150772,1,medium,resnet50_layer4_fc_weighted_ordinal_v3,48f6495d4a62ded10d98c3835ffcd33c8f5c653e5df19cb03aef62582060e9b4,frozen_test
349ce5ac4f6f4fe39518c678d347053a76da7ba1407a21c44250d7f3bb9d1d17,human_annotated/images/349ce5ac4f6f4fe39518c678d347053a76da7ba1407a21c44250d7f3bb9d1d17.png,RRDataset,data/datasets/RRDataset/selection_1500/lorenzo/ai/War_&_Conflict_Scenes_000713.png,"[""data/datasets/RRDataset/selection_1500/lorenzo/ai/War_&_Conflict_Scenes_000713.png""]",349ce5ac4f6f4fe39518c678d347053a76da7ba1407a21c44250d7f3bb9d1d17,https://zenodo.org/records/14963880,CC-BY-4.0,,,,1,fake,rrdataset_local_directory_verified_by_sha256,human,human,true,human_master_final,1,medium,1,medium,0.6980764269828796,0.03205449879169464,1,medium,resnet50_layer4_fc_weighted_ordinal_v3,48f6495d4a62ded10d98c3835ffcd33c8f5c653e5df19cb03aef62582060e9b4,training
34a5359b509d9e1d80698e25688af0ba376489aae7488426fb89eef2e311fab8,human_annotated/images/34a5359b509d9e1d80698e25688af0ba376489aae7488426fb89eef2e311fab8.png,saberzl/SID_Set,data/datasets/sid-set/candidate-1500/images/fake/34a5359b509d9e1d80698e25688af0ba376489aae7488426fb89eef2e311fab8.png,"[""data/datasets/sid-set/candidate-1500/images/fake/34a5359b509d9e1d80698e25688af0ba376489aae7488426fb89eef2e311fab8.png""]",34a5359b509d9e1d80698e25688af0ba376489aae7488426fb89eef2e311fab8,https://huggingface.co/datasets/saberzl/SID_Set,CC-BY-4.0,full_synthetic_026833,main,dc03ead57929879319ce30a82bfcfb8d317b10bd,1,fake,collection_manifest_normalized_label_verified_by_sha256,human,human,true,consolidated_human_review,2,high,1,medium,0.8601546883583069,0.24911260604858398,2,high,resnet50_layer4_fc_weighted_ordinal_v3,48f6495d4a62ded10d98c3835ffcd33c8f5c653e5df19cb03aef62582060e9b4,training
34b45ef8ba1df2d07f8a6a517d2e9d169a6eaa0bf79a634f381162bf8c9f25c1,human_annotated/images/34b45ef8ba1df2d07f8a6a517d2e9d169a6eaa0bf79a634f381162bf8c9f25c1.jpg,saberzl/SID_Set,data/datasets/sid-set/candidate-1500/images/real/34b45ef8ba1df2d07f8a6a517d2e9d169a6eaa0bf79a634f381162bf8c9f25c1.jpg,"[""data/datasets/sid-set/candidate-1500/images/real/34b45ef8ba1df2d07f8a6a517d2e9d169a6eaa0bf79a634f381162bf8c9f25c1.jpg""]",34b45ef8ba1df2d07f8a6a517d2e9d169a6eaa0bf79a634f381162bf8c9f25c1,https://huggingface.co/datasets/saberzl/SID_Set,CC-BY-4.0,9e0b3b5599acd697,main,dc03ead57929879319ce30a82bfcfb8d317b10bd,0,real,collection_manifest_normalized_label_verified_by_sha256,human,human,true,consolidated_human_review,0,low,0,low,0.07355111092329025,0.015120903961360455,0,low,resnet50_layer4_fc_weighted_ordinal_v3,48f6495d4a62ded10d98c3835ffcd33c8f5c653e5df19cb03aef62582060e9b4,training
3513cdf7a346cfa6d1f5a1d10fbea34e5159d6481fc7aea6853470fd80af63e9,human_annotated/images/3513cdf7a346cfa6d1f5a1d10fbea34e5159d6481fc7aea6853470fd80af63e9.jpg,saberzl/SID_Set,data/datasets/sid-set/candidate-1500/images/real/3513cdf7a346cfa6d1f5a1d10fbea34e5159d6481fc7aea6853470fd80af63e9.jpg,"[""data/datasets/sid-set/candidate-1500/images/real/3513cdf7a346cfa6d1f5a1d10fbea34e5159d6481fc7aea6853470fd80af63e9.jpg""]",3513cdf7a346cfa6d1f5a1d10fbea34e5159d6481fc7aea6853470fd80af63e9,https://huggingface.co/datasets/saberzl/SID_Set,CC-BY-4.0,30ff8be759ce8d0e,main,dc03ead57929879319ce30a82bfcfb8d317b10bd,0,real,collection_manifest_normalized_label_verified_by_sha256,human,human,true,consolidated_human_review,0,low,0,low,0.2525154650211334,0.03286798670887947,0,low,resnet50_layer4_fc_weighted_ordinal_v3,48f6495d4a62ded10d98c3835ffcd33c8f5c653e5df19cb03aef62582060e9b4,training
35764b7184e822678846f5ad28dfe2de8ce85b509ad4fd38d3afbab4b55de1f8,human_annotated/images/35764b7184e822678846f5ad28dfe2de8ce85b509ad4fd38d3afbab4b55de1f8.jpg,ComplexDataLab/OpenFake,data/datasets/openfake/additional-900/images/real/35764b7184e822678846f5ad28dfe2de8ce85b509ad4fd38d3afbab4b55de1f8.jpg,"[""data/datasets/openfake/additional-900/images/real/35764b7184e822678846f5ad28dfe2de8ce85b509ad4fd38d3afbab4b55de1f8.jpg""]",35764b7184e822678846f5ad28dfe2de8ce85b509ad4fd38d3afbab4b55de1f8,https://huggingface.co/datasets/ComplexDataLab/OpenFake,CC-BY-NC-4.0,,v1.0,750279a9710d3d98bbc6d0d87250312cfdf922a0,0,real,collection_manifest_normalized_label_verified_by_sha256,human,human,true,consolidated_human_review,1,medium,1,medium,0.8705507516860962,0.05157177522778511,1,medium,resnet50_layer4_fc_weighted_ordinal_v3,48f6495d4a62ded10d98c3835ffcd33c8f5c653e5df19cb03aef62582060e9b4,training
3661bb186f215ff505cda7b90ba04bc4fbeed90c45d8b57f344a244c0ed182fe,human_annotated/images/3661bb186f215ff505cda7b90ba04bc4fbeed90c45d8b57f344a244c0ed182fe.jpg,ComplexDataLab/OpenFake,data/datasets/openfake/additional-900/images/real/3661bb186f215ff505cda7b90ba04bc4fbeed90c45d8b57f344a244c0ed182fe.jpg,"[""data/datasets/openfake/additional-900/images/real/3661bb186f215ff505cda7b90ba04bc4fbeed90c45d8b57f344a244c0ed182fe.jpg""]",3661bb186f215ff505cda7b90ba04bc4fbeed90c45d8b57f344a244c0ed182fe,https://huggingface.co/datasets/ComplexDataLab/OpenFake,CC-BY-NC-4.0,,v1.0,750279a9710d3d98bbc6d0d87250312cfdf922a0,0,real,collection_manifest_normalized_label_verified_by_sha256,human,human,true,human_master_final,2,high,0,low,0.43310433626174927,0.057762254029512405,2,high,resnet50_layer4_fc_weighted_ordinal_v3,48f6495d4a62ded10d98c3835ffcd33c8f5c653e5df19cb03aef62582060e9b4,training
367d52ae5fd6bf69503dc142703028fd54f72e7d2851e825dfab65288cb945a8,human_annotated/images/367d52ae5fd6bf69503dc142703028fd54f72e7d2851e825dfab65288cb945a8.png,RRDataset,data/datasets/RRDataset/selection_1500/lorenzo/ai/Medical_&_Public_Health_000963.png,"[""data/datasets/RRDataset/selection_1500/lorenzo/ai/Medical_&_Public_Health_000963.png""]",367d52ae5fd6bf69503dc142703028fd54f72e7d2851e825dfab65288cb945a8,https://zenodo.org/records/14963880,CC-BY-4.0,,,,1,fake,rrdataset_local_directory_verified_by_sha256,human,human,true,consolidated_human_review,2,high,1,medium,0.9799553751945496,0.4290913939476013,2,high,resnet50_layer4_fc_weighted_ordinal_v3,48f6495d4a62ded10d98c3835ffcd33c8f5c653e5df19cb03aef62582060e9b4,training
36ad9c6dddf721a9ce52ca7d07054d031ee8e6d68a0465fab09dc84efe48060b,human_annotated/images/36ad9c6dddf721a9ce52ca7d07054d031ee8e6d68a0465fab09dc84efe48060b.png,saberzl/SID_Set,data/datasets/sid-set/candidate-1500/images/fake/36ad9c6dddf721a9ce52ca7d07054d031ee8e6d68a0465fab09dc84efe48060b.png,"[""data/datasets/sid-set/candidate-1500/images/fake/36ad9c6dddf721a9ce52ca7d07054d031ee8e6d68a0465fab09dc84efe48060b.png""]",36ad9c6dddf721a9ce52ca7d07054d031ee8e6d68a0465fab09dc84efe48060b,https://huggingface.co/datasets/saberzl/SID_Set,CC-BY-4.0,full_synthetic_059222,main,dc03ead57929879319ce30a82bfcfb8d317b10bd,1,fake,collection_manifest_normalized_label_verified_by_sha256,human,human,true,consolidated_human_review,0,low,0,low,0.2392815500497818,0.02266174741089344,0,low,resnet50_layer4_fc_weighted_ordinal_v3,48f6495d4a62ded10d98c3835ffcd33c8f5c653e5df19cb03aef62582060e9b4,validation
36fcab72dabecc23cbe9fbf3990d637b304e07f112510fad98811d86e362038b,human_annotated/images/36fcab72dabecc23cbe9fbf3990d637b304e07f112510fad98811d86e362038b.jpg,saberzl/SID_Set,data/datasets/sid-set/candidate-1500/images/real/36fcab72dabecc23cbe9fbf3990d637b304e07f112510fad98811d86e362038b.jpg,"[""data/datasets/sid-set/candidate-1500/images/real/36fcab72dabecc23cbe9fbf3990d637b304e07f112510fad98811d86e362038b.jpg""]",36fcab72dabecc23cbe9fbf3990d637b304e07f112510fad98811d86e362038b,https://huggingface.co/datasets/saberzl/SID_Set,CC-BY-4.0,03f108d8b8f574e9,main,dc03ead57929879319ce30a82bfcfb8d317b10bd,0,real,collection_manifest_normalized_label_verified_by_sha256,human,human,true,human_master_final,0,low,0,low,0.4953206479549408,0.05927117168903351,0,low,resnet50_layer4_fc_weighted_ordinal_v3,48f6495d4a62ded10d98c3835ffcd33c8f5c653e5df19cb03aef62582060e9b4,training
3707eb2fe7ccf1868df8252ea22c35856cdbdc7b0a4c68c7a4000fbce73434e4,human_annotated/images/3707eb2fe7ccf1868df8252ea22c35856cdbdc7b0a4c68c7a4000fbce73434e4.jpg,saberzl/SID_Set,data/datasets/sid-set/candidate-1500/images/real/3707eb2fe7ccf1868df8252ea22c35856cdbdc7b0a4c68c7a4000fbce73434e4.jpg,"[""data/datasets/sid-set/candidate-1500/images/real/3707eb2fe7ccf1868df8252ea22c35856cdbdc7b0a4c68c7a4000fbce73434e4.jpg""]",3707eb2fe7ccf1868df8252ea22c35856cdbdc7b0a4c68c7a4000fbce73434e4,https://huggingface.co/datasets/saberzl/SID_Set,CC-BY-4.0,042c06edf9674d89,main,dc03ead57929879319ce30a82bfcfb8d317b10bd,0,real,collection_manifest_normalized_label_verified_by_sha256,human,human,true,consolidated_human_review,0,low,0,low,0.2079092115163803,0.027038883417844772,0,low,resnet50_layer4_fc_weighted_ordinal_v3,48f6495d4a62ded10d98c3835ffcd33c8f5c653e5df19cb03aef62582060e9b4,training
372412aefdfd367d33f4b0a84521b69f34696966514b5b45e749e8f44aa8b5b1,human_annotated/images/372412aefdfd367d33f4b0a84521b69f34696966514b5b45e749e8f44aa8b5b1.jpg,ComplexDataLab/OpenFake,data/datasets/openfake/pilot-600/images/real/372412aefdfd367d33f4b0a84521b69f34696966514b5b45e749e8f44aa8b5b1.jpg,"[""data/datasets/openfake/pilot-600/images/real/372412aefdfd367d33f4b0a84521b69f34696966514b5b45e749e8f44aa8b5b1.jpg""]",372412aefdfd367d33f4b0a84521b69f34696966514b5b45e749e8f44aa8b5b1,https://huggingface.co/datasets/ComplexDataLab/OpenFake,CC-BY-NC-4.0,,v1.0,,0,real,collection_manifest_normalized_label_verified_by_sha256,human,human,true,human_master_final,1,medium,1,medium,0.5914208889007568,0.07097955048084259,1,medium,resnet50_layer4_fc_weighted_ordinal_v3,48f6495d4a62ded10d98c3835ffcd33c8f5c653e5df19cb03aef62582060e9b4,training
372703ea61dd0d50ec23a493bc53dedb970309486c807d5a5750aa86ebb8130d,human_annotated/images/372703ea61dd0d50ec23a493bc53dedb970309486c807d5a5750aa86ebb8130d.png,RRDataset,data/datasets/RRDataset/selection_1500/lorenzo/ai/Political_&_Social_Events_000767.png,"[""data/datasets/RRDataset/selection_1500/lorenzo/ai/Political_&_Social_Events_000767.png""]",372703ea61dd0d50ec23a493bc53dedb970309486c807d5a5750aa86ebb8130d,https://zenodo.org/records/14963880,CC-BY-4.0,,,,1,fake,rrdataset_local_directory_verified_by_sha256,human,human,true,consolidated_human_review,2,high,2,high,0.9805628061294556,0.7769932746887207,2,high,resnet50_layer4_fc_weighted_ordinal_v3,48f6495d4a62ded10d98c3835ffcd33c8f5c653e5df19cb03aef62582060e9b4,training
374e45ebd3ecc4c43b76b05ff0088e54d00a0c1a6bfe658bc8e1b3f0fe8d3acc,human_annotated/images/374e45ebd3ecc4c43b76b05ff0088e54d00a0c1a6bfe658bc8e1b3f0fe8d3acc.jpg,ComplexDataLab/OpenFake,data/datasets/openfake/additional-900/images/real/374e45ebd3ecc4c43b76b05ff0088e54d00a0c1a6bfe658bc8e1b3f0fe8d3acc.jpg,"[""data/datasets/openfake/additional-900/images/real/374e45ebd3ecc4c43b76b05ff0088e54d00a0c1a6bfe658bc8e1b3f0fe8d3acc.jpg""]",374e45ebd3ecc4c43b76b05ff0088e54d00a0c1a6bfe658bc8e1b3f0fe8d3acc,https://huggingface.co/datasets/ComplexDataLab/OpenFake,CC-BY-NC-4.0,,v1.0,750279a9710d3d98bbc6d0d87250312cfdf922a0,0,real,collection_manifest_normalized_label_verified_by_sha256,human,human,true,human_master_final,1,medium,1,medium,0.7469461560249329,0.01745568960905075,1,medium,resnet50_layer4_fc_weighted_ordinal_v3,48f6495d4a62ded10d98c3835ffcd33c8f5c653e5df19cb03aef62582060e9b4,training
37928f17f6e0bd188c8b623cf0796c0e2d43eea4f2b35e50fb5f9c8064225e60,human_annotated/images/37928f17f6e0bd188c8b623cf0796c0e2d43eea4f2b35e50fb5f9c8064225e60.jpg,ComplexDataLab/OpenFake,data/datasets/openfake/additional-900/images/real/37928f17f6e0bd188c8b623cf0796c0e2d43eea4f2b35e50fb5f9c8064225e60.jpg,"[""data/datasets/openfake/additional-900/images/real/37928f17f6e0bd188c8b623cf0796c0e2d43eea4f2b35e50fb5f9c8064225e60.jpg""]",37928f17f6e0bd188c8b623cf0796c0e2d43eea4f2b35e50fb5f9c8064225e60,https://huggingface.co/datasets/ComplexDataLab/OpenFake,CC-BY-NC-4.0,,v1.0,750279a9710d3d98bbc6d0d87250312cfdf922a0,0,real,collection_manifest_normalized_label_verified_by_sha256,human,human,true,human_master_final,0,low,0,low,0.4119744896888733,0.004526082891970873,0,low,resnet50_layer4_fc_weighted_ordinal_v3,48f6495d4a62ded10d98c3835ffcd33c8f5c653e5df19cb03aef62582060e9b4,training
3799eacf28997d3de78cc6da17d1a2d803ba38d4079ebd8ce2ef223264e74e01,human_annotated/images/3799eacf28997d3de78cc6da17d1a2d803ba38d4079ebd8ce2ef223264e74e01.png,RRDataset,data/datasets/RRDataset/selection_1500/giovanni/ai/Culture_&_Religion_000132.png,"[""data/datasets/RRDataset/selection_1500/giovanni/ai/Culture_&_Religion_000132.png""]",3799eacf28997d3de78cc6da17d1a2d803ba38d4079ebd8ce2ef223264e74e01,https://zenodo.org/records/14963880,CC-BY-4.0,,,,1,fake,rrdataset_local_directory_verified_by_sha256,human,human,true,human_master_final,1,medium,1,medium,0.8775757551193237,0.40092045068740845,1,medium,resnet50_layer4_fc_weighted_ordinal_v3,48f6495d4a62ded10d98c3835ffcd33c8f5c653e5df19cb03aef62582060e9b4,training
37a97dbde990ab7d8a069d5d5948a739442a5f6a8a4b7a3469e07b44169777a7,human_annotated/images/37a97dbde990ab7d8a069d5d5948a739442a5f6a8a4b7a3469e07b44169777a7.jpg,saberzl/SID_Set,data/datasets/sid-set/candidate-1500/images/real/37a97dbde990ab7d8a069d5d5948a739442a5f6a8a4b7a3469e07b44169777a7.jpg,"[""data/datasets/sid-set/candidate-1500/images/real/37a97dbde990ab7d8a069d5d5948a739442a5f6a8a4b7a3469e07b44169777a7.jpg""]",37a97dbde990ab7d8a069d5d5948a739442a5f6a8a4b7a3469e07b44169777a7,https://huggingface.co/datasets/saberzl/SID_Set,CC-BY-4.0,6869cd0b831c0196,main,dc03ead57929879319ce30a82bfcfb8d317b10bd,0,real,collection_manifest_normalized_label_verified_by_sha256,human,human,true,human_master_final,1,medium,1,medium,0.8546274900436401,0.003203932661563158,1,medium,resnet50_layer4_fc_weighted_ordinal_v3,48f6495d4a62ded10d98c3835ffcd33c8f5c653e5df19cb03aef62582060e9b4,validation
37caed36371bdc48c09399735739eaeb37eef0f98e5c2551352bc03472caaa00,human_annotated/images/37caed36371bdc48c09399735739eaeb37eef0f98e5c2551352bc03472caaa00.png,saberzl/SID_Set,data/datasets/sid-set/candidate-1500/images/fake/37caed36371bdc48c09399735739eaeb37eef0f98e5c2551352bc03472caaa00.png,"[""data/datasets/sid-set/candidate-1500/images/fake/37caed36371bdc48c09399735739eaeb37eef0f98e5c2551352bc03472caaa00.png""]",37caed36371bdc48c09399735739eaeb37eef0f98e5c2551352bc03472caaa00,https://huggingface.co/datasets/saberzl/SID_Set,CC-BY-4.0,full_synthetic_028312,main,dc03ead57929879319ce30a82bfcfb8d317b10bd,1,fake,collection_manifest_normalized_label_verified_by_sha256,human,human,true,human_master_final,1,medium,1,medium,0.7828246355056763,0.02598775550723076,1,medium,resnet50_layer4_fc_weighted_ordinal_v3,48f6495d4a62ded10d98c3835ffcd33c8f5c653e5df19cb03aef62582060e9b4,training
37de2ea4edc4b86bced9d43b6f1883478a38df7fb5845f5f81d972295a7be129,human_annotated/images/37de2ea4edc4b86bced9d43b6f1883478a38df7fb5845f5f81d972295a7be129.png,RRDataset,data/datasets/RRDataset/selection_1500/sara/ai/Culture_&_Religion_000188.png,"[""data/datasets/RRDataset/selection_1500/sara/ai/Culture_&_Religion_000188.png""]",37de2ea4edc4b86bced9d43b6f1883478a38df7fb5845f5f81d972295a7be129,https://zenodo.org/records/14963880,CC-BY-4.0,,,,1,fake,rrdataset_local_directory_verified_by_sha256,human,human,true,consolidated_human_review,2,high,2,high,0.9726715087890625,0.8231005668640137,2,high,resnet50_layer4_fc_weighted_ordinal_v3,48f6495d4a62ded10d98c3835ffcd33c8f5c653e5df19cb03aef62582060e9b4,training
3803e149d44a82a78efbbd96fd67e7c8293627a89898337312c742ef5fbf5ef0,human_annotated/images/3803e149d44a82a78efbbd96fd67e7c8293627a89898337312c742ef5fbf5ef0.jpg,ComplexDataLab/OpenFake,data/datasets/openfake/additional-900/images/real/3803e149d44a82a78efbbd96fd67e7c8293627a89898337312c742ef5fbf5ef0.jpg,"[""data/datasets/openfake/additional-900/images/real/3803e149d44a82a78efbbd96fd67e7c8293627a89898337312c742ef5fbf5ef0.jpg""]",3803e149d44a82a78efbbd96fd67e7c8293627a89898337312c742ef5fbf5ef0,https://huggingface.co/datasets/ComplexDataLab/OpenFake,CC-BY-NC-4.0,,v1.0,750279a9710d3d98bbc6d0d87250312cfdf922a0,0,real,collection_manifest_normalized_label_verified_by_sha256,human,human,true,human_master_final,1,medium,1,medium,0.8993026614189148,0.027269834652543068,1,medium,resnet50_layer4_fc_weighted_ordinal_v3,48f6495d4a62ded10d98c3835ffcd33c8f5c653e5df19cb03aef62582060e9b4,training
380672c314f71e9e19c884f55add6650694d8d9e6c8136b6bf4b69b1c528b81b,human_annotated/images/380672c314f71e9e19c884f55add6650694d8d9e6c8136b6bf4b69b1c528b81b.png,RRDataset,data/datasets/RRDataset/selection_1500/lorenzo/ai/production_000956.png,"[""data/datasets/RRDataset/selection_1500/lorenzo/ai/production_000956.png""]",380672c314f71e9e19c884f55add6650694d8d9e6c8136b6bf4b69b1c528b81b,https://zenodo.org/records/14963880,CC-BY-4.0,,,,1,fake,rrdataset_local_directory_verified_by_sha256,human,human,true,consolidated_human_review,1,medium,1,medium,0.8150089979171753,0.029778556898236275,1,medium,resnet50_layer4_fc_weighted_ordinal_v3,48f6495d4a62ded10d98c3835ffcd33c8f5c653e5df19cb03aef62582060e9b4,validation
38408b71ae34dfdcf428f75a5e9b985db4e420c13f9436612999b6014de676b6,human_annotated/images/38408b71ae34dfdcf428f75a5e9b985db4e420c13f9436612999b6014de676b6.jpg,RRDataset,data/datasets/RRDataset/selection_1500/giovanni/real/real_004785.jpg,"[""data/datasets/RRDataset/selection_1500/giovanni/real/real_004785.jpg""]",38408b71ae34dfdcf428f75a5e9b985db4e420c13f9436612999b6014de676b6,https://zenodo.org/records/14963880,CC-BY-4.0,,,,0,real,rrdataset_local_directory_verified_by_sha256,human,human,true,human_master_final,1,medium,1,medium,0.9257310032844543,0.05008343607187271,1,medium,resnet50_layer4_fc_weighted_ordinal_v3,48f6495d4a62ded10d98c3835ffcd33c8f5c653e5df19cb03aef62582060e9b4,training
3869871b4f3e9300f0de426692053d6190c0c8a5df269cc149b2a6e05bdb0b87,human_annotated/images/3869871b4f3e9300f0de426692053d6190c0c8a5df269cc149b2a6e05bdb0b87.png,RRDataset,data/datasets/RRDataset/selection_1500/giovanni/ai/War_&_Conflict_Scenes_000620.png,"[""data/datasets/RRDataset/selection_1500/giovanni/ai/War_&_Conflict_Scenes_000620.png""]",3869871b4f3e9300f0de426692053d6190c0c8a5df269cc149b2a6e05bdb0b87,https://zenodo.org/records/14963880,CC-BY-4.0,,,,1,fake,rrdataset_local_directory_verified_by_sha256,human,human,true,consolidated_human_review,2,high,2,high,0.953183650970459,0.6242759823799133,2,high,resnet50_layer4_fc_weighted_ordinal_v3,48f6495d4a62ded10d98c3835ffcd33c8f5c653e5df19cb03aef62582060e9b4,validation
393251b6a2969798e5eef41307f24380cb6393909a2fe4c724f29c56ecb0bf8e,human_annotated/images/393251b6a2969798e5eef41307f24380cb6393909a2fe4c724f29c56ecb0bf8e.png,saberzl/SID_Set,data/datasets/sid-set/candidate-1500/images/fake/393251b6a2969798e5eef41307f24380cb6393909a2fe4c724f29c56ecb0bf8e.png,"[""data/datasets/sid-set/candidate-1500/images/fake/393251b6a2969798e5eef41307f24380cb6393909a2fe4c724f29c56ecb0bf8e.png""]",393251b6a2969798e5eef41307f24380cb6393909a2fe4c724f29c56ecb0bf8e,https://huggingface.co/datasets/saberzl/SID_Set,CC-BY-4.0,full_synthetic_041334,main,dc03ead57929879319ce30a82bfcfb8d317b10bd,1,fake,collection_manifest_normalized_label_verified_by_sha256,human,human,true,human_master_final,0,low,0,low,0.15790659189224243,0.01032139454036951,0,low,resnet50_layer4_fc_weighted_ordinal_v3,48f6495d4a62ded10d98c3835ffcd33c8f5c653e5df19cb03aef62582060e9b4,training
3a1b5fa6c10324ac43dbfd6604f13d94b13be03b6b537ad3c5ab7cb26f294fe3,human_annotated/images/3a1b5fa6c10324ac43dbfd6604f13d94b13be03b6b537ad3c5ab7cb26f294fe3.jpg,ComplexDataLab/OpenFake,data/datasets/openfake/additional-900/images/real/3a1b5fa6c10324ac43dbfd6604f13d94b13be03b6b537ad3c5ab7cb26f294fe3.jpg,"[""data/datasets/openfake/additional-900/images/real/3a1b5fa6c10324ac43dbfd6604f13d94b13be03b6b537ad3c5ab7cb26f294fe3.jpg""]",3a1b5fa6c10324ac43dbfd6604f13d94b13be03b6b537ad3c5ab7cb26f294fe3,https://huggingface.co/datasets/ComplexDataLab/OpenFake,CC-BY-NC-4.0,,v1.0,750279a9710d3d98bbc6d0d87250312cfdf922a0,0,real,collection_manifest_normalized_label_verified_by_sha256,human,human,true,human_master_final,1,medium,2,high,0.9886423945426941,0.5252190828323364,1,medium,resnet50_layer4_fc_weighted_ordinal_v3,48f6495d4a62ded10d98c3835ffcd33c8f5c653e5df19cb03aef62582060e9b4,frozen_test
3a468808c81deb8a1d0578061640035bd166c657d1740388c2da954b2214122d,human_annotated/images/3a468808c81deb8a1d0578061640035bd166c657d1740388c2da954b2214122d.png,ComplexDataLab/OpenFake,data/datasets/openfake/additional-900/images/fake/3a468808c81deb8a1d0578061640035bd166c657d1740388c2da954b2214122d.png,"[""data/datasets/openfake/additional-900/images/fake/3a468808c81deb8a1d0578061640035bd166c657d1740388c2da954b2214122d.png""]",3a468808c81deb8a1d0578061640035bd166c657d1740388c2da954b2214122d,https://huggingface.co/datasets/ComplexDataLab/OpenFake,CC-BY-NC-4.0,,v1.0,750279a9710d3d98bbc6d0d87250312cfdf922a0,1,fake,collection_manifest_normalized_label_verified_by_sha256,human,human,true,consolidated_human_review,1,medium,1,medium,0.9078060388565063,0.006388497073203325,1,medium,resnet50_layer4_fc_weighted_ordinal_v3,48f6495d4a62ded10d98c3835ffcd33c8f5c653e5df19cb03aef62582060e9b4,training
3a4a22a4c9e24e2219880b752ab037c35ea1285e0b5edec3ba7d8e256cb93890,human_annotated/images/3a4a22a4c9e24e2219880b752ab037c35ea1285e0b5edec3ba7d8e256cb93890.jpg,RRDataset,data/datasets/RRDataset/selection_1500/lorenzo/real/real_009055.jpg,"[""data/datasets/RRDataset/selection_1500/lorenzo/real/real_009055.jpg""]",3a4a22a4c9e24e2219880b752ab037c35ea1285e0b5edec3ba7d8e256cb93890,https://zenodo.org/records/14963880,CC-BY-4.0,,,,0,real,rrdataset_local_directory_verified_by_sha256,human,human,true,human_master_final,0,low,0,low,0.3889918327331543,0.0599745437502861,0,low,resnet50_layer4_fc_weighted_ordinal_v3,48f6495d4a62ded10d98c3835ffcd33c8f5c653e5df19cb03aef62582060e9b4,training
3a51feb366a0274427191e1d4b284a1cdacfe446a1f9ac43046d1012251f2f67,human_annotated/images/3a51feb366a0274427191e1d4b284a1cdacfe446a1f9ac43046d1012251f2f67.png,RRDataset,data/datasets/RRDataset/selection_1500/lorenzo/ai/Natural_Disasters_&_Accidents_000521.png,"[""data/datasets/RRDataset/selection_1500/lorenzo/ai/Natural_Disasters_&_Accidents_000521.png""]",3a51feb366a0274427191e1d4b284a1cdacfe446a1f9ac43046d1012251f2f67,https://zenodo.org/records/14963880,CC-BY-4.0,,,,1,fake,rrdataset_local_directory_verified_by_sha256,human,human,true,human_master_final,1,medium,1,medium,0.8377994894981384,0.05584833770990372,1,medium,resnet50_layer4_fc_weighted_ordinal_v3,48f6495d4a62ded10d98c3835ffcd33c8f5c653e5df19cb03aef62582060e9b4,frozen_test
3a666e59cac7c62bebcefae78b0099f48e248df6e7618418dfa6a3def488adab,human_annotated/images/3a666e59cac7c62bebcefae78b0099f48e248df6e7618418dfa6a3def488adab.png,RRDataset,data/datasets/RRDataset/selection_1500/giovanni/ai/Medical_&_Public_Health_000484.png,"[""data/datasets/RRDataset/selection_1500/giovanni/ai/Medical_&_Public_Health_000484.png""]",3a666e59cac7c62bebcefae78b0099f48e248df6e7618418dfa6a3def488adab,https://zenodo.org/records/14963880,CC-BY-4.0,,,,1,fake,rrdataset_local_directory_verified_by_sha256,human,human,true,human_master_final,1,medium,2,high,0.9793551564216614,0.679501473903656,1,medium,resnet50_layer4_fc_weighted_ordinal_v3,48f6495d4a62ded10d98c3835ffcd33c8f5c653e5df19cb03aef62582060e9b4,training
3ac853c567da6b4a080d3e6ff6d07224a15acf8ad4aaee91c10b44f331e76ee5,human_annotated/images/3ac853c567da6b4a080d3e6ff6d07224a15acf8ad4aaee91c10b44f331e76ee5.jpg,RRDataset,data/datasets/RRDataset/selection_1500/giovanni/real/real_007396.jpg,"[""data/datasets/RRDataset/selection_1500/giovanni/real/real_007396.jpg""]",3ac853c567da6b4a080d3e6ff6d07224a15acf8ad4aaee91c10b44f331e76ee5,https://zenodo.org/records/14963880,CC-BY-4.0,,,,0,real,rrdataset_local_directory_verified_by_sha256,human,human,true,human_master_final,1,medium,0,low,0.11120012402534485,0.005275693256407976,1,medium,resnet50_layer4_fc_weighted_ordinal_v3,48f6495d4a62ded10d98c3835ffcd33c8f5c653e5df19cb03aef62582060e9b4,frozen_test
3acd5ffcca2544d2fdf958a228c20fd88ebb8542cf3d2a7cdf9ff79acd82b4f5,human_annotated/images/3acd5ffcca2544d2fdf958a228c20fd88ebb8542cf3d2a7cdf9ff79acd82b4f5.jpg,RRDataset,data/datasets/RRDataset/selection_1500/lorenzo/real/real_008132.jpg,"[""data/datasets/RRDataset/selection_1500/lorenzo/real/real_008132.jpg""]",3acd5ffcca2544d2fdf958a228c20fd88ebb8542cf3d2a7cdf9ff79acd82b4f5,https://zenodo.org/records/14963880,CC-BY-4.0,,,,0,real,rrdataset_local_directory_verified_by_sha256,human,human,true,human_master_final,0,low,0,low,0.4303821623325348,0.01610361412167549,0,low,resnet50_layer4_fc_weighted_ordinal_v3,48f6495d4a62ded10d98c3835ffcd33c8f5c653e5df19cb03aef62582060e9b4,training
3ae81164b8904b1b4023f5db79ba10a788031fd879152ed4468e87171fdd8116,human_annotated/images/3ae81164b8904b1b4023f5db79ba10a788031fd879152ed4468e87171fdd8116.png,saberzl/SID_Set,data/datasets/sid-set/candidate-1500/images/fake/3ae81164b8904b1b4023f5db79ba10a788031fd879152ed4468e87171fdd8116.png,"[""data/datasets/sid-set/candidate-1500/images/fake/3ae81164b8904b1b4023f5db79ba10a788031fd879152ed4468e87171fdd8116.png""]",3ae81164b8904b1b4023f5db79ba10a788031fd879152ed4468e87171fdd8116,https://huggingface.co/datasets/saberzl/SID_Set,CC-BY-4.0,full_synthetic_019921,main,dc03ead57929879319ce30a82bfcfb8d317b10bd,1,fake,collection_manifest_normalized_label_verified_by_sha256,human,human,true,consolidated_human_review,0,low,0,low,0.19725348055362701,0.017681356519460678,0,low,resnet50_layer4_fc_weighted_ordinal_v3,48f6495d4a62ded10d98c3835ffcd33c8f5c653e5df19cb03aef62582060e9b4,training
3aeb061be090cc73aef679f61e0561d6b0e799c327f62db9e98901d6257e5022,human_annotated/images/3aeb061be090cc73aef679f61e0561d6b0e799c327f62db9e98901d6257e5022.jpg,RRDataset,data/datasets/RRDataset/selection_1500/sara/real/real_001057.jpg,"[""data/datasets/RRDataset/selection_1500/sara/real/real_001057.jpg""]",3aeb061be090cc73aef679f61e0561d6b0e799c327f62db9e98901d6257e5022,https://zenodo.org/records/14963880,CC-BY-4.0,,,,0,real,rrdataset_local_directory_verified_by_sha256,human,human,true,human_master_final,0,low,0,low,0.15380939841270447,0.012357417494058609,0,low,resnet50_layer4_fc_weighted_ordinal_v3,48f6495d4a62ded10d98c3835ffcd33c8f5c653e5df19cb03aef62582060e9b4,validation
3b00e6e96bd04214ae3cdb4a0d8870d4a16d09a0f423ebdde2bc23205b787560,human_annotated/images/3b00e6e96bd04214ae3cdb4a0d8870d4a16d09a0f423ebdde2bc23205b787560.png,ComplexDataLab/OpenFake,data/datasets/openfake/pilot-600/images/fake/3b00e6e96bd04214ae3cdb4a0d8870d4a16d09a0f423ebdde2bc23205b787560.png,"[""data/datasets/openfake/pilot-600/images/fake/3b00e6e96bd04214ae3cdb4a0d8870d4a16d09a0f423ebdde2bc23205b787560.png""]",3b00e6e96bd04214ae3cdb4a0d8870d4a16d09a0f423ebdde2bc23205b787560,https://huggingface.co/datasets/ComplexDataLab/OpenFake,CC-BY-NC-4.0,,v1.0,,1,fake,collection_manifest_normalized_label_verified_by_sha256,human,human,true,human_master_final,1,medium,1,medium,0.8924095630645752,0.004077108111232519,1,medium,resnet50_layer4_fc_weighted_ordinal_v3,48f6495d4a62ded10d98c3835ffcd33c8f5c653e5df19cb03aef62582060e9b4,training
3b39d9bed2394b3d40e7a20c6011f03a0e45658a8f6c97bd41a77af002735230,human_annotated/images/3b39d9bed2394b3d40e7a20c6011f03a0e45658a8f6c97bd41a77af002735230.png,saberzl/SID_Set,data/datasets/sid-set/candidate-1500/images/fake/3b39d9bed2394b3d40e7a20c6011f03a0e45658a8f6c97bd41a77af002735230.png,"[""data/datasets/sid-set/candidate-1500/images/fake/3b39d9bed2394b3d40e7a20c6011f03a0e45658a8f6c97bd41a77af002735230.png""]",3b39d9bed2394b3d40e7a20c6011f03a0e45658a8f6c97bd41a77af002735230,https://huggingface.co/datasets/saberzl/SID_Set,CC-BY-4.0,full_synthetic_003515,main,dc03ead57929879319ce30a82bfcfb8d317b10bd,1,fake,collection_manifest_normalized_label_verified_by_sha256,human,human,true,consolidated_human_review,1,medium,1,medium,0.8144040703773499,0.00222247326746583,1,medium,resnet50_layer4_fc_weighted_ordinal_v3,48f6495d4a62ded10d98c3835ffcd33c8f5c653e5df19cb03aef62582060e9b4,validation
3b543cae8c95409432f44117c1dcc43eecb36f63bcf0330b84b76682264f1def,human_annotated/images/3b543cae8c95409432f44117c1dcc43eecb36f63bcf0330b84b76682264f1def.jpg,saberzl/SID_Set,data/datasets/sid-set/candidate-1500/images/real/3b543cae8c95409432f44117c1dcc43eecb36f63bcf0330b84b76682264f1def.jpg,"[""data/datasets/sid-set/candidate-1500/images/real/3b543cae8c95409432f44117c1dcc43eecb36f63bcf0330b84b76682264f1def.jpg""]",3b543cae8c95409432f44117c1dcc43eecb36f63bcf0330b84b76682264f1def,https://huggingface.co/datasets/saberzl/SID_Set,CC-BY-4.0,cca6d5e2ef418719,main,dc03ead57929879319ce30a82bfcfb8d317b10bd,0,real,collection_manifest_normalized_label_verified_by_sha256,human,human,true,consolidated_human_review,2,high,1,medium,0.9454167485237122,0.21863706409931183,2,high,resnet50_layer4_fc_weighted_ordinal_v3,48f6495d4a62ded10d98c3835ffcd33c8f5c653e5df19cb03aef62582060e9b4,training
3b6d7c90db39de1924f8670e706a9f9abbe1ec55ccf9d1563c908b10c92c48a4,human_annotated/images/3b6d7c90db39de1924f8670e706a9f9abbe1ec55ccf9d1563c908b10c92c48a4.png,RRDataset,data/datasets/RRDataset/selection_1500/sara/ai/Medical_&_Public_Health_000832.png,"[""data/datasets/RRDataset/selection_1500/sara/ai/Medical_&_Public_Health_000832.png""]",3b6d7c90db39de1924f8670e706a9f9abbe1ec55ccf9d1563c908b10c92c48a4,https://zenodo.org/records/14963880,CC-BY-4.0,,,,1,fake,rrdataset_local_directory_verified_by_sha256,human,human,true,human_master_final,1,medium,1,medium,0.9126539826393127,0.05114443972706795,1,medium,resnet50_layer4_fc_weighted_ordinal_v3,48f6495d4a62ded10d98c3835ffcd33c8f5c653e5df19cb03aef62582060e9b4,training
3b8158e65aa15623e3d19186ff59e7be26a80fe6b28ec5a71be85e23498bb3f1,human_annotated/images/3b8158e65aa15623e3d19186ff59e7be26a80fe6b28ec5a71be85e23498bb3f1.jpg,saberzl/SID_Set,data/datasets/sid-set/candidate-1500/images/real/3b8158e65aa15623e3d19186ff59e7be26a80fe6b28ec5a71be85e23498bb3f1.jpg,"[""data/datasets/sid-set/candidate-1500/images/real/3b8158e65aa15623e3d19186ff59e7be26a80fe6b28ec5a71be85e23498bb3f1.jpg""]",3b8158e65aa15623e3d19186ff59e7be26a80fe6b28ec5a71be85e23498bb3f1,https://huggingface.co/datasets/saberzl/SID_Set,CC-BY-4.0,3396296c4044cc2e,main,dc03ead57929879319ce30a82bfcfb8d317b10bd,0,real,collection_manifest_normalized_label_verified_by_sha256,human,human,true,human_master_final,1,medium,1,medium,0.9662617444992065,0.008083431050181389,1,medium,resnet50_layer4_fc_weighted_ordinal_v3,48f6495d4a62ded10d98c3835ffcd33c8f5c653e5df19cb03aef62582060e9b4,training
3c01fb7c07552f0533396a0eeb6914c2a1015c26a1ce82899db3643b638daa0c,human_annotated/images/3c01fb7c07552f0533396a0eeb6914c2a1015c26a1ce82899db3643b638daa0c.jpg,RRDataset,data/datasets/RRDataset/selection_1500/giovanni/real/real_003909.jpg,"[""data/datasets/RRDataset/selection_1500/giovanni/real/real_003909.jpg""]",3c01fb7c07552f0533396a0eeb6914c2a1015c26a1ce82899db3643b638daa0c,https://zenodo.org/records/14963880,CC-BY-4.0,,,,0,real,rrdataset_local_directory_verified_by_sha256,human,human,true,human_master_final,1,medium,1,medium,0.8885380029678345,0.05215936154127121,1,medium,resnet50_layer4_fc_weighted_ordinal_v3,48f6495d4a62ded10d98c3835ffcd33c8f5c653e5df19cb03aef62582060e9b4,training
3c3bf9dec76cf79ab9f1b0c62c702c3e4c171e8f71f9fd0525f8a9985808adb8,human_annotated/images/3c3bf9dec76cf79ab9f1b0c62c702c3e4c171e8f71f9fd0525f8a9985808adb8.png,RRDataset,data/datasets/RRDataset/selection_1500/sara/ai/Medical_&_Public_Health_000074.png,"[""data/datasets/RRDataset/selection_1500/sara/ai/Medical_&_Public_Health_000074.png""]",3c3bf9dec76cf79ab9f1b0c62c702c3e4c171e8f71f9fd0525f8a9985808adb8,https://zenodo.org/records/14963880,CC-BY-4.0,,,,1,fake,rrdataset_local_directory_verified_by_sha256,human,human,true,human_master_final,0,low,1,medium,0.7839208245277405,0.0857093334197998,0,low,resnet50_layer4_fc_weighted_ordinal_v3,48f6495d4a62ded10d98c3835ffcd33c8f5c653e5df19cb03aef62582060e9b4,training
3c51f29adfe015506084f22633ef5f4c4a09b98d92a621f8da171ddd25a5cf36,human_annotated/images/3c51f29adfe015506084f22633ef5f4c4a09b98d92a621f8da171ddd25a5cf36.jpg,ComplexDataLab/OpenFake,data/datasets/openfake/pilot-600/images/real/3c51f29adfe015506084f22633ef5f4c4a09b98d92a621f8da171ddd25a5cf36.jpg,"[""data/datasets/openfake/pilot-600/images/real/3c51f29adfe015506084f22633ef5f4c4a09b98d92a621f8da171ddd25a5cf36.jpg""]",3c51f29adfe015506084f22633ef5f4c4a09b98d92a621f8da171ddd25a5cf36,https://huggingface.co/datasets/ComplexDataLab/OpenFake,CC-BY-NC-4.0,,v1.0,,0,real,collection_manifest_normalized_label_verified_by_sha256,human,human,true,human_master_final,2,high,0,low,0.3484967350959778,0.03096684440970421,2,high,resnet50_layer4_fc_weighted_ordinal_v3,48f6495d4a62ded10d98c3835ffcd33c8f5c653e5df19cb03aef62582060e9b4,validation
3c5f6623db091f3e28649f439541931b4c5be9c844e90af4c682f9c2e1eb6303,human_annotated/images/3c5f6623db091f3e28649f439541931b4c5be9c844e90af4c682f9c2e1eb6303.png,RRDataset,data/datasets/RRDataset/selection_1500/giovanni/ai/War_&_Conflict_Scenes_000388.png,"[""data/datasets/RRDataset/selection_1500/giovanni/ai/War_&_Conflict_Scenes_000388.png""]",3c5f6623db091f3e28649f439541931b4c5be9c844e90af4c682f9c2e1eb6303,https://zenodo.org/records/14963880,CC-BY-4.0,,,,1,fake,rrdataset_local_directory_verified_by_sha256,human,human,true,consolidated_human_review,2,high,2,high,0.9352271556854248,0.8469251394271851,2,high,resnet50_layer4_fc_weighted_ordinal_v3,48f6495d4a62ded10d98c3835ffcd33c8f5c653e5df19cb03aef62582060e9b4,training
3c5fd88664a4ab56874d3b4061a100fcf9e35d05867ceff5ce70f4f070d6cc19,human_annotated/images/3c5fd88664a4ab56874d3b4061a100fcf9e35d05867ceff5ce70f4f070d6cc19.png,ComplexDataLab/OpenFake,data/datasets/openfake/pilot-600/images/fake/3c5fd88664a4ab56874d3b4061a100fcf9e35d05867ceff5ce70f4f070d6cc19.png,"[""data/datasets/openfake/pilot-600/images/fake/3c5fd88664a4ab56874d3b4061a100fcf9e35d05867ceff5ce70f4f070d6cc19.png""]",3c5fd88664a4ab56874d3b4061a100fcf9e35d05867ceff5ce70f4f070d6cc19,https://huggingface.co/datasets/ComplexDataLab/OpenFake,CC-BY-NC-4.0,,v1.0,,1,fake,collection_manifest_normalized_label_verified_by_sha256,human,human,true,human_master_final,1,medium,1,medium,0.7084003686904907,0.05153382569551468,1,medium,resnet50_layer4_fc_weighted_ordinal_v3,48f6495d4a62ded10d98c3835ffcd33c8f5c653e5df19cb03aef62582060e9b4,validation
3c9d19f0f80b2f4ef3a572610a18b726c2c65f9dbd7c9905265c5588bc9a8478,human_annotated/images/3c9d19f0f80b2f4ef3a572610a18b726c2c65f9dbd7c9905265c5588bc9a8478.jpg,ComplexDataLab/OpenFake,data/datasets/openfake/additional-900/images/fake/3c9d19f0f80b2f4ef3a572610a18b726c2c65f9dbd7c9905265c5588bc9a8478.jpg,"[""data/datasets/openfake/additional-900/images/fake/3c9d19f0f80b2f4ef3a572610a18b726c2c65f9dbd7c9905265c5588bc9a8478.jpg""]",3c9d19f0f80b2f4ef3a572610a18b726c2c65f9dbd7c9905265c5588bc9a8478,https://huggingface.co/datasets/ComplexDataLab/OpenFake,CC-BY-NC-4.0,,v1.0,750279a9710d3d98bbc6d0d87250312cfdf922a0,1,fake,collection_manifest_normalized_label_verified_by_sha256,human,human,true,consolidated_human_review,0,low,0,low,0.22768758237361908,0.010482698678970337,0,low,resnet50_layer4_fc_weighted_ordinal_v3,48f6495d4a62ded10d98c3835ffcd33c8f5c653e5df19cb03aef62582060e9b4,training
3caf43ab59094c5bd21b167fda8193ffc6f07b45de67ddbd04cf4307b0f19aff,human_annotated/images/3caf43ab59094c5bd21b167fda8193ffc6f07b45de67ddbd04cf4307b0f19aff.png,RRDataset,data/datasets/RRDataset/selection_1500/sara/ai/Medical_&_Public_Health_000307.png,"[""data/datasets/RRDataset/selection_1500/sara/ai/Medical_&_Public_Health_000307.png""]",3caf43ab59094c5bd21b167fda8193ffc6f07b45de67ddbd04cf4307b0f19aff,https://zenodo.org/records/14963880,CC-BY-4.0,,,,1,fake,rrdataset_local_directory_verified_by_sha256,human,human,true,human_master_final,1,medium,1,medium,0.9069019556045532,0.03406575694680214,1,medium,resnet50_layer4_fc_weighted_ordinal_v3,48f6495d4a62ded10d98c3835ffcd33c8f5c653e5df19cb03aef62582060e9b4,training
3cb3229bb57dbb977069fd11116d86ba77df4808bd669afca0ce8855b35bfcc9,human_annotated/images/3cb3229bb57dbb977069fd11116d86ba77df4808bd669afca0ce8855b35bfcc9.png,RRDataset,data/datasets/RRDataset/selection_1500/sara/ai/War_&_Conflict_Scenes_000213.png,"[""data/datasets/RRDataset/selection_1500/sara/ai/War_&_Conflict_Scenes_000213.png""]",3cb3229bb57dbb977069fd11116d86ba77df4808bd669afca0ce8855b35bfcc9,https://zenodo.org/records/14963880,CC-BY-4.0,,,,1,fake,rrdataset_local_directory_verified_by_sha256,human,human,true,consolidated_human_review,2,high,1,medium,0.7133646011352539,0.10343795269727707,2,high,resnet50_layer4_fc_weighted_ordinal_v3,48f6495d4a62ded10d98c3835ffcd33c8f5c653e5df19cb03aef62582060e9b4,training
3d0e796532d57db452912631983175a4d388fb908f794b1cdc6ac1a80b6f8ebb,human_annotated/images/3d0e796532d57db452912631983175a4d388fb908f794b1cdc6ac1a80b6f8ebb.png,RRDataset,data/datasets/RRDataset/selection_1500/sara/ai/Political_&_Social_Events_000516.png,"[""data/datasets/RRDataset/selection_1500/sara/ai/Political_&_Social_Events_000516.png""]",3d0e796532d57db452912631983175a4d388fb908f794b1cdc6ac1a80b6f8ebb,https://zenodo.org/records/14963880,CC-BY-4.0,,,,1,fake,rrdataset_local_directory_verified_by_sha256,human,human,true,human_master_final,1,medium,1,medium,0.9727233648300171,0.1786314696073532,1,medium,resnet50_layer4_fc_weighted_ordinal_v3,48f6495d4a62ded10d98c3835ffcd33c8f5c653e5df19cb03aef62582060e9b4,training
3d5fb0459f6bb6fc3d149b07ea1edc602a7fd9aa74ab0000cf0e828f3bff7997,human_annotated/images/3d5fb0459f6bb6fc3d149b07ea1edc602a7fd9aa74ab0000cf0e828f3bff7997.jpg,saberzl/SID_Set,data/datasets/sid-set/candidate-1500/images/real/3d5fb0459f6bb6fc3d149b07ea1edc602a7fd9aa74ab0000cf0e828f3bff7997.jpg,"[""data/datasets/sid-set/candidate-1500/images/real/3d5fb0459f6bb6fc3d149b07ea1edc602a7fd9aa74ab0000cf0e828f3bff7997.jpg""]",3d5fb0459f6bb6fc3d149b07ea1edc602a7fd9aa74ab0000cf0e828f3bff7997,https://huggingface.co/datasets/saberzl/SID_Set,CC-BY-4.0,32bcdcfe14a0f1c5,main,dc03ead57929879319ce30a82bfcfb8d317b10bd,0,real,collection_manifest_normalized_label_verified_by_sha256,human,human,true,consolidated_human_review,2,high,1,medium,0.7607834935188293,0.01068305317312479,2,high,resnet50_layer4_fc_weighted_ordinal_v3,48f6495d4a62ded10d98c3835ffcd33c8f5c653e5df19cb03aef62582060e9b4,validation
3dd87daa696501c1548a28ff90d620d81226e1ecca146d7fc9e4d41a47adacc0,human_annotated/images/3dd87daa696501c1548a28ff90d620d81226e1ecca146d7fc9e4d41a47adacc0.png,saberzl/SID_Set,data/datasets/sid-set/candidate-1500/images/fake/3dd87daa696501c1548a28ff90d620d81226e1ecca146d7fc9e4d41a47adacc0.png,"[""data/datasets/sid-set/candidate-1500/images/fake/3dd87daa696501c1548a28ff90d620d81226e1ecca146d7fc9e4d41a47adacc0.png""]",3dd87daa696501c1548a28ff90d620d81226e1ecca146d7fc9e4d41a47adacc0,https://huggingface.co/datasets/saberzl/SID_Set,CC-BY-4.0,full_synthetic_067034,main,dc03ead57929879319ce30a82bfcfb8d317b10bd,1,fake,collection_manifest_normalized_label_verified_by_sha256,human,human,true,human_master_final,1,medium,1,medium,0.6831830143928528,0.002839003223925829,1,medium,resnet50_layer4_fc_weighted_ordinal_v3,48f6495d4a62ded10d98c3835ffcd33c8f5c653e5df19cb03aef62582060e9b4,training
3dee7775e211413a6247f6b5ab30b52fcb279f67cf3df94caf9d8735139a5fb8,human_annotated/images/3dee7775e211413a6247f6b5ab30b52fcb279f67cf3df94caf9d8735139a5fb8.jpg,ComplexDataLab/OpenFake,data/datasets/openfake/pilot-600/images/real/3dee7775e211413a6247f6b5ab30b52fcb279f67cf3df94caf9d8735139a5fb8.jpg,"[""data/datasets/openfake/pilot-600/images/real/3dee7775e211413a6247f6b5ab30b52fcb279f67cf3df94caf9d8735139a5fb8.jpg""]",3dee7775e211413a6247f6b5ab30b52fcb279f67cf3df94caf9d8735139a5fb8,https://huggingface.co/datasets/ComplexDataLab/OpenFake,CC-BY-NC-4.0,,v1.0,,0,real,collection_manifest_normalized_label_verified_by_sha256,human,human,true,human_master_final,1,medium,0,low,0.3237873613834381,0.004661302547901869,1,medium,resnet50_layer4_fc_weighted_ordinal_v3,48f6495d4a62ded10d98c3835ffcd33c8f5c653e5df19cb03aef62582060e9b4,training
3e43427faeafdfdf7a1c3abb382bc7c926339a997375512e4a4e9b46ca140c0c,human_annotated/images/3e43427faeafdfdf7a1c3abb382bc7c926339a997375512e4a4e9b46ca140c0c.png,ComplexDataLab/OpenFake,data/datasets/openfake/additional-900/images/fake/3e43427faeafdfdf7a1c3abb382bc7c926339a997375512e4a4e9b46ca140c0c.png,"[""data/datasets/openfake/additional-900/images/fake/3e43427faeafdfdf7a1c3abb382bc7c926339a997375512e4a4e9b46ca140c0c.png""]",3e43427faeafdfdf7a1c3abb382bc7c926339a997375512e4a4e9b46ca140c0c,https://huggingface.co/datasets/ComplexDataLab/OpenFake,CC-BY-NC-4.0,,v1.0,750279a9710d3d98bbc6d0d87250312cfdf922a0,1,fake,collection_manifest_normalized_label_verified_by_sha256,human,human,true,human_master_final,1,medium,1,medium,0.644716739654541,0.002861454850062728,1,medium,resnet50_layer4_fc_weighted_ordinal_v3,48f6495d4a62ded10d98c3835ffcd33c8f5c653e5df19cb03aef62582060e9b4,training
3e460e4bf2c751320ed902d6b6eec7c3d2aa9c54fdb211ec9f22351054b760dc,human_annotated/images/3e460e4bf2c751320ed902d6b6eec7c3d2aa9c54fdb211ec9f22351054b760dc.png,ComplexDataLab/OpenFake,data/datasets/openfake/additional-900/images/fake/3e460e4bf2c751320ed902d6b6eec7c3d2aa9c54fdb211ec9f22351054b760dc.png,"[""data/datasets/openfake/additional-900/images/fake/3e460e4bf2c751320ed902d6b6eec7c3d2aa9c54fdb211ec9f22351054b760dc.png""]",3e460e4bf2c751320ed902d6b6eec7c3d2aa9c54fdb211ec9f22351054b760dc,https://huggingface.co/datasets/ComplexDataLab/OpenFake,CC-BY-NC-4.0,,v1.0,750279a9710d3d98bbc6d0d87250312cfdf922a0,1,fake,collection_manifest_normalized_label_verified_by_sha256,human,human,true,human_master_final,1,medium,1,medium,0.9763869643211365,0.35156288743019104,1,medium,resnet50_layer4_fc_weighted_ordinal_v3,48f6495d4a62ded10d98c3835ffcd33c8f5c653e5df19cb03aef62582060e9b4,training
3e48d7980e451d77033d474815c2fc5ecd20a928eb2fdac40b8f14d82791ba00,human_annotated/images/3e48d7980e451d77033d474815c2fc5ecd20a928eb2fdac40b8f14d82791ba00.jpg,ComplexDataLab/OpenFake,data/datasets/openfake/additional-900/images/real/3e48d7980e451d77033d474815c2fc5ecd20a928eb2fdac40b8f14d82791ba00.jpg,"[""data/datasets/openfake/additional-900/images/real/3e48d7980e451d77033d474815c2fc5ecd20a928eb2fdac40b8f14d82791ba00.jpg""]",3e48d7980e451d77033d474815c2fc5ecd20a928eb2fdac40b8f14d82791ba00,https://huggingface.co/datasets/ComplexDataLab/OpenFake,CC-BY-NC-4.0,,v1.0,750279a9710d3d98bbc6d0d87250312cfdf922a0,0,real,collection_manifest_normalized_label_verified_by_sha256,human,human,true,human_master_final,1,medium,1,medium,0.6370224952697754,0.08491365611553192,1,medium,resnet50_layer4_fc_weighted_ordinal_v3,48f6495d4a62ded10d98c3835ffcd33c8f5c653e5df19cb03aef62582060e9b4,training
3e614a8bc503a2eeb4da765c0a1260f1fda8beb9ec93f46af041d7d41ad9d93b,human_annotated/images/3e614a8bc503a2eeb4da765c0a1260f1fda8beb9ec93f46af041d7d41ad9d93b.jpg,RRDataset,data/datasets/RRDataset/selection_1500/sara/real/real_002982.jpg,"[""data/datasets/RRDataset/selection_1500/sara/real/real_002982.jpg""]",3e614a8bc503a2eeb4da765c0a1260f1fda8beb9ec93f46af041d7d41ad9d93b,https://zenodo.org/records/14963880,CC-BY-4.0,,,,0,real,rrdataset_local_directory_verified_by_sha256,human,human,true,human_master_final,1,medium,1,medium,0.7633051872253418,0.05741334706544876,1,medium,resnet50_layer4_fc_weighted_ordinal_v3,48f6495d4a62ded10d98c3835ffcd33c8f5c653e5df19cb03aef62582060e9b4,training
3e8389003484b3c69c0bd892d43d36391a48143bf01c3715c9109cb29249f7b8,human_annotated/images/3e8389003484b3c69c0bd892d43d36391a48143bf01c3715c9109cb29249f7b8.jpg,RRDataset,data/datasets/RRDataset/selection_1500/sara/real/real_003336.jpg,"[""data/datasets/RRDataset/selection_1500/sara/real/real_003336.jpg""]",3e8389003484b3c69c0bd892d43d36391a48143bf01c3715c9109cb29249f7b8,https://zenodo.org/records/14963880,CC-BY-4.0,,,,0,real,rrdataset_local_directory_verified_by_sha256,human,human,true,human_master_final,1,medium,1,medium,0.9928165674209595,0.41454580426216125,1,medium,resnet50_layer4_fc_weighted_ordinal_v3,48f6495d4a62ded10d98c3835ffcd33c8f5c653e5df19cb03aef62582060e9b4,training
3ed40b63111d48ea5999b8f022c75de58d30ece4bc35c3b614e94ef771de12f7,human_annotated/images/3ed40b63111d48ea5999b8f022c75de58d30ece4bc35c3b614e94ef771de12f7.png,ComplexDataLab/OpenFake,data/datasets/openfake/additional-900/images/fake/3ed40b63111d48ea5999b8f022c75de58d30ece4bc35c3b614e94ef771de12f7.png,"[""data/datasets/openfake/additional-900/images/fake/3ed40b63111d48ea5999b8f022c75de58d30ece4bc35c3b614e94ef771de12f7.png""]",3ed40b63111d48ea5999b8f022c75de58d30ece4bc35c3b614e94ef771de12f7,https://huggingface.co/datasets/ComplexDataLab/OpenFake,CC-BY-NC-4.0,,v1.0,750279a9710d3d98bbc6d0d87250312cfdf922a0,1,fake,collection_manifest_normalized_label_verified_by_sha256,human,human,true,human_master_final,1,medium,1,medium,0.9432452321052551,0.009024405851960182,1,medium,resnet50_layer4_fc_weighted_ordinal_v3,48f6495d4a62ded10d98c3835ffcd33c8f5c653e5df19cb03aef62582060e9b4,training
3f4e9306a74e2ef9916b23060a3877f84708d3dab0f3dfa02d270e161834a0ba,human_annotated/images/3f4e9306a74e2ef9916b23060a3877f84708d3dab0f3dfa02d270e161834a0ba.jpg,saberzl/SID_Set,data/datasets/sid-set/candidate-1500/images/real/3f4e9306a74e2ef9916b23060a3877f84708d3dab0f3dfa02d270e161834a0ba.jpg,"[""data/datasets/sid-set/candidate-1500/images/real/3f4e9306a74e2ef9916b23060a3877f84708d3dab0f3dfa02d270e161834a0ba.jpg""]",3f4e9306a74e2ef9916b23060a3877f84708d3dab0f3dfa02d270e161834a0ba,https://huggingface.co/datasets/saberzl/SID_Set,CC-BY-4.0,0ed30c1252c1f5e5,main,dc03ead57929879319ce30a82bfcfb8d317b10bd,0,real,collection_manifest_normalized_label_verified_by_sha256,human,human,true,consolidated_human_review,1,medium,1,medium,0.9333246350288391,0.05253633111715317,1,medium,resnet50_layer4_fc_weighted_ordinal_v3,48f6495d4a62ded10d98c3835ffcd33c8f5c653e5df19cb03aef62582060e9b4,training
3f682c5fe722340dd1f619667a080efa2978e9b36f5ac1d9a3ec7460931eba55,human_annotated/images/3f682c5fe722340dd1f619667a080efa2978e9b36f5ac1d9a3ec7460931eba55.jpg,RRDataset,data/datasets/RRDataset/selection_1500/lorenzo/real/real_005776.jpg,"[""data/datasets/RRDataset/selection_1500/lorenzo/real/real_005776.jpg""]",3f682c5fe722340dd1f619667a080efa2978e9b36f5ac1d9a3ec7460931eba55,https://zenodo.org/records/14963880,CC-BY-4.0,,,,0,real,rrdataset_local_directory_verified_by_sha256,human,human,true,human_master_final,1,medium,1,medium,0.537743330001831,0.08299410343170166,1,medium,resnet50_layer4_fc_weighted_ordinal_v3,48f6495d4a62ded10d98c3835ffcd33c8f5c653e5df19cb03aef62582060e9b4,training
3f9bb03f34139295fb7f248e10acc18cff44a6a4100454c5f8b291664080fb0e,human_annotated/images/3f9bb03f34139295fb7f248e10acc18cff44a6a4100454c5f8b291664080fb0e.jpg,ComplexDataLab/OpenFake,data/datasets/openfake/additional-900/images/real/3f9bb03f34139295fb7f248e10acc18cff44a6a4100454c5f8b291664080fb0e.jpg,"[""data/datasets/openfake/additional-900/images/real/3f9bb03f34139295fb7f248e10acc18cff44a6a4100454c5f8b291664080fb0e.jpg""]",3f9bb03f34139295fb7f248e10acc18cff44a6a4100454c5f8b291664080fb0e,https://huggingface.co/datasets/ComplexDataLab/OpenFake,CC-BY-NC-4.0,,v1.0,750279a9710d3d98bbc6d0d87250312cfdf922a0,0,real,collection_manifest_normalized_label_verified_by_sha256,human,human,true,human_master_final,0,low,0,low,0.06437762826681137,0.007426298689097166,0,low,resnet50_layer4_fc_weighted_ordinal_v3,48f6495d4a62ded10d98c3835ffcd33c8f5c653e5df19cb03aef62582060e9b4,training
4005f8aa218782510b69fd27cf4480e1cf250b943a69487a5206c86669e45067,human_annotated/images/4005f8aa218782510b69fd27cf4480e1cf250b943a69487a5206c86669e45067.jpg,ComplexDataLab/OpenFake,data/datasets/openfake/additional-900/images/real/4005f8aa218782510b69fd27cf4480e1cf250b943a69487a5206c86669e45067.jpg,"[""data/datasets/openfake/additional-900/images/real/4005f8aa218782510b69fd27cf4480e1cf250b943a69487a5206c86669e45067.jpg""]",4005f8aa218782510b69fd27cf4480e1cf250b943a69487a5206c86669e45067,https://huggingface.co/datasets/ComplexDataLab/OpenFake,CC-BY-NC-4.0,,v1.0,750279a9710d3d98bbc6d0d87250312cfdf922a0,0,real,collection_manifest_normalized_label_verified_by_sha256,human,human,true,human_master_final,0,low,0,low,0.31010326743125916,0.13803516328334808,0,low,resnet50_layer4_fc_weighted_ordinal_v3,48f6495d4a62ded10d98c3835ffcd33c8f5c653e5df19cb03aef62582060e9b4,frozen_test
4063afc36c23d938021610b1aa5f1f4edd2843498bd3a484448c5859f525c747,human_annotated/images/4063afc36c23d938021610b1aa5f1f4edd2843498bd3a484448c5859f525c747.png,RRDataset,data/datasets/RRDataset/selection_1500/lorenzo/ai/Culture_&_Religion_000149.png,"[""data/datasets/RRDataset/selection_1500/lorenzo/ai/Culture_&_Religion_000149.png""]",4063afc36c23d938021610b1aa5f1f4edd2843498bd3a484448c5859f525c747,https://zenodo.org/records/14963880,CC-BY-4.0,,,,1,fake,rrdataset_local_directory_verified_by_sha256,human,human,true,consolidated_human_review,2,high,2,high,0.927456259727478,0.8355480432510376,2,high,resnet50_layer4_fc_weighted_ordinal_v3,48f6495d4a62ded10d98c3835ffcd33c8f5c653e5df19cb03aef62582060e9b4,training
406d8427e83ccd9e72e985d7828a9a8028c863c4f38e66beb7303348832b6b9c,human_annotated/images/406d8427e83ccd9e72e985d7828a9a8028c863c4f38e66beb7303348832b6b9c.jpg,ComplexDataLab/OpenFake,data/datasets/openfake/additional-900/images/fake/406d8427e83ccd9e72e985d7828a9a8028c863c4f38e66beb7303348832b6b9c.jpg,"[""data/datasets/openfake/additional-900/images/fake/406d8427e83ccd9e72e985d7828a9a8028c863c4f38e66beb7303348832b6b9c.jpg""]",406d8427e83ccd9e72e985d7828a9a8028c863c4f38e66beb7303348832b6b9c,https://huggingface.co/datasets/ComplexDataLab/OpenFake,CC-BY-NC-4.0,,v1.0,750279a9710d3d98bbc6d0d87250312cfdf922a0,1,fake,collection_manifest_normalized_label_verified_by_sha256,human,human,true,human_master_final,0,low,0,low,0.15196926891803741,0.006783252581954002,0,low,resnet50_layer4_fc_weighted_ordinal_v3,48f6495d4a62ded10d98c3835ffcd33c8f5c653e5df19cb03aef62582060e9b4,validation
408f7858e2e075b582f0e24d32cd8de157073b48308c8f252e6003d87aa22e2d,human_annotated/images/408f7858e2e075b582f0e24d32cd8de157073b48308c8f252e6003d87aa22e2d.jpg,ComplexDataLab/OpenFake,data/datasets/openfake/additional-900/images/real/408f7858e2e075b582f0e24d32cd8de157073b48308c8f252e6003d87aa22e2d.jpg,"[""data/datasets/openfake/additional-900/images/real/408f7858e2e075b582f0e24d32cd8de157073b48308c8f252e6003d87aa22e2d.jpg""]",408f7858e2e075b582f0e24d32cd8de157073b48308c8f252e6003d87aa22e2d,https://huggingface.co/datasets/ComplexDataLab/OpenFake,CC-BY-NC-4.0,,v1.0,750279a9710d3d98bbc6d0d87250312cfdf922a0,0,real,collection_manifest_normalized_label_verified_by_sha256,human,human,true,human_master_final,1,medium,1,medium,0.9172959327697754,0.016708621755242348,1,medium,resnet50_layer4_fc_weighted_ordinal_v3,48f6495d4a62ded10d98c3835ffcd33c8f5c653e5df19cb03aef62582060e9b4,validation
40b6fa533d8a7e74194fb49e0e1ac0bd068454e3bc9b847e35a57c24913ca6e8,human_annotated/images/40b6fa533d8a7e74194fb49e0e1ac0bd068454e3bc9b847e35a57c24913ca6e8.jpg,ComplexDataLab/OpenFake,data/datasets/openfake/additional-900/images/real/40b6fa533d8a7e74194fb49e0e1ac0bd068454e3bc9b847e35a57c24913ca6e8.jpg,"[""data/datasets/openfake/additional-900/images/real/40b6fa533d8a7e74194fb49e0e1ac0bd068454e3bc9b847e35a57c24913ca6e8.jpg""]",40b6fa533d8a7e74194fb49e0e1ac0bd068454e3bc9b847e35a57c24913ca6e8,https://huggingface.co/datasets/ComplexDataLab/OpenFake,CC-BY-NC-4.0,,v1.0,750279a9710d3d98bbc6d0d87250312cfdf922a0,0,real,collection_manifest_normalized_label_verified_by_sha256,human,human,true,human_master_final,0,low,0,low,0.4992855191230774,0.061161186546087265,0,low,resnet50_layer4_fc_weighted_ordinal_v3,48f6495d4a62ded10d98c3835ffcd33c8f5c653e5df19cb03aef62582060e9b4,frozen_test
40fd2955b9f05361aad03e1544039a6b6a83884c3f15cbd588f1cc8265615ecf,human_annotated/images/40fd2955b9f05361aad03e1544039a6b6a83884c3f15cbd588f1cc8265615ecf.jpg,RRDataset,data/datasets/RRDataset/selection_1500/lorenzo/real/real_007863.jpg,"[""data/datasets/RRDataset/selection_1500/lorenzo/real/real_007863.jpg""]",40fd2955b9f05361aad03e1544039a6b6a83884c3f15cbd588f1cc8265615ecf,https://zenodo.org/records/14963880,CC-BY-4.0,,,,0,real,rrdataset_local_directory_verified_by_sha256,human,human,true,consolidated_human_review,0,low,0,low,0.3932078182697296,0.03477011248469353,0,low,resnet50_layer4_fc_weighted_ordinal_v3,48f6495d4a62ded10d98c3835ffcd33c8f5c653e5df19cb03aef62582060e9b4,validation
412ccea9882261a40077329f8dc0944cfa881d1208239cb74dd8e16736c59400,human_annotated/images/412ccea9882261a40077329f8dc0944cfa881d1208239cb74dd8e16736c59400.jpg,ComplexDataLab/OpenFake,data/datasets/openfake/additional-900/images/real/412ccea9882261a40077329f8dc0944cfa881d1208239cb74dd8e16736c59400.jpg,"[""data/datasets/openfake/additional-900/images/real/412ccea9882261a40077329f8dc0944cfa881d1208239cb74dd8e16736c59400.jpg""]",412ccea9882261a40077329f8dc0944cfa881d1208239cb74dd8e16736c59400,https://huggingface.co/datasets/ComplexDataLab/OpenFake,CC-BY-NC-4.0,,v1.0,750279a9710d3d98bbc6d0d87250312cfdf922a0,0,real,collection_manifest_normalized_label_verified_by_sha256,human,human,true,human_master_final,1,medium,1,medium,0.9067991971969604,0.008076291531324387,1,medium,resnet50_layer4_fc_weighted_ordinal_v3,48f6495d4a62ded10d98c3835ffcd33c8f5c653e5df19cb03aef62582060e9b4,frozen_test
419657173bd94a33db8cc1df617ee80f8e341d754bc774876e63875651b5abe3,human_annotated/images/419657173bd94a33db8cc1df617ee80f8e341d754bc774876e63875651b5abe3.jpg,RRDataset,data/datasets/RRDataset/selection_1500/sara/real/real_003995.jpg,"[""data/datasets/RRDataset/selection_1500/sara/real/real_003995.jpg""]",419657173bd94a33db8cc1df617ee80f8e341d754bc774876e63875651b5abe3,https://zenodo.org/records/14963880,CC-BY-4.0,,,,0,real,rrdataset_local_directory_verified_by_sha256,human,human,true,consolidated_human_review,1,medium,1,medium,0.6278071999549866,0.014476485550403595,1,medium,resnet50_layer4_fc_weighted_ordinal_v3,48f6495d4a62ded10d98c3835ffcd33c8f5c653e5df19cb03aef62582060e9b4,training
41ab96294f8deaad18c7754c46c366dd8646e9435dd4d0f0cb3252bee9c95ab8,human_annotated/images/41ab96294f8deaad18c7754c46c366dd8646e9435dd4d0f0cb3252bee9c95ab8.png,RRDataset,data/datasets/RRDataset/selection_1500/lorenzo/ai/production_000275.png,"[""data/datasets/RRDataset/selection_1500/lorenzo/ai/production_000275.png""]",41ab96294f8deaad18c7754c46c366dd8646e9435dd4d0f0cb3252bee9c95ab8,https://zenodo.org/records/14963880,CC-BY-4.0,,,,1,fake,rrdataset_local_directory_verified_by_sha256,human,human,true,consolidated_human_review,2,high,2,high,0.9546053409576416,0.559899628162384,2,high,resnet50_layer4_fc_weighted_ordinal_v3,48f6495d4a62ded10d98c3835ffcd33c8f5c653e5df19cb03aef62582060e9b4,training
4266dfa817608e6bc5a4f372b03ffccd9b73a8ba0478fee63452ffe81b5dbd8e,human_annotated/images/4266dfa817608e6bc5a4f372b03ffccd9b73a8ba0478fee63452ffe81b5dbd8e.jpg,RRDataset,data/datasets/RRDataset/selection_1500/giovanni/real/real_009298.jpg,"[""data/datasets/RRDataset/selection_1500/giovanni/real/real_009298.jpg""]",4266dfa817608e6bc5a4f372b03ffccd9b73a8ba0478fee63452ffe81b5dbd8e,https://zenodo.org/records/14963880,CC-BY-4.0,,,,0,real,rrdataset_local_directory_verified_by_sha256,human,human,true,human_master_final,1,medium,1,medium,0.9872429370880127,0.25253644585609436,1,medium,resnet50_layer4_fc_weighted_ordinal_v3,48f6495d4a62ded10d98c3835ffcd33c8f5c653e5df19cb03aef62582060e9b4,training
4273c48a13b70f0adc5d682c7c5eb9c53f1a8070bf9811fd5a035fa95c4b162a,human_annotated/images/4273c48a13b70f0adc5d682c7c5eb9c53f1a8070bf9811fd5a035fa95c4b162a.png,saberzl/SID_Set,data/datasets/sid-set/candidate-1500/images/fake/4273c48a13b70f0adc5d682c7c5eb9c53f1a8070bf9811fd5a035fa95c4b162a.png,"[""data/datasets/sid-set/candidate-1500/images/fake/4273c48a13b70f0adc5d682c7c5eb9c53f1a8070bf9811fd5a035fa95c4b162a.png""]",4273c48a13b70f0adc5d682c7c5eb9c53f1a8070bf9811fd5a035fa95c4b162a,https://huggingface.co/datasets/saberzl/SID_Set,CC-BY-4.0,full_synthetic_012208,main,dc03ead57929879319ce30a82bfcfb8d317b10bd,1,fake,collection_manifest_normalized_label_verified_by_sha256,human,human,true,consolidated_human_review,1,medium,1,medium,0.802112877368927,0.009456194005906582,1,medium,resnet50_layer4_fc_weighted_ordinal_v3,48f6495d4a62ded10d98c3835ffcd33c8f5c653e5df19cb03aef62582060e9b4,training
42962d1cae2eeaf382c8cd751523b2add2658a49f00e32631278d4ed63b2d1fb,human_annotated/images/42962d1cae2eeaf382c8cd751523b2add2658a49f00e32631278d4ed63b2d1fb.jpg,RRDataset,data/datasets/RRDataset/selection_1500/sara/real/real_006684.jpg,"[""data/datasets/RRDataset/selection_1500/sara/real/real_006684.jpg""]",42962d1cae2eeaf382c8cd751523b2add2658a49f00e32631278d4ed63b2d1fb,https://zenodo.org/records/14963880,CC-BY-4.0,,,,0,real,rrdataset_local_directory_verified_by_sha256,human,human,true,consolidated_human_review,1,medium,0,low,0.2261359691619873,0.00856693647801876,1,medium,resnet50_layer4_fc_weighted_ordinal_v3,48f6495d4a62ded10d98c3835ffcd33c8f5c653e5df19cb03aef62582060e9b4,training
42cd2a96d784190526146334d1c1e5b3993915cc8064529fe7275af9876d0361,human_annotated/images/42cd2a96d784190526146334d1c1e5b3993915cc8064529fe7275af9876d0361.jpg,ComplexDataLab/OpenFake,data/datasets/openfake/additional-900/images/real/42cd2a96d784190526146334d1c1e5b3993915cc8064529fe7275af9876d0361.jpg,"[""data/datasets/openfake/additional-900/images/real/42cd2a96d784190526146334d1c1e5b3993915cc8064529fe7275af9876d0361.jpg""]",42cd2a96d784190526146334d1c1e5b3993915cc8064529fe7275af9876d0361,https://huggingface.co/datasets/ComplexDataLab/OpenFake,CC-BY-NC-4.0,,v1.0,750279a9710d3d98bbc6d0d87250312cfdf922a0,0,real,collection_manifest_normalized_label_verified_by_sha256,human,human,true,consolidated_human_review,1,medium,2,high,0.8178714513778687,0.5334268808364868,1,medium,resnet50_layer4_fc_weighted_ordinal_v3,48f6495d4a62ded10d98c3835ffcd33c8f5c653e5df19cb03aef62582060e9b4,training
42e94a5523885583256316c9ab6fdaef36c161d0cc666ead6d35099879487579,human_annotated/images/42e94a5523885583256316c9ab6fdaef36c161d0cc666ead6d35099879487579.png,RRDataset,data/datasets/RRDataset/selection_1500/giovanni/ai/Medical_&_Public_Health_000158.png,"[""data/datasets/RRDataset/selection_1500/giovanni/ai/Medical_&_Public_Health_000158.png""]",42e94a5523885583256316c9ab6fdaef36c161d0cc666ead6d35099879487579,https://zenodo.org/records/14963880,CC-BY-4.0,,,,1,fake,rrdataset_local_directory_verified_by_sha256,human,human,true,consolidated_human_review,2,high,2,high,0.9783671498298645,0.5260586738586426,2,high,resnet50_layer4_fc_weighted_ordinal_v3,48f6495d4a62ded10d98c3835ffcd33c8f5c653e5df19cb03aef62582060e9b4,validation
42fe11fc8fd5c15bb01532996a5a6a8387933d1aa1ce6a47d493f5ae64cb1476,human_annotated/images/42fe11fc8fd5c15bb01532996a5a6a8387933d1aa1ce6a47d493f5ae64cb1476.jpg,RRDataset,data/datasets/RRDataset/selection_1500/giovanni/real/real_003398.jpg,"[""data/datasets/RRDataset/selection_1500/giovanni/real/real_003398.jpg""]",42fe11fc8fd5c15bb01532996a5a6a8387933d1aa1ce6a47d493f5ae64cb1476,https://zenodo.org/records/14963880,CC-BY-4.0,,,,0,real,rrdataset_local_directory_verified_by_sha256,human,human,true,human_master_final,1,medium,1,medium,0.7535656094551086,0.08180028200149536,1,medium,resnet50_layer4_fc_weighted_ordinal_v3,48f6495d4a62ded10d98c3835ffcd33c8f5c653e5df19cb03aef62582060e9b4,frozen_test
4335650a6f492c8d3274cce4bcc03faf3afb461c10afa9ce58ae7b6ff4d01552,human_annotated/images/4335650a6f492c8d3274cce4bcc03faf3afb461c10afa9ce58ae7b6ff4d01552.png,RRDataset,data/datasets/RRDataset/selection_1500/sara/ai/Medical_&_Public_Health_000688.png,"[""data/datasets/RRDataset/selection_1500/sara/ai/Medical_&_Public_Health_000688.png""]",4335650a6f492c8d3274cce4bcc03faf3afb461c10afa9ce58ae7b6ff4d01552,https://zenodo.org/records/14963880,CC-BY-4.0,,,,1,fake,rrdataset_local_directory_verified_by_sha256,human,human,true,human_master_final,1,medium,1,medium,0.9624285697937012,0.06146516278386116,1,medium,resnet50_layer4_fc_weighted_ordinal_v3,48f6495d4a62ded10d98c3835ffcd33c8f5c653e5df19cb03aef62582060e9b4,validation
433936eda1a98eb2f1ed4f329b116fd5cd91f98cad65c9e16323ad5abfe82617,human_annotated/images/433936eda1a98eb2f1ed4f329b116fd5cd91f98cad65c9e16323ad5abfe82617.jpg,ComplexDataLab/OpenFake,data/datasets/openfake/pilot-600/images/fake/433936eda1a98eb2f1ed4f329b116fd5cd91f98cad65c9e16323ad5abfe82617.jpg,"[""data/datasets/openfake/pilot-600/images/fake/433936eda1a98eb2f1ed4f329b116fd5cd91f98cad65c9e16323ad5abfe82617.jpg""]",433936eda1a98eb2f1ed4f329b116fd5cd91f98cad65c9e16323ad5abfe82617,https://huggingface.co/datasets/ComplexDataLab/OpenFake,CC-BY-NC-4.0,,v1.0,,1,fake,collection_manifest_normalized_label_verified_by_sha256,human,human,true,consolidated_human_review,0,low,0,low,0.1414036750793457,0.002120805438607931,0,low,resnet50_layer4_fc_weighted_ordinal_v3,48f6495d4a62ded10d98c3835ffcd33c8f5c653e5df19cb03aef62582060e9b4,training
43a7b439ef8fa21744e89c30159e6f897eaf017e3b9a3b84a62351ce888c4b1e,human_annotated/images/43a7b439ef8fa21744e89c30159e6f897eaf017e3b9a3b84a62351ce888c4b1e.jpg,ComplexDataLab/OpenFake,data/datasets/openfake/additional-900/images/real/43a7b439ef8fa21744e89c30159e6f897eaf017e3b9a3b84a62351ce888c4b1e.jpg,"[""data/datasets/openfake/additional-900/images/real/43a7b439ef8fa21744e89c30159e6f897eaf017e3b9a3b84a62351ce888c4b1e.jpg""]",43a7b439ef8fa21744e89c30159e6f897eaf017e3b9a3b84a62351ce888c4b1e,https://huggingface.co/datasets/ComplexDataLab/OpenFake,CC-BY-NC-4.0,,v1.0,750279a9710d3d98bbc6d0d87250312cfdf922a0,0,real,collection_manifest_normalized_label_verified_by_sha256,human,human,true,consolidated_human_review,1,medium,1,medium,0.903229832649231,0.42011064291000366,1,medium,resnet50_layer4_fc_weighted_ordinal_v3,48f6495d4a62ded10d98c3835ffcd33c8f5c653e5df19cb03aef62582060e9b4,training
43b99caf8d601e53f410d111a06609651e60bd9131e90ae8e9ea8d6c3ee80baf,human_annotated/images/43b99caf8d601e53f410d111a06609651e60bd9131e90ae8e9ea8d6c3ee80baf.jpg,RRDataset,data/datasets/RRDataset/selection_1500/giovanni/real/real_005256.jpg,"[""data/datasets/RRDataset/selection_1500/giovanni/real/real_005256.jpg""]",43b99caf8d601e53f410d111a06609651e60bd9131e90ae8e9ea8d6c3ee80baf,https://zenodo.org/records/14963880,CC-BY-4.0,,,,0,real,rrdataset_local_directory_verified_by_sha256,human,human,true,human_master_final,0,low,0,low,0.2624194025993347,0.00900935661047697,0,low,resnet50_layer4_fc_weighted_ordinal_v3,48f6495d4a62ded10d98c3835ffcd33c8f5c653e5df19cb03aef62582060e9b4,training
43d4634a01b344cdfc742c9bab279c2ad83018988c39ece1baacd768c33a448a,human_annotated/images/43d4634a01b344cdfc742c9bab279c2ad83018988c39ece1baacd768c33a448a.png,RRDataset,data/datasets/RRDataset/selection_1500/giovanni/ai/Natural_Disasters_&_Accidents_000560.png,"[""data/datasets/RRDataset/selection_1500/giovanni/ai/Natural_Disasters_&_Accidents_000560.png""]",43d4634a01b344cdfc742c9bab279c2ad83018988c39ece1baacd768c33a448a,https://zenodo.org/records/14963880,CC-BY-4.0,,,,1,fake,rrdataset_local_directory_verified_by_sha256,human,human,true,human_master_final,1,medium,1,medium,0.5266719460487366,0.32180550694465637,1,medium,resnet50_layer4_fc_weighted_ordinal_v3,48f6495d4a62ded10d98c3835ffcd33c8f5c653e5df19cb03aef62582060e9b4,training
43de6804b6e253bba24e76ec8ee718aa339284c9b42a8d2caaaffa8e154d3545,human_annotated/images/43de6804b6e253bba24e76ec8ee718aa339284c9b42a8d2caaaffa8e154d3545.jpg,ComplexDataLab/OpenFake,data/datasets/openfake/additional-900/images/real/43de6804b6e253bba24e76ec8ee718aa339284c9b42a8d2caaaffa8e154d3545.jpg,"[""data/datasets/openfake/additional-900/images/real/43de6804b6e253bba24e76ec8ee718aa339284c9b42a8d2caaaffa8e154d3545.jpg""]",43de6804b6e253bba24e76ec8ee718aa339284c9b42a8d2caaaffa8e154d3545,https://huggingface.co/datasets/ComplexDataLab/OpenFake,CC-BY-NC-4.0,,v1.0,750279a9710d3d98bbc6d0d87250312cfdf922a0,0,real,collection_manifest_normalized_label_verified_by_sha256,human,human,true,consolidated_human_review,1,medium,0,low,0.450455904006958,0.001699264976195991,1,medium,resnet50_layer4_fc_weighted_ordinal_v3,48f6495d4a62ded10d98c3835ffcd33c8f5c653e5df19cb03aef62582060e9b4,validation
446b2aeac9db27c02eb12b94074272142c5302607581fcf2a157d0e65f129415,human_annotated/images/446b2aeac9db27c02eb12b94074272142c5302607581fcf2a157d0e65f129415.jpg,ComplexDataLab/OpenFake,data/datasets/openfake/pilot-600/images/real/446b2aeac9db27c02eb12b94074272142c5302607581fcf2a157d0e65f129415.jpg,"[""data/datasets/openfake/pilot-600/images/real/446b2aeac9db27c02eb12b94074272142c5302607581fcf2a157d0e65f129415.jpg""]",446b2aeac9db27c02eb12b94074272142c5302607581fcf2a157d0e65f129415,https://huggingface.co/datasets/ComplexDataLab/OpenFake,CC-BY-NC-4.0,,v1.0,,0,real,collection_manifest_normalized_label_verified_by_sha256,human,human,true,human_master_final,1,medium,1,medium,0.7179765105247498,0.0077192815952003,1,medium,resnet50_layer4_fc_weighted_ordinal_v3,48f6495d4a62ded10d98c3835ffcd33c8f5c653e5df19cb03aef62582060e9b4,training
44b5c025fa5cc27c01325d6859ae1fd3896af79d9ef45007f2bd6b732d0f9820,human_annotated/images/44b5c025fa5cc27c01325d6859ae1fd3896af79d9ef45007f2bd6b732d0f9820.jpg,ComplexDataLab/OpenFake,data/datasets/openfake/pilot-600/images/real/44b5c025fa5cc27c01325d6859ae1fd3896af79d9ef45007f2bd6b732d0f9820.jpg,"[""data/datasets/openfake/pilot-600/images/real/44b5c025fa5cc27c01325d6859ae1fd3896af79d9ef45007f2bd6b732d0f9820.jpg""]",44b5c025fa5cc27c01325d6859ae1fd3896af79d9ef45007f2bd6b732d0f9820,https://huggingface.co/datasets/ComplexDataLab/OpenFake,CC-BY-NC-4.0,,v1.0,,0,real,collection_manifest_normalized_label_verified_by_sha256,human,human,true,human_master_final,1,medium,1,medium,0.6279769539833069,0.014440140686929226,1,medium,resnet50_layer4_fc_weighted_ordinal_v3,48f6495d4a62ded10d98c3835ffcd33c8f5c653e5df19cb03aef62582060e9b4,frozen_test
44d1ae471bb988815ada651cb4766e11ee2ee298ae2ee1c89f94bda6a847fa00,human_annotated/images/44d1ae471bb988815ada651cb4766e11ee2ee298ae2ee1c89f94bda6a847fa00.jpg,ComplexDataLab/OpenFake,data/datasets/openfake/additional-900/images/real/44d1ae471bb988815ada651cb4766e11ee2ee298ae2ee1c89f94bda6a847fa00.jpg,"[""data/datasets/openfake/additional-900/images/real/44d1ae471bb988815ada651cb4766e11ee2ee298ae2ee1c89f94bda6a847fa00.jpg""]",44d1ae471bb988815ada651cb4766e11ee2ee298ae2ee1c89f94bda6a847fa00,https://huggingface.co/datasets/ComplexDataLab/OpenFake,CC-BY-NC-4.0,,v1.0,750279a9710d3d98bbc6d0d87250312cfdf922a0,0,real,collection_manifest_normalized_label_verified_by_sha256,human,human,true,consolidated_human_review,2,high,2,high,0.9689169526100159,0.639866054058075,2,high,resnet50_layer4_fc_weighted_ordinal_v3,48f6495d4a62ded10d98c3835ffcd33c8f5c653e5df19cb03aef62582060e9b4,training
44d576e65bf2ed829fd3ae3be9b24c1f7bff69dedf4c5df9d456768a95d9c14e,human_annotated/images/44d576e65bf2ed829fd3ae3be9b24c1f7bff69dedf4c5df9d456768a95d9c14e.jpg,RRDataset,data/datasets/RRDataset/selection_1500/lorenzo/real/real_008531.jpg,"[""data/datasets/RRDataset/selection_1500/lorenzo/real/real_008531.jpg""]",44d576e65bf2ed829fd3ae3be9b24c1f7bff69dedf4c5df9d456768a95d9c14e,https://zenodo.org/records/14963880,CC-BY-4.0,,,,0,real,rrdataset_local_directory_verified_by_sha256,human,human,true,human_master_final,0,low,0,low,0.35524460673332214,0.043716877698898315,0,low,resnet50_layer4_fc_weighted_ordinal_v3,48f6495d4a62ded10d98c3835ffcd33c8f5c653e5df19cb03aef62582060e9b4,training
451a8a668c7badfb3c69e93f8280da41358f21a978444a5288be36e0830fe67a,human_annotated/images/451a8a668c7badfb3c69e93f8280da41358f21a978444a5288be36e0830fe67a.jpg,RRDataset,data/datasets/RRDataset/selection_1500/sara/real/real_007608.jpg,"[""data/datasets/RRDataset/selection_1500/sara/real/real_007608.jpg""]",451a8a668c7badfb3c69e93f8280da41358f21a978444a5288be36e0830fe67a,https://zenodo.org/records/14963880,CC-BY-4.0,,,,0,real,rrdataset_local_directory_verified_by_sha256,human,human,true,human_master_final,1,medium,1,medium,0.9352553486824036,0.009252246469259262,1,medium,resnet50_layer4_fc_weighted_ordinal_v3,48f6495d4a62ded10d98c3835ffcd33c8f5c653e5df19cb03aef62582060e9b4,frozen_test
45339c635ac1cf8edb6b7973b30b913c53864fbec42538a46cf13ab1f6d116ee,human_annotated/images/45339c635ac1cf8edb6b7973b30b913c53864fbec42538a46cf13ab1f6d116ee.jpg,ComplexDataLab/OpenFake,data/datasets/openfake/pilot-600/images/real/45339c635ac1cf8edb6b7973b30b913c53864fbec42538a46cf13ab1f6d116ee.jpg,"[""data/datasets/openfake/pilot-600/images/real/45339c635ac1cf8edb6b7973b30b913c53864fbec42538a46cf13ab1f6d116ee.jpg""]",45339c635ac1cf8edb6b7973b30b913c53864fbec42538a46cf13ab1f6d116ee,https://huggingface.co/datasets/ComplexDataLab/OpenFake,CC-BY-NC-4.0,,v1.0,,0,real,collection_manifest_normalized_label_verified_by_sha256,human,human,true,human_master_final,0,low,1,medium,0.5592045783996582,0.01538841612637043,0,low,resnet50_layer4_fc_weighted_ordinal_v3,48f6495d4a62ded10d98c3835ffcd33c8f5c653e5df19cb03aef62582060e9b4,frozen_test
45535c786a78f574847dac231933b5f80f3007442ccc54f139e36688fecd0e06,human_annotated/images/45535c786a78f574847dac231933b5f80f3007442ccc54f139e36688fecd0e06.png,saberzl/SID_Set,data/datasets/sid-set/candidate-1500/images/fake/45535c786a78f574847dac231933b5f80f3007442ccc54f139e36688fecd0e06.png,"[""data/datasets/sid-set/candidate-1500/images/fake/45535c786a78f574847dac231933b5f80f3007442ccc54f139e36688fecd0e06.png""]",45535c786a78f574847dac231933b5f80f3007442ccc54f139e36688fecd0e06,https://huggingface.co/datasets/saberzl/SID_Set,CC-BY-4.0,full_synthetic_022441,main,dc03ead57929879319ce30a82bfcfb8d317b10bd,1,fake,collection_manifest_normalized_label_verified_by_sha256,human,human,true,consolidated_human_review,0,low,0,low,0.20836450159549713,0.05538857728242874,0,low,resnet50_layer4_fc_weighted_ordinal_v3,48f6495d4a62ded10d98c3835ffcd33c8f5c653e5df19cb03aef62582060e9b4,training
4576e9b245a9ce36026d1faaf0a0217385f40f4236b8687b7cec0fee13422823,human_annotated/images/4576e9b245a9ce36026d1faaf0a0217385f40f4236b8687b7cec0fee13422823.png,RRDataset,data/datasets/RRDataset/selection_1500/sara/ai/Medical_&_Public_Health_000999.png,"[""data/datasets/RRDataset/selection_1500/sara/ai/Medical_&_Public_Health_000999.png""]",4576e9b245a9ce36026d1faaf0a0217385f40f4236b8687b7cec0fee13422823,https://zenodo.org/records/14963880,CC-BY-4.0,,,,1,fake,rrdataset_local_directory_verified_by_sha256,human,human,true,human_master_final,2,high,2,high,0.9890268445014954,0.5856131315231323,2,high,resnet50_layer4_fc_weighted_ordinal_v3,48f6495d4a62ded10d98c3835ffcd33c8f5c653e5df19cb03aef62582060e9b4,training
457afb78c783da1c16521c973c008d5d1057c51a220627177e8dd9d3d72f9a4d,human_annotated/images/457afb78c783da1c16521c973c008d5d1057c51a220627177e8dd9d3d72f9a4d.jpg,RRDataset,data/datasets/RRDataset/selection_1500/giovanni/real/real_005621.jpg,"[""data/datasets/RRDataset/selection_1500/giovanni/real/real_005621.jpg""]",457afb78c783da1c16521c973c008d5d1057c51a220627177e8dd9d3d72f9a4d,https://zenodo.org/records/14963880,CC-BY-4.0,,,,0,real,rrdataset_local_directory_verified_by_sha256,human,human,true,consolidated_human_review,0,low,1,medium,0.9317123889923096,0.056051041930913925,0,low,resnet50_layer4_fc_weighted_ordinal_v3,48f6495d4a62ded10d98c3835ffcd33c8f5c653e5df19cb03aef62582060e9b4,validation
45a5da20d6760b8d81d046f8fb9c600283022760496f725aedc5cd84e1b74842,human_annotated/images/45a5da20d6760b8d81d046f8fb9c600283022760496f725aedc5cd84e1b74842.jpg,RRDataset,data/datasets/RRDataset/selection_1500/giovanni/real/real_003966.jpg,"[""data/datasets/RRDataset/selection_1500/giovanni/real/real_003966.jpg""]",45a5da20d6760b8d81d046f8fb9c600283022760496f725aedc5cd84e1b74842,https://zenodo.org/records/14963880,CC-BY-4.0,,,,0,real,rrdataset_local_directory_verified_by_sha256,human,human,true,consolidated_human_review,0,low,0,low,0.21814335882663727,0.03528613969683647,0,low,resnet50_layer4_fc_weighted_ordinal_v3,48f6495d4a62ded10d98c3835ffcd33c8f5c653e5df19cb03aef62582060e9b4,training
45edaf4f1ffdd09020d6b8f6ee1aa14f75d569ec10a2493f66e3527c93c4de45,human_annotated/images/45edaf4f1ffdd09020d6b8f6ee1aa14f75d569ec10a2493f66e3527c93c4de45.jpg,RRDataset,data/datasets/RRDataset/selection_1500/giovanni/real/real_005719.jpg,"[""data/datasets/RRDataset/selection_1500/giovanni/real/real_005719.jpg""]",45edaf4f1ffdd09020d6b8f6ee1aa14f75d569ec10a2493f66e3527c93c4de45,https://zenodo.org/records/14963880,CC-BY-4.0,,,,0,real,rrdataset_local_directory_verified_by_sha256,human,human,true,human_master_final,1,medium,1,medium,0.8875980973243713,0.12236593663692474,1,medium,resnet50_layer4_fc_weighted_ordinal_v3,48f6495d4a62ded10d98c3835ffcd33c8f5c653e5df19cb03aef62582060e9b4,training
4671a1295edc54518ab99a0c8507af87581bcb2aff662d4b2c5dec73ed80a8e9,human_annotated/images/4671a1295edc54518ab99a0c8507af87581bcb2aff662d4b2c5dec73ed80a8e9.jpg,RRDataset,data/datasets/RRDataset/selection_1500/giovanni/real/real_000880.jpg,"[""data/datasets/RRDataset/selection_1500/giovanni/real/real_000880.jpg""]",4671a1295edc54518ab99a0c8507af87581bcb2aff662d4b2c5dec73ed80a8e9,https://zenodo.org/records/14963880,CC-BY-4.0,,,,0,real,rrdataset_local_directory_verified_by_sha256,human,human,true,human_master_final,0,low,0,low,0.4772827923297882,0.1283486932516098,0,low,resnet50_layer4_fc_weighted_ordinal_v3,48f6495d4a62ded10d98c3835ffcd33c8f5c653e5df19cb03aef62582060e9b4,training
467976be761ba63029456ab880f0fe98d17f68ed31c398e04f994ec78e7dbbf3,human_annotated/images/467976be761ba63029456ab880f0fe98d17f68ed31c398e04f994ec78e7dbbf3.jpg,RRDataset,data/datasets/RRDataset/selection_1500/sara/real/real_007662.jpg,"[""data/datasets/RRDataset/selection_1500/sara/real/real_007662.jpg""]",467976be761ba63029456ab880f0fe98d17f68ed31c398e04f994ec78e7dbbf3,https://zenodo.org/records/14963880,CC-BY-4.0,,,,0,real,rrdataset_local_directory_verified_by_sha256,human,human,true,human_master_final,1,medium,1,medium,0.7002070546150208,0.031957224011421204,1,medium,resnet50_layer4_fc_weighted_ordinal_v3,48f6495d4a62ded10d98c3835ffcd33c8f5c653e5df19cb03aef62582060e9b4,validation
46dae22331edbeec8d376a5f4b49b47f84f84cb006a9cfb486a168e19a642f1d,human_annotated/images/46dae22331edbeec8d376a5f4b49b47f84f84cb006a9cfb486a168e19a642f1d.png,RRDataset,data/datasets/RRDataset/selection_1500/sara/ai/production_000555.png,"[""data/datasets/RRDataset/selection_1500/sara/ai/production_000555.png""]",46dae22331edbeec8d376a5f4b49b47f84f84cb006a9cfb486a168e19a642f1d,https://zenodo.org/records/14963880,CC-BY-4.0,,,,1,fake,rrdataset_local_directory_verified_by_sha256,human,human,true,human_master_final,1,medium,1,medium,0.749172568321228,0.007116609252989292,1,medium,resnet50_layer4_fc_weighted_ordinal_v3,48f6495d4a62ded10d98c3835ffcd33c8f5c653e5df19cb03aef62582060e9b4,frozen_test
4784907b79c4681e79abc74ca063a1a3893cf7aaf640fe022e014434feb78b51,human_annotated/images/4784907b79c4681e79abc74ca063a1a3893cf7aaf640fe022e014434feb78b51.png,saberzl/SID_Set,data/datasets/sid-set/candidate-1500/images/fake/4784907b79c4681e79abc74ca063a1a3893cf7aaf640fe022e014434feb78b51.png,"[""data/datasets/sid-set/candidate-1500/images/fake/4784907b79c4681e79abc74ca063a1a3893cf7aaf640fe022e014434feb78b51.png""]",4784907b79c4681e79abc74ca063a1a3893cf7aaf640fe022e014434feb78b51,https://huggingface.co/datasets/saberzl/SID_Set,CC-BY-4.0,full_synthetic_034391,main,dc03ead57929879319ce30a82bfcfb8d317b10bd,1,fake,collection_manifest_normalized_label_verified_by_sha256,human,human,true,human_master_final,1,medium,1,medium,0.9083139300346375,0.07361182570457458,1,medium,resnet50_layer4_fc_weighted_ordinal_v3,48f6495d4a62ded10d98c3835ffcd33c8f5c653e5df19cb03aef62582060e9b4,training
48179f6e885daddff6722f664eaaddd6015fa393ac25d6ed6df87b06da08d07c,human_annotated/images/48179f6e885daddff6722f664eaaddd6015fa393ac25d6ed6df87b06da08d07c.png,RRDataset,data/datasets/RRDataset/selection_1500/sara/ai/Natural_Disasters_&_Accidents_000440.png,"[""data/datasets/RRDataset/selection_1500/sara/ai/Natural_Disasters_&_Accidents_000440.png""]",48179f6e885daddff6722f664eaaddd6015fa393ac25d6ed6df87b06da08d07c,https://zenodo.org/records/14963880,CC-BY-4.0,,,,1,fake,rrdataset_local_directory_verified_by_sha256,human,human,true,human_master_final,1,medium,0,low,0.39231133460998535,0.11760949343442917,1,medium,resnet50_layer4_fc_weighted_ordinal_v3,48f6495d4a62ded10d98c3835ffcd33c8f5c653e5df19cb03aef62582060e9b4,validation
48276e598d3e693e2df9a0a5cea1b886be4625478cedae5d52db22886bf66311,human_annotated/images/48276e598d3e693e2df9a0a5cea1b886be4625478cedae5d52db22886bf66311.jpg,RRDataset,data/datasets/RRDataset/selection_1500/sara/real/real_008833.jpg,"[""data/datasets/RRDataset/selection_1500/sara/real/real_008833.jpg""]",48276e598d3e693e2df9a0a5cea1b886be4625478cedae5d52db22886bf66311,https://zenodo.org/records/14963880,CC-BY-4.0,,,,0,real,rrdataset_local_directory_verified_by_sha256,human,human,true,human_master_final,0,low,0,low,0.40759268403053284,0.16379939019680023,0,low,resnet50_layer4_fc_weighted_ordinal_v3,48f6495d4a62ded10d98c3835ffcd33c8f5c653e5df19cb03aef62582060e9b4,frozen_test
48384cc5d7aa2f5dc39dd96e326d283bea6c1e2f525faa4b072800a7efb467e3,human_annotated/images/48384cc5d7aa2f5dc39dd96e326d283bea6c1e2f525faa4b072800a7efb467e3.webp,ComplexDataLab/OpenFake,data/datasets/openfake/additional-900/images/fake/48384cc5d7aa2f5dc39dd96e326d283bea6c1e2f525faa4b072800a7efb467e3.webp,"[""data/datasets/openfake/additional-900/images/fake/48384cc5d7aa2f5dc39dd96e326d283bea6c1e2f525faa4b072800a7efb467e3.webp""]",48384cc5d7aa2f5dc39dd96e326d283bea6c1e2f525faa4b072800a7efb467e3,https://huggingface.co/datasets/ComplexDataLab/OpenFake,CC-BY-NC-4.0,,v1.0,750279a9710d3d98bbc6d0d87250312cfdf922a0,1,fake,collection_manifest_normalized_label_verified_by_sha256,human,human,true,consolidated_human_review,1,medium,1,medium,0.7765707969665527,0.007350205909460783,1,medium,resnet50_layer4_fc_weighted_ordinal_v3,48f6495d4a62ded10d98c3835ffcd33c8f5c653e5df19cb03aef62582060e9b4,validation
48a67a84d155309de77ee56bc4d2fa7e49bd691ccaffbdc87487f8e04640baf4,human_annotated/images/48a67a84d155309de77ee56bc4d2fa7e49bd691ccaffbdc87487f8e04640baf4.png,ComplexDataLab/OpenFake,data/datasets/openfake/pilot-600/images/fake/48a67a84d155309de77ee56bc4d2fa7e49bd691ccaffbdc87487f8e04640baf4.png,"[""data/datasets/openfake/pilot-600/images/fake/48a67a84d155309de77ee56bc4d2fa7e49bd691ccaffbdc87487f8e04640baf4.png""]",48a67a84d155309de77ee56bc4d2fa7e49bd691ccaffbdc87487f8e04640baf4,https://huggingface.co/datasets/ComplexDataLab/OpenFake,CC-BY-NC-4.0,,v1.0,,1,fake,collection_manifest_normalized_label_verified_by_sha256,human,human,true,human_master_final,1,medium,1,medium,0.7388261556625366,0.17692382633686066,1,medium,resnet50_layer4_fc_weighted_ordinal_v3,48f6495d4a62ded10d98c3835ffcd33c8f5c653e5df19cb03aef62582060e9b4,training
48b7a71d356bd71b2d4237c623c0c156fabae96ba03ad473f37b267763b11633,human_annotated/images/48b7a71d356bd71b2d4237c623c0c156fabae96ba03ad473f37b267763b11633.png,ComplexDataLab/OpenFake,data/datasets/openfake/additional-900/images/fake/48b7a71d356bd71b2d4237c623c0c156fabae96ba03ad473f37b267763b11633.png,"[""data/datasets/openfake/additional-900/images/fake/48b7a71d356bd71b2d4237c623c0c156fabae96ba03ad473f37b267763b11633.png""]",48b7a71d356bd71b2d4237c623c0c156fabae96ba03ad473f37b267763b11633,https://huggingface.co/datasets/ComplexDataLab/OpenFake,CC-BY-NC-4.0,,v1.0,750279a9710d3d98bbc6d0d87250312cfdf922a0,1,fake,collection_manifest_normalized_label_verified_by_sha256,human,human,true,human_master_final,1,medium,1,medium,0.6183604598045349,0.005310378968715668,1,medium,resnet50_layer4_fc_weighted_ordinal_v3,48f6495d4a62ded10d98c3835ffcd33c8f5c653e5df19cb03aef62582060e9b4,validation
48e7ebc76990e709db19e990f04471a64e425c37ceb04fe25a12881783997017,human_annotated/images/48e7ebc76990e709db19e990f04471a64e425c37ceb04fe25a12881783997017.jpg,saberzl/SID_Set,data/datasets/sid-set/candidate-1500/images/real/48e7ebc76990e709db19e990f04471a64e425c37ceb04fe25a12881783997017.jpg,"[""data/datasets/sid-set/candidate-1500/images/real/48e7ebc76990e709db19e990f04471a64e425c37ceb04fe25a12881783997017.jpg""]",48e7ebc76990e709db19e990f04471a64e425c37ceb04fe25a12881783997017,https://huggingface.co/datasets/saberzl/SID_Set,CC-BY-4.0,746bddfa1b6a2d2f,main,dc03ead57929879319ce30a82bfcfb8d317b10bd,0,real,collection_manifest_normalized_label_verified_by_sha256,human,human,true,consolidated_human_review,0,low,0,low,0.11250955611467361,0.006270173005759716,0,low,resnet50_layer4_fc_weighted_ordinal_v3,48f6495d4a62ded10d98c3835ffcd33c8f5c653e5df19cb03aef62582060e9b4,training
493e7d380af21afff596672dce5c3dd5a60efec2d2a06583ce35a9747666eca2,human_annotated/images/493e7d380af21afff596672dce5c3dd5a60efec2d2a06583ce35a9747666eca2.jpg,saberzl/SID_Set,data/datasets/sid-set/candidate-1500/images/real/493e7d380af21afff596672dce5c3dd5a60efec2d2a06583ce35a9747666eca2.jpg,"[""data/datasets/sid-set/candidate-1500/images/real/493e7d380af21afff596672dce5c3dd5a60efec2d2a06583ce35a9747666eca2.jpg""]",493e7d380af21afff596672dce5c3dd5a60efec2d2a06583ce35a9747666eca2,https://huggingface.co/datasets/saberzl/SID_Set,CC-BY-4.0,60b6c907a81cc91d,main,dc03ead57929879319ce30a82bfcfb8d317b10bd,0,real,collection_manifest_normalized_label_verified_by_sha256,human,human,true,human_master_final,1,medium,1,medium,0.798111617565155,0.01665753312408924,1,medium,resnet50_layer4_fc_weighted_ordinal_v3,48f6495d4a62ded10d98c3835ffcd33c8f5c653e5df19cb03aef62582060e9b4,training
497cb7e3696f4f9d849081072f422942be9139d1a108c04ccb9a163a316c142a,human_annotated/images/497cb7e3696f4f9d849081072f422942be9139d1a108c04ccb9a163a316c142a.jpg,saberzl/SID_Set,data/datasets/sid-set/candidate-1500/images/real/497cb7e3696f4f9d849081072f422942be9139d1a108c04ccb9a163a316c142a.jpg,"[""data/datasets/sid-set/candidate-1500/images/real/497cb7e3696f4f9d849081072f422942be9139d1a108c04ccb9a163a316c142a.jpg""]",497cb7e3696f4f9d849081072f422942be9139d1a108c04ccb9a163a316c142a,https://huggingface.co/datasets/saberzl/SID_Set,CC-BY-4.0,a9bd7e2468a796f9,main,dc03ead57929879319ce30a82bfcfb8d317b10bd,0,real,collection_manifest_normalized_label_verified_by_sha256,human,human,true,human_master_final,0,low,1,medium,0.6819832921028137,0.002876458689570427,0,low,resnet50_layer4_fc_weighted_ordinal_v3,48f6495d4a62ded10d98c3835ffcd33c8f5c653e5df19cb03aef62582060e9b4,training
49de00b712948044a523daa78eba28ed3bbfff1029a89368fd1f0fc0014248ee,human_annotated/images/49de00b712948044a523daa78eba28ed3bbfff1029a89368fd1f0fc0014248ee.png,saberzl/SID_Set,data/datasets/sid-set/candidate-1500/images/fake/49de00b712948044a523daa78eba28ed3bbfff1029a89368fd1f0fc0014248ee.png,"[""data/datasets/sid-set/candidate-1500/images/fake/49de00b712948044a523daa78eba28ed3bbfff1029a89368fd1f0fc0014248ee.png""]",49de00b712948044a523daa78eba28ed3bbfff1029a89368fd1f0fc0014248ee,https://huggingface.co/datasets/saberzl/SID_Set,CC-BY-4.0,full_synthetic_060015,main,dc03ead57929879319ce30a82bfcfb8d317b10bd,1,fake,collection_manifest_normalized_label_verified_by_sha256,human,human,true,human_master_final,1,medium,1,medium,0.6174648404121399,0.008055823855102062,1,medium,resnet50_layer4_fc_weighted_ordinal_v3,48f6495d4a62ded10d98c3835ffcd33c8f5c653e5df19cb03aef62582060e9b4,training
49eed0dca63365128918a899970661b0e147b64254730d2ed4d85fc5b356093e,human_annotated/images/49eed0dca63365128918a899970661b0e147b64254730d2ed4d85fc5b356093e.png,ComplexDataLab/OpenFake,data/datasets/openfake/pilot-600/images/fake/49eed0dca63365128918a899970661b0e147b64254730d2ed4d85fc5b356093e.png,"[""data/datasets/openfake/pilot-600/images/fake/49eed0dca63365128918a899970661b0e147b64254730d2ed4d85fc5b356093e.png""]",49eed0dca63365128918a899970661b0e147b64254730d2ed4d85fc5b356093e,https://huggingface.co/datasets/ComplexDataLab/OpenFake,CC-BY-NC-4.0,,v1.0,,1,fake,collection_manifest_normalized_label_verified_by_sha256,human,human,true,consolidated_human_review,1,medium,1,medium,0.8428642153739929,0.009887751191854477,1,medium,resnet50_layer4_fc_weighted_ordinal_v3,48f6495d4a62ded10d98c3835ffcd33c8f5c653e5df19cb03aef62582060e9b4,training
4a5a02ab3b7c26194d674b1f9dbd9f8dcaa7477b17342fd427d38c702cd88784,human_annotated/images/4a5a02ab3b7c26194d674b1f9dbd9f8dcaa7477b17342fd427d38c702cd88784.png,RRDataset,data/datasets/RRDataset/selection_1500/sara/ai/Natural_Disasters_&_Accidents_000415.png,"[""data/datasets/RRDataset/selection_1500/sara/ai/Natural_Disasters_&_Accidents_000415.png""]",4a5a02ab3b7c26194d674b1f9dbd9f8dcaa7477b17342fd427d38c702cd88784,https://zenodo.org/records/14963880,CC-BY-4.0,,,,1,fake,rrdataset_local_directory_verified_by_sha256,human,human,true,consolidated_human_review,0,low,0,low,0.3899898827075958,0.10408876836299896,0,low,resnet50_layer4_fc_weighted_ordinal_v3,48f6495d4a62ded10d98c3835ffcd33c8f5c653e5df19cb03aef62582060e9b4,training
4b75a9f3a60308515ce3406ef6ff64bb0acb8b9f50f39259bf036aec7ec79994,human_annotated/images/4b75a9f3a60308515ce3406ef6ff64bb0acb8b9f50f39259bf036aec7ec79994.jpg,RRDataset,data/datasets/RRDataset/selection_1500/sara/real/real_008773.jpg,"[""data/datasets/RRDataset/selection_1500/sara/real/real_008773.jpg"",""data/datasets/RRDataset/selection_1500/sara/real/real_009566.jpg""]",4b75a9f3a60308515ce3406ef6ff64bb0acb8b9f50f39259bf036aec7ec79994,https://zenodo.org/records/14963880,CC-BY-4.0,,,,0,real,rrdataset_local_directory_verified_by_sha256,human,human,true,human_master_final,0,low,0,low,0.14809787273406982,0.06355845183134079,0,low,resnet50_layer4_fc_weighted_ordinal_v3,48f6495d4a62ded10d98c3835ffcd33c8f5c653e5df19cb03aef62582060e9b4,training
4bd7517bbd0a3d2a71a3cf8b8c85f5c9f9e64b9d2f268f59082bb8e80d653121,human_annotated/images/4bd7517bbd0a3d2a71a3cf8b8c85f5c9f9e64b9d2f268f59082bb8e80d653121.jpg,ComplexDataLab/OpenFake,data/datasets/openfake/pilot-600/images/real/4bd7517bbd0a3d2a71a3cf8b8c85f5c9f9e64b9d2f268f59082bb8e80d653121.jpg,"[""data/datasets/openfake/pilot-600/images/real/4bd7517bbd0a3d2a71a3cf8b8c85f5c9f9e64b9d2f268f59082bb8e80d653121.jpg""]",4bd7517bbd0a3d2a71a3cf8b8c85f5c9f9e64b9d2f268f59082bb8e80d653121,https://huggingface.co/datasets/ComplexDataLab/OpenFake,CC-BY-NC-4.0,,v1.0,,0,real,collection_manifest_normalized_label_verified_by_sha256,human,human,true,human_master_final,2,high,1,medium,0.9742401242256165,0.4342206120491028,2,high,resnet50_layer4_fc_weighted_ordinal_v3,48f6495d4a62ded10d98c3835ffcd33c8f5c653e5df19cb03aef62582060e9b4,training
4bf38b511c3f62c70f7f533b687b15a426160a5a21f4f2ca8755e0875b728ada,human_annotated/images/4bf38b511c3f62c70f7f533b687b15a426160a5a21f4f2ca8755e0875b728ada.jpg,saberzl/SID_Set,data/datasets/sid-set/candidate-1500/images/real/4bf38b511c3f62c70f7f533b687b15a426160a5a21f4f2ca8755e0875b728ada.jpg,"[""data/datasets/sid-set/candidate-1500/images/real/4bf38b511c3f62c70f7f533b687b15a426160a5a21f4f2ca8755e0875b728ada.jpg""]",4bf38b511c3f62c70f7f533b687b15a426160a5a21f4f2ca8755e0875b728ada,https://huggingface.co/datasets/saberzl/SID_Set,CC-BY-4.0,44507ac5a5e54959,main,dc03ead57929879319ce30a82bfcfb8d317b10bd,0,real,collection_manifest_normalized_label_verified_by_sha256,human,human,true,human_master_final,0,low,0,low,0.11854270100593567,0.0064180269837379456,0,low,resnet50_layer4_fc_weighted_ordinal_v3,48f6495d4a62ded10d98c3835ffcd33c8f5c653e5df19cb03aef62582060e9b4,training
4c611beec246562e4797340761b1f6ce3443ffc94160da408b02d0ee6e65bd00,human_annotated/images/4c611beec246562e4797340761b1f6ce3443ffc94160da408b02d0ee6e65bd00.png,saberzl/SID_Set,data/datasets/sid-set/candidate-1500/images/fake/4c611beec246562e4797340761b1f6ce3443ffc94160da408b02d0ee6e65bd00.png,"[""data/datasets/sid-set/candidate-1500/images/fake/4c611beec246562e4797340761b1f6ce3443ffc94160da408b02d0ee6e65bd00.png""]",4c611beec246562e4797340761b1f6ce3443ffc94160da408b02d0ee6e65bd00,https://huggingface.co/datasets/saberzl/SID_Set,CC-BY-4.0,full_synthetic_058093,main,dc03ead57929879319ce30a82bfcfb8d317b10bd,1,fake,collection_manifest_normalized_label_verified_by_sha256,human,human,true,consolidated_human_review,0,low,0,low,0.05445743352174759,0.004169933497905731,0,low,resnet50_layer4_fc_weighted_ordinal_v3,48f6495d4a62ded10d98c3835ffcd33c8f5c653e5df19cb03aef62582060e9b4,training
4c6fc9842ca174d4c9604b7e68bd8735b82d09236608968e780ce73c8655577c,human_annotated/images/4c6fc9842ca174d4c9604b7e68bd8735b82d09236608968e780ce73c8655577c.png,RRDataset,data/datasets/RRDataset/selection_1500/lorenzo/ai/production_000076.png,"[""data/datasets/RRDataset/selection_1500/lorenzo/ai/production_000076.png""]",4c6fc9842ca174d4c9604b7e68bd8735b82d09236608968e780ce73c8655577c,https://zenodo.org/records/14963880,CC-BY-4.0,,,,1,fake,rrdataset_local_directory_verified_by_sha256,human,human,true,human_master_final,1,medium,2,high,0.9491971731185913,0.6484368443489075,1,medium,resnet50_layer4_fc_weighted_ordinal_v3,48f6495d4a62ded10d98c3835ffcd33c8f5c653e5df19cb03aef62582060e9b4,validation
4c940ae5a629c93c32344264cec793bc23f3f91d0358be0fc598416b63026507,human_annotated/images/4c940ae5a629c93c32344264cec793bc23f3f91d0358be0fc598416b63026507.png,ComplexDataLab/OpenFake,data/datasets/openfake/additional-900/images/fake/4c940ae5a629c93c32344264cec793bc23f3f91d0358be0fc598416b63026507.png,"[""data/datasets/openfake/additional-900/images/fake/4c940ae5a629c93c32344264cec793bc23f3f91d0358be0fc598416b63026507.png""]",4c940ae5a629c93c32344264cec793bc23f3f91d0358be0fc598416b63026507,https://huggingface.co/datasets/ComplexDataLab/OpenFake,CC-BY-NC-4.0,,v1.0,750279a9710d3d98bbc6d0d87250312cfdf922a0,1,fake,collection_manifest_normalized_label_verified_by_sha256,human,human,true,consolidated_human_review,1,medium,1,medium,0.5947536826133728,0.16756314039230347,1,medium,resnet50_layer4_fc_weighted_ordinal_v3,48f6495d4a62ded10d98c3835ffcd33c8f5c653e5df19cb03aef62582060e9b4,validation
4cd4df40fab1ead22ed12490f6641be1f1d1fad8e2fff1ef40226ad14d19e115,human_annotated/images/4cd4df40fab1ead22ed12490f6641be1f1d1fad8e2fff1ef40226ad14d19e115.jpg,ComplexDataLab/OpenFake,data/datasets/openfake/additional-900/images/real/4cd4df40fab1ead22ed12490f6641be1f1d1fad8e2fff1ef40226ad14d19e115.jpg,"[""data/datasets/openfake/additional-900/images/real/4cd4df40fab1ead22ed12490f6641be1f1d1fad8e2fff1ef40226ad14d19e115.jpg""]",4cd4df40fab1ead22ed12490f6641be1f1d1fad8e2fff1ef40226ad14d19e115,https://huggingface.co/datasets/ComplexDataLab/OpenFake,CC-BY-NC-4.0,,v1.0,750279a9710d3d98bbc6d0d87250312cfdf922a0,0,real,collection_manifest_normalized_label_verified_by_sha256,human,human,true,human_master_final,1,medium,1,medium,0.9944514632225037,0.10816609859466553,1,medium,resnet50_layer4_fc_weighted_ordinal_v3,48f6495d4a62ded10d98c3835ffcd33c8f5c653e5df19cb03aef62582060e9b4,validation
4d3b8a5c313bdb9e26796203d3dd386a85dadfc6c20cef7a6164fe13e4cae359,human_annotated/images/4d3b8a5c313bdb9e26796203d3dd386a85dadfc6c20cef7a6164fe13e4cae359.png,saberzl/SID_Set,data/datasets/sid-set/candidate-1500/images/fake/4d3b8a5c313bdb9e26796203d3dd386a85dadfc6c20cef7a6164fe13e4cae359.png,"[""data/datasets/sid-set/candidate-1500/images/fake/4d3b8a5c313bdb9e26796203d3dd386a85dadfc6c20cef7a6164fe13e4cae359.png""]",4d3b8a5c313bdb9e26796203d3dd386a85dadfc6c20cef7a6164fe13e4cae359,https://huggingface.co/datasets/saberzl/SID_Set,CC-BY-4.0,full_synthetic_004965,main,dc03ead57929879319ce30a82bfcfb8d317b10bd,1,fake,collection_manifest_normalized_label_verified_by_sha256,human,human,true,human_master_final,0,low,1,medium,0.5150308609008789,0.0032221858855336905,0,low,resnet50_layer4_fc_weighted_ordinal_v3,48f6495d4a62ded10d98c3835ffcd33c8f5c653e5df19cb03aef62582060e9b4,frozen_test
4d4bb71d9db36eb3eb796a3d3f2f6a1a1622cc0a26f9e1d8be7f8ec401ffac54,human_annotated/images/4d4bb71d9db36eb3eb796a3d3f2f6a1a1622cc0a26f9e1d8be7f8ec401ffac54.jpg,RRDataset,data/datasets/RRDataset/selection_1500/lorenzo/real/real_009555.jpg,"[""data/datasets/RRDataset/selection_1500/lorenzo/real/real_009555.jpg""]",4d4bb71d9db36eb3eb796a3d3f2f6a1a1622cc0a26f9e1d8be7f8ec401ffac54,https://zenodo.org/records/14963880,CC-BY-4.0,,,,0,real,rrdataset_local_directory_verified_by_sha256,human,human,true,consolidated_human_review,0,low,0,low,0.21970856189727783,0.0857430249452591,0,low,resnet50_layer4_fc_weighted_ordinal_v3,48f6495d4a62ded10d98c3835ffcd33c8f5c653e5df19cb03aef62582060e9b4,validation
4d4cd2bb88de63931a32d0e6aba257d84effff01bf0112276975ca7207453252,human_annotated/images/4d4cd2bb88de63931a32d0e6aba257d84effff01bf0112276975ca7207453252.jpg,saberzl/SID_Set,data/datasets/sid-set/candidate-1500/images/real/4d4cd2bb88de63931a32d0e6aba257d84effff01bf0112276975ca7207453252.jpg,"[""data/datasets/sid-set/candidate-1500/images/real/4d4cd2bb88de63931a32d0e6aba257d84effff01bf0112276975ca7207453252.jpg""]",4d4cd2bb88de63931a32d0e6aba257d84effff01bf0112276975ca7207453252,https://huggingface.co/datasets/saberzl/SID_Set,CC-BY-4.0,5994ac0f8d255a30,main,dc03ead57929879319ce30a82bfcfb8d317b10bd,0,real,collection_manifest_normalized_label_verified_by_sha256,human,human,true,consolidated_human_review,0,low,0,low,0.3056996762752533,0.18060362339019775,0,low,resnet50_layer4_fc_weighted_ordinal_v3,48f6495d4a62ded10d98c3835ffcd33c8f5c653e5df19cb03aef62582060e9b4,training
4d74beb663738b31aabb2a58bf0c84eb0c15a734bac4aea93ef831af1a124474,human_annotated/images/4d74beb663738b31aabb2a58bf0c84eb0c15a734bac4aea93ef831af1a124474.png,RRDataset,data/datasets/RRDataset/selection_1500/giovanni/ai/Political_&_Social_Events_000451.png,"[""data/datasets/RRDataset/selection_1500/giovanni/ai/Political_&_Social_Events_000451.png""]",4d74beb663738b31aabb2a58bf0c84eb0c15a734bac4aea93ef831af1a124474,https://zenodo.org/records/14963880,CC-BY-4.0,,,,1,fake,rrdataset_local_directory_verified_by_sha256,human,human,true,human_master_final,1,medium,2,high,0.9251899123191833,0.4873073399066925,1,medium,resnet50_layer4_fc_weighted_ordinal_v3,48f6495d4a62ded10d98c3835ffcd33c8f5c653e5df19cb03aef62582060e9b4,validation
4de1503ccec655c6d8e198af453eeb5889ac76c409f269b1a99301a9957d5e57,human_annotated/images/4de1503ccec655c6d8e198af453eeb5889ac76c409f269b1a99301a9957d5e57.jpg,RRDataset,data/datasets/RRDataset/selection_1500/giovanni/real/real_003132.jpg,"[""data/datasets/RRDataset/selection_1500/giovanni/real/real_003132.jpg""]",4de1503ccec655c6d8e198af453eeb5889ac76c409f269b1a99301a9957d5e57,https://zenodo.org/records/14963880,CC-BY-4.0,,,,0,real,rrdataset_local_directory_verified_by_sha256,human,human,true,human_master_final,1,medium,0,low,0.48464757204055786,0.02690991945564747,1,medium,resnet50_layer4_fc_weighted_ordinal_v3,48f6495d4a62ded10d98c3835ffcd33c8f5c653e5df19cb03aef62582060e9b4,validation
4de90417a051be8e858e688b2730e3cf619bea650f95c8d7c2166ec36cabf2d4,human_annotated/images/4de90417a051be8e858e688b2730e3cf619bea650f95c8d7c2166ec36cabf2d4.jpg,saberzl/SID_Set,data/datasets/sid-set/candidate-1500/images/real/4de90417a051be8e858e688b2730e3cf619bea650f95c8d7c2166ec36cabf2d4.jpg,"[""data/datasets/sid-set/candidate-1500/images/real/4de90417a051be8e858e688b2730e3cf619bea650f95c8d7c2166ec36cabf2d4.jpg""]",4de90417a051be8e858e688b2730e3cf619bea650f95c8d7c2166ec36cabf2d4,https://huggingface.co/datasets/saberzl/SID_Set,CC-BY-4.0,566bdf9c83d06d17,main,dc03ead57929879319ce30a82bfcfb8d317b10bd,0,real,collection_manifest_normalized_label_verified_by_sha256,human,human,true,human_master_final,1,medium,1,medium,0.6632706522941589,0.004287861753255129,1,medium,resnet50_layer4_fc_weighted_ordinal_v3,48f6495d4a62ded10d98c3835ffcd33c8f5c653e5df19cb03aef62582060e9b4,training
4e0fbb6434c1808a9ae4e53fde33e06a515cf84e20df04f3fc0d3d68a71ec70c,human_annotated/images/4e0fbb6434c1808a9ae4e53fde33e06a515cf84e20df04f3fc0d3d68a71ec70c.jpg,RRDataset,data/datasets/RRDataset/selection_1500/lorenzo/real/real_003597.jpg,"[""data/datasets/RRDataset/selection_1500/lorenzo/real/real_003597.jpg""]",4e0fbb6434c1808a9ae4e53fde33e06a515cf84e20df04f3fc0d3d68a71ec70c,https://zenodo.org/records/14963880,CC-BY-4.0,,,,0,real,rrdataset_local_directory_verified_by_sha256,human,human,true,human_master_final,1,medium,1,medium,0.9268926382064819,0.14064782857894897,1,medium,resnet50_layer4_fc_weighted_ordinal_v3,48f6495d4a62ded10d98c3835ffcd33c8f5c653e5df19cb03aef62582060e9b4,training
4e1337d599180611b20ff5202c67329a6b216f326300cfc7c91ceb6957d0f43b,human_annotated/images/4e1337d599180611b20ff5202c67329a6b216f326300cfc7c91ceb6957d0f43b.jpg,RRDataset,data/datasets/RRDataset/selection_1500/giovanni/real/real_003764.jpg,"[""data/datasets/RRDataset/selection_1500/giovanni/real/real_003764.jpg""]",4e1337d599180611b20ff5202c67329a6b216f326300cfc7c91ceb6957d0f43b,https://zenodo.org/records/14963880,CC-BY-4.0,,,,0,real,rrdataset_local_directory_verified_by_sha256,human,human,true,consolidated_human_review,1,medium,1,medium,0.8675618171691895,0.39353686571121216,1,medium,resnet50_layer4_fc_weighted_ordinal_v3,48f6495d4a62ded10d98c3835ffcd33c8f5c653e5df19cb03aef62582060e9b4,training
4e2c1acd5c9da45629e22a94157ff0d82fe18116725d29f5adf892bcc43c3304,human_annotated/images/4e2c1acd5c9da45629e22a94157ff0d82fe18116725d29f5adf892bcc43c3304.jpg,ComplexDataLab/OpenFake,data/datasets/openfake/pilot-600/images/real/4e2c1acd5c9da45629e22a94157ff0d82fe18116725d29f5adf892bcc43c3304.jpg,"[""data/datasets/openfake/pilot-600/images/real/4e2c1acd5c9da45629e22a94157ff0d82fe18116725d29f5adf892bcc43c3304.jpg""]",4e2c1acd5c9da45629e22a94157ff0d82fe18116725d29f5adf892bcc43c3304,https://huggingface.co/datasets/ComplexDataLab/OpenFake,CC-BY-NC-4.0,,v1.0,,0,real,collection_manifest_normalized_label_verified_by_sha256,human,human,true,human_master_final,1,medium,1,medium,0.9858096241950989,0.008414465002715588,1,medium,resnet50_layer4_fc_weighted_ordinal_v3,48f6495d4a62ded10d98c3835ffcd33c8f5c653e5df19cb03aef62582060e9b4,validation
4e2c5b03a97b8649a74723a9160d5ddd0ffefae02abbdf3b006ae32c88b4838b,human_annotated/images/4e2c5b03a97b8649a74723a9160d5ddd0ffefae02abbdf3b006ae32c88b4838b.jpg,RRDataset,data/datasets/RRDataset/selection_1500/sara/real/real_000548.jpg,"[""data/datasets/RRDataset/selection_1500/sara/real/real_000548.jpg""]",4e2c5b03a97b8649a74723a9160d5ddd0ffefae02abbdf3b006ae32c88b4838b,https://zenodo.org/records/14963880,CC-BY-4.0,,,,0,real,rrdataset_local_directory_verified_by_sha256,human,human,true,human_master_final,0,low,0,low,0.07181546837091446,0.00778960483148694,0,low,resnet50_layer4_fc_weighted_ordinal_v3,48f6495d4a62ded10d98c3835ffcd33c8f5c653e5df19cb03aef62582060e9b4,validation
4e5e796c28a3b22e3326b42503dbcc52dc2d8a059197ca0ce2d47ee38e3c4090,human_annotated/images/4e5e796c28a3b22e3326b42503dbcc52dc2d8a059197ca0ce2d47ee38e3c4090.png,ComplexDataLab/OpenFake,data/datasets/openfake/pilot-600/images/fake/4e5e796c28a3b22e3326b42503dbcc52dc2d8a059197ca0ce2d47ee38e3c4090.png,"[""data/datasets/openfake/pilot-600/images/fake/4e5e796c28a3b22e3326b42503dbcc52dc2d8a059197ca0ce2d47ee38e3c4090.png""]",4e5e796c28a3b22e3326b42503dbcc52dc2d8a059197ca0ce2d47ee38e3c4090,https://huggingface.co/datasets/ComplexDataLab/OpenFake,CC-BY-NC-4.0,,v1.0,,1,fake,collection_manifest_normalized_label_verified_by_sha256,human,human,true,consolidated_human_review,1,medium,1,medium,0.8236134052276611,0.06159454956650734,1,medium,resnet50_layer4_fc_weighted_ordinal_v3,48f6495d4a62ded10d98c3835ffcd33c8f5c653e5df19cb03aef62582060e9b4,training
4e9ab0fbf799a985bf1b92557a3219f36e33a5c1d79aadb8808990f04ed7d382,human_annotated/images/4e9ab0fbf799a985bf1b92557a3219f36e33a5c1d79aadb8808990f04ed7d382.png,ComplexDataLab/OpenFake,data/datasets/openfake/pilot-600/images/fake/4e9ab0fbf799a985bf1b92557a3219f36e33a5c1d79aadb8808990f04ed7d382.png,"[""data/datasets/openfake/pilot-600/images/fake/4e9ab0fbf799a985bf1b92557a3219f36e33a5c1d79aadb8808990f04ed7d382.png""]",4e9ab0fbf799a985bf1b92557a3219f36e33a5c1d79aadb8808990f04ed7d382,https://huggingface.co/datasets/ComplexDataLab/OpenFake,CC-BY-NC-4.0,,v1.0,,1,fake,collection_manifest_normalized_label_verified_by_sha256,human,human,true,consolidated_human_review,1,medium,1,medium,0.7026231288909912,0.19038182497024536,1,medium,resnet50_layer4_fc_weighted_ordinal_v3,48f6495d4a62ded10d98c3835ffcd33c8f5c653e5df19cb03aef62582060e9b4,validation
4fad2f768d1b0c3a6f5125e4c7ae7e59ac085dff0a709053692418226487c441,human_annotated/images/4fad2f768d1b0c3a6f5125e4c7ae7e59ac085dff0a709053692418226487c441.png,saberzl/SID_Set,data/datasets/sid-set/candidate-1500/images/fake/4fad2f768d1b0c3a6f5125e4c7ae7e59ac085dff0a709053692418226487c441.png,"[""data/datasets/sid-set/candidate-1500/images/fake/4fad2f768d1b0c3a6f5125e4c7ae7e59ac085dff0a709053692418226487c441.png""]",4fad2f768d1b0c3a6f5125e4c7ae7e59ac085dff0a709053692418226487c441,https://huggingface.co/datasets/saberzl/SID_Set,CC-BY-4.0,full_synthetic_025787,main,dc03ead57929879319ce30a82bfcfb8d317b10bd,1,fake,collection_manifest_normalized_label_verified_by_sha256,human,human,true,human_master_final,1,medium,1,medium,0.9430141448974609,0.04073571041226387,1,medium,resnet50_layer4_fc_weighted_ordinal_v3,48f6495d4a62ded10d98c3835ffcd33c8f5c653e5df19cb03aef62582060e9b4,training
4fe56bbb4fe79682cde0354e1d77d21bd71900ca1eb5c60b1662aeb1922d1767,human_annotated/images/4fe56bbb4fe79682cde0354e1d77d21bd71900ca1eb5c60b1662aeb1922d1767.jpg,ComplexDataLab/OpenFake,data/datasets/openfake/additional-900/images/real/4fe56bbb4fe79682cde0354e1d77d21bd71900ca1eb5c60b1662aeb1922d1767.jpg,"[""data/datasets/openfake/additional-900/images/real/4fe56bbb4fe79682cde0354e1d77d21bd71900ca1eb5c60b1662aeb1922d1767.jpg""]",4fe56bbb4fe79682cde0354e1d77d21bd71900ca1eb5c60b1662aeb1922d1767,https://huggingface.co/datasets/ComplexDataLab/OpenFake,CC-BY-NC-4.0,,v1.0,750279a9710d3d98bbc6d0d87250312cfdf922a0,0,real,collection_manifest_normalized_label_verified_by_sha256,human,human,true,human_master_final,1,medium,1,medium,0.83857661485672,0.01775183156132698,1,medium,resnet50_layer4_fc_weighted_ordinal_v3,48f6495d4a62ded10d98c3835ffcd33c8f5c653e5df19cb03aef62582060e9b4,training
500669c41768718f99142d1666fb753e99b5e0c622a8b345eba63b7e8028ea7a,human_annotated/images/500669c41768718f99142d1666fb753e99b5e0c622a8b345eba63b7e8028ea7a.jpg,RRDataset,data/datasets/RRDataset/selection_1500/sara/real/real_008560.jpg,"[""data/datasets/RRDataset/selection_1500/sara/real/real_008560.jpg""]",500669c41768718f99142d1666fb753e99b5e0c622a8b345eba63b7e8028ea7a,https://zenodo.org/records/14963880,CC-BY-4.0,,,,0,real,rrdataset_local_directory_verified_by_sha256,human,human,true,consolidated_human_review,2,high,2,high,0.9292742609977722,0.492218017578125,2,high,resnet50_layer4_fc_weighted_ordinal_v3,48f6495d4a62ded10d98c3835ffcd33c8f5c653e5df19cb03aef62582060e9b4,training
50320b95a2fd247b0ca876c609c3294e470da2e5a80cd657b8c6696cec998016,human_annotated/images/50320b95a2fd247b0ca876c609c3294e470da2e5a80cd657b8c6696cec998016.png,ComplexDataLab/OpenFake,data/datasets/openfake/pilot-600/images/fake/50320b95a2fd247b0ca876c609c3294e470da2e5a80cd657b8c6696cec998016.png,"[""data/datasets/openfake/pilot-600/images/fake/50320b95a2fd247b0ca876c609c3294e470da2e5a80cd657b8c6696cec998016.png""]",50320b95a2fd247b0ca876c609c3294e470da2e5a80cd657b8c6696cec998016,https://huggingface.co/datasets/ComplexDataLab/OpenFake,CC-BY-NC-4.0,,v1.0,,1,fake,collection_manifest_normalized_label_verified_by_sha256,human,human,true,consolidated_human_review,1,medium,2,high,0.800620973110199,0.4513593316078186,1,medium,resnet50_layer4_fc_weighted_ordinal_v3,48f6495d4a62ded10d98c3835ffcd33c8f5c653e5df19cb03aef62582060e9b4,training
506477a138ecad09106ba55c2109ce17f5996bf4ba598a8c7280545c16564670,human_annotated/images/506477a138ecad09106ba55c2109ce17f5996bf4ba598a8c7280545c16564670.jpg,RRDataset,data/datasets/RRDataset/selection_1500/giovanni/real/real_006157.jpg,"[""data/datasets/RRDataset/selection_1500/giovanni/real/real_006157.jpg""]",506477a138ecad09106ba55c2109ce17f5996bf4ba598a8c7280545c16564670,https://zenodo.org/records/14963880,CC-BY-4.0,,,,0,real,rrdataset_local_directory_verified_by_sha256,human,human,true,human_master_final,1,medium,0,low,0.3245351016521454,0.008339665830135345,1,medium,resnet50_layer4_fc_weighted_ordinal_v3,48f6495d4a62ded10d98c3835ffcd33c8f5c653e5df19cb03aef62582060e9b4,training
5077bbe2ff6cdbd89bded7a0ef1ac451c6e90f11e80de0001811a06c9f970eec,human_annotated/images/5077bbe2ff6cdbd89bded7a0ef1ac451c6e90f11e80de0001811a06c9f970eec.png,saberzl/SID_Set,data/datasets/sid-set/candidate-1500/images/fake/5077bbe2ff6cdbd89bded7a0ef1ac451c6e90f11e80de0001811a06c9f970eec.png,"[""data/datasets/sid-set/candidate-1500/images/fake/5077bbe2ff6cdbd89bded7a0ef1ac451c6e90f11e80de0001811a06c9f970eec.png""]",5077bbe2ff6cdbd89bded7a0ef1ac451c6e90f11e80de0001811a06c9f970eec,https://huggingface.co/datasets/saberzl/SID_Set,CC-BY-4.0,full_synthetic_066196,main,dc03ead57929879319ce30a82bfcfb8d317b10bd,1,fake,collection_manifest_normalized_label_verified_by_sha256,human,human,true,human_master_final,0,low,0,low,0.37248116731643677,0.1562090516090393,0,low,resnet50_layer4_fc_weighted_ordinal_v3,48f6495d4a62ded10d98c3835ffcd33c8f5c653e5df19cb03aef62582060e9b4,training
50988c18326e59169753a7726df7306f449e92fba4989cccedc82e688f97e6fa,human_annotated/images/50988c18326e59169753a7726df7306f449e92fba4989cccedc82e688f97e6fa.png,ComplexDataLab/OpenFake,data/datasets/openfake/pilot-600/images/fake/50988c18326e59169753a7726df7306f449e92fba4989cccedc82e688f97e6fa.png,"[""data/datasets/openfake/pilot-600/images/fake/50988c18326e59169753a7726df7306f449e92fba4989cccedc82e688f97e6fa.png""]",50988c18326e59169753a7726df7306f449e92fba4989cccedc82e688f97e6fa,https://huggingface.co/datasets/ComplexDataLab/OpenFake,CC-BY-NC-4.0,,v1.0,,1,fake,collection_manifest_normalized_label_verified_by_sha256,human,human,true,human_master_final,0,low,0,low,0.3269180655479431,0.008908036164939404,0,low,resnet50_layer4_fc_weighted_ordinal_v3,48f6495d4a62ded10d98c3835ffcd33c8f5c653e5df19cb03aef62582060e9b4,training
50fa8870fc269dabec40c6cf77ec57d37e57c48c37bd2752b894a50d4582989c,human_annotated/images/50fa8870fc269dabec40c6cf77ec57d37e57c48c37bd2752b894a50d4582989c.png,RRDataset,data/datasets/RRDataset/selection_1500/sara/ai/Culture_&_Religion_000443.png,"[""data/datasets/RRDataset/selection_1500/sara/ai/Culture_&_Religion_000443.png""]",50fa8870fc269dabec40c6cf77ec57d37e57c48c37bd2752b894a50d4582989c,https://zenodo.org/records/14963880,CC-BY-4.0,,,,1,fake,rrdataset_local_directory_verified_by_sha256,human,human,true,human_master_final,1,medium,1,medium,0.9718288779258728,0.18048812448978424,1,medium,resnet50_layer4_fc_weighted_ordinal_v3,48f6495d4a62ded10d98c3835ffcd33c8f5c653e5df19cb03aef62582060e9b4,training
5129dec49c0b4e72663b97ee264e702ccaee9660f16b04fa460d01e81fc1240e,human_annotated/images/5129dec49c0b4e72663b97ee264e702ccaee9660f16b04fa460d01e81fc1240e.png,RRDataset,data/datasets/RRDataset/selection_1500/lorenzo/ai/War_&_Conflict_Scenes_000328.png,"[""data/datasets/RRDataset/selection_1500/lorenzo/ai/War_&_Conflict_Scenes_000328.png""]",5129dec49c0b4e72663b97ee264e702ccaee9660f16b04fa460d01e81fc1240e,https://zenodo.org/records/14963880,CC-BY-4.0,,,,1,fake,rrdataset_local_directory_verified_by_sha256,human,human,true,consolidated_human_review,2,high,2,high,0.874139666557312,0.5225264430046082,2,high,resnet50_layer4_fc_weighted_ordinal_v3,48f6495d4a62ded10d98c3835ffcd33c8f5c653e5df19cb03aef62582060e9b4,training
51813e7bfe1bc937c32edae57134a4684debd792c3bdf19958ff40f6193050c5,human_annotated/images/51813e7bfe1bc937c32edae57134a4684debd792c3bdf19958ff40f6193050c5.png,RRDataset,data/datasets/RRDataset/selection_1500/giovanni/ai/production_000607.png,"[""data/datasets/RRDataset/selection_1500/giovanni/ai/production_000607.png""]",51813e7bfe1bc937c32edae57134a4684debd792c3bdf19958ff40f6193050c5,https://zenodo.org/records/14963880,CC-BY-4.0,,,,1,fake,rrdataset_local_directory_verified_by_sha256,human,human,true,human_master_final,1,medium,1,medium,0.9173226952552795,0.12264306098222733,1,medium,resnet50_layer4_fc_weighted_ordinal_v3,48f6495d4a62ded10d98c3835ffcd33c8f5c653e5df19cb03aef62582060e9b4,training
51df077eb79e4f969a1e9424b7281a33d8215a062619b570e3160a4aa24f2a57,human_annotated/images/51df077eb79e4f969a1e9424b7281a33d8215a062619b570e3160a4aa24f2a57.jpg,RRDataset,data/datasets/RRDataset/selection_1500/sara/real/real_002133.jpg,"[""data/datasets/RRDataset/selection_1500/sara/real/real_002133.jpg""]",51df077eb79e4f969a1e9424b7281a33d8215a062619b570e3160a4aa24f2a57,https://zenodo.org/records/14963880,CC-BY-4.0,,,,0,real,rrdataset_local_directory_verified_by_sha256,human,human,true,human_master_final,1,medium,1,medium,0.9740758538246155,0.1659589260816574,1,medium,resnet50_layer4_fc_weighted_ordinal_v3,48f6495d4a62ded10d98c3835ffcd33c8f5c653e5df19cb03aef62582060e9b4,training
51ef37cde07c65882cbc82e85ccbe844b27a601d844383d5a6754f04222191eb,human_annotated/images/51ef37cde07c65882cbc82e85ccbe844b27a601d844383d5a6754f04222191eb.png,ComplexDataLab/OpenFake,data/datasets/openfake/pilot-600/images/fake/51ef37cde07c65882cbc82e85ccbe844b27a601d844383d5a6754f04222191eb.png,"[""data/datasets/openfake/pilot-600/images/fake/51ef37cde07c65882cbc82e85ccbe844b27a601d844383d5a6754f04222191eb.png""]",51ef37cde07c65882cbc82e85ccbe844b27a601d844383d5a6754f04222191eb,https://huggingface.co/datasets/ComplexDataLab/OpenFake,CC-BY-NC-4.0,,v1.0,,1,fake,collection_manifest_normalized_label_verified_by_sha256,human,human,true,human_master_final,0,low,0,low,0.15032067894935608,0.009244500659406185,0,low,resnet50_layer4_fc_weighted_ordinal_v3,48f6495d4a62ded10d98c3835ffcd33c8f5c653e5df19cb03aef62582060e9b4,training
51fe05f90ff6d0769e0f78b7fe29857b715059e3acd8d3d74c2403181927bef1,human_annotated/images/51fe05f90ff6d0769e0f78b7fe29857b715059e3acd8d3d74c2403181927bef1.jpg,ComplexDataLab/OpenFake,data/datasets/openfake/additional-900/images/real/51fe05f90ff6d0769e0f78b7fe29857b715059e3acd8d3d74c2403181927bef1.jpg,"[""data/datasets/openfake/additional-900/images/real/51fe05f90ff6d0769e0f78b7fe29857b715059e3acd8d3d74c2403181927bef1.jpg""]",51fe05f90ff6d0769e0f78b7fe29857b715059e3acd8d3d74c2403181927bef1,https://huggingface.co/datasets/ComplexDataLab/OpenFake,CC-BY-NC-4.0,,v1.0,750279a9710d3d98bbc6d0d87250312cfdf922a0,0,real,collection_manifest_normalized_label_verified_by_sha256,human,human,true,consolidated_human_review,1,medium,1,medium,0.879324197769165,0.4199783504009247,1,medium,resnet50_layer4_fc_weighted_ordinal_v3,48f6495d4a62ded10d98c3835ffcd33c8f5c653e5df19cb03aef62582060e9b4,training
5243921af7a23309ed6755a7a6ee896f7a01659292b3828c40e804dd46d04bd9,human_annotated/images/5243921af7a23309ed6755a7a6ee896f7a01659292b3828c40e804dd46d04bd9.png,RRDataset,data/datasets/RRDataset/selection_1500/lorenzo/ai/War_&_Conflict_Scenes_000938.png,"[""data/datasets/RRDataset/selection_1500/lorenzo/ai/War_&_Conflict_Scenes_000938.png""]",5243921af7a23309ed6755a7a6ee896f7a01659292b3828c40e804dd46d04bd9,https://zenodo.org/records/14963880,CC-BY-4.0,,,,1,fake,rrdataset_local_directory_verified_by_sha256,human,human,true,consolidated_human_review,2,high,2,high,0.9893504977226257,0.8752672076225281,2,high,resnet50_layer4_fc_weighted_ordinal_v3,48f6495d4a62ded10d98c3835ffcd33c8f5c653e5df19cb03aef62582060e9b4,training
5259276f0f0d645e8e11afa32a2bdf7e5862c5443d0d584d12364825c69decc1,human_annotated/images/5259276f0f0d645e8e11afa32a2bdf7e5862c5443d0d584d12364825c69decc1.jpg,RRDataset,data/datasets/RRDataset/selection_1500/sara/real/real_000103.jpg,"[""data/datasets/RRDataset/selection_1500/sara/real/real_000103.jpg""]",5259276f0f0d645e8e11afa32a2bdf7e5862c5443d0d584d12364825c69decc1,https://zenodo.org/records/14963880,CC-BY-4.0,,,,0,real,rrdataset_local_directory_verified_by_sha256,human,human,true,human_master_final,1,medium,1,medium,0.9228853583335876,0.19787061214447021,1,medium,resnet50_layer4_fc_weighted_ordinal_v3,48f6495d4a62ded10d98c3835ffcd33c8f5c653e5df19cb03aef62582060e9b4,training
526ac60fe7c463160267100e6bd9bbef79b833e3a03ed4812c536e4a5f56d38d,human_annotated/images/526ac60fe7c463160267100e6bd9bbef79b833e3a03ed4812c536e4a5f56d38d.png,ComplexDataLab/OpenFake,data/datasets/openfake/pilot-600/images/fake/526ac60fe7c463160267100e6bd9bbef79b833e3a03ed4812c536e4a5f56d38d.png,"[""data/datasets/openfake/pilot-600/images/fake/526ac60fe7c463160267100e6bd9bbef79b833e3a03ed4812c536e4a5f56d38d.png""]",526ac60fe7c463160267100e6bd9bbef79b833e3a03ed4812c536e4a5f56d38d,https://huggingface.co/datasets/ComplexDataLab/OpenFake,CC-BY-NC-4.0,,v1.0,,1,fake,collection_manifest_normalized_label_verified_by_sha256,human,human,true,consolidated_human_review,0,low,1,medium,0.6319869756698608,0.004965528380125761,0,low,resnet50_layer4_fc_weighted_ordinal_v3,48f6495d4a62ded10d98c3835ffcd33c8f5c653e5df19cb03aef62582060e9b4,training
52795be0b32de643a566d426c7857bae6a5be58f88cd9f30c4a05b4a6808fc9c,human_annotated/images/52795be0b32de643a566d426c7857bae6a5be58f88cd9f30c4a05b4a6808fc9c.jpg,saberzl/SID_Set,data/datasets/sid-set/candidate-1500/images/real/52795be0b32de643a566d426c7857bae6a5be58f88cd9f30c4a05b4a6808fc9c.jpg,"[""data/datasets/sid-set/candidate-1500/images/real/52795be0b32de643a566d426c7857bae6a5be58f88cd9f30c4a05b4a6808fc9c.jpg""]",52795be0b32de643a566d426c7857bae6a5be58f88cd9f30c4a05b4a6808fc9c,https://huggingface.co/datasets/saberzl/SID_Set,CC-BY-4.0,af47633a0becafac,main,dc03ead57929879319ce30a82bfcfb8d317b10bd,0,real,collection_manifest_normalized_label_verified_by_sha256,human,human,true,consolidated_human_review,2,high,1,medium,0.9665670990943909,0.3495989739894867,2,high,resnet50_layer4_fc_weighted_ordinal_v3,48f6495d4a62ded10d98c3835ffcd33c8f5c653e5df19cb03aef62582060e9b4,validation
52a8ea174d6f3034b4bafbde5b5c8f577cd61d2e2dc16e7b058816a11f2c47c3,human_annotated/images/52a8ea174d6f3034b4bafbde5b5c8f577cd61d2e2dc16e7b058816a11f2c47c3.png,RRDataset,data/datasets/RRDataset/selection_1500/giovanni/ai/Natural_Disasters_&_Accidents_000007.png,"[""data/datasets/RRDataset/selection_1500/giovanni/ai/Natural_Disasters_&_Accidents_000007.png""]",52a8ea174d6f3034b4bafbde5b5c8f577cd61d2e2dc16e7b058816a11f2c47c3,https://zenodo.org/records/14963880,CC-BY-4.0,,,,1,fake,rrdataset_local_directory_verified_by_sha256,human,human,true,human_master_final,1,medium,1,medium,0.9385074973106384,0.034886181354522705,1,medium,resnet50_layer4_fc_weighted_ordinal_v3,48f6495d4a62ded10d98c3835ffcd33c8f5c653e5df19cb03aef62582060e9b4,training
52fae2b4c4f07411ffeb08e24bffa2c5aff57bf0e7472dc727da7c55f7a3fc57,human_annotated/images/52fae2b4c4f07411ffeb08e24bffa2c5aff57bf0e7472dc727da7c55f7a3fc57.png,ComplexDataLab/OpenFake,data/datasets/openfake/pilot-600/images/fake/52fae2b4c4f07411ffeb08e24bffa2c5aff57bf0e7472dc727da7c55f7a3fc57.png,"[""data/datasets/openfake/pilot-600/images/fake/52fae2b4c4f07411ffeb08e24bffa2c5aff57bf0e7472dc727da7c55f7a3fc57.png""]",52fae2b4c4f07411ffeb08e24bffa2c5aff57bf0e7472dc727da7c55f7a3fc57,https://huggingface.co/datasets/ComplexDataLab/OpenFake,CC-BY-NC-4.0,,v1.0,,1,fake,collection_manifest_normalized_label_verified_by_sha256,human,human,true,consolidated_human_review,1,medium,1,medium,0.7892717719078064,0.021129576489329338,1,medium,resnet50_layer4_fc_weighted_ordinal_v3,48f6495d4a62ded10d98c3835ffcd33c8f5c653e5df19cb03aef62582060e9b4,training
530e153040b2316ddbf2da674c97217a690ac56d551de6be3946adc9fc80d6c1,human_annotated/images/530e153040b2316ddbf2da674c97217a690ac56d551de6be3946adc9fc80d6c1.png,RRDataset,data/datasets/RRDataset/selection_1500/sara/ai/Medical_&_Public_Health_000997.png,"[""data/datasets/RRDataset/selection_1500/sara/ai/Medical_&_Public_Health_000997.png""]",530e153040b2316ddbf2da674c97217a690ac56d551de6be3946adc9fc80d6c1,https://zenodo.org/records/14963880,CC-BY-4.0,,,,1,fake,rrdataset_local_directory_verified_by_sha256,human,human,true,human_master_final,2,high,2,high,0.9868727922439575,0.5415970087051392,2,high,resnet50_layer4_fc_weighted_ordinal_v3,48f6495d4a62ded10d98c3835ffcd33c8f5c653e5df19cb03aef62582060e9b4,frozen_test
5328cff8b13f2a2c8a169ae22539f709c129d85c5af17469467bc786d54f4593,human_annotated/images/5328cff8b13f2a2c8a169ae22539f709c129d85c5af17469467bc786d54f4593.png,RRDataset,data/datasets/RRDataset/selection_1500/giovanni/ai/normal_007194.png,"[""data/datasets/RRDataset/selection_1500/giovanni/ai/normal_007194.png""]",5328cff8b13f2a2c8a169ae22539f709c129d85c5af17469467bc786d54f4593,https://zenodo.org/records/14963880,CC-BY-4.0,,,,1,fake,rrdataset_local_directory_verified_by_sha256,human,human,true,consolidated_human_review,0,low,1,medium,0.5505638122558594,0.1437765210866928,0,low,resnet50_layer4_fc_weighted_ordinal_v3,48f6495d4a62ded10d98c3835ffcd33c8f5c653e5df19cb03aef62582060e9b4,training
5335d115d003dbdba4a58c9e52b05b09fae5703715321bcf5c98ec951a06160c,human_annotated/images/5335d115d003dbdba4a58c9e52b05b09fae5703715321bcf5c98ec951a06160c.jpg,saberzl/SID_Set,data/datasets/sid-set/candidate-1500/images/real/5335d115d003dbdba4a58c9e52b05b09fae5703715321bcf5c98ec951a06160c.jpg,"[""data/datasets/sid-set/candidate-1500/images/real/5335d115d003dbdba4a58c9e52b05b09fae5703715321bcf5c98ec951a06160c.jpg""]",5335d115d003dbdba4a58c9e52b05b09fae5703715321bcf5c98ec951a06160c,https://huggingface.co/datasets/saberzl/SID_Set,CC-BY-4.0,866eab99326d2b2f,main,dc03ead57929879319ce30a82bfcfb8d317b10bd,0,real,collection_manifest_normalized_label_verified_by_sha256,human,human,true,human_master_final,0,low,0,low,0.06050044298171997,0.004185026977211237,0,low,resnet50_layer4_fc_weighted_ordinal_v3,48f6495d4a62ded10d98c3835ffcd33c8f5c653e5df19cb03aef62582060e9b4,training
5372aceef0626a7bba926dd39f362a9bfca655ec0cdb4204ce11e4d0eb572732,human_annotated/images/5372aceef0626a7bba926dd39f362a9bfca655ec0cdb4204ce11e4d0eb572732.png,RRDataset,data/datasets/RRDataset/selection_1500/giovanni/ai/Political_&_Social_Events_000350.png,"[""data/datasets/RRDataset/selection_1500/giovanni/ai/Political_&_Social_Events_000350.png""]",5372aceef0626a7bba926dd39f362a9bfca655ec0cdb4204ce11e4d0eb572732,https://zenodo.org/records/14963880,CC-BY-4.0,,,,1,fake,rrdataset_local_directory_verified_by_sha256,human,human,true,human_master_final,1,medium,1,medium,0.9375594854354858,0.08656513690948486,1,medium,resnet50_layer4_fc_weighted_ordinal_v3,48f6495d4a62ded10d98c3835ffcd33c8f5c653e5df19cb03aef62582060e9b4,validation
538c6c7ae38d4f27dd6867ed4774f1d8388ca3519366f86ab89417cf2f180238,human_annotated/images/538c6c7ae38d4f27dd6867ed4774f1d8388ca3519366f86ab89417cf2f180238.png,RRDataset,data/datasets/RRDataset/selection_1500/lorenzo/ai/Natural_Disasters_&_Accidents_000576.png,"[""data/datasets/RRDataset/selection_1500/lorenzo/ai/Natural_Disasters_&_Accidents_000576.png""]",538c6c7ae38d4f27dd6867ed4774f1d8388ca3519366f86ab89417cf2f180238,https://zenodo.org/records/14963880,CC-BY-4.0,,,,1,fake,rrdataset_local_directory_verified_by_sha256,human,human,true,human_master_final,1,medium,1,medium,0.5029906630516052,0.24604560434818268,1,medium,resnet50_layer4_fc_weighted_ordinal_v3,48f6495d4a62ded10d98c3835ffcd33c8f5c653e5df19cb03aef62582060e9b4,validation
539e840ae7f2b3bebadcd5b29056e1040523351deac982637a3d2a34691a69d6,human_annotated/images/539e840ae7f2b3bebadcd5b29056e1040523351deac982637a3d2a34691a69d6.jpg,RRDataset,data/datasets/RRDataset/selection_1500/lorenzo/real/real_009405.jpg,"[""data/datasets/RRDataset/selection_1500/lorenzo/real/real_009405.jpg""]",539e840ae7f2b3bebadcd5b29056e1040523351deac982637a3d2a34691a69d6,https://zenodo.org/records/14963880,CC-BY-4.0,,,,0,real,rrdataset_local_directory_verified_by_sha256,human,human,true,human_master_final,1,medium,1,medium,0.8475747108459473,0.0044602337293326855,1,medium,resnet50_layer4_fc_weighted_ordinal_v3,48f6495d4a62ded10d98c3835ffcd33c8f5c653e5df19cb03aef62582060e9b4,training
53aa723769acd47abdedfaab2d366f3620df3acf04f45eee7bb0dbef20e6908f,human_annotated/images/53aa723769acd47abdedfaab2d366f3620df3acf04f45eee7bb0dbef20e6908f.png,RRDataset,data/datasets/RRDataset/selection_1500/lorenzo/ai/War_&_Conflict_Scenes_000895.png,"[""data/datasets/RRDataset/selection_1500/lorenzo/ai/War_&_Conflict_Scenes_000895.png""]",53aa723769acd47abdedfaab2d366f3620df3acf04f45eee7bb0dbef20e6908f,https://zenodo.org/records/14963880,CC-BY-4.0,,,,1,fake,rrdataset_local_directory_verified_by_sha256,human,human,true,consolidated_human_review,2,high,2,high,0.9666857719421387,0.8956887722015381,2,high,resnet50_layer4_fc_weighted_ordinal_v3,48f6495d4a62ded10d98c3835ffcd33c8f5c653e5df19cb03aef62582060e9b4,validation
53cb3a074456888fe0ba02cb1d693e8d75ab342d0ba65da9d6cbff42e55aaa62,human_annotated/images/53cb3a074456888fe0ba02cb1d693e8d75ab342d0ba65da9d6cbff42e55aaa62.png,RRDataset,data/datasets/RRDataset/selection_1500/sara/ai/normal_008499.png,"[""data/datasets/RRDataset/selection_1500/sara/ai/normal_008499.png""]",53cb3a074456888fe0ba02cb1d693e8d75ab342d0ba65da9d6cbff42e55aaa62,https://zenodo.org/records/14963880,CC-BY-4.0,,,,1,fake,rrdataset_local_directory_verified_by_sha256,human,human,true,human_master_final,0,low,0,low,0.2750994861125946,0.13245680928230286,0,low,resnet50_layer4_fc_weighted_ordinal_v3,48f6495d4a62ded10d98c3835ffcd33c8f5c653e5df19cb03aef62582060e9b4,validation
53eba60c4598acb6f22825a467cca71bbe2af660aab7015ad602ca5126d2dc7a,human_annotated/images/53eba60c4598acb6f22825a467cca71bbe2af660aab7015ad602ca5126d2dc7a.jpg,RRDataset,data/datasets/RRDataset/selection_1500/giovanni/real/real_005357.jpg,"[""data/datasets/RRDataset/selection_1500/giovanni/real/real_005357.jpg""]",53eba60c4598acb6f22825a467cca71bbe2af660aab7015ad602ca5126d2dc7a,https://zenodo.org/records/14963880,CC-BY-4.0,,,,0,real,rrdataset_local_directory_verified_by_sha256,human,human,true,human_master_final,1,medium,1,medium,0.9680046439170837,0.09199437499046326,1,medium,resnet50_layer4_fc_weighted_ordinal_v3,48f6495d4a62ded10d98c3835ffcd33c8f5c653e5df19cb03aef62582060e9b4,training
53eeb11d322439498d6316f6bab1d28b69847e72ab2bdb614e88a638a56695c3,human_annotated/images/53eeb11d322439498d6316f6bab1d28b69847e72ab2bdb614e88a638a56695c3.png,RRDataset,data/datasets/RRDataset/selection_1500/sara/ai/Natural_Disasters_&_Accidents_000293.png,"[""data/datasets/RRDataset/selection_1500/sara/ai/Natural_Disasters_&_Accidents_000293.png""]",53eeb11d322439498d6316f6bab1d28b69847e72ab2bdb614e88a638a56695c3,https://zenodo.org/records/14963880,CC-BY-4.0,,,,1,fake,rrdataset_local_directory_verified_by_sha256,human,human,true,human_master_final,1,medium,1,medium,0.6075224280357361,0.011456255801022053,1,medium,resnet50_layer4_fc_weighted_ordinal_v3,48f6495d4a62ded10d98c3835ffcd33c8f5c653e5df19cb03aef62582060e9b4,training
544422af3922855b85984583ae4e579c35821c544c1186cd6ceb8b18319c8fd8,human_annotated/images/544422af3922855b85984583ae4e579c35821c544c1186cd6ceb8b18319c8fd8.png,saberzl/SID_Set,data/datasets/sid-set/candidate-1500/images/fake/544422af3922855b85984583ae4e579c35821c544c1186cd6ceb8b18319c8fd8.png,"[""data/datasets/sid-set/candidate-1500/images/fake/544422af3922855b85984583ae4e579c35821c544c1186cd6ceb8b18319c8fd8.png""]",544422af3922855b85984583ae4e579c35821c544c1186cd6ceb8b18319c8fd8,https://huggingface.co/datasets/saberzl/SID_Set,CC-BY-4.0,full_synthetic_046242,main,dc03ead57929879319ce30a82bfcfb8d317b10bd,1,fake,collection_manifest_normalized_label_verified_by_sha256,human,human,true,human_master_final,0,low,0,low,0.30997902154922485,0.061778128147125244,0,low,resnet50_layer4_fc_weighted_ordinal_v3,48f6495d4a62ded10d98c3835ffcd33c8f5c653e5df19cb03aef62582060e9b4,training
54829ca0a6de394d2b1c3220e69a9ee6ab9cc47cb5744d61c5199a7801d6a171,human_annotated/images/54829ca0a6de394d2b1c3220e69a9ee6ab9cc47cb5744d61c5199a7801d6a171.webp,ComplexDataLab/OpenFake,data/datasets/openfake/pilot-600/images/fake/54829ca0a6de394d2b1c3220e69a9ee6ab9cc47cb5744d61c5199a7801d6a171.webp,"[""data/datasets/openfake/pilot-600/images/fake/54829ca0a6de394d2b1c3220e69a9ee6ab9cc47cb5744d61c5199a7801d6a171.webp""]",54829ca0a6de394d2b1c3220e69a9ee6ab9cc47cb5744d61c5199a7801d6a171,https://huggingface.co/datasets/ComplexDataLab/OpenFake,CC-BY-NC-4.0,,v1.0,,1,fake,collection_manifest_normalized_label_verified_by_sha256,human,human,true,human_master_final,1,medium,1,medium,0.874462366104126,0.03113475628197193,1,medium,resnet50_layer4_fc_weighted_ordinal_v3,48f6495d4a62ded10d98c3835ffcd33c8f5c653e5df19cb03aef62582060e9b4,training
556e9ff6b6b9be59df13a596048f4fe458a9995505c80028ada7677afa2a074d,human_annotated/images/556e9ff6b6b9be59df13a596048f4fe458a9995505c80028ada7677afa2a074d.png,RRDataset,data/datasets/RRDataset/selection_1500/sara/ai/Medical_&_Public_Health_000017.png,"[""data/datasets/RRDataset/selection_1500/sara/ai/Medical_&_Public_Health_000017.png""]",556e9ff6b6b9be59df13a596048f4fe458a9995505c80028ada7677afa2a074d,https://zenodo.org/records/14963880,CC-BY-4.0,,,,1,fake,rrdataset_local_directory_verified_by_sha256,human,human,true,human_master_final,1,medium,1,medium,0.8612114787101746,0.020021140575408936,1,medium,resnet50_layer4_fc_weighted_ordinal_v3,48f6495d4a62ded10d98c3835ffcd33c8f5c653e5df19cb03aef62582060e9b4,training
559fbab371ba0f1aeef357a608096804f5c04c916e4ba5b493d2b5000d395a82,human_annotated/images/559fbab371ba0f1aeef357a608096804f5c04c916e4ba5b493d2b5000d395a82.jpg,RRDataset,data/datasets/RRDataset/selection_1500/sara/real/real_006201.jpg,"[""data/datasets/RRDataset/selection_1500/sara/real/real_006201.jpg""]",559fbab371ba0f1aeef357a608096804f5c04c916e4ba5b493d2b5000d395a82,https://zenodo.org/records/14963880,CC-BY-4.0,,,,0,real,rrdataset_local_directory_verified_by_sha256,human,human,true,consolidated_human_review,0,low,0,low,0.2080741971731186,0.0025675222277641296,0,low,resnet50_layer4_fc_weighted_ordinal_v3,48f6495d4a62ded10d98c3835ffcd33c8f5c653e5df19cb03aef62582060e9b4,validation
55b089b9040dd334b9d4cae37bd1cbd51322e75c69a04c071f3d18d4da66abc9,human_annotated/images/55b089b9040dd334b9d4cae37bd1cbd51322e75c69a04c071f3d18d4da66abc9.png,RRDataset,data/datasets/RRDataset/selection_1500/lorenzo/ai/Medical_&_Public_Health_000003.png,"[""data/datasets/RRDataset/selection_1500/lorenzo/ai/Medical_&_Public_Health_000003.png""]",55b089b9040dd334b9d4cae37bd1cbd51322e75c69a04c071f3d18d4da66abc9,https://zenodo.org/records/14963880,CC-BY-4.0,,,,1,fake,rrdataset_local_directory_verified_by_sha256,human,human,true,consolidated_human_review,2,high,2,high,0.9656811952590942,0.6246238350868225,2,high,resnet50_layer4_fc_weighted_ordinal_v3,48f6495d4a62ded10d98c3835ffcd33c8f5c653e5df19cb03aef62582060e9b4,training
560b112829fa68e9dc1aa1ea8df7792497b8d75da9a6d2fed6665c70c6180d49,human_annotated/images/560b112829fa68e9dc1aa1ea8df7792497b8d75da9a6d2fed6665c70c6180d49.png,ComplexDataLab/OpenFake,data/datasets/openfake/additional-900/images/fake/560b112829fa68e9dc1aa1ea8df7792497b8d75da9a6d2fed6665c70c6180d49.png,"[""data/datasets/openfake/additional-900/images/fake/560b112829fa68e9dc1aa1ea8df7792497b8d75da9a6d2fed6665c70c6180d49.png""]",560b112829fa68e9dc1aa1ea8df7792497b8d75da9a6d2fed6665c70c6180d49,https://huggingface.co/datasets/ComplexDataLab/OpenFake,CC-BY-NC-4.0,,v1.0,750279a9710d3d98bbc6d0d87250312cfdf922a0,1,fake,collection_manifest_normalized_label_verified_by_sha256,human,human,true,consolidated_human_review,2,high,2,high,0.946307361125946,0.6079623699188232,2,high,resnet50_layer4_fc_weighted_ordinal_v3,48f6495d4a62ded10d98c3835ffcd33c8f5c653e5df19cb03aef62582060e9b4,training
5620e447d4f0608a4368b548917a10748006292454fdb9104a5046f8c1cf2e38,human_annotated/images/5620e447d4f0608a4368b548917a10748006292454fdb9104a5046f8c1cf2e38.jpg,ComplexDataLab/OpenFake,data/datasets/openfake/additional-900/images/real/5620e447d4f0608a4368b548917a10748006292454fdb9104a5046f8c1cf2e38.jpg,"[""data/datasets/openfake/additional-900/images/real/5620e447d4f0608a4368b548917a10748006292454fdb9104a5046f8c1cf2e38.jpg""]",5620e447d4f0608a4368b548917a10748006292454fdb9104a5046f8c1cf2e38,https://huggingface.co/datasets/ComplexDataLab/OpenFake,CC-BY-NC-4.0,,v1.0,750279a9710d3d98bbc6d0d87250312cfdf922a0,0,real,collection_manifest_normalized_label_verified_by_sha256,human,human,true,human_master_final,1,medium,0,low,0.47519198060035706,0.00524249579757452,1,medium,resnet50_layer4_fc_weighted_ordinal_v3,48f6495d4a62ded10d98c3835ffcd33c8f5c653e5df19cb03aef62582060e9b4,training
563d735fc629a0326781d4b1279dbd69dba1df7ce8d0ce0ee6eaa0bae57b4295,human_annotated/images/563d735fc629a0326781d4b1279dbd69dba1df7ce8d0ce0ee6eaa0bae57b4295.jpg,saberzl/SID_Set,data/datasets/sid-set/candidate-1500/images/real/563d735fc629a0326781d4b1279dbd69dba1df7ce8d0ce0ee6eaa0bae57b4295.jpg,"[""data/datasets/sid-set/candidate-1500/images/real/563d735fc629a0326781d4b1279dbd69dba1df7ce8d0ce0ee6eaa0bae57b4295.jpg""]",563d735fc629a0326781d4b1279dbd69dba1df7ce8d0ce0ee6eaa0bae57b4295,https://huggingface.co/datasets/saberzl/SID_Set,CC-BY-4.0,2f57d44daac42e92,main,dc03ead57929879319ce30a82bfcfb8d317b10bd,0,real,collection_manifest_normalized_label_verified_by_sha256,human,human,true,consolidated_human_review,1,medium,0,low,0.19450999796390533,0.02000384032726288,1,medium,resnet50_layer4_fc_weighted_ordinal_v3,48f6495d4a62ded10d98c3835ffcd33c8f5c653e5df19cb03aef62582060e9b4,training
5668dc794f486a9662782cfec9380bfdd6a2c5a65a54682fed03be1b04bb8b00,human_annotated/images/5668dc794f486a9662782cfec9380bfdd6a2c5a65a54682fed03be1b04bb8b00.png,RRDataset,data/datasets/RRDataset/selection_1500/lorenzo/ai/Culture_&_Religion_000179.png,"[""data/datasets/RRDataset/selection_1500/lorenzo/ai/Culture_&_Religion_000179.png""]",5668dc794f486a9662782cfec9380bfdd6a2c5a65a54682fed03be1b04bb8b00,https://zenodo.org/records/14963880,CC-BY-4.0,,,,1,fake,rrdataset_local_directory_verified_by_sha256,human,human,true,human_master_final,1,medium,2,high,0.9840092658996582,0.46329396963119507,1,medium,resnet50_layer4_fc_weighted_ordinal_v3,48f6495d4a62ded10d98c3835ffcd33c8f5c653e5df19cb03aef62582060e9b4,training
56ba7b5a4368c18dae9dc8cd4d48f6007521442f62059a5791e7a7f2b581d880,human_annotated/images/56ba7b5a4368c18dae9dc8cd4d48f6007521442f62059a5791e7a7f2b581d880.png,ComplexDataLab/OpenFake,data/datasets/openfake/additional-900/images/fake/56ba7b5a4368c18dae9dc8cd4d48f6007521442f62059a5791e7a7f2b581d880.png,"[""data/datasets/openfake/additional-900/images/fake/56ba7b5a4368c18dae9dc8cd4d48f6007521442f62059a5791e7a7f2b581d880.png""]",56ba7b5a4368c18dae9dc8cd4d48f6007521442f62059a5791e7a7f2b581d880,https://huggingface.co/datasets/ComplexDataLab/OpenFake,CC-BY-NC-4.0,,v1.0,750279a9710d3d98bbc6d0d87250312cfdf922a0,1,fake,collection_manifest_normalized_label_verified_by_sha256,human,human,true,human_master_final,0,low,0,low,0.28254008293151855,0.004950649105012417,0,low,resnet50_layer4_fc_weighted_ordinal_v3,48f6495d4a62ded10d98c3835ffcd33c8f5c653e5df19cb03aef62582060e9b4,training
56c19c0ac399f6e74eeff4b6e2ce73ed3b32c4d09b7206270ded912997cca808,human_annotated/images/56c19c0ac399f6e74eeff4b6e2ce73ed3b32c4d09b7206270ded912997cca808.png,ComplexDataLab/OpenFake,data/datasets/openfake/pilot-600/images/fake/56c19c0ac399f6e74eeff4b6e2ce73ed3b32c4d09b7206270ded912997cca808.png,"[""data/datasets/openfake/pilot-600/images/fake/56c19c0ac399f6e74eeff4b6e2ce73ed3b32c4d09b7206270ded912997cca808.png""]",56c19c0ac399f6e74eeff4b6e2ce73ed3b32c4d09b7206270ded912997cca808,https://huggingface.co/datasets/ComplexDataLab/OpenFake,CC-BY-NC-4.0,,v1.0,,1,fake,collection_manifest_normalized_label_verified_by_sha256,human,human,true,consolidated_human_review,1,medium,1,medium,0.9148292541503906,0.05797458440065384,1,medium,resnet50_layer4_fc_weighted_ordinal_v3,48f6495d4a62ded10d98c3835ffcd33c8f5c653e5df19cb03aef62582060e9b4,training
56f1d36e4e3ea32d9bf32e67c0df3199e10eeb4d13559636c4b6866abe165990,human_annotated/images/56f1d36e4e3ea32d9bf32e67c0df3199e10eeb4d13559636c4b6866abe165990.png,ComplexDataLab/OpenFake,data/datasets/openfake/additional-900/images/fake/56f1d36e4e3ea32d9bf32e67c0df3199e10eeb4d13559636c4b6866abe165990.png,"[""data/datasets/openfake/additional-900/images/fake/56f1d36e4e3ea32d9bf32e67c0df3199e10eeb4d13559636c4b6866abe165990.png""]",56f1d36e4e3ea32d9bf32e67c0df3199e10eeb4d13559636c4b6866abe165990,https://huggingface.co/datasets/ComplexDataLab/OpenFake,CC-BY-NC-4.0,,v1.0,750279a9710d3d98bbc6d0d87250312cfdf922a0,1,fake,collection_manifest_normalized_label_verified_by_sha256,human,human,true,human_master_final,1,medium,1,medium,0.8763794898986816,0.013485913164913654,1,medium,resnet50_layer4_fc_weighted_ordinal_v3,48f6495d4a62ded10d98c3835ffcd33c8f5c653e5df19cb03aef62582060e9b4,frozen_test
573d5e0c91dc49b79f5d68a487ddd6996cd36bc5a8d2ce56684d5c1c5452b133,human_annotated/images/573d5e0c91dc49b79f5d68a487ddd6996cd36bc5a8d2ce56684d5c1c5452b133.jpg,RRDataset,data/datasets/RRDataset/selection_1500/giovanni/real/real_000968.jpg,"[""data/datasets/RRDataset/selection_1500/giovanni/real/real_000968.jpg""]",573d5e0c91dc49b79f5d68a487ddd6996cd36bc5a8d2ce56684d5c1c5452b133,https://zenodo.org/records/14963880,CC-BY-4.0,,,,0,real,rrdataset_local_directory_verified_by_sha256,human,human,true,human_master_final,1,medium,1,medium,0.93333500623703,0.008055320009589195,1,medium,resnet50_layer4_fc_weighted_ordinal_v3,48f6495d4a62ded10d98c3835ffcd33c8f5c653e5df19cb03aef62582060e9b4,training
5788da0599bb07df312fe68fe87df1d48b638aed5e97476059897017410ab13d,human_annotated/images/5788da0599bb07df312fe68fe87df1d48b638aed5e97476059897017410ab13d.jpg,saberzl/SID_Set,data/datasets/sid-set/candidate-1500/images/real/5788da0599bb07df312fe68fe87df1d48b638aed5e97476059897017410ab13d.jpg,"[""data/datasets/sid-set/candidate-1500/images/real/5788da0599bb07df312fe68fe87df1d48b638aed5e97476059897017410ab13d.jpg""]",5788da0599bb07df312fe68fe87df1d48b638aed5e97476059897017410ab13d,https://huggingface.co/datasets/saberzl/SID_Set,CC-BY-4.0,0d688597894682b0,main,dc03ead57929879319ce30a82bfcfb8d317b10bd,0,real,collection_manifest_normalized_label_verified_by_sha256,human,human,true,human_master_final,0,low,0,low,0.4464758634567261,0.0174031313508749,0,low,resnet50_layer4_fc_weighted_ordinal_v3,48f6495d4a62ded10d98c3835ffcd33c8f5c653e5df19cb03aef62582060e9b4,frozen_test
57dff5ed75cc9930c4dae24cb118fc4855f5bc01903687b0f2933356efc6a4ea,human_annotated/images/57dff5ed75cc9930c4dae24cb118fc4855f5bc01903687b0f2933356efc6a4ea.jpg,ComplexDataLab/OpenFake,data/datasets/openfake/pilot-600/images/real/57dff5ed75cc9930c4dae24cb118fc4855f5bc01903687b0f2933356efc6a4ea.jpg,"[""data/datasets/openfake/pilot-600/images/real/57dff5ed75cc9930c4dae24cb118fc4855f5bc01903687b0f2933356efc6a4ea.jpg""]",57dff5ed75cc9930c4dae24cb118fc4855f5bc01903687b0f2933356efc6a4ea,https://huggingface.co/datasets/ComplexDataLab/OpenFake,CC-BY-NC-4.0,,v1.0,,0,real,collection_manifest_normalized_label_verified_by_sha256,human,human,true,human_master_final,1,medium,1,medium,0.9851704239845276,0.03246498107910156,1,medium,resnet50_layer4_fc_weighted_ordinal_v3,48f6495d4a62ded10d98c3835ffcd33c8f5c653e5df19cb03aef62582060e9b4,training
57ff6260b17769edc60ba8b6f3016fd1912e4fb3313d521e6ea3ab1af2f572d1,human_annotated/images/57ff6260b17769edc60ba8b6f3016fd1912e4fb3313d521e6ea3ab1af2f572d1.jpg,saberzl/SID_Set,data/datasets/sid-set/candidate-1500/images/real/57ff6260b17769edc60ba8b6f3016fd1912e4fb3313d521e6ea3ab1af2f572d1.jpg,"[""data/datasets/sid-set/candidate-1500/images/real/57ff6260b17769edc60ba8b6f3016fd1912e4fb3313d521e6ea3ab1af2f572d1.jpg""]",57ff6260b17769edc60ba8b6f3016fd1912e4fb3313d521e6ea3ab1af2f572d1,https://huggingface.co/datasets/saberzl/SID_Set,CC-BY-4.0,562106459664ce41,main,dc03ead57929879319ce30a82bfcfb8d317b10bd,0,real,collection_manifest_normalized_label_verified_by_sha256,human,human,true,consolidated_human_review,0,low,0,low,0.23267996311187744,0.0743134617805481,0,low,resnet50_layer4_fc_weighted_ordinal_v3,48f6495d4a62ded10d98c3835ffcd33c8f5c653e5df19cb03aef62582060e9b4,training
5841c2218d94bc88674c21bad6a4d71d48bee771ec32a2f3cb04022a9ba3ed90,human_annotated/images/5841c2218d94bc88674c21bad6a4d71d48bee771ec32a2f3cb04022a9ba3ed90.png,RRDataset,data/datasets/RRDataset/selection_1500/lorenzo/ai/Medical_&_Public_Health_000413.png,"[""data/datasets/RRDataset/selection_1500/lorenzo/ai/Medical_&_Public_Health_000413.png""]",5841c2218d94bc88674c21bad6a4d71d48bee771ec32a2f3cb04022a9ba3ed90,https://zenodo.org/records/14963880,CC-BY-4.0,,,,1,fake,rrdataset_local_directory_verified_by_sha256,human,human,true,consolidated_human_review,2,high,2,high,0.9409244656562805,0.6475330591201782,2,high,resnet50_layer4_fc_weighted_ordinal_v3,48f6495d4a62ded10d98c3835ffcd33c8f5c653e5df19cb03aef62582060e9b4,training
584d821442850c5df3d5e82804e809f57f2e615d817ebaef2e55f4dd9707e5c9,human_annotated/images/584d821442850c5df3d5e82804e809f57f2e615d817ebaef2e55f4dd9707e5c9.png,RRDataset,data/datasets/RRDataset/selection_1500/sara/ai/production_000522.png,"[""data/datasets/RRDataset/selection_1500/sara/ai/production_000522.png""]",584d821442850c5df3d5e82804e809f57f2e615d817ebaef2e55f4dd9707e5c9,https://zenodo.org/records/14963880,CC-BY-4.0,,,,1,fake,rrdataset_local_directory_verified_by_sha256,human,human,true,consolidated_human_review,2,high,2,high,0.9525886178016663,0.677592396736145,2,high,resnet50_layer4_fc_weighted_ordinal_v3,48f6495d4a62ded10d98c3835ffcd33c8f5c653e5df19cb03aef62582060e9b4,training
58ab4d486bd89081482e90d2066096316cfb9e9de5f5f80ab50662d972bb077f,human_annotated/images/58ab4d486bd89081482e90d2066096316cfb9e9de5f5f80ab50662d972bb077f.png,RRDataset,data/datasets/RRDataset/selection_1500/lorenzo/ai/Medical_&_Public_Health_000955.png,"[""data/datasets/RRDataset/selection_1500/lorenzo/ai/Medical_&_Public_Health_000955.png""]",58ab4d486bd89081482e90d2066096316cfb9e9de5f5f80ab50662d972bb077f,https://zenodo.org/records/14963880,CC-BY-4.0,,,,1,fake,rrdataset_local_directory_verified_by_sha256,human,human,true,consolidated_human_review,2,high,2,high,0.9775289297103882,0.5407447814941406,2,high,resnet50_layer4_fc_weighted_ordinal_v3,48f6495d4a62ded10d98c3835ffcd33c8f5c653e5df19cb03aef62582060e9b4,training
595f5ed23193939926fb01597c757f3f325fe38b3885444a2ca9fd89ced79fa8,human_annotated/images/595f5ed23193939926fb01597c757f3f325fe38b3885444a2ca9fd89ced79fa8.png,RRDataset,data/datasets/RRDataset/selection_1500/sara/ai/War_&_Conflict_Scenes_000452.png,"[""data/datasets/RRDataset/selection_1500/sara/ai/War_&_Conflict_Scenes_000452.png""]",595f5ed23193939926fb01597c757f3f325fe38b3885444a2ca9fd89ced79fa8,https://zenodo.org/records/14963880,CC-BY-4.0,,,,1,fake,rrdataset_local_directory_verified_by_sha256,human,human,true,human_master_final,2,high,2,high,0.9833171963691711,0.4905082881450653,2,high,resnet50_layer4_fc_weighted_ordinal_v3,48f6495d4a62ded10d98c3835ffcd33c8f5c653e5df19cb03aef62582060e9b4,validation
596282bbfe113a20fb4b4ee0a5401006205cf09b9c91cf03cf4083a4a33cc129,human_annotated/images/596282bbfe113a20fb4b4ee0a5401006205cf09b9c91cf03cf4083a4a33cc129.png,saberzl/SID_Set,data/datasets/sid-set/candidate-1500/images/fake/596282bbfe113a20fb4b4ee0a5401006205cf09b9c91cf03cf4083a4a33cc129.png,"[""data/datasets/sid-set/candidate-1500/images/fake/596282bbfe113a20fb4b4ee0a5401006205cf09b9c91cf03cf4083a4a33cc129.png""]",596282bbfe113a20fb4b4ee0a5401006205cf09b9c91cf03cf4083a4a33cc129,https://huggingface.co/datasets/saberzl/SID_Set,CC-BY-4.0,full_synthetic_009904,main,dc03ead57929879319ce30a82bfcfb8d317b10bd,1,fake,collection_manifest_normalized_label_verified_by_sha256,human,human,true,consolidated_human_review,1,medium,1,medium,0.9553594589233398,0.2774921953678131,1,medium,resnet50_layer4_fc_weighted_ordinal_v3,48f6495d4a62ded10d98c3835ffcd33c8f5c653e5df19cb03aef62582060e9b4,training
59717c34e433bd3d8178fe6c687c69c2c2dc30dd6410ccf68d41825a1271d32f,human_annotated/images/59717c34e433bd3d8178fe6c687c69c2c2dc30dd6410ccf68d41825a1271d32f.png,RRDataset,data/datasets/RRDataset/selection_1500/giovanni/ai/War_&_Conflict_Scenes_000278.png,"[""data/datasets/RRDataset/selection_1500/giovanni/ai/War_&_Conflict_Scenes_000278.png""]",59717c34e433bd3d8178fe6c687c69c2c2dc30dd6410ccf68d41825a1271d32f,https://zenodo.org/records/14963880,CC-BY-4.0,,,,1,fake,rrdataset_local_directory_verified_by_sha256,human,human,true,consolidated_human_review,1,medium,1,medium,0.9374844431877136,0.030058858916163445,1,medium,resnet50_layer4_fc_weighted_ordinal_v3,48f6495d4a62ded10d98c3835ffcd33c8f5c653e5df19cb03aef62582060e9b4,training
5a074c710a6aa3c11a20b79e09d0b26eea80c689bedc8dda55721e61b061298d,human_annotated/images/5a074c710a6aa3c11a20b79e09d0b26eea80c689bedc8dda55721e61b061298d.jpg,RRDataset,data/datasets/RRDataset/selection_1500/lorenzo/real/real_009901.jpg,"[""data/datasets/RRDataset/selection_1500/lorenzo/real/real_009901.jpg""]",5a074c710a6aa3c11a20b79e09d0b26eea80c689bedc8dda55721e61b061298d,https://zenodo.org/records/14963880,CC-BY-4.0,,,,0,real,rrdataset_local_directory_verified_by_sha256,human,human,true,human_master_final,0,low,0,low,0.11045292764902115,0.010614806786179543,0,low,resnet50_layer4_fc_weighted_ordinal_v3,48f6495d4a62ded10d98c3835ffcd33c8f5c653e5df19cb03aef62582060e9b4,training
5b37681261d067f5e354de7d6e84b20cf5ca2b05fe6ab8a685f1704819ae4d2a,human_annotated/images/5b37681261d067f5e354de7d6e84b20cf5ca2b05fe6ab8a685f1704819ae4d2a.jpg,saberzl/SID_Set,data/datasets/sid-set/candidate-1500/images/real/5b37681261d067f5e354de7d6e84b20cf5ca2b05fe6ab8a685f1704819ae4d2a.jpg,"[""data/datasets/sid-set/candidate-1500/images/real/5b37681261d067f5e354de7d6e84b20cf5ca2b05fe6ab8a685f1704819ae4d2a.jpg""]",5b37681261d067f5e354de7d6e84b20cf5ca2b05fe6ab8a685f1704819ae4d2a,https://huggingface.co/datasets/saberzl/SID_Set,CC-BY-4.0,508af48d2c4e8078,main,dc03ead57929879319ce30a82bfcfb8d317b10bd,0,real,collection_manifest_normalized_label_verified_by_sha256,human,human,true,consolidated_human_review,1,medium,1,medium,0.6571800112724304,0.17645762860774994,1,medium,resnet50_layer4_fc_weighted_ordinal_v3,48f6495d4a62ded10d98c3835ffcd33c8f5c653e5df19cb03aef62582060e9b4,training
5b618322d727d8a206499a375dbe62b6d78d0bebdf16d28ddb44d65c25659558,human_annotated/images/5b618322d727d8a206499a375dbe62b6d78d0bebdf16d28ddb44d65c25659558.png,saberzl/SID_Set,data/datasets/sid-set/candidate-1500/images/fake/5b618322d727d8a206499a375dbe62b6d78d0bebdf16d28ddb44d65c25659558.png,"[""data/datasets/sid-set/candidate-1500/images/fake/5b618322d727d8a206499a375dbe62b6d78d0bebdf16d28ddb44d65c25659558.png""]",5b618322d727d8a206499a375dbe62b6d78d0bebdf16d28ddb44d65c25659558,https://huggingface.co/datasets/saberzl/SID_Set,CC-BY-4.0,full_synthetic_030589,main,dc03ead57929879319ce30a82bfcfb8d317b10bd,1,fake,collection_manifest_normalized_label_verified_by_sha256,human,human,true,consolidated_human_review,1,medium,1,medium,0.7404602766036987,0.007373789791017771,1,medium,resnet50_layer4_fc_weighted_ordinal_v3,48f6495d4a62ded10d98c3835ffcd33c8f5c653e5df19cb03aef62582060e9b4,validation
5b636773049aa592846f5ef93c12af0e25c95a3bede4582f17143a297f47f131,human_annotated/images/5b636773049aa592846f5ef93c12af0e25c95a3bede4582f17143a297f47f131.png,ComplexDataLab/OpenFake,data/datasets/openfake/pilot-600/images/fake/5b636773049aa592846f5ef93c12af0e25c95a3bede4582f17143a297f47f131.png,"[""data/datasets/openfake/pilot-600/images/fake/5b636773049aa592846f5ef93c12af0e25c95a3bede4582f17143a297f47f131.png""]",5b636773049aa592846f5ef93c12af0e25c95a3bede4582f17143a297f47f131,https://huggingface.co/datasets/ComplexDataLab/OpenFake,CC-BY-NC-4.0,,v1.0,,1,fake,collection_manifest_normalized_label_verified_by_sha256,human,human,true,human_master_final,1,medium,1,medium,0.6742175221443176,0.03379887714982033,1,medium,resnet50_layer4_fc_weighted_ordinal_v3,48f6495d4a62ded10d98c3835ffcd33c8f5c653e5df19cb03aef62582060e9b4,training
5bad4c24ed8c90de7b2c045687c44ed4e6f191055efa6c3e5b4e220a2a48d239,human_annotated/images/5bad4c24ed8c90de7b2c045687c44ed4e6f191055efa6c3e5b4e220a2a48d239.png,saberzl/SID_Set,data/datasets/sid-set/candidate-1500/images/fake/5bad4c24ed8c90de7b2c045687c44ed4e6f191055efa6c3e5b4e220a2a48d239.png,"[""data/datasets/sid-set/candidate-1500/images/fake/5bad4c24ed8c90de7b2c045687c44ed4e6f191055efa6c3e5b4e220a2a48d239.png""]",5bad4c24ed8c90de7b2c045687c44ed4e6f191055efa6c3e5b4e220a2a48d239,https://huggingface.co/datasets/saberzl/SID_Set,CC-BY-4.0,full_synthetic_067615,main,dc03ead57929879319ce30a82bfcfb8d317b10bd,1,fake,collection_manifest_normalized_label_verified_by_sha256,human,human,true,human_master_final,1,medium,1,medium,0.6592770218849182,0.0790083184838295,1,medium,resnet50_layer4_fc_weighted_ordinal_v3,48f6495d4a62ded10d98c3835ffcd33c8f5c653e5df19cb03aef62582060e9b4,training
5bb40db9aaf8825f9f45a580b866934c5104e9807221a65f6f288aadd02774d2,human_annotated/images/5bb40db9aaf8825f9f45a580b866934c5104e9807221a65f6f288aadd02774d2.png,RRDataset,data/datasets/RRDataset/selection_1500/giovanni/ai/Medical_&_Public_Health_000478.png,"[""data/datasets/RRDataset/selection_1500/giovanni/ai/Medical_&_Public_Health_000478.png""]",5bb40db9aaf8825f9f45a580b866934c5104e9807221a65f6f288aadd02774d2,https://zenodo.org/records/14963880,CC-BY-4.0,,,,1,fake,rrdataset_local_directory_verified_by_sha256,human,human,true,consolidated_human_review,2,high,2,high,0.9734057188034058,0.503379762172699,2,high,resnet50_layer4_fc_weighted_ordinal_v3,48f6495d4a62ded10d98c3835ffcd33c8f5c653e5df19cb03aef62582060e9b4,validation
5bbd8d2bcb966f7aad8aa4d5cdbd5c257f964680977bc98836917c72a1057afa,human_annotated/images/5bbd8d2bcb966f7aad8aa4d5cdbd5c257f964680977bc98836917c72a1057afa.jpg,ComplexDataLab/OpenFake,data/datasets/openfake/additional-900/images/real/5bbd8d2bcb966f7aad8aa4d5cdbd5c257f964680977bc98836917c72a1057afa.jpg,"[""data/datasets/openfake/additional-900/images/real/5bbd8d2bcb966f7aad8aa4d5cdbd5c257f964680977bc98836917c72a1057afa.jpg""]",5bbd8d2bcb966f7aad8aa4d5cdbd5c257f964680977bc98836917c72a1057afa,https://huggingface.co/datasets/ComplexDataLab/OpenFake,CC-BY-NC-4.0,,v1.0,750279a9710d3d98bbc6d0d87250312cfdf922a0,0,real,collection_manifest_normalized_label_verified_by_sha256,human,human,true,human_master_final,0,low,0,low,0.3931583762168884,0.0013565334957093,0,low,resnet50_layer4_fc_weighted_ordinal_v3,48f6495d4a62ded10d98c3835ffcd33c8f5c653e5df19cb03aef62582060e9b4,frozen_test
5be9d51f0c67dba26b83a6992a8880cc67836be24f3fafd7c2f4d7d9f16e8358,human_annotated/images/5be9d51f0c67dba26b83a6992a8880cc67836be24f3fafd7c2f4d7d9f16e8358.png,ComplexDataLab/OpenFake,data/datasets/openfake/pilot-600/images/fake/5be9d51f0c67dba26b83a6992a8880cc67836be24f3fafd7c2f4d7d9f16e8358.png,"[""data/datasets/openfake/pilot-600/images/fake/5be9d51f0c67dba26b83a6992a8880cc67836be24f3fafd7c2f4d7d9f16e8358.png""]",5be9d51f0c67dba26b83a6992a8880cc67836be24f3fafd7c2f4d7d9f16e8358,https://huggingface.co/datasets/ComplexDataLab/OpenFake,CC-BY-NC-4.0,,v1.0,,1,fake,collection_manifest_normalized_label_verified_by_sha256,human,human,true,human_master_final,0,low,1,medium,0.7621520161628723,0.009255749173462391,0,low,resnet50_layer4_fc_weighted_ordinal_v3,48f6495d4a62ded10d98c3835ffcd33c8f5c653e5df19cb03aef62582060e9b4,validation
5c140c356233ec5efeb77c9de5a86bad8ee27537f133b6c88456b26470ffc88d,human_annotated/images/5c140c356233ec5efeb77c9de5a86bad8ee27537f133b6c88456b26470ffc88d.png,RRDataset,data/datasets/RRDataset/selection_1500/giovanni/ai/Medical_&_Public_Health_000958.png,"[""data/datasets/RRDataset/selection_1500/giovanni/ai/Medical_&_Public_Health_000958.png""]",5c140c356233ec5efeb77c9de5a86bad8ee27537f133b6c88456b26470ffc88d,https://zenodo.org/records/14963880,CC-BY-4.0,,,,1,fake,rrdataset_local_directory_verified_by_sha256,human,human,true,human_master_final,2,high,2,high,0.9627020359039307,0.44482001662254333,2,high,resnet50_layer4_fc_weighted_ordinal_v3,48f6495d4a62ded10d98c3835ffcd33c8f5c653e5df19cb03aef62582060e9b4,frozen_test
5c403e6f916091b5dd069a7d1c81674dc85aeb32d6beeb7948f9bcf3697f0fed,human_annotated/images/5c403e6f916091b5dd069a7d1c81674dc85aeb32d6beeb7948f9bcf3697f0fed.png,RRDataset,data/datasets/RRDataset/selection_1500/giovanni/ai/Natural_Disasters_&_Accidents_000566.png,"[""data/datasets/RRDataset/selection_1500/giovanni/ai/Natural_Disasters_&_Accidents_000566.png""]",5c403e6f916091b5dd069a7d1c81674dc85aeb32d6beeb7948f9bcf3697f0fed,https://zenodo.org/records/14963880,CC-BY-4.0,,,,1,fake,rrdataset_local_directory_verified_by_sha256,human,human,true,human_master_final,1,medium,2,high,0.5631978511810303,0.5313674807548523,1,medium,resnet50_layer4_fc_weighted_ordinal_v3,48f6495d4a62ded10d98c3835ffcd33c8f5c653e5df19cb03aef62582060e9b4,validation
5c4a0e356d98d03271a23c8e0e151d04296297b3c37decc258f2dc75b153e50e,human_annotated/images/5c4a0e356d98d03271a23c8e0e151d04296297b3c37decc258f2dc75b153e50e.png,RRDataset,data/datasets/RRDataset/selection_1500/sara/ai/Culture_&_Religion_000701.png,"[""data/datasets/RRDataset/selection_1500/sara/ai/Culture_&_Religion_000701.png""]",5c4a0e356d98d03271a23c8e0e151d04296297b3c37decc258f2dc75b153e50e,https://zenodo.org/records/14963880,CC-BY-4.0,,,,1,fake,rrdataset_local_directory_verified_by_sha256,human,human,true,consolidated_human_review,2,high,2,high,0.9632454514503479,0.6016801595687866,2,high,resnet50_layer4_fc_weighted_ordinal_v3,48f6495d4a62ded10d98c3835ffcd33c8f5c653e5df19cb03aef62582060e9b4,training
5c4b801015566c6454e87fd8f09a04d0b25e48de7ca0a12228cb2b6527e63975,human_annotated/images/5c4b801015566c6454e87fd8f09a04d0b25e48de7ca0a12228cb2b6527e63975.jpg,RRDataset,data/datasets/RRDataset/selection_1500/sara/real/real_008169.jpg,"[""data/datasets/RRDataset/selection_1500/sara/real/real_008169.jpg""]",5c4b801015566c6454e87fd8f09a04d0b25e48de7ca0a12228cb2b6527e63975,https://zenodo.org/records/14963880,CC-BY-4.0,,,,0,real,rrdataset_local_directory_verified_by_sha256,human,human,true,human_master_final,0,low,0,low,0.2376466691493988,0.031883664429187775,0,low,resnet50_layer4_fc_weighted_ordinal_v3,48f6495d4a62ded10d98c3835ffcd33c8f5c653e5df19cb03aef62582060e9b4,frozen_test
5c761c87c8906ee8d7fb7ef37b972dff24738f954e5e43a87ec6c60a77dcf818,human_annotated/images/5c761c87c8906ee8d7fb7ef37b972dff24738f954e5e43a87ec6c60a77dcf818.png,RRDataset,data/datasets/RRDataset/selection_1500/giovanni/ai/normal_008421.png,"[""data/datasets/RRDataset/selection_1500/giovanni/ai/normal_008421.png""]",5c761c87c8906ee8d7fb7ef37b972dff24738f954e5e43a87ec6c60a77dcf818,https://zenodo.org/records/14963880,CC-BY-4.0,,,,1,fake,rrdataset_local_directory_verified_by_sha256,human,human,true,consolidated_human_review,0,low,0,low,0.2579871118068695,0.0209378432482481,0,low,resnet50_layer4_fc_weighted_ordinal_v3,48f6495d4a62ded10d98c3835ffcd33c8f5c653e5df19cb03aef62582060e9b4,validation
5cc1e37ea190936b40c7bb7b6fee4a1d1a9fd12cd7c17ec95fcb3647291ce07e,human_annotated/images/5cc1e37ea190936b40c7bb7b6fee4a1d1a9fd12cd7c17ec95fcb3647291ce07e.jpg,saberzl/SID_Set,data/datasets/sid-set/candidate-1500/images/real/5cc1e37ea190936b40c7bb7b6fee4a1d1a9fd12cd7c17ec95fcb3647291ce07e.jpg,"[""data/datasets/sid-set/candidate-1500/images/real/5cc1e37ea190936b40c7bb7b6fee4a1d1a9fd12cd7c17ec95fcb3647291ce07e.jpg""]",5cc1e37ea190936b40c7bb7b6fee4a1d1a9fd12cd7c17ec95fcb3647291ce07e,https://huggingface.co/datasets/saberzl/SID_Set,CC-BY-4.0,d458fb02f0561915,main,dc03ead57929879319ce30a82bfcfb8d317b10bd,0,real,collection_manifest_normalized_label_verified_by_sha256,human,human,true,consolidated_human_review,1,medium,1,medium,0.7127563953399658,0.0010124500840902328,1,medium,resnet50_layer4_fc_weighted_ordinal_v3,48f6495d4a62ded10d98c3835ffcd33c8f5c653e5df19cb03aef62582060e9b4,training
5d6476bcf232392a62e824ddd2ac3a1cc32cae40c2b8ab004150e3479fdd1afc,human_annotated/images/5d6476bcf232392a62e824ddd2ac3a1cc32cae40c2b8ab004150e3479fdd1afc.jpg,ComplexDataLab/OpenFake,data/datasets/openfake/additional-900/images/real/5d6476bcf232392a62e824ddd2ac3a1cc32cae40c2b8ab004150e3479fdd1afc.jpg,"[""data/datasets/openfake/additional-900/images/real/5d6476bcf232392a62e824ddd2ac3a1cc32cae40c2b8ab004150e3479fdd1afc.jpg""]",5d6476bcf232392a62e824ddd2ac3a1cc32cae40c2b8ab004150e3479fdd1afc,https://huggingface.co/datasets/ComplexDataLab/OpenFake,CC-BY-NC-4.0,,v1.0,750279a9710d3d98bbc6d0d87250312cfdf922a0,0,real,collection_manifest_normalized_label_verified_by_sha256,human,human,true,consolidated_human_review,1,medium,0,low,0.43836355209350586,0.0014527091989293694,1,medium,resnet50_layer4_fc_weighted_ordinal_v3,48f6495d4a62ded10d98c3835ffcd33c8f5c653e5df19cb03aef62582060e9b4,training
5da22bdd0697c9f2324b06e4fe04c320460f0cb06429e5fb562837d9552a2959,human_annotated/images/5da22bdd0697c9f2324b06e4fe04c320460f0cb06429e5fb562837d9552a2959.jpg,saberzl/SID_Set,data/datasets/sid-set/candidate-1500/images/real/5da22bdd0697c9f2324b06e4fe04c320460f0cb06429e5fb562837d9552a2959.jpg,"[""data/datasets/sid-set/candidate-1500/images/real/5da22bdd0697c9f2324b06e4fe04c320460f0cb06429e5fb562837d9552a2959.jpg""]",5da22bdd0697c9f2324b06e4fe04c320460f0cb06429e5fb562837d9552a2959,https://huggingface.co/datasets/saberzl/SID_Set,CC-BY-4.0,79bd1fffe381b25d,main,dc03ead57929879319ce30a82bfcfb8d317b10bd,0,real,collection_manifest_normalized_label_verified_by_sha256,human,human,true,consolidated_human_review,1,medium,1,medium,0.9820519089698792,0.08492834866046906,1,medium,resnet50_layer4_fc_weighted_ordinal_v3,48f6495d4a62ded10d98c3835ffcd33c8f5c653e5df19cb03aef62582060e9b4,training
5da4ef2b94390dafa65b7e3d5a763cdc042cf28a8cf9a00f5fe470bd9c569d2f,human_annotated/images/5da4ef2b94390dafa65b7e3d5a763cdc042cf28a8cf9a00f5fe470bd9c569d2f.jpg,saberzl/SID_Set,data/datasets/sid-set/candidate-1500/images/real/5da4ef2b94390dafa65b7e3d5a763cdc042cf28a8cf9a00f5fe470bd9c569d2f.jpg,"[""data/datasets/sid-set/candidate-1500/images/real/5da4ef2b94390dafa65b7e3d5a763cdc042cf28a8cf9a00f5fe470bd9c569d2f.jpg""]",5da4ef2b94390dafa65b7e3d5a763cdc042cf28a8cf9a00f5fe470bd9c569d2f,https://huggingface.co/datasets/saberzl/SID_Set,CC-BY-4.0,b680eced9edcee52,main,dc03ead57929879319ce30a82bfcfb8d317b10bd,0,real,collection_manifest_normalized_label_verified_by_sha256,human,human,true,human_master_final,0,low,1,medium,0.8581620454788208,0.11788433790206909,0,low,resnet50_layer4_fc_weighted_ordinal_v3,48f6495d4a62ded10d98c3835ffcd33c8f5c653e5df19cb03aef62582060e9b4,training
5e21147d8937ea41a69d815511a65e24ea75e727cf6108856e4437734e33855b,human_annotated/images/5e21147d8937ea41a69d815511a65e24ea75e727cf6108856e4437734e33855b.jpg,saberzl/SID_Set,data/datasets/sid-set/candidate-1500/images/real/5e21147d8937ea41a69d815511a65e24ea75e727cf6108856e4437734e33855b.jpg,"[""data/datasets/sid-set/candidate-1500/images/real/5e21147d8937ea41a69d815511a65e24ea75e727cf6108856e4437734e33855b.jpg""]",5e21147d8937ea41a69d815511a65e24ea75e727cf6108856e4437734e33855b,https://huggingface.co/datasets/saberzl/SID_Set,CC-BY-4.0,151f05148ceb1ba2,main,dc03ead57929879319ce30a82bfcfb8d317b10bd,0,real,collection_manifest_normalized_label_verified_by_sha256,human,human,true,consolidated_human_review,2,high,1,medium,0.9943763017654419,0.2876879870891571,2,high,resnet50_layer4_fc_weighted_ordinal_v3,48f6495d4a62ded10d98c3835ffcd33c8f5c653e5df19cb03aef62582060e9b4,training
5e3291047201d2b36c9e330a0ca17eb3e36944520045620aac562fae27cba36a,human_annotated/images/5e3291047201d2b36c9e330a0ca17eb3e36944520045620aac562fae27cba36a.png,RRDataset,data/datasets/RRDataset/selection_1500/lorenzo/ai/War_&_Conflict_Scenes_000988.png,"[""data/datasets/RRDataset/selection_1500/lorenzo/ai/War_&_Conflict_Scenes_000988.png""]",5e3291047201d2b36c9e330a0ca17eb3e36944520045620aac562fae27cba36a,https://zenodo.org/records/14963880,CC-BY-4.0,,,,1,fake,rrdataset_local_directory_verified_by_sha256,human,human,true,consolidated_human_review,2,high,2,high,0.8873752951622009,0.533710777759552,2,high,resnet50_layer4_fc_weighted_ordinal_v3,48f6495d4a62ded10d98c3835ffcd33c8f5c653e5df19cb03aef62582060e9b4,training
5e4b05dadd92d70fa86753ba0a8bebbdba645b003cb2fc9f7c122a0edd77f13c,human_annotated/images/5e4b05dadd92d70fa86753ba0a8bebbdba645b003cb2fc9f7c122a0edd77f13c.png,RRDataset,data/datasets/RRDataset/selection_1500/lorenzo/ai/Political_&_Social_Events_000323.png,"[""data/datasets/RRDataset/selection_1500/lorenzo/ai/Political_&_Social_Events_000323.png""]",5e4b05dadd92d70fa86753ba0a8bebbdba645b003cb2fc9f7c122a0edd77f13c,https://zenodo.org/records/14963880,CC-BY-4.0,,,,1,fake,rrdataset_local_directory_verified_by_sha256,human,human,true,human_master_final,2,high,2,high,0.9841067790985107,0.670829176902771,2,high,resnet50_layer4_fc_weighted_ordinal_v3,48f6495d4a62ded10d98c3835ffcd33c8f5c653e5df19cb03aef62582060e9b4,frozen_test
5ed754ae4a356c5afd2a3c2c323c92114388ab10e39a7990ea8b9f35b31a824e,human_annotated/images/5ed754ae4a356c5afd2a3c2c323c92114388ab10e39a7990ea8b9f35b31a824e.png,saberzl/SID_Set,data/datasets/sid-set/candidate-1500/images/fake/5ed754ae4a356c5afd2a3c2c323c92114388ab10e39a7990ea8b9f35b31a824e.png,"[""data/datasets/sid-set/candidate-1500/images/fake/5ed754ae4a356c5afd2a3c2c323c92114388ab10e39a7990ea8b9f35b31a824e.png""]",5ed754ae4a356c5afd2a3c2c323c92114388ab10e39a7990ea8b9f35b31a824e,https://huggingface.co/datasets/saberzl/SID_Set,CC-BY-4.0,full_synthetic_030582,main,dc03ead57929879319ce30a82bfcfb8d317b10bd,1,fake,collection_manifest_normalized_label_verified_by_sha256,human,human,true,human_master_final,1,medium,1,medium,0.9754178524017334,0.06294982135295868,1,medium,resnet50_layer4_fc_weighted_ordinal_v3,48f6495d4a62ded10d98c3835ffcd33c8f5c653e5df19cb03aef62582060e9b4,training
5f12ab5667503acd5c6574b29b840dff45e2139d867b7431f0bd8a0e10dbd853,human_annotated/images/5f12ab5667503acd5c6574b29b840dff45e2139d867b7431f0bd8a0e10dbd853.png,saberzl/SID_Set,data/datasets/sid-set/candidate-1500/images/fake/5f12ab5667503acd5c6574b29b840dff45e2139d867b7431f0bd8a0e10dbd853.png,"[""data/datasets/sid-set/candidate-1500/images/fake/5f12ab5667503acd5c6574b29b840dff45e2139d867b7431f0bd8a0e10dbd853.png""]",5f12ab5667503acd5c6574b29b840dff45e2139d867b7431f0bd8a0e10dbd853,https://huggingface.co/datasets/saberzl/SID_Set,CC-BY-4.0,full_synthetic_063044,main,dc03ead57929879319ce30a82bfcfb8d317b10bd,1,fake,collection_manifest_normalized_label_verified_by_sha256,human,human,true,consolidated_human_review,2,high,1,medium,0.7896636724472046,0.048447806388139725,2,high,resnet50_layer4_fc_weighted_ordinal_v3,48f6495d4a62ded10d98c3835ffcd33c8f5c653e5df19cb03aef62582060e9b4,training
5fb9cfb7d232a25cf83b54f01776597b1716c9b11785fac80f169ff24b582535,human_annotated/images/5fb9cfb7d232a25cf83b54f01776597b1716c9b11785fac80f169ff24b582535.png,RRDataset,data/datasets/RRDataset/selection_1500/giovanni/ai/Political_&_Social_Events_000952.png,"[""data/datasets/RRDataset/selection_1500/giovanni/ai/Political_&_Social_Events_000952.png""]",5fb9cfb7d232a25cf83b54f01776597b1716c9b11785fac80f169ff24b582535,https://zenodo.org/records/14963880,CC-BY-4.0,,,,1,fake,rrdataset_local_directory_verified_by_sha256,human,human,true,consolidated_human_review,2,high,2,high,0.9617436528205872,0.8168656229972839,2,high,resnet50_layer4_fc_weighted_ordinal_v3,48f6495d4a62ded10d98c3835ffcd33c8f5c653e5df19cb03aef62582060e9b4,training
603dd1302b2fb5cf5a47499e1bcb0ff47de5646afca2f758c81e0acd653e01c5,human_annotated/images/603dd1302b2fb5cf5a47499e1bcb0ff47de5646afca2f758c81e0acd653e01c5.jpg,ComplexDataLab/OpenFake,data/datasets/openfake/additional-900/images/real/603dd1302b2fb5cf5a47499e1bcb0ff47de5646afca2f758c81e0acd653e01c5.jpg,"[""data/datasets/openfake/additional-900/images/real/603dd1302b2fb5cf5a47499e1bcb0ff47de5646afca2f758c81e0acd653e01c5.jpg""]",603dd1302b2fb5cf5a47499e1bcb0ff47de5646afca2f758c81e0acd653e01c5,https://huggingface.co/datasets/ComplexDataLab/OpenFake,CC-BY-NC-4.0,,v1.0,750279a9710d3d98bbc6d0d87250312cfdf922a0,0,real,collection_manifest_normalized_label_verified_by_sha256,human,human,true,human_master_final,1,medium,1,medium,0.9799476861953735,0.11124388873577118,1,medium,resnet50_layer4_fc_weighted_ordinal_v3,48f6495d4a62ded10d98c3835ffcd33c8f5c653e5df19cb03aef62582060e9b4,training
61089498fa6e67451c15424db649e69423e797c675e6df2832c8f2ae9c1c7611,human_annotated/images/61089498fa6e67451c15424db649e69423e797c675e6df2832c8f2ae9c1c7611.png,RRDataset,data/datasets/RRDataset/selection_1500/lorenzo/ai/War_&_Conflict_Scenes_000578.png,"[""data/datasets/RRDataset/selection_1500/lorenzo/ai/War_&_Conflict_Scenes_000578.png""]",61089498fa6e67451c15424db649e69423e797c675e6df2832c8f2ae9c1c7611,https://zenodo.org/records/14963880,CC-BY-4.0,,,,1,fake,rrdataset_local_directory_verified_by_sha256,human,human,true,human_master_final,2,high,2,high,0.8198362588882446,0.6787757277488708,2,high,resnet50_layer4_fc_weighted_ordinal_v3,48f6495d4a62ded10d98c3835ffcd33c8f5c653e5df19cb03aef62582060e9b4,training
610bb04f5cc17bc394a8bd56ae5299c8351ef50a31762d1a12d3ed00834ec2a2,human_annotated/images/610bb04f5cc17bc394a8bd56ae5299c8351ef50a31762d1a12d3ed00834ec2a2.png,RRDataset,data/datasets/RRDataset/selection_1500/giovanni/ai/Natural_Disasters_&_Accidents_000473.png,"[""data/datasets/RRDataset/selection_1500/giovanni/ai/Natural_Disasters_&_Accidents_000473.png""]",610bb04f5cc17bc394a8bd56ae5299c8351ef50a31762d1a12d3ed00834ec2a2,https://zenodo.org/records/14963880,CC-BY-4.0,,,,1,fake,rrdataset_local_directory_verified_by_sha256,human,human,true,consolidated_human_review,1,medium,1,medium,0.7715128064155579,0.012285587377846241,1,medium,resnet50_layer4_fc_weighted_ordinal_v3,48f6495d4a62ded10d98c3835ffcd33c8f5c653e5df19cb03aef62582060e9b4,training
61247ee55e4488a5d0addd7258703161e593fafae19fb971e0b7bc5715bff317,human_annotated/images/61247ee55e4488a5d0addd7258703161e593fafae19fb971e0b7bc5715bff317.png,ComplexDataLab/OpenFake,data/datasets/openfake/pilot-600/images/fake/61247ee55e4488a5d0addd7258703161e593fafae19fb971e0b7bc5715bff317.png,"[""data/datasets/openfake/pilot-600/images/fake/61247ee55e4488a5d0addd7258703161e593fafae19fb971e0b7bc5715bff317.png""]",61247ee55e4488a5d0addd7258703161e593fafae19fb971e0b7bc5715bff317,https://huggingface.co/datasets/ComplexDataLab/OpenFake,CC-BY-NC-4.0,,v1.0,,1,fake,collection_manifest_normalized_label_verified_by_sha256,human,human,true,human_master_final,1,medium,1,medium,0.5592538118362427,0.25222867727279663,1,medium,resnet50_layer4_fc_weighted_ordinal_v3,48f6495d4a62ded10d98c3835ffcd33c8f5c653e5df19cb03aef62582060e9b4,frozen_test
613a64fcec133ac62d3086f33d31d7d132dc9d004c2572fc94917073e75e823f,human_annotated/images/613a64fcec133ac62d3086f33d31d7d132dc9d004c2572fc94917073e75e823f.png,RRDataset,data/datasets/RRDataset/selection_1500/giovanni/ai/Political_&_Social_Events_000574.png,"[""data/datasets/RRDataset/selection_1500/giovanni/ai/Political_&_Social_Events_000574.png""]",613a64fcec133ac62d3086f33d31d7d132dc9d004c2572fc94917073e75e823f,https://zenodo.org/records/14963880,CC-BY-4.0,,,,1,fake,rrdataset_local_directory_verified_by_sha256,human,human,true,human_master_final,1,medium,1,medium,0.7747756242752075,0.040108270943164825,1,medium,resnet50_layer4_fc_weighted_ordinal_v3,48f6495d4a62ded10d98c3835ffcd33c8f5c653e5df19cb03aef62582060e9b4,training
613bb2077fdc6a8a933961eb7be4242d0c8f6dba0d73b581b1ce4a989b99ecc9,human_annotated/images/613bb2077fdc6a8a933961eb7be4242d0c8f6dba0d73b581b1ce4a989b99ecc9.png,RRDataset,data/datasets/RRDataset/selection_1500/sara/ai/production_000778.png,"[""data/datasets/RRDataset/selection_1500/sara/ai/production_000778.png""]",613bb2077fdc6a8a933961eb7be4242d0c8f6dba0d73b581b1ce4a989b99ecc9,https://zenodo.org/records/14963880,CC-BY-4.0,,,,1,fake,rrdataset_local_directory_verified_by_sha256,human,human,true,human_master_final,0,low,1,medium,0.8659221529960632,0.23100949823856354,0,low,resnet50_layer4_fc_weighted_ordinal_v3,48f6495d4a62ded10d98c3835ffcd33c8f5c653e5df19cb03aef62582060e9b4,training
614a50c1242f57701db2051e9734db8a1d53cdd47c413de0591eceb5b8b8bc33,human_annotated/images/614a50c1242f57701db2051e9734db8a1d53cdd47c413de0591eceb5b8b8bc33.jpg,RRDataset,data/datasets/RRDataset/selection_1500/lorenzo/real/real_004244.jpg,"[""data/datasets/RRDataset/selection_1500/lorenzo/real/real_004244.jpg""]",614a50c1242f57701db2051e9734db8a1d53cdd47c413de0591eceb5b8b8bc33,https://zenodo.org/records/14963880,CC-BY-4.0,,,,0,real,rrdataset_local_directory_verified_by_sha256,human,human,true,human_master_final,1,medium,1,medium,0.9475346803665161,0.012251045554876328,1,medium,resnet50_layer4_fc_weighted_ordinal_v3,48f6495d4a62ded10d98c3835ffcd33c8f5c653e5df19cb03aef62582060e9b4,frozen_test
614d4e0e7f9ee043ee784c2f84575d80884091a0150deeaaee84a71e21009e61,human_annotated/images/614d4e0e7f9ee043ee784c2f84575d80884091a0150deeaaee84a71e21009e61.png,RRDataset,data/datasets/RRDataset/selection_1500/giovanni/ai/normal_007996.png,"[""data/datasets/RRDataset/selection_1500/giovanni/ai/normal_007996.png""]",614d4e0e7f9ee043ee784c2f84575d80884091a0150deeaaee84a71e21009e61,https://zenodo.org/records/14963880,CC-BY-4.0,,,,1,fake,rrdataset_local_directory_verified_by_sha256,human,human,true,human_master_final,0,low,0,low,0.3264624774456024,0.11909633129835129,0,low,resnet50_layer4_fc_weighted_ordinal_v3,48f6495d4a62ded10d98c3835ffcd33c8f5c653e5df19cb03aef62582060e9b4,frozen_test
6199200986325e5fc448796786739d393a23a95be3c7084fa735f7565592f389,human_annotated/images/6199200986325e5fc448796786739d393a23a95be3c7084fa735f7565592f389.png,saberzl/SID_Set,data/datasets/sid-set/candidate-1500/images/fake/6199200986325e5fc448796786739d393a23a95be3c7084fa735f7565592f389.png,"[""data/datasets/sid-set/candidate-1500/images/fake/6199200986325e5fc448796786739d393a23a95be3c7084fa735f7565592f389.png""]",6199200986325e5fc448796786739d393a23a95be3c7084fa735f7565592f389,https://huggingface.co/datasets/saberzl/SID_Set,CC-BY-4.0,full_synthetic_027697,main,dc03ead57929879319ce30a82bfcfb8d317b10bd,1,fake,collection_manifest_normalized_label_verified_by_sha256,human,human,true,human_master_final,1,medium,1,medium,0.5978478193283081,0.012907933443784714,1,medium,resnet50_layer4_fc_weighted_ordinal_v3,48f6495d4a62ded10d98c3835ffcd33c8f5c653e5df19cb03aef62582060e9b4,frozen_test
61a8df1641bf64796e73420f2245f5a75f38230d995a7b00fd1305069ab09bcc,human_annotated/images/61a8df1641bf64796e73420f2245f5a75f38230d995a7b00fd1305069ab09bcc.png,saberzl/SID_Set,data/datasets/sid-set/candidate-1500/images/fake/61a8df1641bf64796e73420f2245f5a75f38230d995a7b00fd1305069ab09bcc.png,"[""data/datasets/sid-set/candidate-1500/images/fake/61a8df1641bf64796e73420f2245f5a75f38230d995a7b00fd1305069ab09bcc.png""]",61a8df1641bf64796e73420f2245f5a75f38230d995a7b00fd1305069ab09bcc,https://huggingface.co/datasets/saberzl/SID_Set,CC-BY-4.0,full_synthetic_009099,main,dc03ead57929879319ce30a82bfcfb8d317b10bd,1,fake,collection_manifest_normalized_label_verified_by_sha256,human,human,true,human_master_final,1,medium,1,medium,0.8409388661384583,0.1305888146162033,1,medium,resnet50_layer4_fc_weighted_ordinal_v3,48f6495d4a62ded10d98c3835ffcd33c8f5c653e5df19cb03aef62582060e9b4,validation
61f3d0ee0f0a347146006c71f380deb2a92fdbf3028176338dfb2c8c42db839d,human_annotated/images/61f3d0ee0f0a347146006c71f380deb2a92fdbf3028176338dfb2c8c42db839d.png,saberzl/SID_Set,data/datasets/sid-set/candidate-1500/images/fake/61f3d0ee0f0a347146006c71f380deb2a92fdbf3028176338dfb2c8c42db839d.png,"[""data/datasets/sid-set/candidate-1500/images/fake/61f3d0ee0f0a347146006c71f380deb2a92fdbf3028176338dfb2c8c42db839d.png""]",61f3d0ee0f0a347146006c71f380deb2a92fdbf3028176338dfb2c8c42db839d,https://huggingface.co/datasets/saberzl/SID_Set,CC-BY-4.0,full_synthetic_027389,main,dc03ead57929879319ce30a82bfcfb8d317b10bd,1,fake,collection_manifest_normalized_label_verified_by_sha256,human,human,true,consolidated_human_review,1,medium,2,high,0.951514482498169,0.5763400793075562,1,medium,resnet50_layer4_fc_weighted_ordinal_v3,48f6495d4a62ded10d98c3835ffcd33c8f5c653e5df19cb03aef62582060e9b4,validation
61f909b06febecc48f4fe174c45f462125dc383bb777051fcf03639d4e9f7ac7,human_annotated/images/61f909b06febecc48f4fe174c45f462125dc383bb777051fcf03639d4e9f7ac7.png,ComplexDataLab/OpenFake,data/datasets/openfake/pilot-600/images/fake/61f909b06febecc48f4fe174c45f462125dc383bb777051fcf03639d4e9f7ac7.png,"[""data/datasets/openfake/pilot-600/images/fake/61f909b06febecc48f4fe174c45f462125dc383bb777051fcf03639d4e9f7ac7.png""]",61f909b06febecc48f4fe174c45f462125dc383bb777051fcf03639d4e9f7ac7,https://huggingface.co/datasets/ComplexDataLab/OpenFake,CC-BY-NC-4.0,,v1.0,,1,fake,collection_manifest_normalized_label_verified_by_sha256,human,human,true,consolidated_human_review,1,medium,1,medium,0.7611620426177979,0.328217089176178,1,medium,resnet50_layer4_fc_weighted_ordinal_v3,48f6495d4a62ded10d98c3835ffcd33c8f5c653e5df19cb03aef62582060e9b4,training
620eb343068463d85204241abf4a94a59cca9afc23b283245d7a10a4dbca5582,human_annotated/images/620eb343068463d85204241abf4a94a59cca9afc23b283245d7a10a4dbca5582.png,RRDataset,data/datasets/RRDataset/selection_1500/giovanni/ai/Culture_&_Religion_000904.png,"[""data/datasets/RRDataset/selection_1500/giovanni/ai/Culture_&_Religion_000904.png""]",620eb343068463d85204241abf4a94a59cca9afc23b283245d7a10a4dbca5582,https://zenodo.org/records/14963880,CC-BY-4.0,,,,1,fake,rrdataset_local_directory_verified_by_sha256,human,human,true,human_master_final,1,medium,1,medium,0.9718604683876038,0.2763018012046814,1,medium,resnet50_layer4_fc_weighted_ordinal_v3,48f6495d4a62ded10d98c3835ffcd33c8f5c653e5df19cb03aef62582060e9b4,frozen_test
62795a2b1cbe271bf97399a28ad4fac3bfc23f8f38707773ce1438374182d797,human_annotated/images/62795a2b1cbe271bf97399a28ad4fac3bfc23f8f38707773ce1438374182d797.png,saberzl/SID_Set,data/datasets/sid-set/candidate-1500/images/fake/62795a2b1cbe271bf97399a28ad4fac3bfc23f8f38707773ce1438374182d797.png,"[""data/datasets/sid-set/candidate-1500/images/fake/62795a2b1cbe271bf97399a28ad4fac3bfc23f8f38707773ce1438374182d797.png""]",62795a2b1cbe271bf97399a28ad4fac3bfc23f8f38707773ce1438374182d797,https://huggingface.co/datasets/saberzl/SID_Set,CC-BY-4.0,full_synthetic_021301,main,dc03ead57929879319ce30a82bfcfb8d317b10bd,1,fake,collection_manifest_normalized_label_verified_by_sha256,human,human,true,human_master_final,1,medium,1,medium,0.8791847825050354,0.28892824053764343,1,medium,resnet50_layer4_fc_weighted_ordinal_v3,48f6495d4a62ded10d98c3835ffcd33c8f5c653e5df19cb03aef62582060e9b4,training
6280dffb6c193a22ea8f3281ce09816bac93fb7eab5602934bb6c53d8653b476,human_annotated/images/6280dffb6c193a22ea8f3281ce09816bac93fb7eab5602934bb6c53d8653b476.jpg,RRDataset,data/datasets/RRDataset/selection_1500/giovanni/real/real_003402.jpg,"[""data/datasets/RRDataset/selection_1500/giovanni/real/real_003402.jpg""]",6280dffb6c193a22ea8f3281ce09816bac93fb7eab5602934bb6c53d8653b476,https://zenodo.org/records/14963880,CC-BY-4.0,,,,0,real,rrdataset_local_directory_verified_by_sha256,human,human,true,human_master_final,0,low,0,low,0.4310687482357025,0.08410055935382843,0,low,resnet50_layer4_fc_weighted_ordinal_v3,48f6495d4a62ded10d98c3835ffcd33c8f5c653e5df19cb03aef62582060e9b4,training
6302fc45b66e8edecec30b745b4c49971e5487938b63515bb3281b3e42160bde,human_annotated/images/6302fc45b66e8edecec30b745b4c49971e5487938b63515bb3281b3e42160bde.png,saberzl/SID_Set,data/datasets/sid-set/candidate-1500/images/fake/6302fc45b66e8edecec30b745b4c49971e5487938b63515bb3281b3e42160bde.png,"[""data/datasets/sid-set/candidate-1500/images/fake/6302fc45b66e8edecec30b745b4c49971e5487938b63515bb3281b3e42160bde.png""]",6302fc45b66e8edecec30b745b4c49971e5487938b63515bb3281b3e42160bde,https://huggingface.co/datasets/saberzl/SID_Set,CC-BY-4.0,full_synthetic_022706,main,dc03ead57929879319ce30a82bfcfb8d317b10bd,1,fake,collection_manifest_normalized_label_verified_by_sha256,human,human,true,consolidated_human_review,0,low,0,low,0.4959845244884491,0.025009633973240852,0,low,resnet50_layer4_fc_weighted_ordinal_v3,48f6495d4a62ded10d98c3835ffcd33c8f5c653e5df19cb03aef62582060e9b4,validation
634189c5987c5e5f68775d5b5df219b6eb58e6b8a59fe9f9361afd232dbfe042,human_annotated/images/634189c5987c5e5f68775d5b5df219b6eb58e6b8a59fe9f9361afd232dbfe042.jpg,RRDataset,data/datasets/RRDataset/selection_1500/lorenzo/real/real_004479.jpg,"[""data/datasets/RRDataset/selection_1500/lorenzo/real/real_004479.jpg""]",634189c5987c5e5f68775d5b5df219b6eb58e6b8a59fe9f9361afd232dbfe042,https://zenodo.org/records/14963880,CC-BY-4.0,,,,0,real,rrdataset_local_directory_verified_by_sha256,human,human,true,human_master_final,1,medium,1,medium,0.5522287487983704,0.004605425987392664,1,medium,resnet50_layer4_fc_weighted_ordinal_v3,48f6495d4a62ded10d98c3835ffcd33c8f5c653e5df19cb03aef62582060e9b4,training
63d2dfe772f2266863c7b943c781ba67154e71b40c91568a275417947f8ead18,human_annotated/images/63d2dfe772f2266863c7b943c781ba67154e71b40c91568a275417947f8ead18.png,saberzl/SID_Set,data/datasets/sid-set/candidate-1500/images/fake/63d2dfe772f2266863c7b943c781ba67154e71b40c91568a275417947f8ead18.png,"[""data/datasets/sid-set/candidate-1500/images/fake/63d2dfe772f2266863c7b943c781ba67154e71b40c91568a275417947f8ead18.png""]",63d2dfe772f2266863c7b943c781ba67154e71b40c91568a275417947f8ead18,https://huggingface.co/datasets/saberzl/SID_Set,CC-BY-4.0,full_synthetic_005004,main,dc03ead57929879319ce30a82bfcfb8d317b10bd,1,fake,collection_manifest_normalized_label_verified_by_sha256,human,human,true,human_master_final,1,medium,1,medium,0.7128384709358215,0.007895763032138348,1,medium,resnet50_layer4_fc_weighted_ordinal_v3,48f6495d4a62ded10d98c3835ffcd33c8f5c653e5df19cb03aef62582060e9b4,training
643dde2fdf01a33db8803fc887059cd4e667578d001218a2805a52b6d40bc46c,human_annotated/images/643dde2fdf01a33db8803fc887059cd4e667578d001218a2805a52b6d40bc46c.png,RRDataset,data/datasets/RRDataset/selection_1500/sara/ai/War_&_Conflict_Scenes_000303.png,"[""data/datasets/RRDataset/selection_1500/sara/ai/War_&_Conflict_Scenes_000303.png""]",643dde2fdf01a33db8803fc887059cd4e667578d001218a2805a52b6d40bc46c,https://zenodo.org/records/14963880,CC-BY-4.0,,,,1,fake,rrdataset_local_directory_verified_by_sha256,human,human,true,consolidated_human_review,2,high,2,high,0.8758323192596436,0.6441545486450195,2,high,resnet50_layer4_fc_weighted_ordinal_v3,48f6495d4a62ded10d98c3835ffcd33c8f5c653e5df19cb03aef62582060e9b4,training
64543249e02f16b04ca96069bc481af9a8b71f5fa7fa270f6581eff9581014a9,human_annotated/images/64543249e02f16b04ca96069bc481af9a8b71f5fa7fa270f6581eff9581014a9.jpg,ComplexDataLab/OpenFake,data/datasets/openfake/additional-900/images/real/64543249e02f16b04ca96069bc481af9a8b71f5fa7fa270f6581eff9581014a9.jpg,"[""data/datasets/openfake/additional-900/images/real/64543249e02f16b04ca96069bc481af9a8b71f5fa7fa270f6581eff9581014a9.jpg""]",64543249e02f16b04ca96069bc481af9a8b71f5fa7fa270f6581eff9581014a9,https://huggingface.co/datasets/ComplexDataLab/OpenFake,CC-BY-NC-4.0,,v1.0,750279a9710d3d98bbc6d0d87250312cfdf922a0,0,real,collection_manifest_normalized_label_verified_by_sha256,human,human,true,consolidated_human_review,0,low,0,low,0.381012499332428,0.012252413667738438,0,low,resnet50_layer4_fc_weighted_ordinal_v3,48f6495d4a62ded10d98c3835ffcd33c8f5c653e5df19cb03aef62582060e9b4,training
64b8981cad627b8a4ea522fd7f9b4665a2e7ac294ee7c603d493de48c23de7a4,human_annotated/images/64b8981cad627b8a4ea522fd7f9b4665a2e7ac294ee7c603d493de48c23de7a4.png,saberzl/SID_Set,data/datasets/sid-set/candidate-1500/images/fake/64b8981cad627b8a4ea522fd7f9b4665a2e7ac294ee7c603d493de48c23de7a4.png,"[""data/datasets/sid-set/candidate-1500/images/fake/64b8981cad627b8a4ea522fd7f9b4665a2e7ac294ee7c603d493de48c23de7a4.png""]",64b8981cad627b8a4ea522fd7f9b4665a2e7ac294ee7c603d493de48c23de7a4,https://huggingface.co/datasets/saberzl/SID_Set,CC-BY-4.0,full_synthetic_029991,main,dc03ead57929879319ce30a82bfcfb8d317b10bd,1,fake,collection_manifest_normalized_label_verified_by_sha256,human,human,true,consolidated_human_review,1,medium,2,high,0.9179149270057678,0.45254209637641907,1,medium,resnet50_layer4_fc_weighted_ordinal_v3,48f6495d4a62ded10d98c3835ffcd33c8f5c653e5df19cb03aef62582060e9b4,training
64cfc18eb94db8fcb01419115e6348cd744f8ac4fcc48404fd9c764cd38b9ae7,human_annotated/images/64cfc18eb94db8fcb01419115e6348cd744f8ac4fcc48404fd9c764cd38b9ae7.jpg,RRDataset,data/datasets/RRDataset/selection_1500/sara/real/real_005454.jpg,"[""data/datasets/RRDataset/selection_1500/sara/real/real_005454.jpg""]",64cfc18eb94db8fcb01419115e6348cd744f8ac4fcc48404fd9c764cd38b9ae7,https://zenodo.org/records/14963880,CC-BY-4.0,,,,0,real,rrdataset_local_directory_verified_by_sha256,human,human,true,human_master_final,1,medium,1,medium,0.8608284592628479,0.05117889493703842,1,medium,resnet50_layer4_fc_weighted_ordinal_v3,48f6495d4a62ded10d98c3835ffcd33c8f5c653e5df19cb03aef62582060e9b4,training
64d72d545eb2792a0ef1ef8c54ecbcd1f088d124a8eeb7e1fadc10978118eca4,human_annotated/images/64d72d545eb2792a0ef1ef8c54ecbcd1f088d124a8eeb7e1fadc10978118eca4.jpg,ComplexDataLab/OpenFake,data/datasets/openfake/pilot-600/images/real/64d72d545eb2792a0ef1ef8c54ecbcd1f088d124a8eeb7e1fadc10978118eca4.jpg,"[""data/datasets/openfake/pilot-600/images/real/64d72d545eb2792a0ef1ef8c54ecbcd1f088d124a8eeb7e1fadc10978118eca4.jpg""]",64d72d545eb2792a0ef1ef8c54ecbcd1f088d124a8eeb7e1fadc10978118eca4,https://huggingface.co/datasets/ComplexDataLab/OpenFake,CC-BY-NC-4.0,,v1.0,,0,real,collection_manifest_normalized_label_verified_by_sha256,human,human,true,human_master_final,1,medium,1,medium,0.8470522165298462,0.02717110514640808,1,medium,resnet50_layer4_fc_weighted_ordinal_v3,48f6495d4a62ded10d98c3835ffcd33c8f5c653e5df19cb03aef62582060e9b4,frozen_test
64e6bb1101dc3d0a513c1730d71644058ff961c2218f1644dd2a6febd3c0b5ef,human_annotated/images/64e6bb1101dc3d0a513c1730d71644058ff961c2218f1644dd2a6febd3c0b5ef.jpg,RRDataset,data/datasets/RRDataset/selection_1500/sara/real/real_002825.jpg,"[""data/datasets/RRDataset/selection_1500/sara/real/real_002825.jpg""]",64e6bb1101dc3d0a513c1730d71644058ff961c2218f1644dd2a6febd3c0b5ef,https://zenodo.org/records/14963880,CC-BY-4.0,,,,0,real,rrdataset_local_directory_verified_by_sha256,human,human,true,human_master_final,0,low,0,low,0.10159745067358017,0.0010194333735853434,0,low,resnet50_layer4_fc_weighted_ordinal_v3,48f6495d4a62ded10d98c3835ffcd33c8f5c653e5df19cb03aef62582060e9b4,frozen_test
652f4873689a83ee01585c4938c72d4a193e6e67f382c1b5d8125a8f03de2482,human_annotated/images/652f4873689a83ee01585c4938c72d4a193e6e67f382c1b5d8125a8f03de2482.jpg,saberzl/SID_Set,data/datasets/sid-set/candidate-1500/images/real/652f4873689a83ee01585c4938c72d4a193e6e67f382c1b5d8125a8f03de2482.jpg,"[""data/datasets/sid-set/candidate-1500/images/real/652f4873689a83ee01585c4938c72d4a193e6e67f382c1b5d8125a8f03de2482.jpg""]",652f4873689a83ee01585c4938c72d4a193e6e67f382c1b5d8125a8f03de2482,https://huggingface.co/datasets/saberzl/SID_Set,CC-BY-4.0,a9562091c1f1fef4,main,dc03ead57929879319ce30a82bfcfb8d317b10bd,0,real,collection_manifest_normalized_label_verified_by_sha256,human,human,true,consolidated_human_review,2,high,1,medium,0.8527548909187317,0.2782677412033081,2,high,resnet50_layer4_fc_weighted_ordinal_v3,48f6495d4a62ded10d98c3835ffcd33c8f5c653e5df19cb03aef62582060e9b4,training
653496e0b05c19dcd1ddc944e0ba065bce354ada9e084d54d6923cc4df542809,human_annotated/images/653496e0b05c19dcd1ddc944e0ba065bce354ada9e084d54d6923cc4df542809.png,RRDataset,data/datasets/RRDataset/selection_1500/lorenzo/ai/production_000854.png,"[""data/datasets/RRDataset/selection_1500/lorenzo/ai/production_000854.png""]",653496e0b05c19dcd1ddc944e0ba065bce354ada9e084d54d6923cc4df542809,https://zenodo.org/records/14963880,CC-BY-4.0,,,,1,fake,rrdataset_local_directory_verified_by_sha256,human,human,true,human_master_final,0,low,0,low,0.48508933186531067,0.017423667013645172,0,low,resnet50_layer4_fc_weighted_ordinal_v3,48f6495d4a62ded10d98c3835ffcd33c8f5c653e5df19cb03aef62582060e9b4,training
6541e738c03aca6839224b03fc23392e8bdd223e8913fe0444b3f8c4a5a761f8,human_annotated/images/6541e738c03aca6839224b03fc23392e8bdd223e8913fe0444b3f8c4a5a761f8.jpg,RRDataset,data/datasets/RRDataset/selection_1500/giovanni/real/real_004390.jpg,"[""data/datasets/RRDataset/selection_1500/giovanni/real/real_004390.jpg""]",6541e738c03aca6839224b03fc23392e8bdd223e8913fe0444b3f8c4a5a761f8,https://zenodo.org/records/14963880,CC-BY-4.0,,,,0,real,rrdataset_local_directory_verified_by_sha256,human,human,true,human_master_final,1,medium,1,medium,0.5177448987960815,0.04376531019806862,1,medium,resnet50_layer4_fc_weighted_ordinal_v3,48f6495d4a62ded10d98c3835ffcd33c8f5c653e5df19cb03aef62582060e9b4,training
65dd5ce1b90f73808f8b19456d70aa35b95eef26d213b34cee35cfa3f74ffcd6,human_annotated/images/65dd5ce1b90f73808f8b19456d70aa35b95eef26d213b34cee35cfa3f74ffcd6.jpg,saberzl/SID_Set,data/datasets/sid-set/candidate-1500/images/real/65dd5ce1b90f73808f8b19456d70aa35b95eef26d213b34cee35cfa3f74ffcd6.jpg,"[""data/datasets/sid-set/candidate-1500/images/real/65dd5ce1b90f73808f8b19456d70aa35b95eef26d213b34cee35cfa3f74ffcd6.jpg""]",65dd5ce1b90f73808f8b19456d70aa35b95eef26d213b34cee35cfa3f74ffcd6,https://huggingface.co/datasets/saberzl/SID_Set,CC-BY-4.0,d09891922a984ad2,main,dc03ead57929879319ce30a82bfcfb8d317b10bd,0,real,collection_manifest_normalized_label_verified_by_sha256,human,human,true,human_master_final,0,low,1,medium,0.6658743023872375,0.02578139677643776,0,low,resnet50_layer4_fc_weighted_ordinal_v3,48f6495d4a62ded10d98c3835ffcd33c8f5c653e5df19cb03aef62582060e9b4,frozen_test
6620796d29f788aee268e3f412385e011bb4d7bec735e6c93781555e38096743,human_annotated/images/6620796d29f788aee268e3f412385e011bb4d7bec735e6c93781555e38096743.jpg,RRDataset,data/datasets/RRDataset/selection_1500/giovanni/real/real_003602.jpg,"[""data/datasets/RRDataset/selection_1500/giovanni/real/real_003602.jpg""]",6620796d29f788aee268e3f412385e011bb4d7bec735e6c93781555e38096743,https://zenodo.org/records/14963880,CC-BY-4.0,,,,0,real,rrdataset_local_directory_verified_by_sha256,human,human,true,consolidated_human_review,0,low,1,medium,0.8145104646682739,0.15842635929584503,0,low,resnet50_layer4_fc_weighted_ordinal_v3,48f6495d4a62ded10d98c3835ffcd33c8f5c653e5df19cb03aef62582060e9b4,training
6640cfd285f46c44334c6956c11d0fc9d84d0606c10e6f014d678eb386d34f16,human_annotated/images/6640cfd285f46c44334c6956c11d0fc9d84d0606c10e6f014d678eb386d34f16.png,ComplexDataLab/OpenFake,data/datasets/openfake/pilot-600/images/fake/6640cfd285f46c44334c6956c11d0fc9d84d0606c10e6f014d678eb386d34f16.png,"[""data/datasets/openfake/pilot-600/images/fake/6640cfd285f46c44334c6956c11d0fc9d84d0606c10e6f014d678eb386d34f16.png""]",6640cfd285f46c44334c6956c11d0fc9d84d0606c10e6f014d678eb386d34f16,https://huggingface.co/datasets/ComplexDataLab/OpenFake,CC-BY-NC-4.0,,v1.0,,1,fake,collection_manifest_normalized_label_verified_by_sha256,human,human,true,human_master_final,1,medium,1,medium,0.9856472015380859,0.03187674656510353,1,medium,resnet50_layer4_fc_weighted_ordinal_v3,48f6495d4a62ded10d98c3835ffcd33c8f5c653e5df19cb03aef62582060e9b4,training
66d1c75663ae34ad18d2851f9f84f8ea3d30d2db53494ff60c49e84435e3a26c,human_annotated/images/66d1c75663ae34ad18d2851f9f84f8ea3d30d2db53494ff60c49e84435e3a26c.jpg,saberzl/SID_Set,data/datasets/sid-set/candidate-1500/images/real/66d1c75663ae34ad18d2851f9f84f8ea3d30d2db53494ff60c49e84435e3a26c.jpg,"[""data/datasets/sid-set/candidate-1500/images/real/66d1c75663ae34ad18d2851f9f84f8ea3d30d2db53494ff60c49e84435e3a26c.jpg""]",66d1c75663ae34ad18d2851f9f84f8ea3d30d2db53494ff60c49e84435e3a26c,https://huggingface.co/datasets/saberzl/SID_Set,CC-BY-4.0,55df57775f4260cb,main,dc03ead57929879319ce30a82bfcfb8d317b10bd,0,real,collection_manifest_normalized_label_verified_by_sha256,human,human,true,consolidated_human_review,1,medium,1,medium,0.9055413603782654,0.09342043846845627,1,medium,resnet50_layer4_fc_weighted_ordinal_v3,48f6495d4a62ded10d98c3835ffcd33c8f5c653e5df19cb03aef62582060e9b4,validation
673e22fe4de49eb8d349c55010c64daec7b10f5bee7a5dcb304c21f3ef13bf34,human_annotated/images/673e22fe4de49eb8d349c55010c64daec7b10f5bee7a5dcb304c21f3ef13bf34.jpg,RRDataset,data/datasets/RRDataset/selection_1500/lorenzo/real/real_004709.jpg,"[""data/datasets/RRDataset/selection_1500/lorenzo/real/real_004709.jpg""]",673e22fe4de49eb8d349c55010c64daec7b10f5bee7a5dcb304c21f3ef13bf34,https://zenodo.org/records/14963880,CC-BY-4.0,,,,0,real,rrdataset_local_directory_verified_by_sha256,human,human,true,human_master_final,0,low,0,low,0.18894721567630768,0.007615294773131609,0,low,resnet50_layer4_fc_weighted_ordinal_v3,48f6495d4a62ded10d98c3835ffcd33c8f5c653e5df19cb03aef62582060e9b4,training
679edc2def87f6cdcada973bb75f79a9e07a4d3e11067c183308ee9dbdc453bc,human_annotated/images/679edc2def87f6cdcada973bb75f79a9e07a4d3e11067c183308ee9dbdc453bc.png,ComplexDataLab/OpenFake,data/datasets/openfake/pilot-600/images/fake/679edc2def87f6cdcada973bb75f79a9e07a4d3e11067c183308ee9dbdc453bc.png,"[""data/datasets/openfake/pilot-600/images/fake/679edc2def87f6cdcada973bb75f79a9e07a4d3e11067c183308ee9dbdc453bc.png""]",679edc2def87f6cdcada973bb75f79a9e07a4d3e11067c183308ee9dbdc453bc,https://huggingface.co/datasets/ComplexDataLab/OpenFake,CC-BY-NC-4.0,,v1.0,,1,fake,collection_manifest_normalized_label_verified_by_sha256,human,human,true,human_master_final,1,medium,1,medium,0.9835786819458008,0.05468595772981644,1,medium,resnet50_layer4_fc_weighted_ordinal_v3,48f6495d4a62ded10d98c3835ffcd33c8f5c653e5df19cb03aef62582060e9b4,frozen_test
67de5aa21677d23c0030c30f9da077dfd66f44b3646c8a8ae6a128c2e9c8e64b,human_annotated/images/67de5aa21677d23c0030c30f9da077dfd66f44b3646c8a8ae6a128c2e9c8e64b.jpg,RRDataset,data/datasets/RRDataset/selection_1500/lorenzo/real/real_007278.jpg,"[""data/datasets/RRDataset/selection_1500/lorenzo/real/real_007278.jpg""]",67de5aa21677d23c0030c30f9da077dfd66f44b3646c8a8ae6a128c2e9c8e64b,https://zenodo.org/records/14963880,CC-BY-4.0,,,,0,real,rrdataset_local_directory_verified_by_sha256,human,human,true,human_master_final,1,medium,1,medium,0.9397584199905396,0.3458320200443268,1,medium,resnet50_layer4_fc_weighted_ordinal_v3,48f6495d4a62ded10d98c3835ffcd33c8f5c653e5df19cb03aef62582060e9b4,training
693a20425091c33eb3d9aa7f59c534700dd686af26257509a27e473b620eb3e4,human_annotated/images/693a20425091c33eb3d9aa7f59c534700dd686af26257509a27e473b620eb3e4.jpg,ComplexDataLab/OpenFake,data/datasets/openfake/pilot-600/images/real/693a20425091c33eb3d9aa7f59c534700dd686af26257509a27e473b620eb3e4.jpg,"[""data/datasets/openfake/pilot-600/images/real/693a20425091c33eb3d9aa7f59c534700dd686af26257509a27e473b620eb3e4.jpg""]",693a20425091c33eb3d9aa7f59c534700dd686af26257509a27e473b620eb3e4,https://huggingface.co/datasets/ComplexDataLab/OpenFake,CC-BY-NC-4.0,,v1.0,,0,real,collection_manifest_normalized_label_verified_by_sha256,human,human,true,consolidated_human_review,1,medium,1,medium,0.8470327854156494,0.11172022670507431,1,medium,resnet50_layer4_fc_weighted_ordinal_v3,48f6495d4a62ded10d98c3835ffcd33c8f5c653e5df19cb03aef62582060e9b4,validation
693ba2c39e5fe30924b39b31770a389ba5fe069bbefdcc89f8598cd0cdd91e91,human_annotated/images/693ba2c39e5fe30924b39b31770a389ba5fe069bbefdcc89f8598cd0cdd91e91.png,saberzl/SID_Set,data/datasets/sid-set/candidate-1500/images/fake/693ba2c39e5fe30924b39b31770a389ba5fe069bbefdcc89f8598cd0cdd91e91.png,"[""data/datasets/sid-set/candidate-1500/images/fake/693ba2c39e5fe30924b39b31770a389ba5fe069bbefdcc89f8598cd0cdd91e91.png""]",693ba2c39e5fe30924b39b31770a389ba5fe069bbefdcc89f8598cd0cdd91e91,https://huggingface.co/datasets/saberzl/SID_Set,CC-BY-4.0,full_synthetic_013571,main,dc03ead57929879319ce30a82bfcfb8d317b10bd,1,fake,collection_manifest_normalized_label_verified_by_sha256,human,human,true,human_master_final,0,low,1,medium,0.7418818473815918,0.050131965428590775,0,low,resnet50_layer4_fc_weighted_ordinal_v3,48f6495d4a62ded10d98c3835ffcd33c8f5c653e5df19cb03aef62582060e9b4,training
6a38965d7ba54be6ed4be5b544918a37280a7469e4b87b75f1ebe6d554d9ffda,human_annotated/images/6a38965d7ba54be6ed4be5b544918a37280a7469e4b87b75f1ebe6d554d9ffda.jpg,ComplexDataLab/OpenFake,data/datasets/openfake/additional-900/images/real/6a38965d7ba54be6ed4be5b544918a37280a7469e4b87b75f1ebe6d554d9ffda.jpg,"[""data/datasets/openfake/additional-900/images/real/6a38965d7ba54be6ed4be5b544918a37280a7469e4b87b75f1ebe6d554d9ffda.jpg""]",6a38965d7ba54be6ed4be5b544918a37280a7469e4b87b75f1ebe6d554d9ffda,https://huggingface.co/datasets/ComplexDataLab/OpenFake,CC-BY-NC-4.0,,v1.0,750279a9710d3d98bbc6d0d87250312cfdf922a0,0,real,collection_manifest_normalized_label_verified_by_sha256,human,human,true,human_master_final,1,medium,1,medium,0.686089277267456,0.01183860283344984,1,medium,resnet50_layer4_fc_weighted_ordinal_v3,48f6495d4a62ded10d98c3835ffcd33c8f5c653e5df19cb03aef62582060e9b4,frozen_test
6a7c1c271c979f90de66842f8030b0f2d0ec75c40e6b39218918b87b0c871f23,human_annotated/images/6a7c1c271c979f90de66842f8030b0f2d0ec75c40e6b39218918b87b0c871f23.png,RRDataset,data/datasets/RRDataset/selection_1500/lorenzo/ai/normal_007261.png,"[""data/datasets/RRDataset/selection_1500/lorenzo/ai/normal_007261.png""]",6a7c1c271c979f90de66842f8030b0f2d0ec75c40e6b39218918b87b0c871f23,https://zenodo.org/records/14963880,CC-BY-4.0,,,,1,fake,rrdataset_local_directory_verified_by_sha256,human,human,true,consolidated_human_review,0,low,0,low,0.27737247943878174,0.012412271462380886,0,low,resnet50_layer4_fc_weighted_ordinal_v3,48f6495d4a62ded10d98c3835ffcd33c8f5c653e5df19cb03aef62582060e9b4,training
6adef498610766a4153723e0101578303b6f7638fdc6ed204edba2266d0414ea,human_annotated/images/6adef498610766a4153723e0101578303b6f7638fdc6ed204edba2266d0414ea.jpg,RRDataset,data/datasets/RRDataset/selection_1500/giovanni/real/real_009548.jpg,"[""data/datasets/RRDataset/selection_1500/giovanni/real/real_009548.jpg""]",6adef498610766a4153723e0101578303b6f7638fdc6ed204edba2266d0414ea,https://zenodo.org/records/14963880,CC-BY-4.0,,,,0,real,rrdataset_local_directory_verified_by_sha256,human,human,true,human_master_final,1,medium,0,low,0.4568065404891968,0.005293740425258875,1,medium,resnet50_layer4_fc_weighted_ordinal_v3,48f6495d4a62ded10d98c3835ffcd33c8f5c653e5df19cb03aef62582060e9b4,validation
6b14c74f3bd6103ead4041936eabb638aec06ce7a167c63d69ce462bb8a45bac,human_annotated/images/6b14c74f3bd6103ead4041936eabb638aec06ce7a167c63d69ce462bb8a45bac.jpg,ComplexDataLab/OpenFake,data/datasets/openfake/additional-900/images/real/6b14c74f3bd6103ead4041936eabb638aec06ce7a167c63d69ce462bb8a45bac.jpg,"[""data/datasets/openfake/additional-900/images/real/6b14c74f3bd6103ead4041936eabb638aec06ce7a167c63d69ce462bb8a45bac.jpg""]",6b14c74f3bd6103ead4041936eabb638aec06ce7a167c63d69ce462bb8a45bac,https://huggingface.co/datasets/ComplexDataLab/OpenFake,CC-BY-NC-4.0,,v1.0,750279a9710d3d98bbc6d0d87250312cfdf922a0,0,real,collection_manifest_normalized_label_verified_by_sha256,human,human,true,human_master_final,1,medium,1,medium,0.9570267200469971,0.05309172347187996,1,medium,resnet50_layer4_fc_weighted_ordinal_v3,48f6495d4a62ded10d98c3835ffcd33c8f5c653e5df19cb03aef62582060e9b4,frozen_test
6b3c4dfb860a050748c40524258998b7e96b7e458f87092af8806663d69575bb,human_annotated/images/6b3c4dfb860a050748c40524258998b7e96b7e458f87092af8806663d69575bb.png,saberzl/SID_Set,data/datasets/sid-set/candidate-1500/images/fake/6b3c4dfb860a050748c40524258998b7e96b7e458f87092af8806663d69575bb.png,"[""data/datasets/sid-set/candidate-1500/images/fake/6b3c4dfb860a050748c40524258998b7e96b7e458f87092af8806663d69575bb.png""]",6b3c4dfb860a050748c40524258998b7e96b7e458f87092af8806663d69575bb,https://huggingface.co/datasets/saberzl/SID_Set,CC-BY-4.0,full_synthetic_064461,main,dc03ead57929879319ce30a82bfcfb8d317b10bd,1,fake,collection_manifest_normalized_label_verified_by_sha256,human,human,true,human_master_final,0,low,0,low,0.26570141315460205,0.02405783347785473,0,low,resnet50_layer4_fc_weighted_ordinal_v3,48f6495d4a62ded10d98c3835ffcd33c8f5c653e5df19cb03aef62582060e9b4,validation
6b544cb858e7eb367417f4d4989f0c8b1e77f688751d78a5ecc42ec42b070409,human_annotated/images/6b544cb858e7eb367417f4d4989f0c8b1e77f688751d78a5ecc42ec42b070409.png,saberzl/SID_Set,data/datasets/sid-set/candidate-1500/images/fake/6b544cb858e7eb367417f4d4989f0c8b1e77f688751d78a5ecc42ec42b070409.png,"[""data/datasets/sid-set/candidate-1500/images/fake/6b544cb858e7eb367417f4d4989f0c8b1e77f688751d78a5ecc42ec42b070409.png""]",6b544cb858e7eb367417f4d4989f0c8b1e77f688751d78a5ecc42ec42b070409,https://huggingface.co/datasets/saberzl/SID_Set,CC-BY-4.0,full_synthetic_047801,main,dc03ead57929879319ce30a82bfcfb8d317b10bd,1,fake,collection_manifest_normalized_label_verified_by_sha256,human,human,true,human_master_final,1,medium,1,medium,0.7210001945495605,0.011014018207788467,1,medium,resnet50_layer4_fc_weighted_ordinal_v3,48f6495d4a62ded10d98c3835ffcd33c8f5c653e5df19cb03aef62582060e9b4,validation
6b641e123f139078d2ebfff7d6c6c94ff77150c8c843e8fe3af09b1cb72df2a4,human_annotated/images/6b641e123f139078d2ebfff7d6c6c94ff77150c8c843e8fe3af09b1cb72df2a4.png,saberzl/SID_Set,data/datasets/sid-set/candidate-1500/images/fake/6b641e123f139078d2ebfff7d6c6c94ff77150c8c843e8fe3af09b1cb72df2a4.png,"[""data/datasets/sid-set/candidate-1500/images/fake/6b641e123f139078d2ebfff7d6c6c94ff77150c8c843e8fe3af09b1cb72df2a4.png""]",6b641e123f139078d2ebfff7d6c6c94ff77150c8c843e8fe3af09b1cb72df2a4,https://huggingface.co/datasets/saberzl/SID_Set,CC-BY-4.0,full_synthetic_014886,main,dc03ead57929879319ce30a82bfcfb8d317b10bd,1,fake,collection_manifest_normalized_label_verified_by_sha256,human,human,true,human_master_final,0,low,0,low,0.1843429058790207,0.0014397030463442206,0,low,resnet50_layer4_fc_weighted_ordinal_v3,48f6495d4a62ded10d98c3835ffcd33c8f5c653e5df19cb03aef62582060e9b4,training
6bcee2ec451bdf8c856a06be11bd0c4714a73d278f2a7e0615af1efb6aeaa17d,human_annotated/images/6bcee2ec451bdf8c856a06be11bd0c4714a73d278f2a7e0615af1efb6aeaa17d.png,RRDataset,data/datasets/RRDataset/selection_1500/lorenzo/ai/Medical_&_Public_Health_000318.png,"[""data/datasets/RRDataset/selection_1500/lorenzo/ai/Medical_&_Public_Health_000318.png""]",6bcee2ec451bdf8c856a06be11bd0c4714a73d278f2a7e0615af1efb6aeaa17d,https://zenodo.org/records/14963880,CC-BY-4.0,,,,1,fake,rrdataset_local_directory_verified_by_sha256,human,human,true,human_master_final,1,medium,1,medium,0.8798449635505676,0.07844558358192444,1,medium,resnet50_layer4_fc_weighted_ordinal_v3,48f6495d4a62ded10d98c3835ffcd33c8f5c653e5df19cb03aef62582060e9b4,training
6d45587509dbd1840be7e37b12d8595efdd47553b64ce98c9742376c311c8dc4,human_annotated/images/6d45587509dbd1840be7e37b12d8595efdd47553b64ce98c9742376c311c8dc4.png,RRDataset,data/datasets/RRDataset/selection_1500/sara/ai/Medical_&_Public_Health_000250.png,"[""data/datasets/RRDataset/selection_1500/sara/ai/Medical_&_Public_Health_000250.png""]",6d45587509dbd1840be7e37b12d8595efdd47553b64ce98c9742376c311c8dc4,https://zenodo.org/records/14963880,CC-BY-4.0,,,,1,fake,rrdataset_local_directory_verified_by_sha256,human,human,true,human_master_final,1,medium,1,medium,0.9829466342926025,0.12970134615898132,1,medium,resnet50_layer4_fc_weighted_ordinal_v3,48f6495d4a62ded10d98c3835ffcd33c8f5c653e5df19cb03aef62582060e9b4,frozen_test
6db0b19851b9689afb94cf854593614471a82ddd6b781a89d2b391a6c9be3d7a,human_annotated/images/6db0b19851b9689afb94cf854593614471a82ddd6b781a89d2b391a6c9be3d7a.jpg,ComplexDataLab/OpenFake,data/datasets/openfake/pilot-600/images/fake/6db0b19851b9689afb94cf854593614471a82ddd6b781a89d2b391a6c9be3d7a.jpg,"[""data/datasets/openfake/pilot-600/images/fake/6db0b19851b9689afb94cf854593614471a82ddd6b781a89d2b391a6c9be3d7a.jpg""]",6db0b19851b9689afb94cf854593614471a82ddd6b781a89d2b391a6c9be3d7a,https://huggingface.co/datasets/ComplexDataLab/OpenFake,CC-BY-NC-4.0,,v1.0,,1,fake,collection_manifest_normalized_label_verified_by_sha256,human,human,true,human_master_final,0,low,1,medium,0.6509395241737366,0.08221936225891113,0,low,resnet50_layer4_fc_weighted_ordinal_v3,48f6495d4a62ded10d98c3835ffcd33c8f5c653e5df19cb03aef62582060e9b4,validation
6e2f3eed879f77b08b4e40d5e62ff0d2f1f06aa7c153bfd38af03943b6bd7121,human_annotated/images/6e2f3eed879f77b08b4e40d5e62ff0d2f1f06aa7c153bfd38af03943b6bd7121.jpg,RRDataset,data/datasets/RRDataset/selection_1500/giovanni/real/real_003031.jpg,"[""data/datasets/RRDataset/selection_1500/giovanni/real/real_003031.jpg""]",6e2f3eed879f77b08b4e40d5e62ff0d2f1f06aa7c153bfd38af03943b6bd7121,https://zenodo.org/records/14963880,CC-BY-4.0,,,,0,real,rrdataset_local_directory_verified_by_sha256,human,human,true,human_master_final,2,high,1,medium,0.8227046132087708,0.10706959664821625,2,high,resnet50_layer4_fc_weighted_ordinal_v3,48f6495d4a62ded10d98c3835ffcd33c8f5c653e5df19cb03aef62582060e9b4,training
6e329c7f99c629d0b4d86effd47782aa9f1f2d9a554650050f4f8c968a4217e6,human_annotated/images/6e329c7f99c629d0b4d86effd47782aa9f1f2d9a554650050f4f8c968a4217e6.jpg,ComplexDataLab/OpenFake,data/datasets/openfake/pilot-600/images/real/6e329c7f99c629d0b4d86effd47782aa9f1f2d9a554650050f4f8c968a4217e6.jpg,"[""data/datasets/openfake/pilot-600/images/real/6e329c7f99c629d0b4d86effd47782aa9f1f2d9a554650050f4f8c968a4217e6.jpg""]",6e329c7f99c629d0b4d86effd47782aa9f1f2d9a554650050f4f8c968a4217e6,https://huggingface.co/datasets/ComplexDataLab/OpenFake,CC-BY-NC-4.0,,v1.0,,0,real,collection_manifest_normalized_label_verified_by_sha256,human,human,true,consolidated_human_review,2,high,1,medium,0.7977091670036316,0.031213898211717606,2,high,resnet50_layer4_fc_weighted_ordinal_v3,48f6495d4a62ded10d98c3835ffcd33c8f5c653e5df19cb03aef62582060e9b4,validation
6f5b55f54d93f096b1062d9634334f25087d69408dac29a1f34e65687c5f0d66,human_annotated/images/6f5b55f54d93f096b1062d9634334f25087d69408dac29a1f34e65687c5f0d66.jpg,RRDataset,data/datasets/RRDataset/selection_1500/lorenzo/real/real_003620.jpg,"[""data/datasets/RRDataset/selection_1500/lorenzo/real/real_003620.jpg""]",6f5b55f54d93f096b1062d9634334f25087d69408dac29a1f34e65687c5f0d66,https://zenodo.org/records/14963880,CC-BY-4.0,,,,0,real,rrdataset_local_directory_verified_by_sha256,human,human,true,human_master_final,0,low,0,low,0.3593311309814453,0.03453674912452698,0,low,resnet50_layer4_fc_weighted_ordinal_v3,48f6495d4a62ded10d98c3835ffcd33c8f5c653e5df19cb03aef62582060e9b4,training
6f984ac5e1a5c53c8008ba6979c8014443482b850830fe48c6a2647439b5ffb5,human_annotated/images/6f984ac5e1a5c53c8008ba6979c8014443482b850830fe48c6a2647439b5ffb5.jpg,RRDataset,data/datasets/RRDataset/selection_1500/lorenzo/real/real_006884.jpg,"[""data/datasets/RRDataset/selection_1500/lorenzo/real/real_006884.jpg""]",6f984ac5e1a5c53c8008ba6979c8014443482b850830fe48c6a2647439b5ffb5,https://zenodo.org/records/14963880,CC-BY-4.0,,,,0,real,rrdataset_local_directory_verified_by_sha256,human,human,true,human_master_final,1,medium,1,medium,0.8963145613670349,0.00954408384859562,1,medium,resnet50_layer4_fc_weighted_ordinal_v3,48f6495d4a62ded10d98c3835ffcd33c8f5c653e5df19cb03aef62582060e9b4,training
6fb7195d5a54bba2928a575369ec5d2b29fa14e128eed97dd03213138613b66d,human_annotated/images/6fb7195d5a54bba2928a575369ec5d2b29fa14e128eed97dd03213138613b66d.jpg,saberzl/SID_Set,data/datasets/sid-set/candidate-1500/images/real/6fb7195d5a54bba2928a575369ec5d2b29fa14e128eed97dd03213138613b66d.jpg,"[""data/datasets/sid-set/candidate-1500/images/real/6fb7195d5a54bba2928a575369ec5d2b29fa14e128eed97dd03213138613b66d.jpg""]",6fb7195d5a54bba2928a575369ec5d2b29fa14e128eed97dd03213138613b66d,https://huggingface.co/datasets/saberzl/SID_Set,CC-BY-4.0,04fa4cef4324e44e,main,dc03ead57929879319ce30a82bfcfb8d317b10bd,0,real,collection_manifest_normalized_label_verified_by_sha256,human,human,true,human_master_final,0,low,1,medium,0.8431070446968079,0.19869083166122437,0,low,resnet50_layer4_fc_weighted_ordinal_v3,48f6495d4a62ded10d98c3835ffcd33c8f5c653e5df19cb03aef62582060e9b4,training
70dca709174c90654c4ce6d832a0a7e5cdd4b98231a37b53614cf9b585102861,human_annotated/images/70dca709174c90654c4ce6d832a0a7e5cdd4b98231a37b53614cf9b585102861.jpg,saberzl/SID_Set,data/datasets/sid-set/candidate-1500/images/real/70dca709174c90654c4ce6d832a0a7e5cdd4b98231a37b53614cf9b585102861.jpg,"[""data/datasets/sid-set/candidate-1500/images/real/70dca709174c90654c4ce6d832a0a7e5cdd4b98231a37b53614cf9b585102861.jpg""]",70dca709174c90654c4ce6d832a0a7e5cdd4b98231a37b53614cf9b585102861,https://huggingface.co/datasets/saberzl/SID_Set,CC-BY-4.0,c29ce45925d05087,main,dc03ead57929879319ce30a82bfcfb8d317b10bd,0,real,collection_manifest_normalized_label_verified_by_sha256,human,human,true,consolidated_human_review,2,high,2,high,0.9070870876312256,0.7095270752906799,2,high,resnet50_layer4_fc_weighted_ordinal_v3,48f6495d4a62ded10d98c3835ffcd33c8f5c653e5df19cb03aef62582060e9b4,training
70dee36e3cd7795914a79f14f343f28175e5b56fe46ccf74df290346a5ea1ce4,human_annotated/images/70dee36e3cd7795914a79f14f343f28175e5b56fe46ccf74df290346a5ea1ce4.jpg,ComplexDataLab/OpenFake,data/datasets/openfake/pilot-600/images/real/70dee36e3cd7795914a79f14f343f28175e5b56fe46ccf74df290346a5ea1ce4.jpg,"[""data/datasets/openfake/pilot-600/images/real/70dee36e3cd7795914a79f14f343f28175e5b56fe46ccf74df290346a5ea1ce4.jpg""]",70dee36e3cd7795914a79f14f343f28175e5b56fe46ccf74df290346a5ea1ce4,https://huggingface.co/datasets/ComplexDataLab/OpenFake,CC-BY-NC-4.0,,v1.0,,0,real,collection_manifest_normalized_label_verified_by_sha256,human,human,true,human_master_final,1,medium,1,medium,0.6701270341873169,0.0006805906305089593,1,medium,resnet50_layer4_fc_weighted_ordinal_v3,48f6495d4a62ded10d98c3835ffcd33c8f5c653e5df19cb03aef62582060e9b4,training
71a413aa7a68d61919180d9eb48cc45565ff2e5eda39f9d0b286fdc48e37dd3f,human_annotated/images/71a413aa7a68d61919180d9eb48cc45565ff2e5eda39f9d0b286fdc48e37dd3f.jpg,ComplexDataLab/OpenFake,data/datasets/openfake/additional-900/images/real/71a413aa7a68d61919180d9eb48cc45565ff2e5eda39f9d0b286fdc48e37dd3f.jpg,"[""data/datasets/openfake/additional-900/images/real/71a413aa7a68d61919180d9eb48cc45565ff2e5eda39f9d0b286fdc48e37dd3f.jpg""]",71a413aa7a68d61919180d9eb48cc45565ff2e5eda39f9d0b286fdc48e37dd3f,https://huggingface.co/datasets/ComplexDataLab/OpenFake,CC-BY-NC-4.0,,v1.0,750279a9710d3d98bbc6d0d87250312cfdf922a0,0,real,collection_manifest_normalized_label_verified_by_sha256,human,human,true,consolidated_human_review,2,high,2,high,0.9538012146949768,0.469574898481369,2,high,resnet50_layer4_fc_weighted_ordinal_v3,48f6495d4a62ded10d98c3835ffcd33c8f5c653e5df19cb03aef62582060e9b4,training
725ffd38b9191d1d92f27bf9d99963531af43ae978d477947a9a93c018c5a4c9,human_annotated/images/725ffd38b9191d1d92f27bf9d99963531af43ae978d477947a9a93c018c5a4c9.jpg,ComplexDataLab/OpenFake,data/datasets/openfake/additional-900/images/real/725ffd38b9191d1d92f27bf9d99963531af43ae978d477947a9a93c018c5a4c9.jpg,"[""data/datasets/openfake/additional-900/images/real/725ffd38b9191d1d92f27bf9d99963531af43ae978d477947a9a93c018c5a4c9.jpg""]",725ffd38b9191d1d92f27bf9d99963531af43ae978d477947a9a93c018c5a4c9,https://huggingface.co/datasets/ComplexDataLab/OpenFake,CC-BY-NC-4.0,,v1.0,750279a9710d3d98bbc6d0d87250312cfdf922a0,0,real,collection_manifest_normalized_label_verified_by_sha256,human,human,true,human_master_final,0,low,0,low,0.22690534591674805,0.018133515492081642,0,low,resnet50_layer4_fc_weighted_ordinal_v3,48f6495d4a62ded10d98c3835ffcd33c8f5c653e5df19cb03aef62582060e9b4,training
727dd53588295e102f4b493b9381fb05268c52ac225be618d46f2c18a6c47980,human_annotated/images/727dd53588295e102f4b493b9381fb05268c52ac225be618d46f2c18a6c47980.png,saberzl/SID_Set,data/datasets/sid-set/candidate-1500/images/fake/727dd53588295e102f4b493b9381fb05268c52ac225be618d46f2c18a6c47980.png,"[""data/datasets/sid-set/candidate-1500/images/fake/727dd53588295e102f4b493b9381fb05268c52ac225be618d46f2c18a6c47980.png""]",727dd53588295e102f4b493b9381fb05268c52ac225be618d46f2c18a6c47980,https://huggingface.co/datasets/saberzl/SID_Set,CC-BY-4.0,full_synthetic_057078,main,dc03ead57929879319ce30a82bfcfb8d317b10bd,1,fake,collection_manifest_normalized_label_verified_by_sha256,human,human,true,human_master_final,1,medium,1,medium,0.9221270084381104,0.015399090014398098,1,medium,resnet50_layer4_fc_weighted_ordinal_v3,48f6495d4a62ded10d98c3835ffcd33c8f5c653e5df19cb03aef62582060e9b4,frozen_test
7308ea67065725303bd75c72fdf9b022dc3b9a63d60f6eac557f171983fcfdeb,human_annotated/images/7308ea67065725303bd75c72fdf9b022dc3b9a63d60f6eac557f171983fcfdeb.jpg,ComplexDataLab/OpenFake,data/datasets/openfake/pilot-600/images/real/7308ea67065725303bd75c72fdf9b022dc3b9a63d60f6eac557f171983fcfdeb.jpg,"[""data/datasets/openfake/pilot-600/images/real/7308ea67065725303bd75c72fdf9b022dc3b9a63d60f6eac557f171983fcfdeb.jpg""]",7308ea67065725303bd75c72fdf9b022dc3b9a63d60f6eac557f171983fcfdeb,https://huggingface.co/datasets/ComplexDataLab/OpenFake,CC-BY-NC-4.0,,v1.0,,0,real,collection_manifest_normalized_label_verified_by_sha256,human,human,true,human_master_final,1,medium,1,medium,0.9287223219871521,0.04867328330874443,1,medium,resnet50_layer4_fc_weighted_ordinal_v3,48f6495d4a62ded10d98c3835ffcd33c8f5c653e5df19cb03aef62582060e9b4,training
7311cb770224aa8b75a8d9adfb094213c88c026cbc9b27856f9d162ec5150cec,human_annotated/images/7311cb770224aa8b75a8d9adfb094213c88c026cbc9b27856f9d162ec5150cec.jpg,ComplexDataLab/OpenFake,data/datasets/openfake/additional-900/images/real/7311cb770224aa8b75a8d9adfb094213c88c026cbc9b27856f9d162ec5150cec.jpg,"[""data/datasets/openfake/additional-900/images/real/7311cb770224aa8b75a8d9adfb094213c88c026cbc9b27856f9d162ec5150cec.jpg""]",7311cb770224aa8b75a8d9adfb094213c88c026cbc9b27856f9d162ec5150cec,https://huggingface.co/datasets/ComplexDataLab/OpenFake,CC-BY-NC-4.0,,v1.0,750279a9710d3d98bbc6d0d87250312cfdf922a0,0,real,collection_manifest_normalized_label_verified_by_sha256,human,human,true,human_master_final,0,low,0,low,0.23487432301044464,0.00823196955025196,0,low,resnet50_layer4_fc_weighted_ordinal_v3,48f6495d4a62ded10d98c3835ffcd33c8f5c653e5df19cb03aef62582060e9b4,validation
733ee6ab3dff70235856bb9eaa614767f66a0b695634488a3c89cb3b19286cc0,human_annotated/images/733ee6ab3dff70235856bb9eaa614767f66a0b695634488a3c89cb3b19286cc0.jpg,ComplexDataLab/OpenFake,data/datasets/openfake/pilot-600/images/fake/733ee6ab3dff70235856bb9eaa614767f66a0b695634488a3c89cb3b19286cc0.jpg,"[""data/datasets/openfake/pilot-600/images/fake/733ee6ab3dff70235856bb9eaa614767f66a0b695634488a3c89cb3b19286cc0.jpg""]",733ee6ab3dff70235856bb9eaa614767f66a0b695634488a3c89cb3b19286cc0,https://huggingface.co/datasets/ComplexDataLab/OpenFake,CC-BY-NC-4.0,,v1.0,,1,fake,collection_manifest_normalized_label_verified_by_sha256,human,human,true,human_master_final,0,low,0,low,0.38939276337623596,0.06433755904436111,0,low,resnet50_layer4_fc_weighted_ordinal_v3,48f6495d4a62ded10d98c3835ffcd33c8f5c653e5df19cb03aef62582060e9b4,frozen_test
7362e9f1dec9ae41539098fea1de699640c43b6c212af62bafc1a9082cf13fed,human_annotated/images/7362e9f1dec9ae41539098fea1de699640c43b6c212af62bafc1a9082cf13fed.png,RRDataset,data/datasets/RRDataset/selection_1500/sara/ai/Culture_&_Religion_000728.png,"[""data/datasets/RRDataset/selection_1500/sara/ai/Culture_&_Religion_000728.png""]",7362e9f1dec9ae41539098fea1de699640c43b6c212af62bafc1a9082cf13fed,https://zenodo.org/records/14963880,CC-BY-4.0,,,,1,fake,rrdataset_local_directory_verified_by_sha256,human,human,true,consolidated_human_review,2,high,1,medium,0.9629339575767517,0.39407268166542053,2,high,resnet50_layer4_fc_weighted_ordinal_v3,48f6495d4a62ded10d98c3835ffcd33c8f5c653e5df19cb03aef62582060e9b4,training
73f89f32a2c0c165654f142af51276e11e4d36e0743fdeca47ae33ab6bfd6c76,human_annotated/images/73f89f32a2c0c165654f142af51276e11e4d36e0743fdeca47ae33ab6bfd6c76.png,RRDataset,data/datasets/RRDataset/selection_1500/lorenzo/ai/War_&_Conflict_Scenes_000927.png,"[""data/datasets/RRDataset/selection_1500/lorenzo/ai/War_&_Conflict_Scenes_000927.png""]",73f89f32a2c0c165654f142af51276e11e4d36e0743fdeca47ae33ab6bfd6c76,https://zenodo.org/records/14963880,CC-BY-4.0,,,,1,fake,rrdataset_local_directory_verified_by_sha256,human,human,true,human_master_final,2,high,2,high,0.9758805632591248,0.7822291254997253,2,high,resnet50_layer4_fc_weighted_ordinal_v3,48f6495d4a62ded10d98c3835ffcd33c8f5c653e5df19cb03aef62582060e9b4,training
74198b8fa4109520ef64b8a68f3c5685ac29685c59e16541b7dd18acacc53b9e,human_annotated/images/74198b8fa4109520ef64b8a68f3c5685ac29685c59e16541b7dd18acacc53b9e.jpg,saberzl/SID_Set,data/datasets/sid-set/candidate-1500/images/real/74198b8fa4109520ef64b8a68f3c5685ac29685c59e16541b7dd18acacc53b9e.jpg,"[""data/datasets/sid-set/candidate-1500/images/real/74198b8fa4109520ef64b8a68f3c5685ac29685c59e16541b7dd18acacc53b9e.jpg""]",74198b8fa4109520ef64b8a68f3c5685ac29685c59e16541b7dd18acacc53b9e,https://huggingface.co/datasets/saberzl/SID_Set,CC-BY-4.0,41c86261b5e77ce9,main,dc03ead57929879319ce30a82bfcfb8d317b10bd,0,real,collection_manifest_normalized_label_verified_by_sha256,human,human,true,human_master_final,0,low,0,low,0.268008828163147,0.007148725911974907,0,low,resnet50_layer4_fc_weighted_ordinal_v3,48f6495d4a62ded10d98c3835ffcd33c8f5c653e5df19cb03aef62582060e9b4,training
742d0d08ca7253bd39793f915d738e80b6af835f8228f2b7b58e007ccfc6ea39,human_annotated/images/742d0d08ca7253bd39793f915d738e80b6af835f8228f2b7b58e007ccfc6ea39.png,saberzl/SID_Set,data/datasets/sid-set/candidate-1500/images/fake/742d0d08ca7253bd39793f915d738e80b6af835f8228f2b7b58e007ccfc6ea39.png,"[""data/datasets/sid-set/candidate-1500/images/fake/742d0d08ca7253bd39793f915d738e80b6af835f8228f2b7b58e007ccfc6ea39.png""]",742d0d08ca7253bd39793f915d738e80b6af835f8228f2b7b58e007ccfc6ea39,https://huggingface.co/datasets/saberzl/SID_Set,CC-BY-4.0,full_synthetic_015899,main,dc03ead57929879319ce30a82bfcfb8d317b10bd,1,fake,collection_manifest_normalized_label_verified_by_sha256,human,human,true,consolidated_human_review,1,medium,2,high,0.9631626009941101,0.4888022840023041,1,medium,resnet50_layer4_fc_weighted_ordinal_v3,48f6495d4a62ded10d98c3835ffcd33c8f5c653e5df19cb03aef62582060e9b4,training
742e44b76da063bac0a7230548bd0ef4ba08ba8726f45805578516d731559ef3,human_annotated/images/742e44b76da063bac0a7230548bd0ef4ba08ba8726f45805578516d731559ef3.png,RRDataset,data/datasets/RRDataset/selection_1500/lorenzo/ai/Political_&_Social_Events_000570.png,"[""data/datasets/RRDataset/selection_1500/lorenzo/ai/Political_&_Social_Events_000570.png""]",742e44b76da063bac0a7230548bd0ef4ba08ba8726f45805578516d731559ef3,https://zenodo.org/records/14963880,CC-BY-4.0,,,,1,fake,rrdataset_local_directory_verified_by_sha256,human,human,true,human_master_final,1,medium,1,medium,0.9256103038787842,0.16627278923988342,1,medium,resnet50_layer4_fc_weighted_ordinal_v3,48f6495d4a62ded10d98c3835ffcd33c8f5c653e5df19cb03aef62582060e9b4,validation
74593cb78a00ce9967848087379b601ec5ebf3498e47781f5991e9955dcba0a6,human_annotated/images/74593cb78a00ce9967848087379b601ec5ebf3498e47781f5991e9955dcba0a6.jpg,RRDataset,data/datasets/RRDataset/selection_1500/sara/real/real_008615.jpg,"[""data/datasets/RRDataset/selection_1500/sara/real/real_008615.jpg""]",74593cb78a00ce9967848087379b601ec5ebf3498e47781f5991e9955dcba0a6,https://zenodo.org/records/14963880,CC-BY-4.0,,,,0,real,rrdataset_local_directory_verified_by_sha256,human,human,true,consolidated_human_review,1,medium,1,medium,0.6301367282867432,0.04833050072193146,1,medium,resnet50_layer4_fc_weighted_ordinal_v3,48f6495d4a62ded10d98c3835ffcd33c8f5c653e5df19cb03aef62582060e9b4,training
74d8e13891d647f066cab3cd3fec7a85257ce5ac8b7d5a267d1107eced6bf6d2,human_annotated/images/74d8e13891d647f066cab3cd3fec7a85257ce5ac8b7d5a267d1107eced6bf6d2.png,RRDataset,data/datasets/RRDataset/selection_1500/giovanni/ai/production_000746.png,"[""data/datasets/RRDataset/selection_1500/giovanni/ai/production_000746.png""]",74d8e13891d647f066cab3cd3fec7a85257ce5ac8b7d5a267d1107eced6bf6d2,https://zenodo.org/records/14963880,CC-BY-4.0,,,,1,fake,rrdataset_local_directory_verified_by_sha256,human,human,true,human_master_final,0,low,1,medium,0.8880390524864197,0.1999056339263916,0,low,resnet50_layer4_fc_weighted_ordinal_v3,48f6495d4a62ded10d98c3835ffcd33c8f5c653e5df19cb03aef62582060e9b4,training
74ded0d233e03cd707b27df87d5e11df0b983a824d72849e7ab9ac6ec36194a5,human_annotated/images/74ded0d233e03cd707b27df87d5e11df0b983a824d72849e7ab9ac6ec36194a5.png,RRDataset,data/datasets/RRDataset/selection_1500/lorenzo/ai/Political_&_Social_Events_000486.png,"[""data/datasets/RRDataset/selection_1500/lorenzo/ai/Political_&_Social_Events_000486.png""]",74ded0d233e03cd707b27df87d5e11df0b983a824d72849e7ab9ac6ec36194a5,https://zenodo.org/records/14963880,CC-BY-4.0,,,,1,fake,rrdataset_local_directory_verified_by_sha256,human,human,true,human_master_final,1,medium,1,medium,0.9904783964157104,0.35848385095596313,1,medium,resnet50_layer4_fc_weighted_ordinal_v3,48f6495d4a62ded10d98c3835ffcd33c8f5c653e5df19cb03aef62582060e9b4,training
74eea140d46b745f321641b6e37b55aa97e8c6b54b02440d7585c539f0a2c0dc,human_annotated/images/74eea140d46b745f321641b6e37b55aa97e8c6b54b02440d7585c539f0a2c0dc.jpg,ComplexDataLab/OpenFake,data/datasets/openfake/pilot-600/images/real/74eea140d46b745f321641b6e37b55aa97e8c6b54b02440d7585c539f0a2c0dc.jpg,"[""data/datasets/openfake/pilot-600/images/real/74eea140d46b745f321641b6e37b55aa97e8c6b54b02440d7585c539f0a2c0dc.jpg""]",74eea140d46b745f321641b6e37b55aa97e8c6b54b02440d7585c539f0a2c0dc,https://huggingface.co/datasets/ComplexDataLab/OpenFake,CC-BY-NC-4.0,,v1.0,,0,real,collection_manifest_normalized_label_verified_by_sha256,human,human,true,consolidated_human_review,0,low,0,low,0.49269023537635803,0.49269023537635803,0,low,resnet50_layer4_fc_weighted_ordinal_v3,48f6495d4a62ded10d98c3835ffcd33c8f5c653e5df19cb03aef62582060e9b4,validation
7515b6800b681eb21faccb88df3708211e39aa9668eb5cd3bc62cbad8064f1ac,human_annotated/images/7515b6800b681eb21faccb88df3708211e39aa9668eb5cd3bc62cbad8064f1ac.jpg,saberzl/SID_Set,data/datasets/sid-set/candidate-1500/images/real/7515b6800b681eb21faccb88df3708211e39aa9668eb5cd3bc62cbad8064f1ac.jpg,"[""data/datasets/sid-set/candidate-1500/images/real/7515b6800b681eb21faccb88df3708211e39aa9668eb5cd3bc62cbad8064f1ac.jpg""]",7515b6800b681eb21faccb88df3708211e39aa9668eb5cd3bc62cbad8064f1ac,https://huggingface.co/datasets/saberzl/SID_Set,CC-BY-4.0,aa39c0989df7627d,main,dc03ead57929879319ce30a82bfcfb8d317b10bd,0,real,collection_manifest_normalized_label_verified_by_sha256,human,human,true,consolidated_human_review,1,medium,1,medium,0.7053112983703613,0.3126327693462372,1,medium,resnet50_layer4_fc_weighted_ordinal_v3,48f6495d4a62ded10d98c3835ffcd33c8f5c653e5df19cb03aef62582060e9b4,training
7526b7cc75a534b8fd7eaef239d2b051892b9d90738b45eb7f4fe7e8513d27a9,human_annotated/images/7526b7cc75a534b8fd7eaef239d2b051892b9d90738b45eb7f4fe7e8513d27a9.png,ComplexDataLab/OpenFake,data/datasets/openfake/additional-900/images/fake/7526b7cc75a534b8fd7eaef239d2b051892b9d90738b45eb7f4fe7e8513d27a9.png,"[""data/datasets/openfake/additional-900/images/fake/7526b7cc75a534b8fd7eaef239d2b051892b9d90738b45eb7f4fe7e8513d27a9.png""]",7526b7cc75a534b8fd7eaef239d2b051892b9d90738b45eb7f4fe7e8513d27a9,https://huggingface.co/datasets/ComplexDataLab/OpenFake,CC-BY-NC-4.0,,v1.0,750279a9710d3d98bbc6d0d87250312cfdf922a0,1,fake,collection_manifest_normalized_label_verified_by_sha256,human,human,true,human_master_final,0,low,1,medium,0.6368303298950195,0.0903189480304718,0,low,resnet50_layer4_fc_weighted_ordinal_v3,48f6495d4a62ded10d98c3835ffcd33c8f5c653e5df19cb03aef62582060e9b4,frozen_test
75aafe072ef9cb3cf54dc5d16d5c156b6a58895316972f4df8418ecf1eade992,human_annotated/images/75aafe072ef9cb3cf54dc5d16d5c156b6a58895316972f4df8418ecf1eade992.png,ComplexDataLab/OpenFake,data/datasets/openfake/additional-900/images/fake/75aafe072ef9cb3cf54dc5d16d5c156b6a58895316972f4df8418ecf1eade992.png,"[""data/datasets/openfake/additional-900/images/fake/75aafe072ef9cb3cf54dc5d16d5c156b6a58895316972f4df8418ecf1eade992.png""]",75aafe072ef9cb3cf54dc5d16d5c156b6a58895316972f4df8418ecf1eade992,https://huggingface.co/datasets/ComplexDataLab/OpenFake,CC-BY-NC-4.0,,v1.0,750279a9710d3d98bbc6d0d87250312cfdf922a0,1,fake,collection_manifest_normalized_label_verified_by_sha256,human,human,true,human_master_final,1,medium,1,medium,0.7963122725486755,0.017714165151119232,1,medium,resnet50_layer4_fc_weighted_ordinal_v3,48f6495d4a62ded10d98c3835ffcd33c8f5c653e5df19cb03aef62582060e9b4,training
75d907ee6cebc52bcfdf5934a01ba83e8b2cfb711b1b5355b1eee22baa42c330,human_annotated/images/75d907ee6cebc52bcfdf5934a01ba83e8b2cfb711b1b5355b1eee22baa42c330.png,RRDataset,data/datasets/RRDataset/selection_1500/lorenzo/ai/Medical_&_Public_Health_000531.png,"[""data/datasets/RRDataset/selection_1500/lorenzo/ai/Medical_&_Public_Health_000531.png""]",75d907ee6cebc52bcfdf5934a01ba83e8b2cfb711b1b5355b1eee22baa42c330,https://zenodo.org/records/14963880,CC-BY-4.0,,,,1,fake,rrdataset_local_directory_verified_by_sha256,human,human,true,human_master_final,1,medium,1,medium,0.8194859623908997,0.05222473293542862,1,medium,resnet50_layer4_fc_weighted_ordinal_v3,48f6495d4a62ded10d98c3835ffcd33c8f5c653e5df19cb03aef62582060e9b4,training
75feee742e9b8e0bcb6f06ec52bdbf72fab911c82c183c752b0eb7800794f318,human_annotated/images/75feee742e9b8e0bcb6f06ec52bdbf72fab911c82c183c752b0eb7800794f318.png,saberzl/SID_Set,data/datasets/sid-set/candidate-1500/images/fake/75feee742e9b8e0bcb6f06ec52bdbf72fab911c82c183c752b0eb7800794f318.png,"[""data/datasets/sid-set/candidate-1500/images/fake/75feee742e9b8e0bcb6f06ec52bdbf72fab911c82c183c752b0eb7800794f318.png""]",75feee742e9b8e0bcb6f06ec52bdbf72fab911c82c183c752b0eb7800794f318,https://huggingface.co/datasets/saberzl/SID_Set,CC-BY-4.0,full_synthetic_056118,main,dc03ead57929879319ce30a82bfcfb8d317b10bd,1,fake,collection_manifest_normalized_label_verified_by_sha256,human,human,true,consolidated_human_review,1,medium,0,low,0.49349910020828247,0.05659470334649086,1,medium,resnet50_layer4_fc_weighted_ordinal_v3,48f6495d4a62ded10d98c3835ffcd33c8f5c653e5df19cb03aef62582060e9b4,training
76204b4f620c5a32f2e1a649adb9147b1e3c7990a4c81b9a33a42e1b3738a3d9,human_annotated/images/76204b4f620c5a32f2e1a649adb9147b1e3c7990a4c81b9a33a42e1b3738a3d9.png,RRDataset,data/datasets/RRDataset/selection_1500/giovanni/ai/Political_&_Social_Events_000340.png,"[""data/datasets/RRDataset/selection_1500/giovanni/ai/Political_&_Social_Events_000340.png""]",76204b4f620c5a32f2e1a649adb9147b1e3c7990a4c81b9a33a42e1b3738a3d9,https://zenodo.org/records/14963880,CC-BY-4.0,,,,1,fake,rrdataset_local_directory_verified_by_sha256,human,human,true,human_master_final,1,medium,2,high,0.9928846955299377,0.6130204200744629,1,medium,resnet50_layer4_fc_weighted_ordinal_v3,48f6495d4a62ded10d98c3835ffcd33c8f5c653e5df19cb03aef62582060e9b4,training
7652f7d972c008a40b88c9a67fdd5bd0395863aa9bff14d81717a5a156b2f87a,human_annotated/images/7652f7d972c008a40b88c9a67fdd5bd0395863aa9bff14d81717a5a156b2f87a.jpg,saberzl/SID_Set,data/datasets/sid-set/candidate-1500/images/real/7652f7d972c008a40b88c9a67fdd5bd0395863aa9bff14d81717a5a156b2f87a.jpg,"[""data/datasets/sid-set/candidate-1500/images/real/7652f7d972c008a40b88c9a67fdd5bd0395863aa9bff14d81717a5a156b2f87a.jpg""]",7652f7d972c008a40b88c9a67fdd5bd0395863aa9bff14d81717a5a156b2f87a,https://huggingface.co/datasets/saberzl/SID_Set,CC-BY-4.0,200561b407403108,main,dc03ead57929879319ce30a82bfcfb8d317b10bd,0,real,collection_manifest_normalized_label_verified_by_sha256,human,human,true,consolidated_human_review,1,medium,1,medium,0.9819151163101196,0.05130406469106674,1,medium,resnet50_layer4_fc_weighted_ordinal_v3,48f6495d4a62ded10d98c3835ffcd33c8f5c653e5df19cb03aef62582060e9b4,training
76aa711b25a405880bfd483ffc6cb764d9bab78b55fac2400e42d153d87179dd,human_annotated/images/76aa711b25a405880bfd483ffc6cb764d9bab78b55fac2400e42d153d87179dd.jpg,ComplexDataLab/OpenFake,data/datasets/openfake/pilot-600/images/real/76aa711b25a405880bfd483ffc6cb764d9bab78b55fac2400e42d153d87179dd.jpg,"[""data/datasets/openfake/pilot-600/images/real/76aa711b25a405880bfd483ffc6cb764d9bab78b55fac2400e42d153d87179dd.jpg""]",76aa711b25a405880bfd483ffc6cb764d9bab78b55fac2400e42d153d87179dd,https://huggingface.co/datasets/ComplexDataLab/OpenFake,CC-BY-NC-4.0,,v1.0,,0,real,collection_manifest_normalized_label_verified_by_sha256,human,human,true,consolidated_human_review,1,medium,1,medium,0.9556280374526978,0.1110491007566452,1,medium,resnet50_layer4_fc_weighted_ordinal_v3,48f6495d4a62ded10d98c3835ffcd33c8f5c653e5df19cb03aef62582060e9b4,training
7707ab7ffa6072ad533199d6113438aa1413604b844c7915614eddf3ca6de3b0,human_annotated/images/7707ab7ffa6072ad533199d6113438aa1413604b844c7915614eddf3ca6de3b0.jpg,RRDataset,data/datasets/RRDataset/selection_1500/lorenzo/real/real_007316.jpg,"[""data/datasets/RRDataset/selection_1500/lorenzo/real/real_007316.jpg""]",7707ab7ffa6072ad533199d6113438aa1413604b844c7915614eddf3ca6de3b0,https://zenodo.org/records/14963880,CC-BY-4.0,,,,0,real,rrdataset_local_directory_verified_by_sha256,human,human,true,human_master_final,1,medium,1,medium,0.9475946426391602,0.008418719284236431,1,medium,resnet50_layer4_fc_weighted_ordinal_v3,48f6495d4a62ded10d98c3835ffcd33c8f5c653e5df19cb03aef62582060e9b4,training
772b799e437a64bd783ceac68f40591fcbbc33c15a1cdf95bac75c600c463345,human_annotated/images/772b799e437a64bd783ceac68f40591fcbbc33c15a1cdf95bac75c600c463345.jpg,ComplexDataLab/OpenFake,data/datasets/openfake/pilot-600/images/real/772b799e437a64bd783ceac68f40591fcbbc33c15a1cdf95bac75c600c463345.jpg,"[""data/datasets/openfake/pilot-600/images/real/772b799e437a64bd783ceac68f40591fcbbc33c15a1cdf95bac75c600c463345.jpg""]",772b799e437a64bd783ceac68f40591fcbbc33c15a1cdf95bac75c600c463345,https://huggingface.co/datasets/ComplexDataLab/OpenFake,CC-BY-NC-4.0,,v1.0,,0,real,collection_manifest_normalized_label_verified_by_sha256,human,human,true,human_master_final,1,medium,0,low,0.44759491086006165,0.023520637303590775,1,medium,resnet50_layer4_fc_weighted_ordinal_v3,48f6495d4a62ded10d98c3835ffcd33c8f5c653e5df19cb03aef62582060e9b4,frozen_test
77530bd59d9384426ee450a9d54aaf63794d3f17a6ed3f39b6aedf71f1469373,human_annotated/images/77530bd59d9384426ee450a9d54aaf63794d3f17a6ed3f39b6aedf71f1469373.jpg,ComplexDataLab/OpenFake,data/datasets/openfake/additional-900/images/real/77530bd59d9384426ee450a9d54aaf63794d3f17a6ed3f39b6aedf71f1469373.jpg,"[""data/datasets/openfake/additional-900/images/real/77530bd59d9384426ee450a9d54aaf63794d3f17a6ed3f39b6aedf71f1469373.jpg""]",77530bd59d9384426ee450a9d54aaf63794d3f17a6ed3f39b6aedf71f1469373,https://huggingface.co/datasets/ComplexDataLab/OpenFake,CC-BY-NC-4.0,,v1.0,750279a9710d3d98bbc6d0d87250312cfdf922a0,0,real,collection_manifest_normalized_label_verified_by_sha256,human,human,true,human_master_final,1,medium,1,medium,0.7588173151016235,0.11739528924226761,1,medium,resnet50_layer4_fc_weighted_ordinal_v3,48f6495d4a62ded10d98c3835ffcd33c8f5c653e5df19cb03aef62582060e9b4,validation
775d1a149b575d0c52430f930f013e5b131531ee313c8f35e6646bb5ac872f3c,human_annotated/images/775d1a149b575d0c52430f930f013e5b131531ee313c8f35e6646bb5ac872f3c.jpg,ComplexDataLab/OpenFake,data/datasets/openfake/additional-900/images/real/775d1a149b575d0c52430f930f013e5b131531ee313c8f35e6646bb5ac872f3c.jpg,"[""data/datasets/openfake/additional-900/images/real/775d1a149b575d0c52430f930f013e5b131531ee313c8f35e6646bb5ac872f3c.jpg""]",775d1a149b575d0c52430f930f013e5b131531ee313c8f35e6646bb5ac872f3c,https://huggingface.co/datasets/ComplexDataLab/OpenFake,CC-BY-NC-4.0,,v1.0,750279a9710d3d98bbc6d0d87250312cfdf922a0,0,real,collection_manifest_normalized_label_verified_by_sha256,human,human,true,consolidated_human_review,1,medium,1,medium,0.6051873564720154,0.005478832870721817,1,medium,resnet50_layer4_fc_weighted_ordinal_v3,48f6495d4a62ded10d98c3835ffcd33c8f5c653e5df19cb03aef62582060e9b4,training
7784427b3949bf3ba8d085ca625db76664282b3090ec13f1e0c7cb7030283bc6,human_annotated/images/7784427b3949bf3ba8d085ca625db76664282b3090ec13f1e0c7cb7030283bc6.png,RRDataset,data/datasets/RRDataset/selection_1500/giovanni/ai/War_&_Conflict_Scenes_000216.png,"[""data/datasets/RRDataset/selection_1500/giovanni/ai/War_&_Conflict_Scenes_000216.png""]",7784427b3949bf3ba8d085ca625db76664282b3090ec13f1e0c7cb7030283bc6,https://zenodo.org/records/14963880,CC-BY-4.0,,,,1,fake,rrdataset_local_directory_verified_by_sha256,human,human,true,consolidated_human_review,2,high,2,high,0.9647568464279175,0.4961441159248352,2,high,resnet50_layer4_fc_weighted_ordinal_v3,48f6495d4a62ded10d98c3835ffcd33c8f5c653e5df19cb03aef62582060e9b4,training
77dfa0d7abc2e44d1956ad4e2d782d9d4fbec12d69a640ca6d501b39a1a5ff60,human_annotated/images/77dfa0d7abc2e44d1956ad4e2d782d9d4fbec12d69a640ca6d501b39a1a5ff60.jpg,saberzl/SID_Set,data/datasets/sid-set/candidate-1500/images/real/77dfa0d7abc2e44d1956ad4e2d782d9d4fbec12d69a640ca6d501b39a1a5ff60.jpg,"[""data/datasets/sid-set/candidate-1500/images/real/77dfa0d7abc2e44d1956ad4e2d782d9d4fbec12d69a640ca6d501b39a1a5ff60.jpg""]",77dfa0d7abc2e44d1956ad4e2d782d9d4fbec12d69a640ca6d501b39a1a5ff60,https://huggingface.co/datasets/saberzl/SID_Set,CC-BY-4.0,6948782f7f303105,main,dc03ead57929879319ce30a82bfcfb8d317b10bd,0,real,collection_manifest_normalized_label_verified_by_sha256,human,human,true,consolidated_human_review,0,low,0,low,0.21129250526428223,0.015678655356168747,0,low,resnet50_layer4_fc_weighted_ordinal_v3,48f6495d4a62ded10d98c3835ffcd33c8f5c653e5df19cb03aef62582060e9b4,training
780a42dd6c7ef88e9e922d5c39979d9d67c2be5dc8985e055ac46b981d090b3f,human_annotated/images/780a42dd6c7ef88e9e922d5c39979d9d67c2be5dc8985e055ac46b981d090b3f.jpg,RRDataset,data/datasets/RRDataset/selection_1500/sara/real/real_003368.jpg,"[""data/datasets/RRDataset/selection_1500/sara/real/real_003368.jpg""]",780a42dd6c7ef88e9e922d5c39979d9d67c2be5dc8985e055ac46b981d090b3f,https://zenodo.org/records/14963880,CC-BY-4.0,,,,0,real,rrdataset_local_directory_verified_by_sha256,human,human,true,human_master_final,1,medium,1,medium,0.6852744817733765,0.031102919951081276,1,medium,resnet50_layer4_fc_weighted_ordinal_v3,48f6495d4a62ded10d98c3835ffcd33c8f5c653e5df19cb03aef62582060e9b4,frozen_test
780f8068aa47fdd74244e4dde6bd40d42d7ba8e88c10a2c6e31eeb1d238cb1fc,human_annotated/images/780f8068aa47fdd74244e4dde6bd40d42d7ba8e88c10a2c6e31eeb1d238cb1fc.jpg,ComplexDataLab/OpenFake,data/datasets/openfake/additional-900/images/real/780f8068aa47fdd74244e4dde6bd40d42d7ba8e88c10a2c6e31eeb1d238cb1fc.jpg,"[""data/datasets/openfake/additional-900/images/real/780f8068aa47fdd74244e4dde6bd40d42d7ba8e88c10a2c6e31eeb1d238cb1fc.jpg""]",780f8068aa47fdd74244e4dde6bd40d42d7ba8e88c10a2c6e31eeb1d238cb1fc,https://huggingface.co/datasets/ComplexDataLab/OpenFake,CC-BY-NC-4.0,,v1.0,750279a9710d3d98bbc6d0d87250312cfdf922a0,0,real,collection_manifest_normalized_label_verified_by_sha256,human,human,true,human_master_final,1,medium,1,medium,0.6880838871002197,0.05456417426466942,1,medium,resnet50_layer4_fc_weighted_ordinal_v3,48f6495d4a62ded10d98c3835ffcd33c8f5c653e5df19cb03aef62582060e9b4,training
7826ffe3562bfec183b0e1b4a2af4c76f8d26273535f4165756fd8dff66fcabe,human_annotated/images/7826ffe3562bfec183b0e1b4a2af4c76f8d26273535f4165756fd8dff66fcabe.png,ComplexDataLab/OpenFake,data/datasets/openfake/additional-900/images/fake/7826ffe3562bfec183b0e1b4a2af4c76f8d26273535f4165756fd8dff66fcabe.png,"[""data/datasets/openfake/additional-900/images/fake/7826ffe3562bfec183b0e1b4a2af4c76f8d26273535f4165756fd8dff66fcabe.png""]",7826ffe3562bfec183b0e1b4a2af4c76f8d26273535f4165756fd8dff66fcabe,https://huggingface.co/datasets/ComplexDataLab/OpenFake,CC-BY-NC-4.0,,v1.0,750279a9710d3d98bbc6d0d87250312cfdf922a0,1,fake,collection_manifest_normalized_label_verified_by_sha256,human,human,true,consolidated_human_review,1,medium,1,medium,0.6325789093971252,0.01733381114900112,1,medium,resnet50_layer4_fc_weighted_ordinal_v3,48f6495d4a62ded10d98c3835ffcd33c8f5c653e5df19cb03aef62582060e9b4,training
785be602c61205000761b8d8c8b069b0345cac50529b7a0ab60b14b5c04b0d4d,human_annotated/images/785be602c61205000761b8d8c8b069b0345cac50529b7a0ab60b14b5c04b0d4d.png,RRDataset,data/datasets/RRDataset/selection_1500/sara/ai/Political_&_Social_Events_000149.png,"[""data/datasets/RRDataset/selection_1500/sara/ai/Political_&_Social_Events_000149.png""]",785be602c61205000761b8d8c8b069b0345cac50529b7a0ab60b14b5c04b0d4d,https://zenodo.org/records/14963880,CC-BY-4.0,,,,1,fake,rrdataset_local_directory_verified_by_sha256,human,human,true,human_master_final,1,medium,1,medium,0.9143330454826355,0.12883444130420685,1,medium,resnet50_layer4_fc_weighted_ordinal_v3,48f6495d4a62ded10d98c3835ffcd33c8f5c653e5df19cb03aef62582060e9b4,frozen_test
786ca93614e440353cb0f7849a0973efa39a4ba7199b5142024041490931be3c,human_annotated/images/786ca93614e440353cb0f7849a0973efa39a4ba7199b5142024041490931be3c.jpg,RRDataset,data/datasets/RRDataset/selection_1500/lorenzo/real/real_000116.jpg,"[""data/datasets/RRDataset/selection_1500/lorenzo/real/real_000116.jpg""]",786ca93614e440353cb0f7849a0973efa39a4ba7199b5142024041490931be3c,https://zenodo.org/records/14963880,CC-BY-4.0,,,,0,real,rrdataset_local_directory_verified_by_sha256,human,human,true,human_master_final,1,medium,2,high,0.9811984300613403,0.8896322250366211,1,medium,resnet50_layer4_fc_weighted_ordinal_v3,48f6495d4a62ded10d98c3835ffcd33c8f5c653e5df19cb03aef62582060e9b4,frozen_test
786cc0dcb914c4996ec3fd00ef2531e0ed7cc25f5bba976d3e985a237741c18b,human_annotated/images/786cc0dcb914c4996ec3fd00ef2531e0ed7cc25f5bba976d3e985a237741c18b.jpg,ComplexDataLab/OpenFake,data/datasets/openfake/pilot-600/images/real/786cc0dcb914c4996ec3fd00ef2531e0ed7cc25f5bba976d3e985a237741c18b.jpg,"[""data/datasets/openfake/pilot-600/images/real/786cc0dcb914c4996ec3fd00ef2531e0ed7cc25f5bba976d3e985a237741c18b.jpg""]",786cc0dcb914c4996ec3fd00ef2531e0ed7cc25f5bba976d3e985a237741c18b,https://huggingface.co/datasets/ComplexDataLab/OpenFake,CC-BY-NC-4.0,,v1.0,,0,real,collection_manifest_normalized_label_verified_by_sha256,human,human,true,human_master_final,1,medium,1,medium,0.9340844750404358,0.04715071618556976,1,medium,resnet50_layer4_fc_weighted_ordinal_v3,48f6495d4a62ded10d98c3835ffcd33c8f5c653e5df19cb03aef62582060e9b4,training
7871abca572c0d400174dd1d42e298423627d8c902d2d9bb1b3940498f221899,human_annotated/images/7871abca572c0d400174dd1d42e298423627d8c902d2d9bb1b3940498f221899.jpg,RRDataset,data/datasets/RRDataset/selection_1500/lorenzo/real/real_001781.jpg,"[""data/datasets/RRDataset/selection_1500/lorenzo/real/real_001781.jpg""]",7871abca572c0d400174dd1d42e298423627d8c902d2d9bb1b3940498f221899,https://zenodo.org/records/14963880,CC-BY-4.0,,,,0,real,rrdataset_local_directory_verified_by_sha256,human,human,true,human_master_final,1,medium,1,medium,0.9883663058280945,0.27655017375946045,1,medium,resnet50_layer4_fc_weighted_ordinal_v3,48f6495d4a62ded10d98c3835ffcd33c8f5c653e5df19cb03aef62582060e9b4,validation
78f0a48098b58addf6e0c24181856e2f2ce3fe688ae5d2d3d7c38c47b415d2a6,human_annotated/images/78f0a48098b58addf6e0c24181856e2f2ce3fe688ae5d2d3d7c38c47b415d2a6.png,RRDataset,data/datasets/RRDataset/selection_1500/lorenzo/ai/War_&_Conflict_Scenes_000857.png,"[""data/datasets/RRDataset/selection_1500/lorenzo/ai/War_&_Conflict_Scenes_000857.png""]",78f0a48098b58addf6e0c24181856e2f2ce3fe688ae5d2d3d7c38c47b415d2a6,https://zenodo.org/records/14963880,CC-BY-4.0,,,,1,fake,rrdataset_local_directory_verified_by_sha256,human,human,true,consolidated_human_review,2,high,2,high,0.9349682331085205,0.7509097456932068,2,high,resnet50_layer4_fc_weighted_ordinal_v3,48f6495d4a62ded10d98c3835ffcd33c8f5c653e5df19cb03aef62582060e9b4,training
7933f72252be17a2a24394411d8b09aaff97efca5222412c445eb7ffdebeecb6,human_annotated/images/7933f72252be17a2a24394411d8b09aaff97efca5222412c445eb7ffdebeecb6.jpg,RRDataset,data/datasets/RRDataset/selection_1500/lorenzo/real/real_004846.jpg,"[""data/datasets/RRDataset/selection_1500/lorenzo/real/real_004846.jpg""]",7933f72252be17a2a24394411d8b09aaff97efca5222412c445eb7ffdebeecb6,https://zenodo.org/records/14963880,CC-BY-4.0,,,,0,real,rrdataset_local_directory_verified_by_sha256,human,human,true,human_master_final,1,medium,0,low,0.32303836941719055,0.08147339522838593,1,medium,resnet50_layer4_fc_weighted_ordinal_v3,48f6495d4a62ded10d98c3835ffcd33c8f5c653e5df19cb03aef62582060e9b4,training
794f1e3f058d6dc9f0e60494000b98b10a4eb9838715a63323fd8581874c80cd,human_annotated/images/794f1e3f058d6dc9f0e60494000b98b10a4eb9838715a63323fd8581874c80cd.png,RRDataset,data/datasets/RRDataset/selection_1500/lorenzo/ai/Medical_&_Public_Health_000453.png,"[""data/datasets/RRDataset/selection_1500/lorenzo/ai/Medical_&_Public_Health_000453.png""]",794f1e3f058d6dc9f0e60494000b98b10a4eb9838715a63323fd8581874c80cd,https://zenodo.org/records/14963880,CC-BY-4.0,,,,1,fake,rrdataset_local_directory_verified_by_sha256,human,human,true,consolidated_human_review,2,high,2,high,0.9646883606910706,0.7299763560295105,2,high,resnet50_layer4_fc_weighted_ordinal_v3,48f6495d4a62ded10d98c3835ffcd33c8f5c653e5df19cb03aef62582060e9b4,training
797678d7c07f0273c7528ca87d495e79dcf9715b79e7c91176407a2149875fd3,human_annotated/images/797678d7c07f0273c7528ca87d495e79dcf9715b79e7c91176407a2149875fd3.png,RRDataset,data/datasets/RRDataset/selection_1500/lorenzo/ai/Culture_&_Religion_000735.png,"[""data/datasets/RRDataset/selection_1500/lorenzo/ai/Culture_&_Religion_000735.png""]",797678d7c07f0273c7528ca87d495e79dcf9715b79e7c91176407a2149875fd3,https://zenodo.org/records/14963880,CC-BY-4.0,,,,1,fake,rrdataset_local_directory_verified_by_sha256,human,human,true,human_master_final,2,high,2,high,0.9486461877822876,0.4661072790622711,2,high,resnet50_layer4_fc_weighted_ordinal_v3,48f6495d4a62ded10d98c3835ffcd33c8f5c653e5df19cb03aef62582060e9b4,validation
79aa2794c596a45a4ed7988cab59d03a66b44dea0129a2e8c45b97f5921be136,human_annotated/images/79aa2794c596a45a4ed7988cab59d03a66b44dea0129a2e8c45b97f5921be136.jpg,ComplexDataLab/OpenFake,data/datasets/openfake/pilot-600/images/real/79aa2794c596a45a4ed7988cab59d03a66b44dea0129a2e8c45b97f5921be136.jpg,"[""data/datasets/openfake/pilot-600/images/real/79aa2794c596a45a4ed7988cab59d03a66b44dea0129a2e8c45b97f5921be136.jpg""]",79aa2794c596a45a4ed7988cab59d03a66b44dea0129a2e8c45b97f5921be136,https://huggingface.co/datasets/ComplexDataLab/OpenFake,CC-BY-NC-4.0,,v1.0,,0,real,collection_manifest_normalized_label_verified_by_sha256,human,human,true,human_master_final,1,medium,1,medium,0.9246951937675476,0.010187249630689621,1,medium,resnet50_layer4_fc_weighted_ordinal_v3,48f6495d4a62ded10d98c3835ffcd33c8f5c653e5df19cb03aef62582060e9b4,frozen_test
79c105dbb0b0854ef28d5f365865a71c17b8bc99cf7535088800a1497d7a42b6,human_annotated/images/79c105dbb0b0854ef28d5f365865a71c17b8bc99cf7535088800a1497d7a42b6.jpg,ComplexDataLab/OpenFake,data/datasets/openfake/pilot-600/images/real/79c105dbb0b0854ef28d5f365865a71c17b8bc99cf7535088800a1497d7a42b6.jpg,"[""data/datasets/openfake/pilot-600/images/real/79c105dbb0b0854ef28d5f365865a71c17b8bc99cf7535088800a1497d7a42b6.jpg""]",79c105dbb0b0854ef28d5f365865a71c17b8bc99cf7535088800a1497d7a42b6,https://huggingface.co/datasets/ComplexDataLab/OpenFake,CC-BY-NC-4.0,,v1.0,,0,real,collection_manifest_normalized_label_verified_by_sha256,human,human,true,human_master_final,1,medium,1,medium,0.8377201557159424,0.041720617562532425,1,medium,resnet50_layer4_fc_weighted_ordinal_v3,48f6495d4a62ded10d98c3835ffcd33c8f5c653e5df19cb03aef62582060e9b4,training
79e11c3a819e44e635f098aef03a7007e0ce6d9b1617c2403c760de65dc3299b,human_annotated/images/79e11c3a819e44e635f098aef03a7007e0ce6d9b1617c2403c760de65dc3299b.png,ComplexDataLab/OpenFake,data/datasets/openfake/pilot-600/images/fake/79e11c3a819e44e635f098aef03a7007e0ce6d9b1617c2403c760de65dc3299b.png,"[""data/datasets/openfake/pilot-600/images/fake/79e11c3a819e44e635f098aef03a7007e0ce6d9b1617c2403c760de65dc3299b.png""]",79e11c3a819e44e635f098aef03a7007e0ce6d9b1617c2403c760de65dc3299b,https://huggingface.co/datasets/ComplexDataLab/OpenFake,CC-BY-NC-4.0,,v1.0,,1,fake,collection_manifest_normalized_label_verified_by_sha256,human,human,true,human_master_final,1,medium,1,medium,0.8641245365142822,0.04122751206159592,1,medium,resnet50_layer4_fc_weighted_ordinal_v3,48f6495d4a62ded10d98c3835ffcd33c8f5c653e5df19cb03aef62582060e9b4,training
79ff2e63097180307311753145d4bfd63fbaa11c2e3939c861e5d57600902475,human_annotated/images/79ff2e63097180307311753145d4bfd63fbaa11c2e3939c861e5d57600902475.png,ComplexDataLab/OpenFake,data/datasets/openfake/additional-900/images/fake/79ff2e63097180307311753145d4bfd63fbaa11c2e3939c861e5d57600902475.png,"[""data/datasets/openfake/additional-900/images/fake/79ff2e63097180307311753145d4bfd63fbaa11c2e3939c861e5d57600902475.png""]",79ff2e63097180307311753145d4bfd63fbaa11c2e3939c861e5d57600902475,https://huggingface.co/datasets/ComplexDataLab/OpenFake,CC-BY-NC-4.0,,v1.0,750279a9710d3d98bbc6d0d87250312cfdf922a0,1,fake,collection_manifest_normalized_label_verified_by_sha256,human,human,true,human_master_final,1,medium,1,medium,0.9241567850112915,0.010369057767093182,1,medium,resnet50_layer4_fc_weighted_ordinal_v3,48f6495d4a62ded10d98c3835ffcd33c8f5c653e5df19cb03aef62582060e9b4,frozen_test
7a507b97c1247b2f7c0fa25ce85a611d58526c8fbd1b65c91183f231e3578b96,human_annotated/images/7a507b97c1247b2f7c0fa25ce85a611d58526c8fbd1b65c91183f231e3578b96.jpg,saberzl/SID_Set,data/datasets/sid-set/candidate-1500/images/real/7a507b97c1247b2f7c0fa25ce85a611d58526c8fbd1b65c91183f231e3578b96.jpg,"[""data/datasets/sid-set/candidate-1500/images/real/7a507b97c1247b2f7c0fa25ce85a611d58526c8fbd1b65c91183f231e3578b96.jpg""]",7a507b97c1247b2f7c0fa25ce85a611d58526c8fbd1b65c91183f231e3578b96,https://huggingface.co/datasets/saberzl/SID_Set,CC-BY-4.0,66f9e9fa5ec8aea9,main,dc03ead57929879319ce30a82bfcfb8d317b10bd,0,real,collection_manifest_normalized_label_verified_by_sha256,human,human,true,consolidated_human_review,2,high,2,high,0.9793807864189148,0.7716259956359863,2,high,resnet50_layer4_fc_weighted_ordinal_v3,48f6495d4a62ded10d98c3835ffcd33c8f5c653e5df19cb03aef62582060e9b4,training
7a834e6ae1072b1f410cd47dd08d4294a8754b898b6478cb5c905bfdea5c2059,human_annotated/images/7a834e6ae1072b1f410cd47dd08d4294a8754b898b6478cb5c905bfdea5c2059.png,saberzl/SID_Set,data/datasets/sid-set/candidate-1500/images/fake/7a834e6ae1072b1f410cd47dd08d4294a8754b898b6478cb5c905bfdea5c2059.png,"[""data/datasets/sid-set/candidate-1500/images/fake/7a834e6ae1072b1f410cd47dd08d4294a8754b898b6478cb5c905bfdea5c2059.png""]",7a834e6ae1072b1f410cd47dd08d4294a8754b898b6478cb5c905bfdea5c2059,https://huggingface.co/datasets/saberzl/SID_Set,CC-BY-4.0,full_synthetic_069470,main,dc03ead57929879319ce30a82bfcfb8d317b10bd,1,fake,collection_manifest_normalized_label_verified_by_sha256,human,human,true,human_master_final,0,low,0,low,0.45564788579940796,0.03517933562397957,0,low,resnet50_layer4_fc_weighted_ordinal_v3,48f6495d4a62ded10d98c3835ffcd33c8f5c653e5df19cb03aef62582060e9b4,validation
7b775b5b0165109298c7f70606db55431acc2a12beb18f8f67cd496833dce02b,human_annotated/images/7b775b5b0165109298c7f70606db55431acc2a12beb18f8f67cd496833dce02b.png,saberzl/SID_Set,data/datasets/sid-set/candidate-1500/images/fake/7b775b5b0165109298c7f70606db55431acc2a12beb18f8f67cd496833dce02b.png,"[""data/datasets/sid-set/candidate-1500/images/fake/7b775b5b0165109298c7f70606db55431acc2a12beb18f8f67cd496833dce02b.png""]",7b775b5b0165109298c7f70606db55431acc2a12beb18f8f67cd496833dce02b,https://huggingface.co/datasets/saberzl/SID_Set,CC-BY-4.0,full_synthetic_058271,main,dc03ead57929879319ce30a82bfcfb8d317b10bd,1,fake,collection_manifest_normalized_label_verified_by_sha256,human,human,true,consolidated_human_review,1,medium,1,medium,0.9320263266563416,0.01408651564270258,1,medium,resnet50_layer4_fc_weighted_ordinal_v3,48f6495d4a62ded10d98c3835ffcd33c8f5c653e5df19cb03aef62582060e9b4,training
7bb92e9f65b5a6f6b87cfd2411a29652f35c49d245928e5fa3ca22a299a10db0,human_annotated/images/7bb92e9f65b5a6f6b87cfd2411a29652f35c49d245928e5fa3ca22a299a10db0.png,ComplexDataLab/OpenFake,data/datasets/openfake/pilot-600/images/fake/7bb92e9f65b5a6f6b87cfd2411a29652f35c49d245928e5fa3ca22a299a10db0.png,"[""data/datasets/openfake/pilot-600/images/fake/7bb92e9f65b5a6f6b87cfd2411a29652f35c49d245928e5fa3ca22a299a10db0.png""]",7bb92e9f65b5a6f6b87cfd2411a29652f35c49d245928e5fa3ca22a299a10db0,https://huggingface.co/datasets/ComplexDataLab/OpenFake,CC-BY-NC-4.0,,v1.0,,1,fake,collection_manifest_normalized_label_verified_by_sha256,human,human,true,human_master_final,1,medium,1,medium,0.9276857972145081,0.06871046125888824,1,medium,resnet50_layer4_fc_weighted_ordinal_v3,48f6495d4a62ded10d98c3835ffcd33c8f5c653e5df19cb03aef62582060e9b4,training
7bfcd1ecd23cb53efabb081060ff5b367c31fb0cbbd9a9a8dca5c50476a2af62,human_annotated/images/7bfcd1ecd23cb53efabb081060ff5b367c31fb0cbbd9a9a8dca5c50476a2af62.png,ComplexDataLab/OpenFake,data/datasets/openfake/additional-900/images/fake/7bfcd1ecd23cb53efabb081060ff5b367c31fb0cbbd9a9a8dca5c50476a2af62.png,"[""data/datasets/openfake/additional-900/images/fake/7bfcd1ecd23cb53efabb081060ff5b367c31fb0cbbd9a9a8dca5c50476a2af62.png""]",7bfcd1ecd23cb53efabb081060ff5b367c31fb0cbbd9a9a8dca5c50476a2af62,https://huggingface.co/datasets/ComplexDataLab/OpenFake,CC-BY-NC-4.0,,v1.0,750279a9710d3d98bbc6d0d87250312cfdf922a0,1,fake,collection_manifest_normalized_label_verified_by_sha256,human,human,true,consolidated_human_review,1,medium,1,medium,0.5846700072288513,0.05247111618518829,1,medium,resnet50_layer4_fc_weighted_ordinal_v3,48f6495d4a62ded10d98c3835ffcd33c8f5c653e5df19cb03aef62582060e9b4,training
7c2d679e29d758accffaedc9a632ccb8750a83adbb8a32cb32080ab5e77d833d,human_annotated/images/7c2d679e29d758accffaedc9a632ccb8750a83adbb8a32cb32080ab5e77d833d.jpg,ComplexDataLab/OpenFake,data/datasets/openfake/additional-900/images/real/7c2d679e29d758accffaedc9a632ccb8750a83adbb8a32cb32080ab5e77d833d.jpg,"[""data/datasets/openfake/additional-900/images/real/7c2d679e29d758accffaedc9a632ccb8750a83adbb8a32cb32080ab5e77d833d.jpg""]",7c2d679e29d758accffaedc9a632ccb8750a83adbb8a32cb32080ab5e77d833d,https://huggingface.co/datasets/ComplexDataLab/OpenFake,CC-BY-NC-4.0,,v1.0,750279a9710d3d98bbc6d0d87250312cfdf922a0,0,real,collection_manifest_normalized_label_verified_by_sha256,human,human,true,human_master_final,0,low,0,low,0.4181520342826843,0.006834906060248613,0,low,resnet50_layer4_fc_weighted_ordinal_v3,48f6495d4a62ded10d98c3835ffcd33c8f5c653e5df19cb03aef62582060e9b4,training
7c44932e5efc93234dce877a94e0bbbb81a53662fa5ffabba5dc5f05fe7cdf51,human_annotated/images/7c44932e5efc93234dce877a94e0bbbb81a53662fa5ffabba5dc5f05fe7cdf51.jpg,ComplexDataLab/OpenFake,data/datasets/openfake/additional-900/images/fake/7c44932e5efc93234dce877a94e0bbbb81a53662fa5ffabba5dc5f05fe7cdf51.jpg,"[""data/datasets/openfake/additional-900/images/fake/7c44932e5efc93234dce877a94e0bbbb81a53662fa5ffabba5dc5f05fe7cdf51.jpg""]",7c44932e5efc93234dce877a94e0bbbb81a53662fa5ffabba5dc5f05fe7cdf51,https://huggingface.co/datasets/ComplexDataLab/OpenFake,CC-BY-NC-4.0,,v1.0,750279a9710d3d98bbc6d0d87250312cfdf922a0,1,fake,collection_manifest_normalized_label_verified_by_sha256,human,human,true,human_master_final,0,low,0,low,0.3407844305038452,0.0007391642429865897,0,low,resnet50_layer4_fc_weighted_ordinal_v3,48f6495d4a62ded10d98c3835ffcd33c8f5c653e5df19cb03aef62582060e9b4,training
7c8167afdd57fa6021a7b58d6782acce1bd63b8ddd3bfa218dd81c1b3caf16fc,human_annotated/images/7c8167afdd57fa6021a7b58d6782acce1bd63b8ddd3bfa218dd81c1b3caf16fc.jpg,saberzl/SID_Set,data/datasets/sid-set/candidate-1500/images/real/7c8167afdd57fa6021a7b58d6782acce1bd63b8ddd3bfa218dd81c1b3caf16fc.jpg,"[""data/datasets/sid-set/candidate-1500/images/real/7c8167afdd57fa6021a7b58d6782acce1bd63b8ddd3bfa218dd81c1b3caf16fc.jpg""]",7c8167afdd57fa6021a7b58d6782acce1bd63b8ddd3bfa218dd81c1b3caf16fc,https://huggingface.co/datasets/saberzl/SID_Set,CC-BY-4.0,ae1364782b3a872e,main,dc03ead57929879319ce30a82bfcfb8d317b10bd,0,real,collection_manifest_normalized_label_verified_by_sha256,human,human,true,human_master_final,1,medium,1,medium,0.9201645255088806,0.012793384492397308,1,medium,resnet50_layer4_fc_weighted_ordinal_v3,48f6495d4a62ded10d98c3835ffcd33c8f5c653e5df19cb03aef62582060e9b4,training
7c89da9dd986b0507e0d3f1b0df006d441e2b7bf5870efc44e3f6f61febe5878,human_annotated/images/7c89da9dd986b0507e0d3f1b0df006d441e2b7bf5870efc44e3f6f61febe5878.png,ComplexDataLab/OpenFake,data/datasets/openfake/pilot-600/images/fake/7c89da9dd986b0507e0d3f1b0df006d441e2b7bf5870efc44e3f6f61febe5878.png,"[""data/datasets/openfake/pilot-600/images/fake/7c89da9dd986b0507e0d3f1b0df006d441e2b7bf5870efc44e3f6f61febe5878.png""]",7c89da9dd986b0507e0d3f1b0df006d441e2b7bf5870efc44e3f6f61febe5878,https://huggingface.co/datasets/ComplexDataLab/OpenFake,CC-BY-NC-4.0,,v1.0,,1,fake,collection_manifest_normalized_label_verified_by_sha256,human,human,true,human_master_final,1,medium,1,medium,0.7663201093673706,0.09709566831588745,1,medium,resnet50_layer4_fc_weighted_ordinal_v3,48f6495d4a62ded10d98c3835ffcd33c8f5c653e5df19cb03aef62582060e9b4,frozen_test
7cb9633b03b6e40e6b01c490dcbfa2c66985921c486a5d7b51596634c8f8444d,human_annotated/images/7cb9633b03b6e40e6b01c490dcbfa2c66985921c486a5d7b51596634c8f8444d.png,ComplexDataLab/OpenFake,data/datasets/openfake/pilot-600/images/fake/7cb9633b03b6e40e6b01c490dcbfa2c66985921c486a5d7b51596634c8f8444d.png,"[""data/datasets/openfake/pilot-600/images/fake/7cb9633b03b6e40e6b01c490dcbfa2c66985921c486a5d7b51596634c8f8444d.png""]",7cb9633b03b6e40e6b01c490dcbfa2c66985921c486a5d7b51596634c8f8444d,https://huggingface.co/datasets/ComplexDataLab/OpenFake,CC-BY-NC-4.0,,v1.0,,1,fake,collection_manifest_normalized_label_verified_by_sha256,human,human,true,human_master_final,1,medium,1,medium,0.9261036515235901,0.04060602933168411,1,medium,resnet50_layer4_fc_weighted_ordinal_v3,48f6495d4a62ded10d98c3835ffcd33c8f5c653e5df19cb03aef62582060e9b4,frozen_test
7d1ed5e5d4e3bc1beb8dbb2c8678c8d75fce261223ea4931d209a5c68aa7a99c,human_annotated/images/7d1ed5e5d4e3bc1beb8dbb2c8678c8d75fce261223ea4931d209a5c68aa7a99c.jpg,ComplexDataLab/OpenFake,data/datasets/openfake/additional-900/images/real/7d1ed5e5d4e3bc1beb8dbb2c8678c8d75fce261223ea4931d209a5c68aa7a99c.jpg,"[""data/datasets/openfake/additional-900/images/real/7d1ed5e5d4e3bc1beb8dbb2c8678c8d75fce261223ea4931d209a5c68aa7a99c.jpg""]",7d1ed5e5d4e3bc1beb8dbb2c8678c8d75fce261223ea4931d209a5c68aa7a99c,https://huggingface.co/datasets/ComplexDataLab/OpenFake,CC-BY-NC-4.0,,v1.0,750279a9710d3d98bbc6d0d87250312cfdf922a0,0,real,collection_manifest_normalized_label_verified_by_sha256,human,human,true,human_master_final,1,medium,0,low,0.23007559776306152,0.002221782458946109,1,medium,resnet50_layer4_fc_weighted_ordinal_v3,48f6495d4a62ded10d98c3835ffcd33c8f5c653e5df19cb03aef62582060e9b4,validation
7d38082eb1f1f715812b500e5549ee8bcb74c0126cef99f1bf0cb07cb93dbb90,human_annotated/images/7d38082eb1f1f715812b500e5549ee8bcb74c0126cef99f1bf0cb07cb93dbb90.jpg,ComplexDataLab/OpenFake,data/datasets/openfake/additional-900/images/real/7d38082eb1f1f715812b500e5549ee8bcb74c0126cef99f1bf0cb07cb93dbb90.jpg,"[""data/datasets/openfake/additional-900/images/real/7d38082eb1f1f715812b500e5549ee8bcb74c0126cef99f1bf0cb07cb93dbb90.jpg""]",7d38082eb1f1f715812b500e5549ee8bcb74c0126cef99f1bf0cb07cb93dbb90,https://huggingface.co/datasets/ComplexDataLab/OpenFake,CC-BY-NC-4.0,,v1.0,750279a9710d3d98bbc6d0d87250312cfdf922a0,0,real,collection_manifest_normalized_label_verified_by_sha256,human,human,true,consolidated_human_review,1,medium,1,medium,0.9371216893196106,0.09764692932367325,1,medium,resnet50_layer4_fc_weighted_ordinal_v3,48f6495d4a62ded10d98c3835ffcd33c8f5c653e5df19cb03aef62582060e9b4,training
7d5c445945a18289de631b239f8e6420dbb1aab05d82d81e94d585dee5a2dcfe,human_annotated/images/7d5c445945a18289de631b239f8e6420dbb1aab05d82d81e94d585dee5a2dcfe.jpg,RRDataset,data/datasets/RRDataset/selection_1500/sara/real/real_004616.jpg,"[""data/datasets/RRDataset/selection_1500/sara/real/real_004616.jpg""]",7d5c445945a18289de631b239f8e6420dbb1aab05d82d81e94d585dee5a2dcfe,https://zenodo.org/records/14963880,CC-BY-4.0,,,,0,real,rrdataset_local_directory_verified_by_sha256,human,human,true,human_master_final,0,low,0,low,0.10061899572610855,0.018773900344967842,0,low,resnet50_layer4_fc_weighted_ordinal_v3,48f6495d4a62ded10d98c3835ffcd33c8f5c653e5df19cb03aef62582060e9b4,training
7da3539bdb11b80f109b1ed1e92111b2032293ba55631e11d49dca56b907e7d7,human_annotated/images/7da3539bdb11b80f109b1ed1e92111b2032293ba55631e11d49dca56b907e7d7.png,RRDataset,data/datasets/RRDataset/selection_1500/giovanni/ai/Natural_Disasters_&_Accidents_000657.png,"[""data/datasets/RRDataset/selection_1500/giovanni/ai/Natural_Disasters_&_Accidents_000657.png""]",7da3539bdb11b80f109b1ed1e92111b2032293ba55631e11d49dca56b907e7d7,https://zenodo.org/records/14963880,CC-BY-4.0,,,,1,fake,rrdataset_local_directory_verified_by_sha256,human,human,true,human_master_final,1,medium,1,medium,0.9707122445106506,0.321652889251709,1,medium,resnet50_layer4_fc_weighted_ordinal_v3,48f6495d4a62ded10d98c3835ffcd33c8f5c653e5df19cb03aef62582060e9b4,training
7dbd738e5d107f5604a2ae15fd5fbaa8d246ebd3acb15776c6950045bc2a1272,human_annotated/images/7dbd738e5d107f5604a2ae15fd5fbaa8d246ebd3acb15776c6950045bc2a1272.png,RRDataset,data/datasets/RRDataset/selection_1500/giovanni/ai/Medical_&_Public_Health_000459.png,"[""data/datasets/RRDataset/selection_1500/giovanni/ai/Medical_&_Public_Health_000459.png""]",7dbd738e5d107f5604a2ae15fd5fbaa8d246ebd3acb15776c6950045bc2a1272,https://zenodo.org/records/14963880,CC-BY-4.0,,,,1,fake,rrdataset_local_directory_verified_by_sha256,human,human,true,human_master_final,1,medium,1,medium,0.9369590282440186,0.12279017269611359,1,medium,resnet50_layer4_fc_weighted_ordinal_v3,48f6495d4a62ded10d98c3835ffcd33c8f5c653e5df19cb03aef62582060e9b4,training
7deb6e0833bf859bddc17b8c5b053dae61cd8cf9fc80ceb5ff94bd35da734c32,human_annotated/images/7deb6e0833bf859bddc17b8c5b053dae61cd8cf9fc80ceb5ff94bd35da734c32.png,ComplexDataLab/OpenFake,data/datasets/openfake/pilot-600/images/fake/7deb6e0833bf859bddc17b8c5b053dae61cd8cf9fc80ceb5ff94bd35da734c32.png,"[""data/datasets/openfake/pilot-600/images/fake/7deb6e0833bf859bddc17b8c5b053dae61cd8cf9fc80ceb5ff94bd35da734c32.png""]",7deb6e0833bf859bddc17b8c5b053dae61cd8cf9fc80ceb5ff94bd35da734c32,https://huggingface.co/datasets/ComplexDataLab/OpenFake,CC-BY-NC-4.0,,v1.0,,1,fake,collection_manifest_normalized_label_verified_by_sha256,human,human,true,human_master_final,1,medium,1,medium,0.554356038570404,0.005508589558303356,1,medium,resnet50_layer4_fc_weighted_ordinal_v3,48f6495d4a62ded10d98c3835ffcd33c8f5c653e5df19cb03aef62582060e9b4,frozen_test
7ed2a6661f9f57f421dbf873401c2e7445eb7f67f761cb2c4ffba83ccc555249,human_annotated/images/7ed2a6661f9f57f421dbf873401c2e7445eb7f67f761cb2c4ffba83ccc555249.jpg,RRDataset,data/datasets/RRDataset/selection_1500/giovanni/real/real_009572.jpg,"[""data/datasets/RRDataset/selection_1500/giovanni/real/real_009572.jpg""]",7ed2a6661f9f57f421dbf873401c2e7445eb7f67f761cb2c4ffba83ccc555249,https://zenodo.org/records/14963880,CC-BY-4.0,,,,0,real,rrdataset_local_directory_verified_by_sha256,human,human,true,human_master_final,0,low,0,low,0.14015471935272217,0.046827033162117004,0,low,resnet50_layer4_fc_weighted_ordinal_v3,48f6495d4a62ded10d98c3835ffcd33c8f5c653e5df19cb03aef62582060e9b4,frozen_test
7f551c77d784ee7c318cab56b28ef53653398c148af984d5455a66daa988e2f2,human_annotated/images/7f551c77d784ee7c318cab56b28ef53653398c148af984d5455a66daa988e2f2.png,saberzl/SID_Set,data/datasets/sid-set/candidate-1500/images/fake/7f551c77d784ee7c318cab56b28ef53653398c148af984d5455a66daa988e2f2.png,"[""data/datasets/sid-set/candidate-1500/images/fake/7f551c77d784ee7c318cab56b28ef53653398c148af984d5455a66daa988e2f2.png""]",7f551c77d784ee7c318cab56b28ef53653398c148af984d5455a66daa988e2f2,https://huggingface.co/datasets/saberzl/SID_Set,CC-BY-4.0,full_synthetic_013255,main,dc03ead57929879319ce30a82bfcfb8d317b10bd,1,fake,collection_manifest_normalized_label_verified_by_sha256,human,human,true,consolidated_human_review,1,medium,1,medium,0.9490989446640015,0.21113793551921844,1,medium,resnet50_layer4_fc_weighted_ordinal_v3,48f6495d4a62ded10d98c3835ffcd33c8f5c653e5df19cb03aef62582060e9b4,training
7fc4cb8d909eb12ef737d61f25e3bd663245c15273f961fcee6309ed49a950da,human_annotated/images/7fc4cb8d909eb12ef737d61f25e3bd663245c15273f961fcee6309ed49a950da.jpg,RRDataset,data/datasets/RRDataset/selection_1500/sara/real/real_004881.jpg,"[""data/datasets/RRDataset/selection_1500/sara/real/real_004881.jpg""]",7fc4cb8d909eb12ef737d61f25e3bd663245c15273f961fcee6309ed49a950da,https://zenodo.org/records/14963880,CC-BY-4.0,,,,0,real,rrdataset_local_directory_verified_by_sha256,human,human,true,human_master_final,0,low,0,low,0.14693455398082733,0.0012652267469093204,0,low,resnet50_layer4_fc_weighted_ordinal_v3,48f6495d4a62ded10d98c3835ffcd33c8f5c653e5df19cb03aef62582060e9b4,frozen_test
7ffc45f3e4a6b2f288141d11373cfd3d278d5ccfb8a833a7c952289182085db4,human_annotated/images/7ffc45f3e4a6b2f288141d11373cfd3d278d5ccfb8a833a7c952289182085db4.jpg,ComplexDataLab/OpenFake,data/datasets/openfake/pilot-600/images/real/7ffc45f3e4a6b2f288141d11373cfd3d278d5ccfb8a833a7c952289182085db4.jpg,"[""data/datasets/openfake/pilot-600/images/real/7ffc45f3e4a6b2f288141d11373cfd3d278d5ccfb8a833a7c952289182085db4.jpg""]",7ffc45f3e4a6b2f288141d11373cfd3d278d5ccfb8a833a7c952289182085db4,https://huggingface.co/datasets/ComplexDataLab/OpenFake,CC-BY-NC-4.0,,v1.0,,0,real,collection_manifest_normalized_label_verified_by_sha256,human,human,true,human_master_final,0,low,1,medium,0.7157175540924072,0.10486229509115219,0,low,resnet50_layer4_fc_weighted_ordinal_v3,48f6495d4a62ded10d98c3835ffcd33c8f5c653e5df19cb03aef62582060e9b4,training
8045c389f5f33d57d42856e23b03591a84a5dffeac4a9f2017a7f0ef5ad5dc7f,human_annotated/images/8045c389f5f33d57d42856e23b03591a84a5dffeac4a9f2017a7f0ef5ad5dc7f.jpg,ComplexDataLab/OpenFake,data/datasets/openfake/pilot-600/images/fake/8045c389f5f33d57d42856e23b03591a84a5dffeac4a9f2017a7f0ef5ad5dc7f.jpg,"[""data/datasets/openfake/pilot-600/images/fake/8045c389f5f33d57d42856e23b03591a84a5dffeac4a9f2017a7f0ef5ad5dc7f.jpg""]",8045c389f5f33d57d42856e23b03591a84a5dffeac4a9f2017a7f0ef5ad5dc7f,https://huggingface.co/datasets/ComplexDataLab/OpenFake,CC-BY-NC-4.0,,v1.0,,1,fake,collection_manifest_normalized_label_verified_by_sha256,human,human,true,consolidated_human_review,0,low,1,medium,0.5731599926948547,0.03363335505127907,0,low,resnet50_layer4_fc_weighted_ordinal_v3,48f6495d4a62ded10d98c3835ffcd33c8f5c653e5df19cb03aef62582060e9b4,training
807fc7bc3528dd77c29f3f6616dc26c2bab23ed2a0236c1d07d7b2316dd4eb35,human_annotated/images/807fc7bc3528dd77c29f3f6616dc26c2bab23ed2a0236c1d07d7b2316dd4eb35.jpg,RRDataset,data/datasets/RRDataset/selection_1500/lorenzo/real/real_006544.jpg,"[""data/datasets/RRDataset/selection_1500/lorenzo/real/real_006544.jpg""]",807fc7bc3528dd77c29f3f6616dc26c2bab23ed2a0236c1d07d7b2316dd4eb35,https://zenodo.org/records/14963880,CC-BY-4.0,,,,0,real,rrdataset_local_directory_verified_by_sha256,human,human,true,human_master_final,1,medium,1,medium,0.7147991061210632,0.0029112950433045626,1,medium,resnet50_layer4_fc_weighted_ordinal_v3,48f6495d4a62ded10d98c3835ffcd33c8f5c653e5df19cb03aef62582060e9b4,training
80a2b26689ecc6440f19fd3a20dda494cd72fc77eadcca5f951e9068546c6e41,human_annotated/images/80a2b26689ecc6440f19fd3a20dda494cd72fc77eadcca5f951e9068546c6e41.jpg,RRDataset,data/datasets/RRDataset/selection_1500/lorenzo/real/real_002760.jpg,"[""data/datasets/RRDataset/selection_1500/lorenzo/real/real_002760.jpg""]",80a2b26689ecc6440f19fd3a20dda494cd72fc77eadcca5f951e9068546c6e41,https://zenodo.org/records/14963880,CC-BY-4.0,,,,0,real,rrdataset_local_directory_verified_by_sha256,human,human,true,human_master_final,1,medium,1,medium,0.5101121664047241,0.005750875920057297,1,medium,resnet50_layer4_fc_weighted_ordinal_v3,48f6495d4a62ded10d98c3835ffcd33c8f5c653e5df19cb03aef62582060e9b4,validation
80b6f407808ba28b0d8c6e09f3adace9a4408da9535b72e493af26fca6aa4412,human_annotated/images/80b6f407808ba28b0d8c6e09f3adace9a4408da9535b72e493af26fca6aa4412.jpg,saberzl/SID_Set,data/datasets/sid-set/candidate-1500/images/real/80b6f407808ba28b0d8c6e09f3adace9a4408da9535b72e493af26fca6aa4412.jpg,"[""data/datasets/sid-set/candidate-1500/images/real/80b6f407808ba28b0d8c6e09f3adace9a4408da9535b72e493af26fca6aa4412.jpg""]",80b6f407808ba28b0d8c6e09f3adace9a4408da9535b72e493af26fca6aa4412,https://huggingface.co/datasets/saberzl/SID_Set,CC-BY-4.0,ddfa3e9a9f1bd819,main,dc03ead57929879319ce30a82bfcfb8d317b10bd,0,real,collection_manifest_normalized_label_verified_by_sha256,human,human,true,human_master_final,0,low,0,low,0.24798932671546936,0.0012756789801642299,0,low,resnet50_layer4_fc_weighted_ordinal_v3,48f6495d4a62ded10d98c3835ffcd33c8f5c653e5df19cb03aef62582060e9b4,training
811ed4c00e228d89dfc81787aeef2f6f565d9b98262daf4034f837a4dbca4eb7,human_annotated/images/811ed4c00e228d89dfc81787aeef2f6f565d9b98262daf4034f837a4dbca4eb7.png,saberzl/SID_Set,data/datasets/sid-set/candidate-1500/images/fake/811ed4c00e228d89dfc81787aeef2f6f565d9b98262daf4034f837a4dbca4eb7.png,"[""data/datasets/sid-set/candidate-1500/images/fake/811ed4c00e228d89dfc81787aeef2f6f565d9b98262daf4034f837a4dbca4eb7.png""]",811ed4c00e228d89dfc81787aeef2f6f565d9b98262daf4034f837a4dbca4eb7,https://huggingface.co/datasets/saberzl/SID_Set,CC-BY-4.0,full_synthetic_010042,main,dc03ead57929879319ce30a82bfcfb8d317b10bd,1,fake,collection_manifest_normalized_label_verified_by_sha256,human,human,true,consolidated_human_review,2,high,1,medium,0.9635949730873108,0.3168886601924896,2,high,resnet50_layer4_fc_weighted_ordinal_v3,48f6495d4a62ded10d98c3835ffcd33c8f5c653e5df19cb03aef62582060e9b4,validation
81aef350a92a3ef21f0d64a5d4dd46e94a9a577951c28416db32c721288295da,human_annotated/images/81aef350a92a3ef21f0d64a5d4dd46e94a9a577951c28416db32c721288295da.jpg,RRDataset,data/datasets/RRDataset/selection_1500/giovanni/real/real_004275.jpg,"[""data/datasets/RRDataset/selection_1500/giovanni/real/real_004275.jpg""]",81aef350a92a3ef21f0d64a5d4dd46e94a9a577951c28416db32c721288295da,https://zenodo.org/records/14963880,CC-BY-4.0,,,,0,real,rrdataset_local_directory_verified_by_sha256,human,human,true,human_master_final,1,medium,1,medium,0.8443872928619385,0.004658224526792765,1,medium,resnet50_layer4_fc_weighted_ordinal_v3,48f6495d4a62ded10d98c3835ffcd33c8f5c653e5df19cb03aef62582060e9b4,training
81ccccfcdaae9e42343367ab91c537c7e9b96e0075869fcdb4d8392d8aee3a64,human_annotated/images/81ccccfcdaae9e42343367ab91c537c7e9b96e0075869fcdb4d8392d8aee3a64.jpg,saberzl/SID_Set,data/datasets/sid-set/candidate-1500/images/real/81ccccfcdaae9e42343367ab91c537c7e9b96e0075869fcdb4d8392d8aee3a64.jpg,"[""data/datasets/sid-set/candidate-1500/images/real/81ccccfcdaae9e42343367ab91c537c7e9b96e0075869fcdb4d8392d8aee3a64.jpg""]",81ccccfcdaae9e42343367ab91c537c7e9b96e0075869fcdb4d8392d8aee3a64,https://huggingface.co/datasets/saberzl/SID_Set,CC-BY-4.0,6aaea3ee5b0c2f02,main,dc03ead57929879319ce30a82bfcfb8d317b10bd,0,real,collection_manifest_normalized_label_verified_by_sha256,human,human,true,human_master_final,0,low,0,low,0.19788533449172974,0.014958892948925495,0,low,resnet50_layer4_fc_weighted_ordinal_v3,48f6495d4a62ded10d98c3835ffcd33c8f5c653e5df19cb03aef62582060e9b4,training
8241bbae3a5ea1bfef7a442ce2bf631b1636664f15461873bf633f6b774a4265,human_annotated/images/8241bbae3a5ea1bfef7a442ce2bf631b1636664f15461873bf633f6b774a4265.jpg,saberzl/SID_Set,data/datasets/sid-set/candidate-1500/images/real/8241bbae3a5ea1bfef7a442ce2bf631b1636664f15461873bf633f6b774a4265.jpg,"[""data/datasets/sid-set/candidate-1500/images/real/8241bbae3a5ea1bfef7a442ce2bf631b1636664f15461873bf633f6b774a4265.jpg""]",8241bbae3a5ea1bfef7a442ce2bf631b1636664f15461873bf633f6b774a4265,https://huggingface.co/datasets/saberzl/SID_Set,CC-BY-4.0,a1b0c2246f256ccd,main,dc03ead57929879319ce30a82bfcfb8d317b10bd,0,real,collection_manifest_normalized_label_verified_by_sha256,human,human,true,human_master_final,0,low,1,medium,0.8132649064064026,0.09400029480457306,0,low,resnet50_layer4_fc_weighted_ordinal_v3,48f6495d4a62ded10d98c3835ffcd33c8f5c653e5df19cb03aef62582060e9b4,validation
825d6bb45fd2a06c620325cac98f761ad8e9a491a568a96223b2573301427d75,human_annotated/images/825d6bb45fd2a06c620325cac98f761ad8e9a491a568a96223b2573301427d75.png,ComplexDataLab/OpenFake,data/datasets/openfake/additional-900/images/fake/825d6bb45fd2a06c620325cac98f761ad8e9a491a568a96223b2573301427d75.png,"[""data/datasets/openfake/additional-900/images/fake/825d6bb45fd2a06c620325cac98f761ad8e9a491a568a96223b2573301427d75.png""]",825d6bb45fd2a06c620325cac98f761ad8e9a491a568a96223b2573301427d75,https://huggingface.co/datasets/ComplexDataLab/OpenFake,CC-BY-NC-4.0,,v1.0,750279a9710d3d98bbc6d0d87250312cfdf922a0,1,fake,collection_manifest_normalized_label_verified_by_sha256,human,human,true,consolidated_human_review,1,medium,0,low,0.43493831157684326,0.012411803007125854,1,medium,resnet50_layer4_fc_weighted_ordinal_v3,48f6495d4a62ded10d98c3835ffcd33c8f5c653e5df19cb03aef62582060e9b4,training
8281952d554b2713ea0f7d2655aa11dbaf7759afbeb20bad7b62cd51e22b3b83,human_annotated/images/8281952d554b2713ea0f7d2655aa11dbaf7759afbeb20bad7b62cd51e22b3b83.jpg,ComplexDataLab/OpenFake,data/datasets/openfake/pilot-600/images/real/8281952d554b2713ea0f7d2655aa11dbaf7759afbeb20bad7b62cd51e22b3b83.jpg,"[""data/datasets/openfake/pilot-600/images/real/8281952d554b2713ea0f7d2655aa11dbaf7759afbeb20bad7b62cd51e22b3b83.jpg""]",8281952d554b2713ea0f7d2655aa11dbaf7759afbeb20bad7b62cd51e22b3b83,https://huggingface.co/datasets/ComplexDataLab/OpenFake,CC-BY-NC-4.0,,v1.0,,0,real,collection_manifest_normalized_label_verified_by_sha256,human,human,true,consolidated_human_review,1,medium,1,medium,0.8674161434173584,0.025705382227897644,1,medium,resnet50_layer4_fc_weighted_ordinal_v3,48f6495d4a62ded10d98c3835ffcd33c8f5c653e5df19cb03aef62582060e9b4,training
82f9d60fa9ad4c62931e5610c27b340af40cb096866198b1d89ca3429bf3645c,human_annotated/images/82f9d60fa9ad4c62931e5610c27b340af40cb096866198b1d89ca3429bf3645c.jpg,ComplexDataLab/OpenFake,data/datasets/openfake/pilot-600/images/real/82f9d60fa9ad4c62931e5610c27b340af40cb096866198b1d89ca3429bf3645c.jpg,"[""data/datasets/openfake/pilot-600/images/real/82f9d60fa9ad4c62931e5610c27b340af40cb096866198b1d89ca3429bf3645c.jpg""]",82f9d60fa9ad4c62931e5610c27b340af40cb096866198b1d89ca3429bf3645c,https://huggingface.co/datasets/ComplexDataLab/OpenFake,CC-BY-NC-4.0,,v1.0,,0,real,collection_manifest_normalized_label_verified_by_sha256,human,human,true,human_master_final,1,medium,1,medium,0.8881788849830627,0.07139714062213898,1,medium,resnet50_layer4_fc_weighted_ordinal_v3,48f6495d4a62ded10d98c3835ffcd33c8f5c653e5df19cb03aef62582060e9b4,frozen_test
83cf8667393561af5c06770cf33ae00399f5afea717216350f364dee0c10f664,human_annotated/images/83cf8667393561af5c06770cf33ae00399f5afea717216350f364dee0c10f664.png,RRDataset,data/datasets/RRDataset/selection_1500/giovanni/ai/Medical_&_Public_Health_000823.png,"[""data/datasets/RRDataset/selection_1500/giovanni/ai/Medical_&_Public_Health_000823.png""]",83cf8667393561af5c06770cf33ae00399f5afea717216350f364dee0c10f664,https://zenodo.org/records/14963880,CC-BY-4.0,,,,1,fake,rrdataset_local_directory_verified_by_sha256,human,human,true,human_master_final,1,medium,1,medium,0.9852185845375061,0.1841602772474289,1,medium,resnet50_layer4_fc_weighted_ordinal_v3,48f6495d4a62ded10d98c3835ffcd33c8f5c653e5df19cb03aef62582060e9b4,training
8440371e97749c3ddc3c84c3b361a0f9e4c9dc9399f0667939f7b567826ba248,human_annotated/images/8440371e97749c3ddc3c84c3b361a0f9e4c9dc9399f0667939f7b567826ba248.png,ComplexDataLab/OpenFake,data/datasets/openfake/additional-900/images/fake/8440371e97749c3ddc3c84c3b361a0f9e4c9dc9399f0667939f7b567826ba248.png,"[""data/datasets/openfake/additional-900/images/fake/8440371e97749c3ddc3c84c3b361a0f9e4c9dc9399f0667939f7b567826ba248.png""]",8440371e97749c3ddc3c84c3b361a0f9e4c9dc9399f0667939f7b567826ba248,https://huggingface.co/datasets/ComplexDataLab/OpenFake,CC-BY-NC-4.0,,v1.0,750279a9710d3d98bbc6d0d87250312cfdf922a0,1,fake,collection_manifest_normalized_label_verified_by_sha256,human,human,true,human_master_final,1,medium,1,medium,0.8802719712257385,0.14193283021450043,1,medium,resnet50_layer4_fc_weighted_ordinal_v3,48f6495d4a62ded10d98c3835ffcd33c8f5c653e5df19cb03aef62582060e9b4,validation
845f7ad9bd937ad6ca0d5973edd10fb05cb1d320a3e2f960d2d3f15c15df3ca9,human_annotated/images/845f7ad9bd937ad6ca0d5973edd10fb05cb1d320a3e2f960d2d3f15c15df3ca9.png,RRDataset,data/datasets/RRDataset/selection_1500/sara/ai/War_&_Conflict_Scenes_000390.png,"[""data/datasets/RRDataset/selection_1500/sara/ai/War_&_Conflict_Scenes_000390.png""]",845f7ad9bd937ad6ca0d5973edd10fb05cb1d320a3e2f960d2d3f15c15df3ca9,https://zenodo.org/records/14963880,CC-BY-4.0,,,,1,fake,rrdataset_local_directory_verified_by_sha256,human,human,true,consolidated_human_review,2,high,2,high,0.9491574764251709,0.6515948176383972,2,high,resnet50_layer4_fc_weighted_ordinal_v3,48f6495d4a62ded10d98c3835ffcd33c8f5c653e5df19cb03aef62582060e9b4,validation
846bfd89713e303a1e3d7f0692079a971443733afb7c0ff3ba950ff91c90bfd5,human_annotated/images/846bfd89713e303a1e3d7f0692079a971443733afb7c0ff3ba950ff91c90bfd5.png,RRDataset,data/datasets/RRDataset/selection_1500/sara/ai/War_&_Conflict_Scenes_000900.png,"[""data/datasets/RRDataset/selection_1500/sara/ai/War_&_Conflict_Scenes_000900.png""]",846bfd89713e303a1e3d7f0692079a971443733afb7c0ff3ba950ff91c90bfd5,https://zenodo.org/records/14963880,CC-BY-4.0,,,,1,fake,rrdataset_local_directory_verified_by_sha256,human,human,true,consolidated_human_review,2,high,2,high,0.9710482358932495,0.8725374937057495,2,high,resnet50_layer4_fc_weighted_ordinal_v3,48f6495d4a62ded10d98c3835ffcd33c8f5c653e5df19cb03aef62582060e9b4,training
84742b95f02315a331989bcc2339c8f407e90d5d4edec032048b42e743d6123c,human_annotated/images/84742b95f02315a331989bcc2339c8f407e90d5d4edec032048b42e743d6123c.png,saberzl/SID_Set,data/datasets/sid-set/candidate-1500/images/fake/84742b95f02315a331989bcc2339c8f407e90d5d4edec032048b42e743d6123c.png,"[""data/datasets/sid-set/candidate-1500/images/fake/84742b95f02315a331989bcc2339c8f407e90d5d4edec032048b42e743d6123c.png""]",84742b95f02315a331989bcc2339c8f407e90d5d4edec032048b42e743d6123c,https://huggingface.co/datasets/saberzl/SID_Set,CC-BY-4.0,full_synthetic_024086,main,dc03ead57929879319ce30a82bfcfb8d317b10bd,1,fake,collection_manifest_normalized_label_verified_by_sha256,human,human,true,consolidated_human_review,1,medium,1,medium,0.6047326326370239,0.31888291239738464,1,medium,resnet50_layer4_fc_weighted_ordinal_v3,48f6495d4a62ded10d98c3835ffcd33c8f5c653e5df19cb03aef62582060e9b4,training
84811dced43edefaa56e7f98db9fe6ab7a3799a52afceec264f4e03b2a698b08,human_annotated/images/84811dced43edefaa56e7f98db9fe6ab7a3799a52afceec264f4e03b2a698b08.jpg,ComplexDataLab/OpenFake,data/datasets/openfake/additional-900/images/fake/84811dced43edefaa56e7f98db9fe6ab7a3799a52afceec264f4e03b2a698b08.jpg,"[""data/datasets/openfake/additional-900/images/fake/84811dced43edefaa56e7f98db9fe6ab7a3799a52afceec264f4e03b2a698b08.jpg""]",84811dced43edefaa56e7f98db9fe6ab7a3799a52afceec264f4e03b2a698b08,https://huggingface.co/datasets/ComplexDataLab/OpenFake,CC-BY-NC-4.0,,v1.0,750279a9710d3d98bbc6d0d87250312cfdf922a0,1,fake,collection_manifest_normalized_label_verified_by_sha256,human,human,true,consolidated_human_review,2,high,2,high,0.8142462968826294,0.5921456813812256,2,high,resnet50_layer4_fc_weighted_ordinal_v3,48f6495d4a62ded10d98c3835ffcd33c8f5c653e5df19cb03aef62582060e9b4,validation
84ca0dfbdfb307ed6fb8ae5416ece412e94c628efc7af63e18dd8d0d12116288,human_annotated/images/84ca0dfbdfb307ed6fb8ae5416ece412e94c628efc7af63e18dd8d0d12116288.png,ComplexDataLab/OpenFake,data/datasets/openfake/pilot-600/images/fake/84ca0dfbdfb307ed6fb8ae5416ece412e94c628efc7af63e18dd8d0d12116288.png,"[""data/datasets/openfake/pilot-600/images/fake/84ca0dfbdfb307ed6fb8ae5416ece412e94c628efc7af63e18dd8d0d12116288.png""]",84ca0dfbdfb307ed6fb8ae5416ece412e94c628efc7af63e18dd8d0d12116288,https://huggingface.co/datasets/ComplexDataLab/OpenFake,CC-BY-NC-4.0,,v1.0,,1,fake,collection_manifest_normalized_label_verified_by_sha256,human,human,true,human_master_final,1,medium,1,medium,0.8241874575614929,0.00132915866561234,1,medium,resnet50_layer4_fc_weighted_ordinal_v3,48f6495d4a62ded10d98c3835ffcd33c8f5c653e5df19cb03aef62582060e9b4,training
84d98021cc613e483c4513d769c4fd6622bcc74f576b5081fa7d29e7876d5aff,human_annotated/images/84d98021cc613e483c4513d769c4fd6622bcc74f576b5081fa7d29e7876d5aff.jpg,RRDataset,data/datasets/RRDataset/selection_1500/sara/real/real_002564.jpg,"[""data/datasets/RRDataset/selection_1500/sara/real/real_002564.jpg""]",84d98021cc613e483c4513d769c4fd6622bcc74f576b5081fa7d29e7876d5aff,https://zenodo.org/records/14963880,CC-BY-4.0,,,,0,real,rrdataset_local_directory_verified_by_sha256,human,human,true,human_master_final,1,medium,1,medium,0.9929621815681458,0.3498345911502838,1,medium,resnet50_layer4_fc_weighted_ordinal_v3,48f6495d4a62ded10d98c3835ffcd33c8f5c653e5df19cb03aef62582060e9b4,training
851d83722549bc78e32c2cef8870777e338e7e80ae1aaef7b84a62a5131d262a,human_annotated/images/851d83722549bc78e32c2cef8870777e338e7e80ae1aaef7b84a62a5131d262a.webp,ComplexDataLab/OpenFake,data/datasets/openfake/additional-900/images/real/851d83722549bc78e32c2cef8870777e338e7e80ae1aaef7b84a62a5131d262a.webp,"[""data/datasets/openfake/additional-900/images/real/851d83722549bc78e32c2cef8870777e338e7e80ae1aaef7b84a62a5131d262a.webp""]",851d83722549bc78e32c2cef8870777e338e7e80ae1aaef7b84a62a5131d262a,https://huggingface.co/datasets/ComplexDataLab/OpenFake,CC-BY-NC-4.0,,v1.0,750279a9710d3d98bbc6d0d87250312cfdf922a0,0,real,collection_manifest_normalized_label_verified_by_sha256,human,human,true,human_master_final,0,low,0,low,0.411469966173172,0.11305911093950272,0,low,resnet50_layer4_fc_weighted_ordinal_v3,48f6495d4a62ded10d98c3835ffcd33c8f5c653e5df19cb03aef62582060e9b4,training
854a41c33b4e995964f27edbbab2284806e2a606db27ea804a36705d7ebb58aa,human_annotated/images/854a41c33b4e995964f27edbbab2284806e2a606db27ea804a36705d7ebb58aa.jpg,RRDataset,data/datasets/RRDataset/selection_1500/giovanni/real/real_003401.jpg,"[""data/datasets/RRDataset/selection_1500/giovanni/real/real_003401.jpg""]",854a41c33b4e995964f27edbbab2284806e2a606db27ea804a36705d7ebb58aa,https://zenodo.org/records/14963880,CC-BY-4.0,,,,0,real,rrdataset_local_directory_verified_by_sha256,human,human,true,human_master_final,1,medium,1,medium,0.7494436502456665,0.02974979765713215,1,medium,resnet50_layer4_fc_weighted_ordinal_v3,48f6495d4a62ded10d98c3835ffcd33c8f5c653e5df19cb03aef62582060e9b4,training
85a451298d359a306d06e3a05ec404731072fcbb7dfe8ea6532e5c00b011929d,human_annotated/images/85a451298d359a306d06e3a05ec404731072fcbb7dfe8ea6532e5c00b011929d.jpg,saberzl/SID_Set,data/datasets/sid-set/candidate-1500/images/real/85a451298d359a306d06e3a05ec404731072fcbb7dfe8ea6532e5c00b011929d.jpg,"[""data/datasets/sid-set/candidate-1500/images/real/85a451298d359a306d06e3a05ec404731072fcbb7dfe8ea6532e5c00b011929d.jpg""]",85a451298d359a306d06e3a05ec404731072fcbb7dfe8ea6532e5c00b011929d,https://huggingface.co/datasets/saberzl/SID_Set,CC-BY-4.0,0e30c2208e279482,main,dc03ead57929879319ce30a82bfcfb8d317b10bd,0,real,collection_manifest_normalized_label_verified_by_sha256,human,human,true,consolidated_human_review,2,high,1,medium,0.966996967792511,0.36625298857688904,2,high,resnet50_layer4_fc_weighted_ordinal_v3,48f6495d4a62ded10d98c3835ffcd33c8f5c653e5df19cb03aef62582060e9b4,training
85e05d89b44c8ae89bff7809c4cc9ea59655f534d342d5244e70355ec1397f29,human_annotated/images/85e05d89b44c8ae89bff7809c4cc9ea59655f534d342d5244e70355ec1397f29.png,saberzl/SID_Set,data/datasets/sid-set/candidate-1500/images/fake/85e05d89b44c8ae89bff7809c4cc9ea59655f534d342d5244e70355ec1397f29.png,"[""data/datasets/sid-set/candidate-1500/images/fake/85e05d89b44c8ae89bff7809c4cc9ea59655f534d342d5244e70355ec1397f29.png""]",85e05d89b44c8ae89bff7809c4cc9ea59655f534d342d5244e70355ec1397f29,https://huggingface.co/datasets/saberzl/SID_Set,CC-BY-4.0,full_synthetic_068967,main,dc03ead57929879319ce30a82bfcfb8d317b10bd,1,fake,collection_manifest_normalized_label_verified_by_sha256,human,human,true,human_master_final,1,medium,1,medium,0.7245504856109619,0.014664550311863422,1,medium,resnet50_layer4_fc_weighted_ordinal_v3,48f6495d4a62ded10d98c3835ffcd33c8f5c653e5df19cb03aef62582060e9b4,training
861d97af00b1546ebf5d03e6dc8c7f85dfbfaa759f428d997d66b24abe3d1ec1,human_annotated/images/861d97af00b1546ebf5d03e6dc8c7f85dfbfaa759f428d997d66b24abe3d1ec1.jpg,ComplexDataLab/OpenFake,data/datasets/openfake/additional-900/images/real/861d97af00b1546ebf5d03e6dc8c7f85dfbfaa759f428d997d66b24abe3d1ec1.jpg,"[""data/datasets/openfake/additional-900/images/real/861d97af00b1546ebf5d03e6dc8c7f85dfbfaa759f428d997d66b24abe3d1ec1.jpg""]",861d97af00b1546ebf5d03e6dc8c7f85dfbfaa759f428d997d66b24abe3d1ec1,https://huggingface.co/datasets/ComplexDataLab/OpenFake,CC-BY-NC-4.0,,v1.0,750279a9710d3d98bbc6d0d87250312cfdf922a0,0,real,collection_manifest_normalized_label_verified_by_sha256,human,human,true,human_master_final,0,low,1,medium,0.5532986521720886,0.13245098292827606,0,low,resnet50_layer4_fc_weighted_ordinal_v3,48f6495d4a62ded10d98c3835ffcd33c8f5c653e5df19cb03aef62582060e9b4,training
8655e93181a0f2822c4d67a7dcae2543319edcee9c22aacba1581c979a5bf77a,human_annotated/images/8655e93181a0f2822c4d67a7dcae2543319edcee9c22aacba1581c979a5bf77a.jpg,RRDataset,data/datasets/RRDataset/selection_1500/sara/real/real_006027.jpg,"[""data/datasets/RRDataset/selection_1500/sara/real/real_006027.jpg""]",8655e93181a0f2822c4d67a7dcae2543319edcee9c22aacba1581c979a5bf77a,https://zenodo.org/records/14963880,CC-BY-4.0,,,,0,real,rrdataset_local_directory_verified_by_sha256,human,human,true,human_master_final,1,medium,1,medium,0.9071010947227478,0.007715569343417883,1,medium,resnet50_layer4_fc_weighted_ordinal_v3,48f6495d4a62ded10d98c3835ffcd33c8f5c653e5df19cb03aef62582060e9b4,validation
866814b3af2af4f237bcbea16866c6d983249807c09fabfdd599d5e1aaf753c1,human_annotated/images/866814b3af2af4f237bcbea16866c6d983249807c09fabfdd599d5e1aaf753c1.jpg,ComplexDataLab/OpenFake,data/datasets/openfake/additional-900/images/real/866814b3af2af4f237bcbea16866c6d983249807c09fabfdd599d5e1aaf753c1.jpg,"[""data/datasets/openfake/additional-900/images/real/866814b3af2af4f237bcbea16866c6d983249807c09fabfdd599d5e1aaf753c1.jpg""]",866814b3af2af4f237bcbea16866c6d983249807c09fabfdd599d5e1aaf753c1,https://huggingface.co/datasets/ComplexDataLab/OpenFake,CC-BY-NC-4.0,,v1.0,750279a9710d3d98bbc6d0d87250312cfdf922a0,0,real,collection_manifest_normalized_label_verified_by_sha256,human,human,true,consolidated_human_review,1,medium,1,medium,0.9204822778701782,0.011113646440207958,1,medium,resnet50_layer4_fc_weighted_ordinal_v3,48f6495d4a62ded10d98c3835ffcd33c8f5c653e5df19cb03aef62582060e9b4,validation
870d84f389bded46362c3d4dd2a3cbfbddc0010063fbe5be04646810512dda79,human_annotated/images/870d84f389bded46362c3d4dd2a3cbfbddc0010063fbe5be04646810512dda79.png,ComplexDataLab/OpenFake,data/datasets/openfake/pilot-600/images/fake/870d84f389bded46362c3d4dd2a3cbfbddc0010063fbe5be04646810512dda79.png,"[""data/datasets/openfake/pilot-600/images/fake/870d84f389bded46362c3d4dd2a3cbfbddc0010063fbe5be04646810512dda79.png""]",870d84f389bded46362c3d4dd2a3cbfbddc0010063fbe5be04646810512dda79,https://huggingface.co/datasets/ComplexDataLab/OpenFake,CC-BY-NC-4.0,,v1.0,,1,fake,collection_manifest_normalized_label_verified_by_sha256,human,human,true,consolidated_human_review,1,medium,1,medium,0.8011342883110046,0.009738177992403507,1,medium,resnet50_layer4_fc_weighted_ordinal_v3,48f6495d4a62ded10d98c3835ffcd33c8f5c653e5df19cb03aef62582060e9b4,training
873f182eafbc3efa1afe62c067ed79ad322302d7e1ce9191477922a432b571c8,human_annotated/images/873f182eafbc3efa1afe62c067ed79ad322302d7e1ce9191477922a432b571c8.jpg,ComplexDataLab/OpenFake,data/datasets/openfake/additional-900/images/real/873f182eafbc3efa1afe62c067ed79ad322302d7e1ce9191477922a432b571c8.jpg,"[""data/datasets/openfake/additional-900/images/real/873f182eafbc3efa1afe62c067ed79ad322302d7e1ce9191477922a432b571c8.jpg""]",873f182eafbc3efa1afe62c067ed79ad322302d7e1ce9191477922a432b571c8,https://huggingface.co/datasets/ComplexDataLab/OpenFake,CC-BY-NC-4.0,,v1.0,750279a9710d3d98bbc6d0d87250312cfdf922a0,0,real,collection_manifest_normalized_label_verified_by_sha256,human,human,true,consolidated_human_review,1,medium,1,medium,0.5632088780403137,0.08916721493005753,1,medium,resnet50_layer4_fc_weighted_ordinal_v3,48f6495d4a62ded10d98c3835ffcd33c8f5c653e5df19cb03aef62582060e9b4,training
8741e1626460b19d4d401897fb4abc19976dfcdfc0c2c4920994508f0ccee8e7,human_annotated/images/8741e1626460b19d4d401897fb4abc19976dfcdfc0c2c4920994508f0ccee8e7.jpg,ComplexDataLab/OpenFake,data/datasets/openfake/pilot-600/images/real/8741e1626460b19d4d401897fb4abc19976dfcdfc0c2c4920994508f0ccee8e7.jpg,"[""data/datasets/openfake/pilot-600/images/real/8741e1626460b19d4d401897fb4abc19976dfcdfc0c2c4920994508f0ccee8e7.jpg""]",8741e1626460b19d4d401897fb4abc19976dfcdfc0c2c4920994508f0ccee8e7,https://huggingface.co/datasets/ComplexDataLab/OpenFake,CC-BY-NC-4.0,,v1.0,,0,real,collection_manifest_normalized_label_verified_by_sha256,human,human,true,human_master_final,1,medium,1,medium,0.9684426784515381,0.03061610832810402,1,medium,resnet50_layer4_fc_weighted_ordinal_v3,48f6495d4a62ded10d98c3835ffcd33c8f5c653e5df19cb03aef62582060e9b4,training
87a3b230bd0e45d37f872dee56b4af7fc39ce013758fc83eb0897a8233dbd0cc,human_annotated/images/87a3b230bd0e45d37f872dee56b4af7fc39ce013758fc83eb0897a8233dbd0cc.jpg,ComplexDataLab/OpenFake,data/datasets/openfake/additional-900/images/real/87a3b230bd0e45d37f872dee56b4af7fc39ce013758fc83eb0897a8233dbd0cc.jpg,"[""data/datasets/openfake/additional-900/images/real/87a3b230bd0e45d37f872dee56b4af7fc39ce013758fc83eb0897a8233dbd0cc.jpg""]",87a3b230bd0e45d37f872dee56b4af7fc39ce013758fc83eb0897a8233dbd0cc,https://huggingface.co/datasets/ComplexDataLab/OpenFake,CC-BY-NC-4.0,,v1.0,750279a9710d3d98bbc6d0d87250312cfdf922a0,0,real,collection_manifest_normalized_label_verified_by_sha256,human,human,true,consolidated_human_review,0,low,0,low,0.43677571415901184,0.34594589471817017,0,low,resnet50_layer4_fc_weighted_ordinal_v3,48f6495d4a62ded10d98c3835ffcd33c8f5c653e5df19cb03aef62582060e9b4,validation
87c28d384f7b1ac716c49ab8883a2c2094b82e4f27f3efca4051c9fab37549bd,human_annotated/images/87c28d384f7b1ac716c49ab8883a2c2094b82e4f27f3efca4051c9fab37549bd.jpg,ComplexDataLab/OpenFake,data/datasets/openfake/pilot-600/images/real/87c28d384f7b1ac716c49ab8883a2c2094b82e4f27f3efca4051c9fab37549bd.jpg,"[""data/datasets/openfake/pilot-600/images/real/87c28d384f7b1ac716c49ab8883a2c2094b82e4f27f3efca4051c9fab37549bd.jpg""]",87c28d384f7b1ac716c49ab8883a2c2094b82e4f27f3efca4051c9fab37549bd,https://huggingface.co/datasets/ComplexDataLab/OpenFake,CC-BY-NC-4.0,,v1.0,,0,real,collection_manifest_normalized_label_verified_by_sha256,human,human,true,consolidated_human_review,1,medium,1,medium,0.9108749628067017,0.0383913591504097,1,medium,resnet50_layer4_fc_weighted_ordinal_v3,48f6495d4a62ded10d98c3835ffcd33c8f5c653e5df19cb03aef62582060e9b4,training
87c666dfa8a0abfad787aa77f83cc87d8f760fc47f3e19c7c1c38f0d4dc97120,human_annotated/images/87c666dfa8a0abfad787aa77f83cc87d8f760fc47f3e19c7c1c38f0d4dc97120.png,ComplexDataLab/OpenFake,data/datasets/openfake/pilot-600/images/fake/87c666dfa8a0abfad787aa77f83cc87d8f760fc47f3e19c7c1c38f0d4dc97120.png,"[""data/datasets/openfake/pilot-600/images/fake/87c666dfa8a0abfad787aa77f83cc87d8f760fc47f3e19c7c1c38f0d4dc97120.png""]",87c666dfa8a0abfad787aa77f83cc87d8f760fc47f3e19c7c1c38f0d4dc97120,https://huggingface.co/datasets/ComplexDataLab/OpenFake,CC-BY-NC-4.0,,v1.0,,1,fake,collection_manifest_normalized_label_verified_by_sha256,human,human,true,human_master_final,1,medium,1,medium,0.9562222361564636,0.06518341600894928,1,medium,resnet50_layer4_fc_weighted_ordinal_v3,48f6495d4a62ded10d98c3835ffcd33c8f5c653e5df19cb03aef62582060e9b4,validation
87f17df13612ff7b28a4324e4dbdd50580e9e682d1c2712f1aaa5838dd7e0163,human_annotated/images/87f17df13612ff7b28a4324e4dbdd50580e9e682d1c2712f1aaa5838dd7e0163.jpg,RRDataset,data/datasets/RRDataset/selection_1500/giovanni/real/real_004706.jpg,"[""data/datasets/RRDataset/selection_1500/giovanni/real/real_004706.jpg""]",87f17df13612ff7b28a4324e4dbdd50580e9e682d1c2712f1aaa5838dd7e0163,https://zenodo.org/records/14963880,CC-BY-4.0,,,,0,real,rrdataset_local_directory_verified_by_sha256,human,human,true,human_master_final,0,low,1,medium,0.7292711138725281,0.0069993059150874615,0,low,resnet50_layer4_fc_weighted_ordinal_v3,48f6495d4a62ded10d98c3835ffcd33c8f5c653e5df19cb03aef62582060e9b4,training
880ad5b295990c8fc8f60a504a83e2764760f845382bd48cf12a1ead982ca864,human_annotated/images/880ad5b295990c8fc8f60a504a83e2764760f845382bd48cf12a1ead982ca864.jpg,saberzl/SID_Set,data/datasets/sid-set/candidate-1500/images/real/880ad5b295990c8fc8f60a504a83e2764760f845382bd48cf12a1ead982ca864.jpg,"[""data/datasets/sid-set/candidate-1500/images/real/880ad5b295990c8fc8f60a504a83e2764760f845382bd48cf12a1ead982ca864.jpg""]",880ad5b295990c8fc8f60a504a83e2764760f845382bd48cf12a1ead982ca864,https://huggingface.co/datasets/saberzl/SID_Set,CC-BY-4.0,685c6f80cb1858fe,main,dc03ead57929879319ce30a82bfcfb8d317b10bd,0,real,collection_manifest_normalized_label_verified_by_sha256,human,human,true,human_master_final,1,medium,0,low,0.491444855928421,0.03996145725250244,1,medium,resnet50_layer4_fc_weighted_ordinal_v3,48f6495d4a62ded10d98c3835ffcd33c8f5c653e5df19cb03aef62582060e9b4,training
88246a53a15621d7fbf6b5f9150530751cb77d15051e5924835d1e05d9de0468,human_annotated/images/88246a53a15621d7fbf6b5f9150530751cb77d15051e5924835d1e05d9de0468.png,saberzl/SID_Set,data/datasets/sid-set/candidate-1500/images/fake/88246a53a15621d7fbf6b5f9150530751cb77d15051e5924835d1e05d9de0468.png,"[""data/datasets/sid-set/candidate-1500/images/fake/88246a53a15621d7fbf6b5f9150530751cb77d15051e5924835d1e05d9de0468.png""]",88246a53a15621d7fbf6b5f9150530751cb77d15051e5924835d1e05d9de0468,https://huggingface.co/datasets/saberzl/SID_Set,CC-BY-4.0,full_synthetic_021902,main,dc03ead57929879319ce30a82bfcfb8d317b10bd,1,fake,collection_manifest_normalized_label_verified_by_sha256,human,human,true,human_master_final,0,low,0,low,0.3630458116531372,0.055514536798000336,0,low,resnet50_layer4_fc_weighted_ordinal_v3,48f6495d4a62ded10d98c3835ffcd33c8f5c653e5df19cb03aef62582060e9b4,validation
88c99bbb3727bda1e0076b1353b68c76b7e567dc9cd392508c462b1a54ce0afe,human_annotated/images/88c99bbb3727bda1e0076b1353b68c76b7e567dc9cd392508c462b1a54ce0afe.png,RRDataset,data/datasets/RRDataset/selection_1500/lorenzo/ai/production_000118.png,"[""data/datasets/RRDataset/selection_1500/lorenzo/ai/production_000118.png""]",88c99bbb3727bda1e0076b1353b68c76b7e567dc9cd392508c462b1a54ce0afe,https://zenodo.org/records/14963880,CC-BY-4.0,,,,1,fake,rrdataset_local_directory_verified_by_sha256,human,human,true,human_master_final,1,medium,1,medium,0.9605162143707275,0.11234991252422333,1,medium,resnet50_layer4_fc_weighted_ordinal_v3,48f6495d4a62ded10d98c3835ffcd33c8f5c653e5df19cb03aef62582060e9b4,training
89649af81686a557359d757a99f17bc9a88b6f7f3ef9152ccada6526dd3229f4,human_annotated/images/89649af81686a557359d757a99f17bc9a88b6f7f3ef9152ccada6526dd3229f4.png,RRDataset,data/datasets/RRDataset/selection_1500/sara/ai/Culture_&_Religion_000880.png,"[""data/datasets/RRDataset/selection_1500/sara/ai/Culture_&_Religion_000880.png""]",89649af81686a557359d757a99f17bc9a88b6f7f3ef9152ccada6526dd3229f4,https://zenodo.org/records/14963880,CC-BY-4.0,,,,1,fake,rrdataset_local_directory_verified_by_sha256,human,human,true,human_master_final,1,medium,1,medium,0.9843222498893738,0.04885941743850708,1,medium,resnet50_layer4_fc_weighted_ordinal_v3,48f6495d4a62ded10d98c3835ffcd33c8f5c653e5df19cb03aef62582060e9b4,training
8978c588e308bcc3053b0b7f8032fcd99809cdf08be928991641f9a2433f9106,human_annotated/images/8978c588e308bcc3053b0b7f8032fcd99809cdf08be928991641f9a2433f9106.jpg,RRDataset,data/datasets/RRDataset/selection_1500/giovanni/ai/normal_006874.jpg,"[""data/datasets/RRDataset/selection_1500/giovanni/ai/normal_006874.jpg""]",8978c588e308bcc3053b0b7f8032fcd99809cdf08be928991641f9a2433f9106,https://zenodo.org/records/14963880,CC-BY-4.0,,,,1,fake,rrdataset_local_directory_verified_by_sha256,human,human,true,human_master_final,0,low,0,low,0.09496521949768066,0.004553370177745819,0,low,resnet50_layer4_fc_weighted_ordinal_v3,48f6495d4a62ded10d98c3835ffcd33c8f5c653e5df19cb03aef62582060e9b4,training
89b5bd7cbd1a233edb29b64d825d57710e27bdb0120e12ee4e4dcb32ace3f5fa,human_annotated/images/89b5bd7cbd1a233edb29b64d825d57710e27bdb0120e12ee4e4dcb32ace3f5fa.jpg,RRDataset,data/datasets/RRDataset/selection_1500/lorenzo/real/real_005909.jpg,"[""data/datasets/RRDataset/selection_1500/lorenzo/real/real_005909.jpg""]",89b5bd7cbd1a233edb29b64d825d57710e27bdb0120e12ee4e4dcb32ace3f5fa,https://zenodo.org/records/14963880,CC-BY-4.0,,,,0,real,rrdataset_local_directory_verified_by_sha256,human,human,true,human_master_final,1,medium,1,medium,0.777561366558075,0.007192854769527912,1,medium,resnet50_layer4_fc_weighted_ordinal_v3,48f6495d4a62ded10d98c3835ffcd33c8f5c653e5df19cb03aef62582060e9b4,frozen_test
89dc2f47f2c177c892596df9cd79208b2884d3e583b2ffc734475fc1f9b56fce,human_annotated/images/89dc2f47f2c177c892596df9cd79208b2884d3e583b2ffc734475fc1f9b56fce.jpg,RRDataset,data/datasets/RRDataset/selection_1500/giovanni/real/real_003956.jpg,"[""data/datasets/RRDataset/selection_1500/giovanni/real/real_003956.jpg""]",89dc2f47f2c177c892596df9cd79208b2884d3e583b2ffc734475fc1f9b56fce,https://zenodo.org/records/14963880,CC-BY-4.0,,,,0,real,rrdataset_local_directory_verified_by_sha256,human,human,true,human_master_final,0,low,1,medium,0.5614376068115234,0.015111902728676796,0,low,resnet50_layer4_fc_weighted_ordinal_v3,48f6495d4a62ded10d98c3835ffcd33c8f5c653e5df19cb03aef62582060e9b4,training
8a13deeb4806758795018513693acc8fefd8492698b4b2a531d9f112863c4175,human_annotated/images/8a13deeb4806758795018513693acc8fefd8492698b4b2a531d9f112863c4175.jpg,ComplexDataLab/OpenFake,data/datasets/openfake/additional-900/images/real/8a13deeb4806758795018513693acc8fefd8492698b4b2a531d9f112863c4175.jpg,"[""data/datasets/openfake/additional-900/images/real/8a13deeb4806758795018513693acc8fefd8492698b4b2a531d9f112863c4175.jpg""]",8a13deeb4806758795018513693acc8fefd8492698b4b2a531d9f112863c4175,https://huggingface.co/datasets/ComplexDataLab/OpenFake,CC-BY-NC-4.0,,v1.0,750279a9710d3d98bbc6d0d87250312cfdf922a0,0,real,collection_manifest_normalized_label_verified_by_sha256,human,human,true,human_master_final,0,low,1,medium,0.6925190687179565,0.008993036113679409,0,low,resnet50_layer4_fc_weighted_ordinal_v3,48f6495d4a62ded10d98c3835ffcd33c8f5c653e5df19cb03aef62582060e9b4,training
8a654e8fa4e71fcfffd991c8eb712ff82579b682df579a702741fce9c9de8221,human_annotated/images/8a654e8fa4e71fcfffd991c8eb712ff82579b682df579a702741fce9c9de8221.png,ComplexDataLab/OpenFake,data/datasets/openfake/additional-900/images/fake/8a654e8fa4e71fcfffd991c8eb712ff82579b682df579a702741fce9c9de8221.png,"[""data/datasets/openfake/additional-900/images/fake/8a654e8fa4e71fcfffd991c8eb712ff82579b682df579a702741fce9c9de8221.png""]",8a654e8fa4e71fcfffd991c8eb712ff82579b682df579a702741fce9c9de8221,https://huggingface.co/datasets/ComplexDataLab/OpenFake,CC-BY-NC-4.0,,v1.0,750279a9710d3d98bbc6d0d87250312cfdf922a0,1,fake,collection_manifest_normalized_label_verified_by_sha256,human,human,true,consolidated_human_review,1,medium,1,medium,0.527268648147583,0.027285201475024223,1,medium,resnet50_layer4_fc_weighted_ordinal_v3,48f6495d4a62ded10d98c3835ffcd33c8f5c653e5df19cb03aef62582060e9b4,training
8a7d88d37d834d86c0beccbb41c89e497b151c8b0e12fffa09213b068a2aaf7f,human_annotated/images/8a7d88d37d834d86c0beccbb41c89e497b151c8b0e12fffa09213b068a2aaf7f.jpg,RRDataset,data/datasets/RRDataset/selection_1500/giovanni/real/real_005634.jpg,"[""data/datasets/RRDataset/selection_1500/giovanni/real/real_005634.jpg""]",8a7d88d37d834d86c0beccbb41c89e497b151c8b0e12fffa09213b068a2aaf7f,https://zenodo.org/records/14963880,CC-BY-4.0,,,,0,real,rrdataset_local_directory_verified_by_sha256,human,human,true,consolidated_human_review,1,medium,1,medium,0.8910349011421204,0.009341780096292496,1,medium,resnet50_layer4_fc_weighted_ordinal_v3,48f6495d4a62ded10d98c3835ffcd33c8f5c653e5df19cb03aef62582060e9b4,validation
8acdb6d094b5c1ec8c201f121d6cfa3afb865cf8824455e192823218c27a569b,human_annotated/images/8acdb6d094b5c1ec8c201f121d6cfa3afb865cf8824455e192823218c27a569b.png,RRDataset,data/datasets/RRDataset/selection_1500/sara/ai/Political_&_Social_Events_000363.png,"[""data/datasets/RRDataset/selection_1500/sara/ai/Political_&_Social_Events_000363.png""]",8acdb6d094b5c1ec8c201f121d6cfa3afb865cf8824455e192823218c27a569b,https://zenodo.org/records/14963880,CC-BY-4.0,,,,1,fake,rrdataset_local_directory_verified_by_sha256,human,human,true,human_master_final,2,high,2,high,0.9701369404792786,0.6260231137275696,2,high,resnet50_layer4_fc_weighted_ordinal_v3,48f6495d4a62ded10d98c3835ffcd33c8f5c653e5df19cb03aef62582060e9b4,validation
8aeab606e04692b0703fe641715ffdc0415bf8d8baeb5297e88561a478f4ea9b,human_annotated/images/8aeab606e04692b0703fe641715ffdc0415bf8d8baeb5297e88561a478f4ea9b.png,ComplexDataLab/OpenFake,data/datasets/openfake/pilot-600/images/fake/8aeab606e04692b0703fe641715ffdc0415bf8d8baeb5297e88561a478f4ea9b.png,"[""data/datasets/openfake/pilot-600/images/fake/8aeab606e04692b0703fe641715ffdc0415bf8d8baeb5297e88561a478f4ea9b.png""]",8aeab606e04692b0703fe641715ffdc0415bf8d8baeb5297e88561a478f4ea9b,https://huggingface.co/datasets/ComplexDataLab/OpenFake,CC-BY-NC-4.0,,v1.0,,1,fake,collection_manifest_normalized_label_verified_by_sha256,human,human,true,human_master_final,1,medium,1,medium,0.5340162515640259,0.0013835284626111388,1,medium,resnet50_layer4_fc_weighted_ordinal_v3,48f6495d4a62ded10d98c3835ffcd33c8f5c653e5df19cb03aef62582060e9b4,validation
8b3a786fb801a037c214d143b2b10a57dda443c0b523971767af1af87e67eebb,human_annotated/images/8b3a786fb801a037c214d143b2b10a57dda443c0b523971767af1af87e67eebb.png,ComplexDataLab/OpenFake,data/datasets/openfake/additional-900/images/fake/8b3a786fb801a037c214d143b2b10a57dda443c0b523971767af1af87e67eebb.png,"[""data/datasets/openfake/additional-900/images/fake/8b3a786fb801a037c214d143b2b10a57dda443c0b523971767af1af87e67eebb.png""]",8b3a786fb801a037c214d143b2b10a57dda443c0b523971767af1af87e67eebb,https://huggingface.co/datasets/ComplexDataLab/OpenFake,CC-BY-NC-4.0,,v1.0,750279a9710d3d98bbc6d0d87250312cfdf922a0,1,fake,collection_manifest_normalized_label_verified_by_sha256,human,human,true,consolidated_human_review,1,medium,1,medium,0.9208497405052185,0.13327111303806305,1,medium,resnet50_layer4_fc_weighted_ordinal_v3,48f6495d4a62ded10d98c3835ffcd33c8f5c653e5df19cb03aef62582060e9b4,training
8b8a717bdbf96911f3868b8a2a61310b1f62dff6888f28f015f66e2f55dcfb1c,human_annotated/images/8b8a717bdbf96911f3868b8a2a61310b1f62dff6888f28f015f66e2f55dcfb1c.webp,ComplexDataLab/OpenFake,data/datasets/openfake/additional-900/images/fake/8b8a717bdbf96911f3868b8a2a61310b1f62dff6888f28f015f66e2f55dcfb1c.webp,"[""data/datasets/openfake/additional-900/images/fake/8b8a717bdbf96911f3868b8a2a61310b1f62dff6888f28f015f66e2f55dcfb1c.webp""]",8b8a717bdbf96911f3868b8a2a61310b1f62dff6888f28f015f66e2f55dcfb1c,https://huggingface.co/datasets/ComplexDataLab/OpenFake,CC-BY-NC-4.0,,v1.0,750279a9710d3d98bbc6d0d87250312cfdf922a0,1,fake,collection_manifest_normalized_label_verified_by_sha256,human,human,true,human_master_final,1,medium,1,medium,0.9365273118019104,0.03287339583039284,1,medium,resnet50_layer4_fc_weighted_ordinal_v3,48f6495d4a62ded10d98c3835ffcd33c8f5c653e5df19cb03aef62582060e9b4,training
8c41762f17b8b4887f4211b66823ddf8a04fdc538ca2ae6841163b96002d3b47,human_annotated/images/8c41762f17b8b4887f4211b66823ddf8a04fdc538ca2ae6841163b96002d3b47.png,ComplexDataLab/OpenFake,data/datasets/openfake/pilot-600/images/fake/8c41762f17b8b4887f4211b66823ddf8a04fdc538ca2ae6841163b96002d3b47.png,"[""data/datasets/openfake/pilot-600/images/fake/8c41762f17b8b4887f4211b66823ddf8a04fdc538ca2ae6841163b96002d3b47.png""]",8c41762f17b8b4887f4211b66823ddf8a04fdc538ca2ae6841163b96002d3b47,https://huggingface.co/datasets/ComplexDataLab/OpenFake,CC-BY-NC-4.0,,v1.0,,1,fake,collection_manifest_normalized_label_verified_by_sha256,human,human,true,human_master_final,0,low,0,low,0.3552022874355316,0.012996857985854149,0,low,resnet50_layer4_fc_weighted_ordinal_v3,48f6495d4a62ded10d98c3835ffcd33c8f5c653e5df19cb03aef62582060e9b4,training
8cc189931eee360ead193ed8293fd15d8c64acabbc6014f2871c7365fe9140c3,human_annotated/images/8cc189931eee360ead193ed8293fd15d8c64acabbc6014f2871c7365fe9140c3.png,saberzl/SID_Set,data/datasets/sid-set/candidate-1500/images/fake/8cc189931eee360ead193ed8293fd15d8c64acabbc6014f2871c7365fe9140c3.png,"[""data/datasets/sid-set/candidate-1500/images/fake/8cc189931eee360ead193ed8293fd15d8c64acabbc6014f2871c7365fe9140c3.png""]",8cc189931eee360ead193ed8293fd15d8c64acabbc6014f2871c7365fe9140c3,https://huggingface.co/datasets/saberzl/SID_Set,CC-BY-4.0,full_synthetic_037457,main,dc03ead57929879319ce30a82bfcfb8d317b10bd,1,fake,collection_manifest_normalized_label_verified_by_sha256,human,human,true,human_master_final,0,low,0,low,0.08052052557468414,0.0188243817538023,0,low,resnet50_layer4_fc_weighted_ordinal_v3,48f6495d4a62ded10d98c3835ffcd33c8f5c653e5df19cb03aef62582060e9b4,frozen_test
8d51860c6e18e12fd9777a473c865bb4d31e28ab71c2bc386b468fa6f05a5d52,human_annotated/images/8d51860c6e18e12fd9777a473c865bb4d31e28ab71c2bc386b468fa6f05a5d52.png,RRDataset,data/datasets/RRDataset/selection_1500/lorenzo/ai/Medical_&_Public_Health_000258.png,"[""data/datasets/RRDataset/selection_1500/lorenzo/ai/Medical_&_Public_Health_000258.png""]",8d51860c6e18e12fd9777a473c865bb4d31e28ab71c2bc386b468fa6f05a5d52,https://zenodo.org/records/14963880,CC-BY-4.0,,,,1,fake,rrdataset_local_directory_verified_by_sha256,human,human,true,consolidated_human_review,2,high,2,high,0.9726220965385437,0.6445989012718201,2,high,resnet50_layer4_fc_weighted_ordinal_v3,48f6495d4a62ded10d98c3835ffcd33c8f5c653e5df19cb03aef62582060e9b4,training
8dc88c106724fa58a16649772d6b7cb112162c955beb8e45c9aa67141d2119f0,human_annotated/images/8dc88c106724fa58a16649772d6b7cb112162c955beb8e45c9aa67141d2119f0.png,RRDataset,data/datasets/RRDataset/selection_1500/sara/ai/production_000637.png,"[""data/datasets/RRDataset/selection_1500/sara/ai/production_000637.png""]",8dc88c106724fa58a16649772d6b7cb112162c955beb8e45c9aa67141d2119f0,https://zenodo.org/records/14963880,CC-BY-4.0,,,,1,fake,rrdataset_local_directory_verified_by_sha256,human,human,true,consolidated_human_review,1,medium,1,medium,0.8878214955329895,0.1683708131313324,1,medium,resnet50_layer4_fc_weighted_ordinal_v3,48f6495d4a62ded10d98c3835ffcd33c8f5c653e5df19cb03aef62582060e9b4,validation
8e09d2051725fa729bde7073e7399ef8279e6cadf82f8e0e28f6c889c138edf4,human_annotated/images/8e09d2051725fa729bde7073e7399ef8279e6cadf82f8e0e28f6c889c138edf4.jpg,RRDataset,data/datasets/RRDataset/selection_1500/lorenzo/real/real_008682.jpg,"[""data/datasets/RRDataset/selection_1500/lorenzo/real/real_008682.jpg""]",8e09d2051725fa729bde7073e7399ef8279e6cadf82f8e0e28f6c889c138edf4,https://zenodo.org/records/14963880,CC-BY-4.0,,,,0,real,rrdataset_local_directory_verified_by_sha256,human,human,true,human_master_final,0,low,0,low,0.06732665002346039,0.0076767452992498875,0,low,resnet50_layer4_fc_weighted_ordinal_v3,48f6495d4a62ded10d98c3835ffcd33c8f5c653e5df19cb03aef62582060e9b4,training
8e29ad1e2393f4eb11eec1c19582d449a9561d3c1088705f0b2ccd6b1d30a3ea,human_annotated/images/8e29ad1e2393f4eb11eec1c19582d449a9561d3c1088705f0b2ccd6b1d30a3ea.png,saberzl/SID_Set,data/datasets/sid-set/candidate-1500/images/fake/8e29ad1e2393f4eb11eec1c19582d449a9561d3c1088705f0b2ccd6b1d30a3ea.png,"[""data/datasets/sid-set/candidate-1500/images/fake/8e29ad1e2393f4eb11eec1c19582d449a9561d3c1088705f0b2ccd6b1d30a3ea.png""]",8e29ad1e2393f4eb11eec1c19582d449a9561d3c1088705f0b2ccd6b1d30a3ea,https://huggingface.co/datasets/saberzl/SID_Set,CC-BY-4.0,full_synthetic_002951,main,dc03ead57929879319ce30a82bfcfb8d317b10bd,1,fake,collection_manifest_normalized_label_verified_by_sha256,human,human,true,consolidated_human_review,0,low,1,medium,0.7252536416053772,0.0808076411485672,0,low,resnet50_layer4_fc_weighted_ordinal_v3,48f6495d4a62ded10d98c3835ffcd33c8f5c653e5df19cb03aef62582060e9b4,training
8e471287b8396300676b51527ed46aaca17be49862515d8457b989e8ea91fc33,human_annotated/images/8e471287b8396300676b51527ed46aaca17be49862515d8457b989e8ea91fc33.jpg,saberzl/SID_Set,data/datasets/sid-set/candidate-1500/images/real/8e471287b8396300676b51527ed46aaca17be49862515d8457b989e8ea91fc33.jpg,"[""data/datasets/sid-set/candidate-1500/images/real/8e471287b8396300676b51527ed46aaca17be49862515d8457b989e8ea91fc33.jpg""]",8e471287b8396300676b51527ed46aaca17be49862515d8457b989e8ea91fc33,https://huggingface.co/datasets/saberzl/SID_Set,CC-BY-4.0,c2725445489ce90a,main,dc03ead57929879319ce30a82bfcfb8d317b10bd,0,real,collection_manifest_normalized_label_verified_by_sha256,human,human,true,consolidated_human_review,1,medium,1,medium,0.9589539766311646,0.04337538033723831,1,medium,resnet50_layer4_fc_weighted_ordinal_v3,48f6495d4a62ded10d98c3835ffcd33c8f5c653e5df19cb03aef62582060e9b4,training
8e6f77049c2c2322ed31f7c2128efbae50684e4c80560994f2e2f0938eda1478,human_annotated/images/8e6f77049c2c2322ed31f7c2128efbae50684e4c80560994f2e2f0938eda1478.png,RRDataset,data/datasets/RRDataset/selection_1500/lorenzo/ai/production_000802.png,"[""data/datasets/RRDataset/selection_1500/lorenzo/ai/production_000802.png""]",8e6f77049c2c2322ed31f7c2128efbae50684e4c80560994f2e2f0938eda1478,https://zenodo.org/records/14963880,CC-BY-4.0,,,,1,fake,rrdataset_local_directory_verified_by_sha256,human,human,true,human_master_final,1,medium,1,medium,0.9452764391899109,0.29948651790618896,1,medium,resnet50_layer4_fc_weighted_ordinal_v3,48f6495d4a62ded10d98c3835ffcd33c8f5c653e5df19cb03aef62582060e9b4,training
8e81751bb258e04b0460c3467c238aad619e82665e5142c6cfdf1e7eb963533d,human_annotated/images/8e81751bb258e04b0460c3467c238aad619e82665e5142c6cfdf1e7eb963533d.jpg,ComplexDataLab/OpenFake,data/datasets/openfake/additional-900/images/real/8e81751bb258e04b0460c3467c238aad619e82665e5142c6cfdf1e7eb963533d.jpg,"[""data/datasets/openfake/additional-900/images/real/8e81751bb258e04b0460c3467c238aad619e82665e5142c6cfdf1e7eb963533d.jpg""]",8e81751bb258e04b0460c3467c238aad619e82665e5142c6cfdf1e7eb963533d,https://huggingface.co/datasets/ComplexDataLab/OpenFake,CC-BY-NC-4.0,,v1.0,750279a9710d3d98bbc6d0d87250312cfdf922a0,0,real,collection_manifest_normalized_label_verified_by_sha256,human,human,true,human_master_final,0,low,1,medium,0.8190909028053284,0.048814862966537476,0,low,resnet50_layer4_fc_weighted_ordinal_v3,48f6495d4a62ded10d98c3835ffcd33c8f5c653e5df19cb03aef62582060e9b4,training
8ef1ec1465af0c7debf9836720bc858ce886a4c5256da2bc08d83313f48de61b,human_annotated/images/8ef1ec1465af0c7debf9836720bc858ce886a4c5256da2bc08d83313f48de61b.jpg,ComplexDataLab/OpenFake,data/datasets/openfake/pilot-600/images/real/8ef1ec1465af0c7debf9836720bc858ce886a4c5256da2bc08d83313f48de61b.jpg,"[""data/datasets/openfake/pilot-600/images/real/8ef1ec1465af0c7debf9836720bc858ce886a4c5256da2bc08d83313f48de61b.jpg""]",8ef1ec1465af0c7debf9836720bc858ce886a4c5256da2bc08d83313f48de61b,https://huggingface.co/datasets/ComplexDataLab/OpenFake,CC-BY-NC-4.0,,v1.0,,0,real,collection_manifest_normalized_label_verified_by_sha256,human,human,true,consolidated_human_review,1,medium,1,medium,0.9126942753791809,0.05134894698858261,1,medium,resnet50_layer4_fc_weighted_ordinal_v3,48f6495d4a62ded10d98c3835ffcd33c8f5c653e5df19cb03aef62582060e9b4,training
8ef76556632a08102c638249eb6a975008821ffd1a6a482e71da71d1331e4163,human_annotated/images/8ef76556632a08102c638249eb6a975008821ffd1a6a482e71da71d1331e4163.png,RRDataset,data/datasets/RRDataset/selection_1500/lorenzo/ai/Political_&_Social_Events_000474.png,"[""data/datasets/RRDataset/selection_1500/lorenzo/ai/Political_&_Social_Events_000474.png""]",8ef76556632a08102c638249eb6a975008821ffd1a6a482e71da71d1331e4163,https://zenodo.org/records/14963880,CC-BY-4.0,,,,1,fake,rrdataset_local_directory_verified_by_sha256,human,human,true,human_master_final,1,medium,2,high,0.9652737379074097,0.8480641841888428,1,medium,resnet50_layer4_fc_weighted_ordinal_v3,48f6495d4a62ded10d98c3835ffcd33c8f5c653e5df19cb03aef62582060e9b4,training
8f0802b333d71f75a4c17550ddb522912266f7de20bf524a2b4c148d89fcdf8f,human_annotated/images/8f0802b333d71f75a4c17550ddb522912266f7de20bf524a2b4c148d89fcdf8f.png,ComplexDataLab/OpenFake,data/datasets/openfake/additional-900/images/fake/8f0802b333d71f75a4c17550ddb522912266f7de20bf524a2b4c148d89fcdf8f.png,"[""data/datasets/openfake/additional-900/images/fake/8f0802b333d71f75a4c17550ddb522912266f7de20bf524a2b4c148d89fcdf8f.png""]",8f0802b333d71f75a4c17550ddb522912266f7de20bf524a2b4c148d89fcdf8f,https://huggingface.co/datasets/ComplexDataLab/OpenFake,CC-BY-NC-4.0,,v1.0,750279a9710d3d98bbc6d0d87250312cfdf922a0,1,fake,collection_manifest_normalized_label_verified_by_sha256,human,human,true,human_master_final,0,low,1,medium,0.6971702575683594,0.03579831123352051,0,low,resnet50_layer4_fc_weighted_ordinal_v3,48f6495d4a62ded10d98c3835ffcd33c8f5c653e5df19cb03aef62582060e9b4,frozen_test
8f0a1c658d53448b5daf574d50c1d155614d4a12c55f6ddbc0be8e06f88e79b2,human_annotated/images/8f0a1c658d53448b5daf574d50c1d155614d4a12c55f6ddbc0be8e06f88e79b2.png,ComplexDataLab/OpenFake,data/datasets/openfake/pilot-600/images/fake/8f0a1c658d53448b5daf574d50c1d155614d4a12c55f6ddbc0be8e06f88e79b2.png,"[""data/datasets/openfake/pilot-600/images/fake/8f0a1c658d53448b5daf574d50c1d155614d4a12c55f6ddbc0be8e06f88e79b2.png""]",8f0a1c658d53448b5daf574d50c1d155614d4a12c55f6ddbc0be8e06f88e79b2,https://huggingface.co/datasets/ComplexDataLab/OpenFake,CC-BY-NC-4.0,,v1.0,,1,fake,collection_manifest_normalized_label_verified_by_sha256,human,human,true,human_master_final,0,low,1,medium,0.6704765558242798,0.04189503192901611,0,low,resnet50_layer4_fc_weighted_ordinal_v3,48f6495d4a62ded10d98c3835ffcd33c8f5c653e5df19cb03aef62582060e9b4,training
8f62aa7a154463e499c1c8dc87b6fb3b47be455523fefa660b9aa6bf10a4bdfa,human_annotated/images/8f62aa7a154463e499c1c8dc87b6fb3b47be455523fefa660b9aa6bf10a4bdfa.png,saberzl/SID_Set,data/datasets/sid-set/candidate-1500/images/fake/8f62aa7a154463e499c1c8dc87b6fb3b47be455523fefa660b9aa6bf10a4bdfa.png,"[""data/datasets/sid-set/candidate-1500/images/fake/8f62aa7a154463e499c1c8dc87b6fb3b47be455523fefa660b9aa6bf10a4bdfa.png""]",8f62aa7a154463e499c1c8dc87b6fb3b47be455523fefa660b9aa6bf10a4bdfa,https://huggingface.co/datasets/saberzl/SID_Set,CC-BY-4.0,full_synthetic_057113,main,dc03ead57929879319ce30a82bfcfb8d317b10bd,1,fake,collection_manifest_normalized_label_verified_by_sha256,human,human,true,human_master_final,1,medium,1,medium,0.6985998153686523,0.18803659081459045,1,medium,resnet50_layer4_fc_weighted_ordinal_v3,48f6495d4a62ded10d98c3835ffcd33c8f5c653e5df19cb03aef62582060e9b4,training
8f8424bb53f8c1845e370b62066dc75a89afa0fd59ba9cecb9925ebd09a0ec34,human_annotated/images/8f8424bb53f8c1845e370b62066dc75a89afa0fd59ba9cecb9925ebd09a0ec34.png,ComplexDataLab/OpenFake,data/datasets/openfake/additional-900/images/fake/8f8424bb53f8c1845e370b62066dc75a89afa0fd59ba9cecb9925ebd09a0ec34.png,"[""data/datasets/openfake/additional-900/images/fake/8f8424bb53f8c1845e370b62066dc75a89afa0fd59ba9cecb9925ebd09a0ec34.png""]",8f8424bb53f8c1845e370b62066dc75a89afa0fd59ba9cecb9925ebd09a0ec34,https://huggingface.co/datasets/ComplexDataLab/OpenFake,CC-BY-NC-4.0,,v1.0,750279a9710d3d98bbc6d0d87250312cfdf922a0,1,fake,collection_manifest_normalized_label_verified_by_sha256,human,human,true,consolidated_human_review,0,low,0,low,0.44273701310157776,0.02072991617023945,0,low,resnet50_layer4_fc_weighted_ordinal_v3,48f6495d4a62ded10d98c3835ffcd33c8f5c653e5df19cb03aef62582060e9b4,validation
8fa26a1b4725b07fb808da5ff749972faf174f7384d4d036140990fa42523d9a,human_annotated/images/8fa26a1b4725b07fb808da5ff749972faf174f7384d4d036140990fa42523d9a.png,RRDataset,data/datasets/RRDataset/selection_1500/sara/ai/Natural_Disasters_&_Accidents_000407.png,"[""data/datasets/RRDataset/selection_1500/sara/ai/Natural_Disasters_&_Accidents_000407.png""]",8fa26a1b4725b07fb808da5ff749972faf174f7384d4d036140990fa42523d9a,https://zenodo.org/records/14963880,CC-BY-4.0,,,,1,fake,rrdataset_local_directory_verified_by_sha256,human,human,true,consolidated_human_review,1,medium,0,low,0.37065011262893677,0.029872441664338112,1,medium,resnet50_layer4_fc_weighted_ordinal_v3,48f6495d4a62ded10d98c3835ffcd33c8f5c653e5df19cb03aef62582060e9b4,training
8fb2b37a72a284b146c510401492e6dde8b492b51924cbb46aa1bc3bddd69650,human_annotated/images/8fb2b37a72a284b146c510401492e6dde8b492b51924cbb46aa1bc3bddd69650.png,saberzl/SID_Set,data/datasets/sid-set/candidate-1500/images/fake/8fb2b37a72a284b146c510401492e6dde8b492b51924cbb46aa1bc3bddd69650.png,"[""data/datasets/sid-set/candidate-1500/images/fake/8fb2b37a72a284b146c510401492e6dde8b492b51924cbb46aa1bc3bddd69650.png""]",8fb2b37a72a284b146c510401492e6dde8b492b51924cbb46aa1bc3bddd69650,https://huggingface.co/datasets/saberzl/SID_Set,CC-BY-4.0,full_synthetic_012555,main,dc03ead57929879319ce30a82bfcfb8d317b10bd,1,fake,collection_manifest_normalized_label_verified_by_sha256,human,human,true,human_master_final,1,medium,1,medium,0.9202306270599365,0.05076376348733902,1,medium,resnet50_layer4_fc_weighted_ordinal_v3,48f6495d4a62ded10d98c3835ffcd33c8f5c653e5df19cb03aef62582060e9b4,training
8fb53520a3242f99fbd22609756ab12763c65f3fee3219dc2e3c7c699f40dd85,human_annotated/images/8fb53520a3242f99fbd22609756ab12763c65f3fee3219dc2e3c7c699f40dd85.png,RRDataset,data/datasets/RRDataset/selection_1500/lorenzo/ai/Medical_&_Public_Health_000218.png,"[""data/datasets/RRDataset/selection_1500/lorenzo/ai/Medical_&_Public_Health_000218.png""]",8fb53520a3242f99fbd22609756ab12763c65f3fee3219dc2e3c7c699f40dd85,https://zenodo.org/records/14963880,CC-BY-4.0,,,,1,fake,rrdataset_local_directory_verified_by_sha256,human,human,true,human_master_final,1,medium,1,medium,0.9853030443191528,0.25797009468078613,1,medium,resnet50_layer4_fc_weighted_ordinal_v3,48f6495d4a62ded10d98c3835ffcd33c8f5c653e5df19cb03aef62582060e9b4,training
8fc9aa977138f31b4948ce4389cac31a704e853012002e097ae0657ea4713a64,human_annotated/images/8fc9aa977138f31b4948ce4389cac31a704e853012002e097ae0657ea4713a64.jpg,ComplexDataLab/OpenFake,data/datasets/openfake/pilot-600/images/real/8fc9aa977138f31b4948ce4389cac31a704e853012002e097ae0657ea4713a64.jpg,"[""data/datasets/openfake/pilot-600/images/real/8fc9aa977138f31b4948ce4389cac31a704e853012002e097ae0657ea4713a64.jpg""]",8fc9aa977138f31b4948ce4389cac31a704e853012002e097ae0657ea4713a64,https://huggingface.co/datasets/ComplexDataLab/OpenFake,CC-BY-NC-4.0,,v1.0,,0,real,collection_manifest_normalized_label_verified_by_sha256,human,human,true,human_master_final,1,medium,1,medium,0.8167489767074585,0.010886937379837036,1,medium,resnet50_layer4_fc_weighted_ordinal_v3,48f6495d4a62ded10d98c3835ffcd33c8f5c653e5df19cb03aef62582060e9b4,training
8fe1ba1797a4b823bff2285be87c0da98dced31b873e7719399ab5e28252170e,human_annotated/images/8fe1ba1797a4b823bff2285be87c0da98dced31b873e7719399ab5e28252170e.png,RRDataset,data/datasets/RRDataset/selection_1500/lorenzo/ai/War_&_Conflict_Scenes_000193.png,"[""data/datasets/RRDataset/selection_1500/lorenzo/ai/War_&_Conflict_Scenes_000193.png""]",8fe1ba1797a4b823bff2285be87c0da98dced31b873e7719399ab5e28252170e,https://zenodo.org/records/14963880,CC-BY-4.0,,,,1,fake,rrdataset_local_directory_verified_by_sha256,human,human,true,consolidated_human_review,2,high,1,medium,0.9443024396896362,0.2397291511297226,2,high,resnet50_layer4_fc_weighted_ordinal_v3,48f6495d4a62ded10d98c3835ffcd33c8f5c653e5df19cb03aef62582060e9b4,validation
90308464841eba6dfa603e6537f4c382f967f39139387e295649a0e657b93062,human_annotated/images/90308464841eba6dfa603e6537f4c382f967f39139387e295649a0e657b93062.jpg,RRDataset,data/datasets/RRDataset/selection_1500/sara/real/real_002113.jpg,"[""data/datasets/RRDataset/selection_1500/sara/real/real_002113.jpg""]",90308464841eba6dfa603e6537f4c382f967f39139387e295649a0e657b93062,https://zenodo.org/records/14963880,CC-BY-4.0,,,,0,real,rrdataset_local_directory_verified_by_sha256,human,human,true,human_master_final,1,medium,1,medium,0.7180172204971313,0.0061821965500712395,1,medium,resnet50_layer4_fc_weighted_ordinal_v3,48f6495d4a62ded10d98c3835ffcd33c8f5c653e5df19cb03aef62582060e9b4,frozen_test
913f633e5bade32ff374847384b3e9f6d632beccdedd752e2edcc4c2873b99b3,human_annotated/images/913f633e5bade32ff374847384b3e9f6d632beccdedd752e2edcc4c2873b99b3.jpg,RRDataset,data/datasets/RRDataset/selection_1500/sara/real/real_005030.jpg,"[""data/datasets/RRDataset/selection_1500/sara/real/real_005030.jpg""]",913f633e5bade32ff374847384b3e9f6d632beccdedd752e2edcc4c2873b99b3,https://zenodo.org/records/14963880,CC-BY-4.0,,,,0,real,rrdataset_local_directory_verified_by_sha256,human,human,true,human_master_final,0,low,1,medium,0.865644633769989,0.030736999586224556,0,low,resnet50_layer4_fc_weighted_ordinal_v3,48f6495d4a62ded10d98c3835ffcd33c8f5c653e5df19cb03aef62582060e9b4,training
9177fc1f50368d2b38392d857f3463edcd11314d98374d7a42989029c9b3472d,human_annotated/images/9177fc1f50368d2b38392d857f3463edcd11314d98374d7a42989029c9b3472d.png,RRDataset,data/datasets/RRDataset/selection_1500/sara/ai/Culture_&_Religion_000689.png,"[""data/datasets/RRDataset/selection_1500/sara/ai/Culture_&_Religion_000689.png""]",9177fc1f50368d2b38392d857f3463edcd11314d98374d7a42989029c9b3472d,https://zenodo.org/records/14963880,CC-BY-4.0,,,,1,fake,rrdataset_local_directory_verified_by_sha256,human,human,true,human_master_final,1,medium,1,medium,0.730823814868927,0.11942754685878754,1,medium,resnet50_layer4_fc_weighted_ordinal_v3,48f6495d4a62ded10d98c3835ffcd33c8f5c653e5df19cb03aef62582060e9b4,training
91d33d33040f3c573454bb381b493e4d42b5682128093b628b4d061a68f7c0cd,human_annotated/images/91d33d33040f3c573454bb381b493e4d42b5682128093b628b4d061a68f7c0cd.jpg,RRDataset,data/datasets/RRDataset/selection_1500/lorenzo/real/real_001916.jpg,"[""data/datasets/RRDataset/selection_1500/lorenzo/real/real_001916.jpg""]",91d33d33040f3c573454bb381b493e4d42b5682128093b628b4d061a68f7c0cd,https://zenodo.org/records/14963880,CC-BY-4.0,,,,0,real,rrdataset_local_directory_verified_by_sha256,human,human,true,human_master_final,1,medium,1,medium,0.5907353758811951,0.018977995961904526,1,medium,resnet50_layer4_fc_weighted_ordinal_v3,48f6495d4a62ded10d98c3835ffcd33c8f5c653e5df19cb03aef62582060e9b4,training
91f2324668f09f67d4a497f47d42a410e1f2dbc7e87154001423a4d37837e1e6,human_annotated/images/91f2324668f09f67d4a497f47d42a410e1f2dbc7e87154001423a4d37837e1e6.png,RRDataset,data/datasets/RRDataset/selection_1500/giovanni/ai/War_&_Conflict_Scenes_000706.png,"[""data/datasets/RRDataset/selection_1500/giovanni/ai/War_&_Conflict_Scenes_000706.png""]",91f2324668f09f67d4a497f47d42a410e1f2dbc7e87154001423a4d37837e1e6,https://zenodo.org/records/14963880,CC-BY-4.0,,,,1,fake,rrdataset_local_directory_verified_by_sha256,human,human,true,human_master_final,2,high,2,high,0.9852126836776733,0.6869226098060608,2,high,resnet50_layer4_fc_weighted_ordinal_v3,48f6495d4a62ded10d98c3835ffcd33c8f5c653e5df19cb03aef62582060e9b4,training
92176df0bbc457c1494bfd1291cf2bfe460afadfc0da9c7b968cd43c274e7c9e,human_annotated/images/92176df0bbc457c1494bfd1291cf2bfe460afadfc0da9c7b968cd43c274e7c9e.png,RRDataset,data/datasets/RRDataset/selection_1500/lorenzo/ai/production_000756.png,"[""data/datasets/RRDataset/selection_1500/lorenzo/ai/production_000756.png""]",92176df0bbc457c1494bfd1291cf2bfe460afadfc0da9c7b968cd43c274e7c9e,https://zenodo.org/records/14963880,CC-BY-4.0,,,,1,fake,rrdataset_local_directory_verified_by_sha256,human,human,true,consolidated_human_review,1,medium,1,medium,0.9670897722244263,0.31222987174987793,1,medium,resnet50_layer4_fc_weighted_ordinal_v3,48f6495d4a62ded10d98c3835ffcd33c8f5c653e5df19cb03aef62582060e9b4,training
921e48283bcf71ff99ae210451d3adf0b3babfbfa834ed4b00eff7f1e0a81bc1,human_annotated/images/921e48283bcf71ff99ae210451d3adf0b3babfbfa834ed4b00eff7f1e0a81bc1.jpg,RRDataset,data/datasets/RRDataset/selection_1500/lorenzo/real/real_004898.jpg,"[""data/datasets/RRDataset/selection_1500/lorenzo/real/real_004898.jpg""]",921e48283bcf71ff99ae210451d3adf0b3babfbfa834ed4b00eff7f1e0a81bc1,https://zenodo.org/records/14963880,CC-BY-4.0,,,,0,real,rrdataset_local_directory_verified_by_sha256,human,human,true,consolidated_human_review,0,low,0,low,0.4076382517814636,0.005902338773012161,0,low,resnet50_layer4_fc_weighted_ordinal_v3,48f6495d4a62ded10d98c3835ffcd33c8f5c653e5df19cb03aef62582060e9b4,training
9258cee1a3bd3ef4382c5ab7b15eba9843502beef8be5a519f431fe93a5c5c41,human_annotated/images/9258cee1a3bd3ef4382c5ab7b15eba9843502beef8be5a519f431fe93a5c5c41.jpg,RRDataset,data/datasets/RRDataset/selection_1500/lorenzo/real/real_008430.jpg,"[""data/datasets/RRDataset/selection_1500/lorenzo/real/real_008430.jpg""]",9258cee1a3bd3ef4382c5ab7b15eba9843502beef8be5a519f431fe93a5c5c41,https://zenodo.org/records/14963880,CC-BY-4.0,,,,0,real,rrdataset_local_directory_verified_by_sha256,human,human,true,consolidated_human_review,0,low,1,medium,0.5925843119621277,0.048570845276117325,0,low,resnet50_layer4_fc_weighted_ordinal_v3,48f6495d4a62ded10d98c3835ffcd33c8f5c653e5df19cb03aef62582060e9b4,training
929d24da580bb743d6b86edd4d443cf6eb93c77c2387d88347e9bc7f172a5fff,human_annotated/images/929d24da580bb743d6b86edd4d443cf6eb93c77c2387d88347e9bc7f172a5fff.png,ComplexDataLab/OpenFake,data/datasets/openfake/pilot-600/images/fake/929d24da580bb743d6b86edd4d443cf6eb93c77c2387d88347e9bc7f172a5fff.png,"[""data/datasets/openfake/pilot-600/images/fake/929d24da580bb743d6b86edd4d443cf6eb93c77c2387d88347e9bc7f172a5fff.png""]",929d24da580bb743d6b86edd4d443cf6eb93c77c2387d88347e9bc7f172a5fff,https://huggingface.co/datasets/ComplexDataLab/OpenFake,CC-BY-NC-4.0,,v1.0,,1,fake,collection_manifest_normalized_label_verified_by_sha256,human,human,true,consolidated_human_review,1,medium,1,medium,0.9772799015045166,0.2910482883453369,1,medium,resnet50_layer4_fc_weighted_ordinal_v3,48f6495d4a62ded10d98c3835ffcd33c8f5c653e5df19cb03aef62582060e9b4,training
9343fdb574e7cea7a864f65650b56c5287283fcc3a255b6216f24f79ce2e7ab6,human_annotated/images/9343fdb574e7cea7a864f65650b56c5287283fcc3a255b6216f24f79ce2e7ab6.jpg,RRDataset,data/datasets/RRDataset/selection_1500/sara/real/real_006309.jpg,"[""data/datasets/RRDataset/selection_1500/sara/real/real_006309.jpg""]",9343fdb574e7cea7a864f65650b56c5287283fcc3a255b6216f24f79ce2e7ab6,https://zenodo.org/records/14963880,CC-BY-4.0,,,,0,real,rrdataset_local_directory_verified_by_sha256,human,human,true,human_master_final,1,medium,0,low,0.4946249723434448,0.009077532216906548,1,medium,resnet50_layer4_fc_weighted_ordinal_v3,48f6495d4a62ded10d98c3835ffcd33c8f5c653e5df19cb03aef62582060e9b4,training
935927ac6d46933f1b10d425e54e4ac73960adafce2f2bc237f4d99ac02cae0d,human_annotated/images/935927ac6d46933f1b10d425e54e4ac73960adafce2f2bc237f4d99ac02cae0d.webp,ComplexDataLab/OpenFake,data/datasets/openfake/additional-900/images/fake/935927ac6d46933f1b10d425e54e4ac73960adafce2f2bc237f4d99ac02cae0d.webp,"[""data/datasets/openfake/additional-900/images/fake/935927ac6d46933f1b10d425e54e4ac73960adafce2f2bc237f4d99ac02cae0d.webp""]",935927ac6d46933f1b10d425e54e4ac73960adafce2f2bc237f4d99ac02cae0d,https://huggingface.co/datasets/ComplexDataLab/OpenFake,CC-BY-NC-4.0,,v1.0,750279a9710d3d98bbc6d0d87250312cfdf922a0,1,fake,collection_manifest_normalized_label_verified_by_sha256,human,human,true,consolidated_human_review,1,medium,1,medium,0.714038074016571,0.004848164971917868,1,medium,resnet50_layer4_fc_weighted_ordinal_v3,48f6495d4a62ded10d98c3835ffcd33c8f5c653e5df19cb03aef62582060e9b4,training
935f7a52c1607df49360709b65809456ec7cee797b775bfcf86a7b1b1f24760f,human_annotated/images/935f7a52c1607df49360709b65809456ec7cee797b775bfcf86a7b1b1f24760f.jpg,ComplexDataLab/OpenFake,data/datasets/openfake/pilot-600/images/real/935f7a52c1607df49360709b65809456ec7cee797b775bfcf86a7b1b1f24760f.jpg,"[""data/datasets/openfake/pilot-600/images/real/935f7a52c1607df49360709b65809456ec7cee797b775bfcf86a7b1b1f24760f.jpg""]",935f7a52c1607df49360709b65809456ec7cee797b775bfcf86a7b1b1f24760f,https://huggingface.co/datasets/ComplexDataLab/OpenFake,CC-BY-NC-4.0,,v1.0,,0,real,collection_manifest_normalized_label_verified_by_sha256,human,human,true,human_master_final,1,medium,1,medium,0.5542581081390381,0.01398594118654728,1,medium,resnet50_layer4_fc_weighted_ordinal_v3,48f6495d4a62ded10d98c3835ffcd33c8f5c653e5df19cb03aef62582060e9b4,training
93aaa38e9e5c41338399aa4d6918976c21cfd2f61b09c2dc43948b25a7dec665,human_annotated/images/93aaa38e9e5c41338399aa4d6918976c21cfd2f61b09c2dc43948b25a7dec665.jpg,ComplexDataLab/OpenFake,data/datasets/openfake/pilot-600/images/real/93aaa38e9e5c41338399aa4d6918976c21cfd2f61b09c2dc43948b25a7dec665.jpg,"[""data/datasets/openfake/pilot-600/images/real/93aaa38e9e5c41338399aa4d6918976c21cfd2f61b09c2dc43948b25a7dec665.jpg""]",93aaa38e9e5c41338399aa4d6918976c21cfd2f61b09c2dc43948b25a7dec665,https://huggingface.co/datasets/ComplexDataLab/OpenFake,CC-BY-NC-4.0,,v1.0,,0,real,collection_manifest_normalized_label_verified_by_sha256,human,human,true,human_master_final,1,medium,1,medium,0.8166767358779907,0.03140394017100334,1,medium,resnet50_layer4_fc_weighted_ordinal_v3,48f6495d4a62ded10d98c3835ffcd33c8f5c653e5df19cb03aef62582060e9b4,training
93b9cb48f97259f959607cf816b5825bbd130021100429145b451292fb4caa63,human_annotated/images/93b9cb48f97259f959607cf816b5825bbd130021100429145b451292fb4caa63.png,ComplexDataLab/OpenFake,data/datasets/openfake/pilot-600/images/fake/93b9cb48f97259f959607cf816b5825bbd130021100429145b451292fb4caa63.png,"[""data/datasets/openfake/pilot-600/images/fake/93b9cb48f97259f959607cf816b5825bbd130021100429145b451292fb4caa63.png""]",93b9cb48f97259f959607cf816b5825bbd130021100429145b451292fb4caa63,https://huggingface.co/datasets/ComplexDataLab/OpenFake,CC-BY-NC-4.0,,v1.0,,1,fake,collection_manifest_normalized_label_verified_by_sha256,human,human,true,human_master_final,0,low,1,medium,0.8661938309669495,0.04149458557367325,0,low,resnet50_layer4_fc_weighted_ordinal_v3,48f6495d4a62ded10d98c3835ffcd33c8f5c653e5df19cb03aef62582060e9b4,training
93ccb8e1440f04bb80aad3062a7cc4a383ec5769ed4fd96756ef1024677376fd,human_annotated/images/93ccb8e1440f04bb80aad3062a7cc4a383ec5769ed4fd96756ef1024677376fd.png,RRDataset,data/datasets/RRDataset/selection_1500/giovanni/ai/Culture_&_Religion_000879.png,"[""data/datasets/RRDataset/selection_1500/giovanni/ai/Culture_&_Religion_000879.png""]",93ccb8e1440f04bb80aad3062a7cc4a383ec5769ed4fd96756ef1024677376fd,https://zenodo.org/records/14963880,CC-BY-4.0,,,,1,fake,rrdataset_local_directory_verified_by_sha256,human,human,true,human_master_final,0,low,1,medium,0.9267178177833557,0.15438099205493927,0,low,resnet50_layer4_fc_weighted_ordinal_v3,48f6495d4a62ded10d98c3835ffcd33c8f5c653e5df19cb03aef62582060e9b4,training
93f5a1e7d1c5bab6d94799af9a08847a1b4b003f5fee6c1f362aad5eeae4444b,human_annotated/images/93f5a1e7d1c5bab6d94799af9a08847a1b4b003f5fee6c1f362aad5eeae4444b.jpg,ComplexDataLab/OpenFake,data/datasets/openfake/pilot-600/images/real/93f5a1e7d1c5bab6d94799af9a08847a1b4b003f5fee6c1f362aad5eeae4444b.jpg,"[""data/datasets/openfake/pilot-600/images/real/93f5a1e7d1c5bab6d94799af9a08847a1b4b003f5fee6c1f362aad5eeae4444b.jpg""]",93f5a1e7d1c5bab6d94799af9a08847a1b4b003f5fee6c1f362aad5eeae4444b,https://huggingface.co/datasets/ComplexDataLab/OpenFake,CC-BY-NC-4.0,,v1.0,,0,real,collection_manifest_normalized_label_verified_by_sha256,human,human,true,human_master_final,1,medium,0,low,0.3447191119194031,0.06840432435274124,1,medium,resnet50_layer4_fc_weighted_ordinal_v3,48f6495d4a62ded10d98c3835ffcd33c8f5c653e5df19cb03aef62582060e9b4,frozen_test
941067793367eb8496ada0012966d8aa70af596af81faf2b72ac48f762d4c947,human_annotated/images/941067793367eb8496ada0012966d8aa70af596af81faf2b72ac48f762d4c947.jpg,ComplexDataLab/OpenFake,data/datasets/openfake/additional-900/images/real/941067793367eb8496ada0012966d8aa70af596af81faf2b72ac48f762d4c947.jpg,"[""data/datasets/openfake/additional-900/images/real/941067793367eb8496ada0012966d8aa70af596af81faf2b72ac48f762d4c947.jpg""]",941067793367eb8496ada0012966d8aa70af596af81faf2b72ac48f762d4c947,https://huggingface.co/datasets/ComplexDataLab/OpenFake,CC-BY-NC-4.0,,v1.0,750279a9710d3d98bbc6d0d87250312cfdf922a0,0,real,collection_manifest_normalized_label_verified_by_sha256,human,human,true,human_master_final,0,low,0,low,0.3139253258705139,0.050619229674339294,0,low,resnet50_layer4_fc_weighted_ordinal_v3,48f6495d4a62ded10d98c3835ffcd33c8f5c653e5df19cb03aef62582060e9b4,training
94aa6a19fd3bc77a71f3e7116224a4dda23c71ea169578c30b05f7f05579765d,human_annotated/images/94aa6a19fd3bc77a71f3e7116224a4dda23c71ea169578c30b05f7f05579765d.png,RRDataset,data/datasets/RRDataset/selection_1500/lorenzo/ai/Political_&_Social_Events_000914.png,"[""data/datasets/RRDataset/selection_1500/lorenzo/ai/Political_&_Social_Events_000914.png""]",94aa6a19fd3bc77a71f3e7116224a4dda23c71ea169578c30b05f7f05579765d,https://zenodo.org/records/14963880,CC-BY-4.0,,,,1,fake,rrdataset_local_directory_verified_by_sha256,human,human,true,consolidated_human_review,2,high,2,high,0.9817661046981812,0.5138563513755798,2,high,resnet50_layer4_fc_weighted_ordinal_v3,48f6495d4a62ded10d98c3835ffcd33c8f5c653e5df19cb03aef62582060e9b4,training
94d878bc780e521536f9a2b9067f3fc6bc53a4378d45c3f7217867fdf9aeebfe,human_annotated/images/94d878bc780e521536f9a2b9067f3fc6bc53a4378d45c3f7217867fdf9aeebfe.png,ComplexDataLab/OpenFake,data/datasets/openfake/additional-900/images/fake/94d878bc780e521536f9a2b9067f3fc6bc53a4378d45c3f7217867fdf9aeebfe.png,"[""data/datasets/openfake/additional-900/images/fake/94d878bc780e521536f9a2b9067f3fc6bc53a4378d45c3f7217867fdf9aeebfe.png""]",94d878bc780e521536f9a2b9067f3fc6bc53a4378d45c3f7217867fdf9aeebfe,https://huggingface.co/datasets/ComplexDataLab/OpenFake,CC-BY-NC-4.0,,v1.0,750279a9710d3d98bbc6d0d87250312cfdf922a0,1,fake,collection_manifest_normalized_label_verified_by_sha256,human,human,true,consolidated_human_review,1,medium,1,medium,0.9885472059249878,0.10299147665500641,1,medium,resnet50_layer4_fc_weighted_ordinal_v3,48f6495d4a62ded10d98c3835ffcd33c8f5c653e5df19cb03aef62582060e9b4,training
94ef359aa76ad62be15f27cf9810b89b83c25d87ab79f84a8082e280325a7b0b,human_annotated/images/94ef359aa76ad62be15f27cf9810b89b83c25d87ab79f84a8082e280325a7b0b.jpg,ComplexDataLab/OpenFake,data/datasets/openfake/pilot-600/images/real/94ef359aa76ad62be15f27cf9810b89b83c25d87ab79f84a8082e280325a7b0b.jpg,"[""data/datasets/openfake/pilot-600/images/real/94ef359aa76ad62be15f27cf9810b89b83c25d87ab79f84a8082e280325a7b0b.jpg""]",94ef359aa76ad62be15f27cf9810b89b83c25d87ab79f84a8082e280325a7b0b,https://huggingface.co/datasets/ComplexDataLab/OpenFake,CC-BY-NC-4.0,,v1.0,,0,real,collection_manifest_normalized_label_verified_by_sha256,human,human,true,human_master_final,0,low,1,medium,0.8039249777793884,0.16144779324531555,0,low,resnet50_layer4_fc_weighted_ordinal_v3,48f6495d4a62ded10d98c3835ffcd33c8f5c653e5df19cb03aef62582060e9b4,training
9500acf31087a643675ae7129276cf8122004a7646f0579e91a679b7cbb4b282,human_annotated/images/9500acf31087a643675ae7129276cf8122004a7646f0579e91a679b7cbb4b282.jpg,saberzl/SID_Set,data/datasets/sid-set/candidate-1500/images/real/9500acf31087a643675ae7129276cf8122004a7646f0579e91a679b7cbb4b282.jpg,"[""data/datasets/sid-set/candidate-1500/images/real/9500acf31087a643675ae7129276cf8122004a7646f0579e91a679b7cbb4b282.jpg""]",9500acf31087a643675ae7129276cf8122004a7646f0579e91a679b7cbb4b282,https://huggingface.co/datasets/saberzl/SID_Set,CC-BY-4.0,0ddc528dc6576bfe,main,dc03ead57929879319ce30a82bfcfb8d317b10bd,0,real,collection_manifest_normalized_label_verified_by_sha256,human,human,true,consolidated_human_review,1,medium,1,medium,0.959874153137207,0.031945060938596725,1,medium,resnet50_layer4_fc_weighted_ordinal_v3,48f6495d4a62ded10d98c3835ffcd33c8f5c653e5df19cb03aef62582060e9b4,training
952c5ea06cc977cdfb2a4887dc1e322c2fd706b4e114c12b39d3c60c258b9f92,human_annotated/images/952c5ea06cc977cdfb2a4887dc1e322c2fd706b4e114c12b39d3c60c258b9f92.jpg,ComplexDataLab/OpenFake,data/datasets/openfake/pilot-600/images/real/952c5ea06cc977cdfb2a4887dc1e322c2fd706b4e114c12b39d3c60c258b9f92.jpg,"[""data/datasets/openfake/pilot-600/images/real/952c5ea06cc977cdfb2a4887dc1e322c2fd706b4e114c12b39d3c60c258b9f92.jpg""]",952c5ea06cc977cdfb2a4887dc1e322c2fd706b4e114c12b39d3c60c258b9f92,https://huggingface.co/datasets/ComplexDataLab/OpenFake,CC-BY-NC-4.0,,v1.0,,0,real,collection_manifest_normalized_label_verified_by_sha256,human,human,true,consolidated_human_review,1,medium,1,medium,0.8345426917076111,0.061476290225982666,1,medium,resnet50_layer4_fc_weighted_ordinal_v3,48f6495d4a62ded10d98c3835ffcd33c8f5c653e5df19cb03aef62582060e9b4,training
9573ecdab134858b16d49dff7430eb1b205d5f083003a810c8fbf0baa82c5831,human_annotated/images/9573ecdab134858b16d49dff7430eb1b205d5f083003a810c8fbf0baa82c5831.png,ComplexDataLab/OpenFake,data/datasets/openfake/additional-900/images/fake/9573ecdab134858b16d49dff7430eb1b205d5f083003a810c8fbf0baa82c5831.png,"[""data/datasets/openfake/additional-900/images/fake/9573ecdab134858b16d49dff7430eb1b205d5f083003a810c8fbf0baa82c5831.png""]",9573ecdab134858b16d49dff7430eb1b205d5f083003a810c8fbf0baa82c5831,https://huggingface.co/datasets/ComplexDataLab/OpenFake,CC-BY-NC-4.0,,v1.0,750279a9710d3d98bbc6d0d87250312cfdf922a0,1,fake,collection_manifest_normalized_label_verified_by_sha256,human,human,true,consolidated_human_review,1,medium,1,medium,0.6942829489707947,0.02277170494198799,1,medium,resnet50_layer4_fc_weighted_ordinal_v3,48f6495d4a62ded10d98c3835ffcd33c8f5c653e5df19cb03aef62582060e9b4,training
9581bfaa13e63b8915c5cf746dd6ec5e8b61e51de5344d6d81ab66e7fb209a06,human_annotated/images/9581bfaa13e63b8915c5cf746dd6ec5e8b61e51de5344d6d81ab66e7fb209a06.jpg,RRDataset,data/datasets/RRDataset/selection_1500/sara/real/real_003750.jpg,"[""data/datasets/RRDataset/selection_1500/sara/real/real_003750.jpg""]",9581bfaa13e63b8915c5cf746dd6ec5e8b61e51de5344d6d81ab66e7fb209a06,https://zenodo.org/records/14963880,CC-BY-4.0,,,,0,real,rrdataset_local_directory_verified_by_sha256,human,human,true,consolidated_human_review,0,low,0,low,0.3147117793560028,0.0027064501773566008,0,low,resnet50_layer4_fc_weighted_ordinal_v3,48f6495d4a62ded10d98c3835ffcd33c8f5c653e5df19cb03aef62582060e9b4,training
960325a7058c872ef54f4ad763642da4185271c5794adf7bd489e6d6d4822ce7,human_annotated/images/960325a7058c872ef54f4ad763642da4185271c5794adf7bd489e6d6d4822ce7.jpg,RRDataset,data/datasets/RRDataset/selection_1500/giovanni/real/real_004714.jpg,"[""data/datasets/RRDataset/selection_1500/giovanni/real/real_004714.jpg""]",960325a7058c872ef54f4ad763642da4185271c5794adf7bd489e6d6d4822ce7,https://zenodo.org/records/14963880,CC-BY-4.0,,,,0,real,rrdataset_local_directory_verified_by_sha256,human,human,true,consolidated_human_review,1,medium,1,medium,0.717228353023529,0.017833974212408066,1,medium,resnet50_layer4_fc_weighted_ordinal_v3,48f6495d4a62ded10d98c3835ffcd33c8f5c653e5df19cb03aef62582060e9b4,training
960de94de580411e43ffa4ad820e393180864543015b4aeda9d575a5090bd7ca,human_annotated/images/960de94de580411e43ffa4ad820e393180864543015b4aeda9d575a5090bd7ca.jpg,RRDataset,data/datasets/RRDataset/selection_1500/sara/real/real_005351.jpg,"[""data/datasets/RRDataset/selection_1500/sara/real/real_005351.jpg""]",960de94de580411e43ffa4ad820e393180864543015b4aeda9d575a5090bd7ca,https://zenodo.org/records/14963880,CC-BY-4.0,,,,0,real,rrdataset_local_directory_verified_by_sha256,human,human,true,consolidated_human_review,1,medium,1,medium,0.8893373608589172,0.17785362899303436,1,medium,resnet50_layer4_fc_weighted_ordinal_v3,48f6495d4a62ded10d98c3835ffcd33c8f5c653e5df19cb03aef62582060e9b4,training
961c38035dd85083137607376be1546ed8fb6d3a0446ef99bcc7445c02ec522d,human_annotated/images/961c38035dd85083137607376be1546ed8fb6d3a0446ef99bcc7445c02ec522d.jpg,ComplexDataLab/OpenFake,data/datasets/openfake/pilot-600/images/real/961c38035dd85083137607376be1546ed8fb6d3a0446ef99bcc7445c02ec522d.jpg,"[""data/datasets/openfake/pilot-600/images/real/961c38035dd85083137607376be1546ed8fb6d3a0446ef99bcc7445c02ec522d.jpg""]",961c38035dd85083137607376be1546ed8fb6d3a0446ef99bcc7445c02ec522d,https://huggingface.co/datasets/ComplexDataLab/OpenFake,CC-BY-NC-4.0,,v1.0,,0,real,collection_manifest_normalized_label_verified_by_sha256,human,human,true,human_master_final,0,low,1,medium,0.7449781894683838,0.036364562809467316,0,low,resnet50_layer4_fc_weighted_ordinal_v3,48f6495d4a62ded10d98c3835ffcd33c8f5c653e5df19cb03aef62582060e9b4,training
964307d54d096f8ad4f3bbdf5aa3a2c8d3e461918ffd289b5219c90c955d8772,human_annotated/images/964307d54d096f8ad4f3bbdf5aa3a2c8d3e461918ffd289b5219c90c955d8772.png,saberzl/SID_Set,data/datasets/sid-set/candidate-1500/images/fake/964307d54d096f8ad4f3bbdf5aa3a2c8d3e461918ffd289b5219c90c955d8772.png,"[""data/datasets/sid-set/candidate-1500/images/fake/964307d54d096f8ad4f3bbdf5aa3a2c8d3e461918ffd289b5219c90c955d8772.png""]",964307d54d096f8ad4f3bbdf5aa3a2c8d3e461918ffd289b5219c90c955d8772,https://huggingface.co/datasets/saberzl/SID_Set,CC-BY-4.0,full_synthetic_053833,main,dc03ead57929879319ce30a82bfcfb8d317b10bd,1,fake,collection_manifest_normalized_label_verified_by_sha256,human,human,true,consolidated_human_review,0,low,0,low,0.33231839537620544,0.11128910630941391,0,low,resnet50_layer4_fc_weighted_ordinal_v3,48f6495d4a62ded10d98c3835ffcd33c8f5c653e5df19cb03aef62582060e9b4,validation
96a558053e39957dee48bc6310c30cd0126b640a6761068e91e98f7748083e7d,human_annotated/images/96a558053e39957dee48bc6310c30cd0126b640a6761068e91e98f7748083e7d.jpg,ComplexDataLab/OpenFake,data/datasets/openfake/additional-900/images/real/96a558053e39957dee48bc6310c30cd0126b640a6761068e91e98f7748083e7d.jpg,"[""data/datasets/openfake/additional-900/images/real/96a558053e39957dee48bc6310c30cd0126b640a6761068e91e98f7748083e7d.jpg""]",96a558053e39957dee48bc6310c30cd0126b640a6761068e91e98f7748083e7d,https://huggingface.co/datasets/ComplexDataLab/OpenFake,CC-BY-NC-4.0,,v1.0,750279a9710d3d98bbc6d0d87250312cfdf922a0,0,real,collection_manifest_normalized_label_verified_by_sha256,human,human,true,consolidated_human_review,1,medium,1,medium,0.9211310744285583,0.4206075668334961,1,medium,resnet50_layer4_fc_weighted_ordinal_v3,48f6495d4a62ded10d98c3835ffcd33c8f5c653e5df19cb03aef62582060e9b4,validation
96be50328512d31aa00ffbdc8845a43f069b40c1ee1afd2239415eba3b735fdd,human_annotated/images/96be50328512d31aa00ffbdc8845a43f069b40c1ee1afd2239415eba3b735fdd.png,RRDataset,data/datasets/RRDataset/selection_1500/sara/ai/production_000623.png,"[""data/datasets/RRDataset/selection_1500/sara/ai/production_000623.png""]",96be50328512d31aa00ffbdc8845a43f069b40c1ee1afd2239415eba3b735fdd,https://zenodo.org/records/14963880,CC-BY-4.0,,,,1,fake,rrdataset_local_directory_verified_by_sha256,human,human,true,human_master_final,1,medium,1,medium,0.7216841578483582,0.016082994639873505,1,medium,resnet50_layer4_fc_weighted_ordinal_v3,48f6495d4a62ded10d98c3835ffcd33c8f5c653e5df19cb03aef62582060e9b4,training
9705162c44a6c91e6cd3cd4731b33c5407c384817d35c2abdc3b31d8397fe059,human_annotated/images/9705162c44a6c91e6cd3cd4731b33c5407c384817d35c2abdc3b31d8397fe059.jpg,ComplexDataLab/OpenFake,data/datasets/openfake/pilot-600/images/real/9705162c44a6c91e6cd3cd4731b33c5407c384817d35c2abdc3b31d8397fe059.jpg,"[""data/datasets/openfake/pilot-600/images/real/9705162c44a6c91e6cd3cd4731b33c5407c384817d35c2abdc3b31d8397fe059.jpg""]",9705162c44a6c91e6cd3cd4731b33c5407c384817d35c2abdc3b31d8397fe059,https://huggingface.co/datasets/ComplexDataLab/OpenFake,CC-BY-NC-4.0,,v1.0,,0,real,collection_manifest_normalized_label_verified_by_sha256,human,human,true,consolidated_human_review,1,medium,1,medium,0.9878345727920532,0.15976537764072418,1,medium,resnet50_layer4_fc_weighted_ordinal_v3,48f6495d4a62ded10d98c3835ffcd33c8f5c653e5df19cb03aef62582060e9b4,training
973157008815b3c13751cdf80f7bb22472768e77509c6b5a2a0b76279c405aca,human_annotated/images/973157008815b3c13751cdf80f7bb22472768e77509c6b5a2a0b76279c405aca.jpg,RRDataset,data/datasets/RRDataset/selection_1500/lorenzo/real/real_002255.jpg,"[""data/datasets/RRDataset/selection_1500/lorenzo/real/real_002255.jpg""]",973157008815b3c13751cdf80f7bb22472768e77509c6b5a2a0b76279c405aca,https://zenodo.org/records/14963880,CC-BY-4.0,,,,0,real,rrdataset_local_directory_verified_by_sha256,human,human,true,consolidated_human_review,1,medium,1,medium,0.7155968546867371,0.05358526110649109,1,medium,resnet50_layer4_fc_weighted_ordinal_v3,48f6495d4a62ded10d98c3835ffcd33c8f5c653e5df19cb03aef62582060e9b4,training
974f1f6568316db93a7beef9e0637621a5aa33aea4c710383d28c2e1e7c17544,human_annotated/images/974f1f6568316db93a7beef9e0637621a5aa33aea4c710383d28c2e1e7c17544.png,saberzl/SID_Set,data/datasets/sid-set/candidate-1500/images/fake/974f1f6568316db93a7beef9e0637621a5aa33aea4c710383d28c2e1e7c17544.png,"[""data/datasets/sid-set/candidate-1500/images/fake/974f1f6568316db93a7beef9e0637621a5aa33aea4c710383d28c2e1e7c17544.png""]",974f1f6568316db93a7beef9e0637621a5aa33aea4c710383d28c2e1e7c17544,https://huggingface.co/datasets/saberzl/SID_Set,CC-BY-4.0,full_synthetic_034885,main,dc03ead57929879319ce30a82bfcfb8d317b10bd,1,fake,collection_manifest_normalized_label_verified_by_sha256,human,human,true,consolidated_human_review,0,low,0,low,0.4349033534526825,0.17043329775333405,0,low,resnet50_layer4_fc_weighted_ordinal_v3,48f6495d4a62ded10d98c3835ffcd33c8f5c653e5df19cb03aef62582060e9b4,training
976dc133b2a24eb028c0649679159044be3c37263bb8b9dc1a03e4bc44062614,human_annotated/images/976dc133b2a24eb028c0649679159044be3c37263bb8b9dc1a03e4bc44062614.jpg,RRDataset,data/datasets/RRDataset/selection_1500/sara/real/real_004235.jpg,"[""data/datasets/RRDataset/selection_1500/sara/real/real_004235.jpg""]",976dc133b2a24eb028c0649679159044be3c37263bb8b9dc1a03e4bc44062614,https://zenodo.org/records/14963880,CC-BY-4.0,,,,0,real,rrdataset_local_directory_verified_by_sha256,human,human,true,human_master_final,1,medium,1,medium,0.6814373135566711,0.01639857143163681,1,medium,resnet50_layer4_fc_weighted_ordinal_v3,48f6495d4a62ded10d98c3835ffcd33c8f5c653e5df19cb03aef62582060e9b4,frozen_test
979f8ac3ed0b2b00a0dfe6ece073f31223b0b87bb57171d91f301aabb823e4c2,human_annotated/images/979f8ac3ed0b2b00a0dfe6ece073f31223b0b87bb57171d91f301aabb823e4c2.png,saberzl/SID_Set,data/datasets/sid-set/candidate-1500/images/fake/979f8ac3ed0b2b00a0dfe6ece073f31223b0b87bb57171d91f301aabb823e4c2.png,"[""data/datasets/sid-set/candidate-1500/images/fake/979f8ac3ed0b2b00a0dfe6ece073f31223b0b87bb57171d91f301aabb823e4c2.png""]",979f8ac3ed0b2b00a0dfe6ece073f31223b0b87bb57171d91f301aabb823e4c2,https://huggingface.co/datasets/saberzl/SID_Set,CC-BY-4.0,full_synthetic_046919,main,dc03ead57929879319ce30a82bfcfb8d317b10bd,1,fake,collection_manifest_normalized_label_verified_by_sha256,human,human,true,consolidated_human_review,1,medium,2,high,0.817276656627655,0.48646509647369385,1,medium,resnet50_layer4_fc_weighted_ordinal_v3,48f6495d4a62ded10d98c3835ffcd33c8f5c653e5df19cb03aef62582060e9b4,training
97abdae7f99137ebe32d0deb1f3b6d0dbdc6cceb560ab99e298f93938d736908,human_annotated/images/97abdae7f99137ebe32d0deb1f3b6d0dbdc6cceb560ab99e298f93938d736908.png,RRDataset,data/datasets/RRDataset/selection_1500/lorenzo/ai/normal_008198.png,"[""data/datasets/RRDataset/selection_1500/lorenzo/ai/normal_008198.png""]",97abdae7f99137ebe32d0deb1f3b6d0dbdc6cceb560ab99e298f93938d736908,https://zenodo.org/records/14963880,CC-BY-4.0,,,,1,fake,rrdataset_local_directory_verified_by_sha256,human,human,true,human_master_final,0,low,0,low,0.29992586374282837,0.0435822494328022,0,low,resnet50_layer4_fc_weighted_ordinal_v3,48f6495d4a62ded10d98c3835ffcd33c8f5c653e5df19cb03aef62582060e9b4,frozen_test
98873b22b0d43aeb75b3ed110eedc887fdc706138cb28c6a986285d8cbb3328e,human_annotated/images/98873b22b0d43aeb75b3ed110eedc887fdc706138cb28c6a986285d8cbb3328e.jpg,saberzl/SID_Set,data/datasets/sid-set/candidate-1500/images/real/98873b22b0d43aeb75b3ed110eedc887fdc706138cb28c6a986285d8cbb3328e.jpg,"[""data/datasets/sid-set/candidate-1500/images/real/98873b22b0d43aeb75b3ed110eedc887fdc706138cb28c6a986285d8cbb3328e.jpg""]",98873b22b0d43aeb75b3ed110eedc887fdc706138cb28c6a986285d8cbb3328e,https://huggingface.co/datasets/saberzl/SID_Set,CC-BY-4.0,994bcaf628846785,main,dc03ead57929879319ce30a82bfcfb8d317b10bd,0,real,collection_manifest_normalized_label_verified_by_sha256,human,human,true,human_master_final,0,low,1,medium,0.7908833026885986,0.0028583817183971405,0,low,resnet50_layer4_fc_weighted_ordinal_v3,48f6495d4a62ded10d98c3835ffcd33c8f5c653e5df19cb03aef62582060e9b4,frozen_test
98f8fc479ec627a43d0f2321474995d50f04cbefa2007e93ffb22e072c6e7bb9,human_annotated/images/98f8fc479ec627a43d0f2321474995d50f04cbefa2007e93ffb22e072c6e7bb9.png,ComplexDataLab/OpenFake,data/datasets/openfake/additional-900/images/fake/98f8fc479ec627a43d0f2321474995d50f04cbefa2007e93ffb22e072c6e7bb9.png,"[""data/datasets/openfake/additional-900/images/fake/98f8fc479ec627a43d0f2321474995d50f04cbefa2007e93ffb22e072c6e7bb9.png""]",98f8fc479ec627a43d0f2321474995d50f04cbefa2007e93ffb22e072c6e7bb9,https://huggingface.co/datasets/ComplexDataLab/OpenFake,CC-BY-NC-4.0,,v1.0,750279a9710d3d98bbc6d0d87250312cfdf922a0,1,fake,collection_manifest_normalized_label_verified_by_sha256,human,human,true,consolidated_human_review,1,medium,0,low,0.309196412563324,0.06943602114915848,1,medium,resnet50_layer4_fc_weighted_ordinal_v3,48f6495d4a62ded10d98c3835ffcd33c8f5c653e5df19cb03aef62582060e9b4,validation
990f14c836f9f033b00d7839a45005e269bed9cebe048e26c2851b56d5a21c45,human_annotated/images/990f14c836f9f033b00d7839a45005e269bed9cebe048e26c2851b56d5a21c45.png,saberzl/SID_Set,data/datasets/sid-set/candidate-1500/images/fake/990f14c836f9f033b00d7839a45005e269bed9cebe048e26c2851b56d5a21c45.png,"[""data/datasets/sid-set/candidate-1500/images/fake/990f14c836f9f033b00d7839a45005e269bed9cebe048e26c2851b56d5a21c45.png""]",990f14c836f9f033b00d7839a45005e269bed9cebe048e26c2851b56d5a21c45,https://huggingface.co/datasets/saberzl/SID_Set,CC-BY-4.0,full_synthetic_042444,main,dc03ead57929879319ce30a82bfcfb8d317b10bd,1,fake,collection_manifest_normalized_label_verified_by_sha256,human,human,true,consolidated_human_review,1,medium,1,medium,0.6382508873939514,0.024131808429956436,1,medium,resnet50_layer4_fc_weighted_ordinal_v3,48f6495d4a62ded10d98c3835ffcd33c8f5c653e5df19cb03aef62582060e9b4,training
99527bb5b5e9be42e58b57b9221139515d06651c36fdb5d9fcf87885c0b16f47,human_annotated/images/99527bb5b5e9be42e58b57b9221139515d06651c36fdb5d9fcf87885c0b16f47.jpg,RRDataset,data/datasets/RRDataset/selection_1500/giovanni/real/real_008684.jpg,"[""data/datasets/RRDataset/selection_1500/giovanni/real/real_008684.jpg""]",99527bb5b5e9be42e58b57b9221139515d06651c36fdb5d9fcf87885c0b16f47,https://zenodo.org/records/14963880,CC-BY-4.0,,,,0,real,rrdataset_local_directory_verified_by_sha256,human,human,true,human_master_final,0,low,0,low,0.31663739681243896,0.0015719151124358177,0,low,resnet50_layer4_fc_weighted_ordinal_v3,48f6495d4a62ded10d98c3835ffcd33c8f5c653e5df19cb03aef62582060e9b4,validation
9992cb53a3131c2a2ed9d031cfa62204d808352a9b9c66fb2bd659de29db2c46,human_annotated/images/9992cb53a3131c2a2ed9d031cfa62204d808352a9b9c66fb2bd659de29db2c46.jpg,ComplexDataLab/OpenFake,data/datasets/openfake/additional-900/images/fake/9992cb53a3131c2a2ed9d031cfa62204d808352a9b9c66fb2bd659de29db2c46.jpg,"[""data/datasets/openfake/additional-900/images/fake/9992cb53a3131c2a2ed9d031cfa62204d808352a9b9c66fb2bd659de29db2c46.jpg""]",9992cb53a3131c2a2ed9d031cfa62204d808352a9b9c66fb2bd659de29db2c46,https://huggingface.co/datasets/ComplexDataLab/OpenFake,CC-BY-NC-4.0,,v1.0,750279a9710d3d98bbc6d0d87250312cfdf922a0,1,fake,collection_manifest_normalized_label_verified_by_sha256,human,human,true,human_master_final,1,medium,1,medium,0.843230664730072,0.007492102682590485,1,medium,resnet50_layer4_fc_weighted_ordinal_v3,48f6495d4a62ded10d98c3835ffcd33c8f5c653e5df19cb03aef62582060e9b4,training
99c061240c406a7162bf4db87086b0dee01ff52f0b4a9671e8b9964b7ecc3d81,human_annotated/images/99c061240c406a7162bf4db87086b0dee01ff52f0b4a9671e8b9964b7ecc3d81.jpg,saberzl/SID_Set,data/datasets/sid-set/candidate-1500/images/real/99c061240c406a7162bf4db87086b0dee01ff52f0b4a9671e8b9964b7ecc3d81.jpg,"[""data/datasets/sid-set/candidate-1500/images/real/99c061240c406a7162bf4db87086b0dee01ff52f0b4a9671e8b9964b7ecc3d81.jpg""]",99c061240c406a7162bf4db87086b0dee01ff52f0b4a9671e8b9964b7ecc3d81,https://huggingface.co/datasets/saberzl/SID_Set,CC-BY-4.0,419ab8ed2370d257,main,dc03ead57929879319ce30a82bfcfb8d317b10bd,0,real,collection_manifest_normalized_label_verified_by_sha256,human,human,true,human_master_final,1,medium,1,medium,0.9940006136894226,0.02910507470369339,1,medium,resnet50_layer4_fc_weighted_ordinal_v3,48f6495d4a62ded10d98c3835ffcd33c8f5c653e5df19cb03aef62582060e9b4,training
99c8693a7b70cddc9d39330d4490c3e5ab485e5d37beebba8b07cc076bb6c146,human_annotated/images/99c8693a7b70cddc9d39330d4490c3e5ab485e5d37beebba8b07cc076bb6c146.png,saberzl/SID_Set,data/datasets/sid-set/candidate-1500/images/fake/99c8693a7b70cddc9d39330d4490c3e5ab485e5d37beebba8b07cc076bb6c146.png,"[""data/datasets/sid-set/candidate-1500/images/fake/99c8693a7b70cddc9d39330d4490c3e5ab485e5d37beebba8b07cc076bb6c146.png""]",99c8693a7b70cddc9d39330d4490c3e5ab485e5d37beebba8b07cc076bb6c146,https://huggingface.co/datasets/saberzl/SID_Set,CC-BY-4.0,full_synthetic_026871,main,dc03ead57929879319ce30a82bfcfb8d317b10bd,1,fake,collection_manifest_normalized_label_verified_by_sha256,human,human,true,human_master_final,0,low,0,low,0.18193714320659637,0.004076916258782148,0,low,resnet50_layer4_fc_weighted_ordinal_v3,48f6495d4a62ded10d98c3835ffcd33c8f5c653e5df19cb03aef62582060e9b4,training
9a24202cfae405b57daadfead4da7736534d1af4126a0d6c73e1be6a4aa5480b,human_annotated/images/9a24202cfae405b57daadfead4da7736534d1af4126a0d6c73e1be6a4aa5480b.png,ComplexDataLab/OpenFake,data/datasets/openfake/additional-900/images/fake/9a24202cfae405b57daadfead4da7736534d1af4126a0d6c73e1be6a4aa5480b.png,"[""data/datasets/openfake/additional-900/images/fake/9a24202cfae405b57daadfead4da7736534d1af4126a0d6c73e1be6a4aa5480b.png""]",9a24202cfae405b57daadfead4da7736534d1af4126a0d6c73e1be6a4aa5480b,https://huggingface.co/datasets/ComplexDataLab/OpenFake,CC-BY-NC-4.0,,v1.0,750279a9710d3d98bbc6d0d87250312cfdf922a0,1,fake,collection_manifest_normalized_label_verified_by_sha256,human,human,true,human_master_final,1,medium,1,medium,0.9754959940910339,0.04842238873243332,1,medium,resnet50_layer4_fc_weighted_ordinal_v3,48f6495d4a62ded10d98c3835ffcd33c8f5c653e5df19cb03aef62582060e9b4,training
9a32e7a75568d5996555f668087e061713d1fa5e92113e450c8ec48c1d4f6e38,human_annotated/images/9a32e7a75568d5996555f668087e061713d1fa5e92113e450c8ec48c1d4f6e38.jpg,saberzl/SID_Set,data/datasets/sid-set/candidate-1500/images/real/9a32e7a75568d5996555f668087e061713d1fa5e92113e450c8ec48c1d4f6e38.jpg,"[""data/datasets/sid-set/candidate-1500/images/real/9a32e7a75568d5996555f668087e061713d1fa5e92113e450c8ec48c1d4f6e38.jpg""]",9a32e7a75568d5996555f668087e061713d1fa5e92113e450c8ec48c1d4f6e38,https://huggingface.co/datasets/saberzl/SID_Set,CC-BY-4.0,33f4cb2943116269,main,dc03ead57929879319ce30a82bfcfb8d317b10bd,0,real,collection_manifest_normalized_label_verified_by_sha256,human,human,true,human_master_final,2,high,2,high,0.8583410382270813,0.5960411429405212,2,high,resnet50_layer4_fc_weighted_ordinal_v3,48f6495d4a62ded10d98c3835ffcd33c8f5c653e5df19cb03aef62582060e9b4,frozen_test
9adf46a85f17699a05227bcd139dc558813c86fc049b54e6c402cb505bea0327,human_annotated/images/9adf46a85f17699a05227bcd139dc558813c86fc049b54e6c402cb505bea0327.jpg,RRDataset,data/datasets/RRDataset/selection_1500/sara/real/real_001101.jpg,"[""data/datasets/RRDataset/selection_1500/sara/real/real_001101.jpg""]",9adf46a85f17699a05227bcd139dc558813c86fc049b54e6c402cb505bea0327,https://zenodo.org/records/14963880,CC-BY-4.0,,,,0,real,rrdataset_local_directory_verified_by_sha256,human,human,true,human_master_final,0,low,0,low,0.2793145477771759,0.015962641686201096,0,low,resnet50_layer4_fc_weighted_ordinal_v3,48f6495d4a62ded10d98c3835ffcd33c8f5c653e5df19cb03aef62582060e9b4,training
9b0f71614aafcd4610d941170dbcca9be1b5cdfa3bc3fd0c5134b3d1ce52b9ff,human_annotated/images/9b0f71614aafcd4610d941170dbcca9be1b5cdfa3bc3fd0c5134b3d1ce52b9ff.png,saberzl/SID_Set,data/datasets/sid-set/candidate-1500/images/fake/9b0f71614aafcd4610d941170dbcca9be1b5cdfa3bc3fd0c5134b3d1ce52b9ff.png,"[""data/datasets/sid-set/candidate-1500/images/fake/9b0f71614aafcd4610d941170dbcca9be1b5cdfa3bc3fd0c5134b3d1ce52b9ff.png""]",9b0f71614aafcd4610d941170dbcca9be1b5cdfa3bc3fd0c5134b3d1ce52b9ff,https://huggingface.co/datasets/saberzl/SID_Set,CC-BY-4.0,full_synthetic_064858,main,dc03ead57929879319ce30a82bfcfb8d317b10bd,1,fake,collection_manifest_normalized_label_verified_by_sha256,human,human,true,consolidated_human_review,0,low,0,low,0.13943560421466827,0.001688381307758391,0,low,resnet50_layer4_fc_weighted_ordinal_v3,48f6495d4a62ded10d98c3835ffcd33c8f5c653e5df19cb03aef62582060e9b4,training
9b247cb47b22be9882e769fca1aaed7ec1a7baa987bc96d90e8e4405dbedee91,human_annotated/images/9b247cb47b22be9882e769fca1aaed7ec1a7baa987bc96d90e8e4405dbedee91.jpg,ComplexDataLab/OpenFake,data/datasets/openfake/pilot-600/images/real/9b247cb47b22be9882e769fca1aaed7ec1a7baa987bc96d90e8e4405dbedee91.jpg,"[""data/datasets/openfake/pilot-600/images/real/9b247cb47b22be9882e769fca1aaed7ec1a7baa987bc96d90e8e4405dbedee91.jpg""]",9b247cb47b22be9882e769fca1aaed7ec1a7baa987bc96d90e8e4405dbedee91,https://huggingface.co/datasets/ComplexDataLab/OpenFake,CC-BY-NC-4.0,,v1.0,,0,real,collection_manifest_normalized_label_verified_by_sha256,human,human,true,human_master_final,1,medium,1,medium,0.7012388110160828,0.019730616360902786,1,medium,resnet50_layer4_fc_weighted_ordinal_v3,48f6495d4a62ded10d98c3835ffcd33c8f5c653e5df19cb03aef62582060e9b4,validation
9b3b8a017ba693d825922667dc0e5d5986182d295ab43578af13b1e082270976,human_annotated/images/9b3b8a017ba693d825922667dc0e5d5986182d295ab43578af13b1e082270976.jpg,RRDataset,data/datasets/RRDataset/selection_1500/lorenzo/real/real_000437.jpg,"[""data/datasets/RRDataset/selection_1500/lorenzo/real/real_000437.jpg""]",9b3b8a017ba693d825922667dc0e5d5986182d295ab43578af13b1e082270976,https://zenodo.org/records/14963880,CC-BY-4.0,,,,0,real,rrdataset_local_directory_verified_by_sha256,human,human,true,human_master_final,2,high,2,high,0.968241810798645,0.4769306480884552,2,high,resnet50_layer4_fc_weighted_ordinal_v3,48f6495d4a62ded10d98c3835ffcd33c8f5c653e5df19cb03aef62582060e9b4,training
9b737a9c5189a61f7b157fab007d42f354c209717d3750786fdcf4b238880761,human_annotated/images/9b737a9c5189a61f7b157fab007d42f354c209717d3750786fdcf4b238880761.jpg,RRDataset,data/datasets/RRDataset/selection_1500/lorenzo/real/real_005975.jpg,"[""data/datasets/RRDataset/selection_1500/lorenzo/real/real_005975.jpg""]",9b737a9c5189a61f7b157fab007d42f354c209717d3750786fdcf4b238880761,https://zenodo.org/records/14963880,CC-BY-4.0,,,,0,real,rrdataset_local_directory_verified_by_sha256,human,human,true,consolidated_human_review,1,medium,1,medium,0.8208289742469788,0.01569245755672455,1,medium,resnet50_layer4_fc_weighted_ordinal_v3,48f6495d4a62ded10d98c3835ffcd33c8f5c653e5df19cb03aef62582060e9b4,validation
9ba7eed1ab1b771de829c671a5c53a8c9ddd4e715e709d3719cb30468c4a1a03,human_annotated/images/9ba7eed1ab1b771de829c671a5c53a8c9ddd4e715e709d3719cb30468c4a1a03.png,RRDataset,data/datasets/RRDataset/selection_1500/giovanni/ai/Medical_&_Public_Health_000927.png,"[""data/datasets/RRDataset/selection_1500/giovanni/ai/Medical_&_Public_Health_000927.png""]",9ba7eed1ab1b771de829c671a5c53a8c9ddd4e715e709d3719cb30468c4a1a03,https://zenodo.org/records/14963880,CC-BY-4.0,,,,1,fake,rrdataset_local_directory_verified_by_sha256,human,human,true,consolidated_human_review,1,medium,1,medium,0.8439173698425293,0.017922891303896904,1,medium,resnet50_layer4_fc_weighted_ordinal_v3,48f6495d4a62ded10d98c3835ffcd33c8f5c653e5df19cb03aef62582060e9b4,training
9bb6c0424c0607fc8d68a37056573d807318ea089fdff59caa2f19beab674128,human_annotated/images/9bb6c0424c0607fc8d68a37056573d807318ea089fdff59caa2f19beab674128.jpg,RRDataset,data/datasets/RRDataset/selection_1500/lorenzo/real/real_004948.jpg,"[""data/datasets/RRDataset/selection_1500/lorenzo/real/real_004948.jpg""]",9bb6c0424c0607fc8d68a37056573d807318ea089fdff59caa2f19beab674128,https://zenodo.org/records/14963880,CC-BY-4.0,,,,0,real,rrdataset_local_directory_verified_by_sha256,human,human,true,human_master_final,0,low,0,low,0.2109440565109253,0.029436105862259865,0,low,resnet50_layer4_fc_weighted_ordinal_v3,48f6495d4a62ded10d98c3835ffcd33c8f5c653e5df19cb03aef62582060e9b4,training
9c0cddb043bacccf5ae2884acc7ae92cf96a574e602f53dc42b66660f2586c41,human_annotated/images/9c0cddb043bacccf5ae2884acc7ae92cf96a574e602f53dc42b66660f2586c41.jpg,ComplexDataLab/OpenFake,data/datasets/openfake/additional-900/images/real/9c0cddb043bacccf5ae2884acc7ae92cf96a574e602f53dc42b66660f2586c41.jpg,"[""data/datasets/openfake/additional-900/images/real/9c0cddb043bacccf5ae2884acc7ae92cf96a574e602f53dc42b66660f2586c41.jpg""]",9c0cddb043bacccf5ae2884acc7ae92cf96a574e602f53dc42b66660f2586c41,https://huggingface.co/datasets/ComplexDataLab/OpenFake,CC-BY-NC-4.0,,v1.0,750279a9710d3d98bbc6d0d87250312cfdf922a0,0,real,collection_manifest_normalized_label_verified_by_sha256,human,human,true,human_master_final,1,medium,1,medium,0.6179206967353821,0.07910792529582977,1,medium,resnet50_layer4_fc_weighted_ordinal_v3,48f6495d4a62ded10d98c3835ffcd33c8f5c653e5df19cb03aef62582060e9b4,validation
9c12a9841fdea149cc9bf3d8b52101e56e13ebc472787fd2c26ab86f7667828d,human_annotated/images/9c12a9841fdea149cc9bf3d8b52101e56e13ebc472787fd2c26ab86f7667828d.png,ComplexDataLab/OpenFake,data/datasets/openfake/pilot-600/images/fake/9c12a9841fdea149cc9bf3d8b52101e56e13ebc472787fd2c26ab86f7667828d.png,"[""data/datasets/openfake/pilot-600/images/fake/9c12a9841fdea149cc9bf3d8b52101e56e13ebc472787fd2c26ab86f7667828d.png""]",9c12a9841fdea149cc9bf3d8b52101e56e13ebc472787fd2c26ab86f7667828d,https://huggingface.co/datasets/ComplexDataLab/OpenFake,CC-BY-NC-4.0,,v1.0,,1,fake,collection_manifest_normalized_label_verified_by_sha256,human,human,true,human_master_final,0,low,1,medium,0.7128024101257324,0.012566900812089443,0,low,resnet50_layer4_fc_weighted_ordinal_v3,48f6495d4a62ded10d98c3835ffcd33c8f5c653e5df19cb03aef62582060e9b4,training
9c400453c24e6265d940a11ad1d04e8527cb28f99d23492400ad924e9b85d98d,human_annotated/images/9c400453c24e6265d940a11ad1d04e8527cb28f99d23492400ad924e9b85d98d.jpg,RRDataset,data/datasets/RRDataset/selection_1500/sara/real/real_004888.jpg,"[""data/datasets/RRDataset/selection_1500/sara/real/real_004888.jpg""]",9c400453c24e6265d940a11ad1d04e8527cb28f99d23492400ad924e9b85d98d,https://zenodo.org/records/14963880,CC-BY-4.0,,,,0,real,rrdataset_local_directory_verified_by_sha256,human,human,true,consolidated_human_review,1,medium,1,medium,0.8899086117744446,0.017909148707985878,1,medium,resnet50_layer4_fc_weighted_ordinal_v3,48f6495d4a62ded10d98c3835ffcd33c8f5c653e5df19cb03aef62582060e9b4,training
9c669f7fd80ddac1b702eee76913d489c0d939a6cb7289bce2ed8d0fa9151bf1,human_annotated/images/9c669f7fd80ddac1b702eee76913d489c0d939a6cb7289bce2ed8d0fa9151bf1.jpg,RRDataset,data/datasets/RRDataset/selection_1500/sara/real/real_008332.jpg,"[""data/datasets/RRDataset/selection_1500/sara/real/real_008332.jpg""]",9c669f7fd80ddac1b702eee76913d489c0d939a6cb7289bce2ed8d0fa9151bf1,https://zenodo.org/records/14963880,CC-BY-4.0,,,,0,real,rrdataset_local_directory_verified_by_sha256,human,human,true,human_master_final,0,low,0,low,0.40239736437797546,0.004562727175652981,0,low,resnet50_layer4_fc_weighted_ordinal_v3,48f6495d4a62ded10d98c3835ffcd33c8f5c653e5df19cb03aef62582060e9b4,training
9c6bb34960d426f44ba8f82e6588712edd9671ce36de68a0ef481c4971794fab,human_annotated/images/9c6bb34960d426f44ba8f82e6588712edd9671ce36de68a0ef481c4971794fab.png,RRDataset,data/datasets/RRDataset/selection_1500/sara/ai/production_001000.png,"[""data/datasets/RRDataset/selection_1500/sara/ai/production_001000.png""]",9c6bb34960d426f44ba8f82e6588712edd9671ce36de68a0ef481c4971794fab,https://zenodo.org/records/14963880,CC-BY-4.0,,,,1,fake,rrdataset_local_directory_verified_by_sha256,human,human,true,human_master_final,1,medium,1,medium,0.8288601040840149,0.018860340118408203,1,medium,resnet50_layer4_fc_weighted_ordinal_v3,48f6495d4a62ded10d98c3835ffcd33c8f5c653e5df19cb03aef62582060e9b4,frozen_test
9c77f20c5aae91e350345108a2b9ba2c16d32fbee01f2837af6944bd193777d3,human_annotated/images/9c77f20c5aae91e350345108a2b9ba2c16d32fbee01f2837af6944bd193777d3.png,RRDataset,data/datasets/RRDataset/selection_1500/sara/ai/production_000331.png,"[""data/datasets/RRDataset/selection_1500/sara/ai/production_000331.png""]",9c77f20c5aae91e350345108a2b9ba2c16d32fbee01f2837af6944bd193777d3,https://zenodo.org/records/14963880,CC-BY-4.0,,,,1,fake,rrdataset_local_directory_verified_by_sha256,human,human,true,human_master_final,1,medium,2,high,0.9522126913070679,0.49023035168647766,1,medium,resnet50_layer4_fc_weighted_ordinal_v3,48f6495d4a62ded10d98c3835ffcd33c8f5c653e5df19cb03aef62582060e9b4,validation
9d0c8ad7f5c2987905174b65cabe46cfe275f0500e6865013a89b1c3d9268edf,human_annotated/images/9d0c8ad7f5c2987905174b65cabe46cfe275f0500e6865013a89b1c3d9268edf.jpg,saberzl/SID_Set,data/datasets/sid-set/candidate-1500/images/real/9d0c8ad7f5c2987905174b65cabe46cfe275f0500e6865013a89b1c3d9268edf.jpg,"[""data/datasets/sid-set/candidate-1500/images/real/9d0c8ad7f5c2987905174b65cabe46cfe275f0500e6865013a89b1c3d9268edf.jpg""]",9d0c8ad7f5c2987905174b65cabe46cfe275f0500e6865013a89b1c3d9268edf,https://huggingface.co/datasets/saberzl/SID_Set,CC-BY-4.0,8d0aae560ae5439e,main,dc03ead57929879319ce30a82bfcfb8d317b10bd,0,real,collection_manifest_normalized_label_verified_by_sha256,human,human,true,human_master_final,1,medium,1,medium,0.8108898997306824,0.16732804477214813,1,medium,resnet50_layer4_fc_weighted_ordinal_v3,48f6495d4a62ded10d98c3835ffcd33c8f5c653e5df19cb03aef62582060e9b4,training
9d684d08b6dcede6281b9eca29daf5502ffa70d2ebeff6502ee80fb3464dc0ce,human_annotated/images/9d684d08b6dcede6281b9eca29daf5502ffa70d2ebeff6502ee80fb3464dc0ce.jpg,ComplexDataLab/OpenFake,data/datasets/openfake/additional-900/images/real/9d684d08b6dcede6281b9eca29daf5502ffa70d2ebeff6502ee80fb3464dc0ce.jpg,"[""data/datasets/openfake/additional-900/images/real/9d684d08b6dcede6281b9eca29daf5502ffa70d2ebeff6502ee80fb3464dc0ce.jpg""]",9d684d08b6dcede6281b9eca29daf5502ffa70d2ebeff6502ee80fb3464dc0ce,https://huggingface.co/datasets/ComplexDataLab/OpenFake,CC-BY-NC-4.0,,v1.0,750279a9710d3d98bbc6d0d87250312cfdf922a0,0,real,collection_manifest_normalized_label_verified_by_sha256,human,human,true,human_master_final,0,low,0,low,0.24728046357631683,0.045681118965148926,0,low,resnet50_layer4_fc_weighted_ordinal_v3,48f6495d4a62ded10d98c3835ffcd33c8f5c653e5df19cb03aef62582060e9b4,training
9da4f07ec984ea1b7ca91bdc11de88f18662c40339129bafd57bf5c177157937,human_annotated/images/9da4f07ec984ea1b7ca91bdc11de88f18662c40339129bafd57bf5c177157937.jpg,ComplexDataLab/OpenFake,data/datasets/openfake/additional-900/images/real/9da4f07ec984ea1b7ca91bdc11de88f18662c40339129bafd57bf5c177157937.jpg,"[""data/datasets/openfake/additional-900/images/real/9da4f07ec984ea1b7ca91bdc11de88f18662c40339129bafd57bf5c177157937.jpg""]",9da4f07ec984ea1b7ca91bdc11de88f18662c40339129bafd57bf5c177157937,https://huggingface.co/datasets/ComplexDataLab/OpenFake,CC-BY-NC-4.0,,v1.0,750279a9710d3d98bbc6d0d87250312cfdf922a0,0,real,collection_manifest_normalized_label_verified_by_sha256,human,human,true,consolidated_human_review,0,low,1,medium,0.543911337852478,0.1239120215177536,0,low,resnet50_layer4_fc_weighted_ordinal_v3,48f6495d4a62ded10d98c3835ffcd33c8f5c653e5df19cb03aef62582060e9b4,training
9e64200b350b955cbe4649e5fb5ef7f9a4b3780cda28e8b9fb44250cc378aca8,human_annotated/images/9e64200b350b955cbe4649e5fb5ef7f9a4b3780cda28e8b9fb44250cc378aca8.png,saberzl/SID_Set,data/datasets/sid-set/candidate-1500/images/fake/9e64200b350b955cbe4649e5fb5ef7f9a4b3780cda28e8b9fb44250cc378aca8.png,"[""data/datasets/sid-set/candidate-1500/images/fake/9e64200b350b955cbe4649e5fb5ef7f9a4b3780cda28e8b9fb44250cc378aca8.png""]",9e64200b350b955cbe4649e5fb5ef7f9a4b3780cda28e8b9fb44250cc378aca8,https://huggingface.co/datasets/saberzl/SID_Set,CC-BY-4.0,full_synthetic_022632,main,dc03ead57929879319ce30a82bfcfb8d317b10bd,1,fake,collection_manifest_normalized_label_verified_by_sha256,human,human,true,human_master_final,0,low,0,low,0.32589972019195557,0.15844126045703888,0,low,resnet50_layer4_fc_weighted_ordinal_v3,48f6495d4a62ded10d98c3835ffcd33c8f5c653e5df19cb03aef62582060e9b4,frozen_test
9f05b0ea094d98e6143277698e59b43e41238cea10e7d0885eae3b8428b8cde9,human_annotated/images/9f05b0ea094d98e6143277698e59b43e41238cea10e7d0885eae3b8428b8cde9.jpg,RRDataset,data/datasets/RRDataset/selection_1500/giovanni/real/real_008030.jpg,"[""data/datasets/RRDataset/selection_1500/giovanni/real/real_008030.jpg""]",9f05b0ea094d98e6143277698e59b43e41238cea10e7d0885eae3b8428b8cde9,https://zenodo.org/records/14963880,CC-BY-4.0,,,,0,real,rrdataset_local_directory_verified_by_sha256,human,human,true,human_master_final,0,low,0,low,0.19829173386096954,0.015970740467309952,0,low,resnet50_layer4_fc_weighted_ordinal_v3,48f6495d4a62ded10d98c3835ffcd33c8f5c653e5df19cb03aef62582060e9b4,frozen_test
9f9188f23a7afebdcf16783a3d963c592186142924bb6e8ed04f12df362ef59b,human_annotated/images/9f9188f23a7afebdcf16783a3d963c592186142924bb6e8ed04f12df362ef59b.jpg,saberzl/SID_Set,data/datasets/sid-set/candidate-1500/images/real/9f9188f23a7afebdcf16783a3d963c592186142924bb6e8ed04f12df362ef59b.jpg,"[""data/datasets/sid-set/candidate-1500/images/real/9f9188f23a7afebdcf16783a3d963c592186142924bb6e8ed04f12df362ef59b.jpg""]",9f9188f23a7afebdcf16783a3d963c592186142924bb6e8ed04f12df362ef59b,https://huggingface.co/datasets/saberzl/SID_Set,CC-BY-4.0,dde903ae9534e848,main,dc03ead57929879319ce30a82bfcfb8d317b10bd,0,real,collection_manifest_normalized_label_verified_by_sha256,human,human,true,consolidated_human_review,0,low,0,low,0.38276782631874084,0.05801410228013992,0,low,resnet50_layer4_fc_weighted_ordinal_v3,48f6495d4a62ded10d98c3835ffcd33c8f5c653e5df19cb03aef62582060e9b4,training
9fafbf5fa198a104c985c10441ab7b05b4a5c7f1e4a6e57b546e684b05433aa9,human_annotated/images/9fafbf5fa198a104c985c10441ab7b05b4a5c7f1e4a6e57b546e684b05433aa9.png,RRDataset,data/datasets/RRDataset/selection_1500/lorenzo/ai/Natural_Disasters_&_Accidents_000019.png,"[""data/datasets/RRDataset/selection_1500/lorenzo/ai/Natural_Disasters_&_Accidents_000019.png""]",9fafbf5fa198a104c985c10441ab7b05b4a5c7f1e4a6e57b546e684b05433aa9,https://zenodo.org/records/14963880,CC-BY-4.0,,,,1,fake,rrdataset_local_directory_verified_by_sha256,human,human,true,human_master_final,1,medium,1,medium,0.815426766872406,0.21677488088607788,1,medium,resnet50_layer4_fc_weighted_ordinal_v3,48f6495d4a62ded10d98c3835ffcd33c8f5c653e5df19cb03aef62582060e9b4,training
9fbaefdd979e9625613354d8cabb4ba8b733bcd4f91bc1f3e579b23d1ae0dfb7,human_annotated/images/9fbaefdd979e9625613354d8cabb4ba8b733bcd4f91bc1f3e579b23d1ae0dfb7.jpg,RRDataset,data/datasets/RRDataset/selection_1500/giovanni/real/real_005591.jpg,"[""data/datasets/RRDataset/selection_1500/giovanni/real/real_005591.jpg""]",9fbaefdd979e9625613354d8cabb4ba8b733bcd4f91bc1f3e579b23d1ae0dfb7,https://zenodo.org/records/14963880,CC-BY-4.0,,,,0,real,rrdataset_local_directory_verified_by_sha256,human,human,true,human_master_final,1,medium,1,medium,0.7425444722175598,0.026179810985922813,1,medium,resnet50_layer4_fc_weighted_ordinal_v3,48f6495d4a62ded10d98c3835ffcd33c8f5c653e5df19cb03aef62582060e9b4,validation
9fdc9907db7a1ee239cf8c1e8fd1db6dbc4fee908398eb7dd9de000c753c37f1,human_annotated/images/9fdc9907db7a1ee239cf8c1e8fd1db6dbc4fee908398eb7dd9de000c753c37f1.jpg,saberzl/SID_Set,data/datasets/sid-set/candidate-1500/images/real/9fdc9907db7a1ee239cf8c1e8fd1db6dbc4fee908398eb7dd9de000c753c37f1.jpg,"[""data/datasets/sid-set/candidate-1500/images/real/9fdc9907db7a1ee239cf8c1e8fd1db6dbc4fee908398eb7dd9de000c753c37f1.jpg""]",9fdc9907db7a1ee239cf8c1e8fd1db6dbc4fee908398eb7dd9de000c753c37f1,https://huggingface.co/datasets/saberzl/SID_Set,CC-BY-4.0,da22715d9c51a24b,main,dc03ead57929879319ce30a82bfcfb8d317b10bd,0,real,collection_manifest_normalized_label_verified_by_sha256,human,human,true,consolidated_human_review,1,medium,1,medium,0.8390156626701355,0.04596296697854996,1,medium,resnet50_layer4_fc_weighted_ordinal_v3,48f6495d4a62ded10d98c3835ffcd33c8f5c653e5df19cb03aef62582060e9b4,training
a001fd9231632618d32114c51a658d280d1240ee561610b1eef5f9a52418efd8,human_annotated/images/a001fd9231632618d32114c51a658d280d1240ee561610b1eef5f9a52418efd8.png,RRDataset,data/datasets/RRDataset/selection_1500/sara/ai/War_&_Conflict_Scenes_000880.png,"[""data/datasets/RRDataset/selection_1500/sara/ai/War_&_Conflict_Scenes_000880.png""]",a001fd9231632618d32114c51a658d280d1240ee561610b1eef5f9a52418efd8,https://zenodo.org/records/14963880,CC-BY-4.0,,,,1,fake,rrdataset_local_directory_verified_by_sha256,human,human,true,human_master_final,1,medium,1,medium,0.8293270468711853,0.11597800254821777,1,medium,resnet50_layer4_fc_weighted_ordinal_v3,48f6495d4a62ded10d98c3835ffcd33c8f5c653e5df19cb03aef62582060e9b4,frozen_test
a011ca0531302944873f8351bbce41180bc950f38a6c36198b4d25252d4db896,human_annotated/images/a011ca0531302944873f8351bbce41180bc950f38a6c36198b4d25252d4db896.png,ComplexDataLab/OpenFake,data/datasets/openfake/additional-900/images/fake/a011ca0531302944873f8351bbce41180bc950f38a6c36198b4d25252d4db896.png,"[""data/datasets/openfake/additional-900/images/fake/a011ca0531302944873f8351bbce41180bc950f38a6c36198b4d25252d4db896.png""]",a011ca0531302944873f8351bbce41180bc950f38a6c36198b4d25252d4db896,https://huggingface.co/datasets/ComplexDataLab/OpenFake,CC-BY-NC-4.0,,v1.0,750279a9710d3d98bbc6d0d87250312cfdf922a0,1,fake,collection_manifest_normalized_label_verified_by_sha256,human,human,true,consolidated_human_review,1,medium,1,medium,0.8377563953399658,0.05288662761449814,1,medium,resnet50_layer4_fc_weighted_ordinal_v3,48f6495d4a62ded10d98c3835ffcd33c8f5c653e5df19cb03aef62582060e9b4,training
a03da41bab0ddfc6649181191a85c0d392830bcc9fda840194acb6a45a10de19,human_annotated/images/a03da41bab0ddfc6649181191a85c0d392830bcc9fda840194acb6a45a10de19.png,ComplexDataLab/OpenFake,data/datasets/openfake/pilot-600/images/fake/a03da41bab0ddfc6649181191a85c0d392830bcc9fda840194acb6a45a10de19.png,"[""data/datasets/openfake/pilot-600/images/fake/a03da41bab0ddfc6649181191a85c0d392830bcc9fda840194acb6a45a10de19.png""]",a03da41bab0ddfc6649181191a85c0d392830bcc9fda840194acb6a45a10de19,https://huggingface.co/datasets/ComplexDataLab/OpenFake,CC-BY-NC-4.0,,v1.0,,1,fake,collection_manifest_normalized_label_verified_by_sha256,human,human,true,human_master_final,1,medium,0,low,0.40689948201179504,0.033970996737480164,1,medium,resnet50_layer4_fc_weighted_ordinal_v3,48f6495d4a62ded10d98c3835ffcd33c8f5c653e5df19cb03aef62582060e9b4,training
a070f352e00fbbdb8d3e0abe152c4af4972780aed9f6bd88df2a770cd76999b4,human_annotated/images/a070f352e00fbbdb8d3e0abe152c4af4972780aed9f6bd88df2a770cd76999b4.png,RRDataset,data/datasets/RRDataset/selection_1500/giovanni/ai/War_&_Conflict_Scenes_000873.png,"[""data/datasets/RRDataset/selection_1500/giovanni/ai/War_&_Conflict_Scenes_000873.png""]",a070f352e00fbbdb8d3e0abe152c4af4972780aed9f6bd88df2a770cd76999b4,https://zenodo.org/records/14963880,CC-BY-4.0,,,,1,fake,rrdataset_local_directory_verified_by_sha256,human,human,true,consolidated_human_review,2,high,2,high,0.9613162279129028,0.827985942363739,2,high,resnet50_layer4_fc_weighted_ordinal_v3,48f6495d4a62ded10d98c3835ffcd33c8f5c653e5df19cb03aef62582060e9b4,validation
a0bc0606caa4dfaddc7e9f431636ffc9dd3525e7d9e6193f9f2663df8e5b0f9a,human_annotated/images/a0bc0606caa4dfaddc7e9f431636ffc9dd3525e7d9e6193f9f2663df8e5b0f9a.png,RRDataset,data/datasets/RRDataset/selection_1500/sara/ai/Medical_&_Public_Health_000970.png,"[""data/datasets/RRDataset/selection_1500/sara/ai/Medical_&_Public_Health_000970.png""]",a0bc0606caa4dfaddc7e9f431636ffc9dd3525e7d9e6193f9f2663df8e5b0f9a,https://zenodo.org/records/14963880,CC-BY-4.0,,,,1,fake,rrdataset_local_directory_verified_by_sha256,human,human,true,consolidated_human_review,2,high,2,high,0.986127495765686,0.5604215860366821,2,high,resnet50_layer4_fc_weighted_ordinal_v3,48f6495d4a62ded10d98c3835ffcd33c8f5c653e5df19cb03aef62582060e9b4,validation
a10e416e008b49ffdc3d436cdc92896d627c5b64fd99ab5bbf4cc59e04a2251e,human_annotated/images/a10e416e008b49ffdc3d436cdc92896d627c5b64fd99ab5bbf4cc59e04a2251e.png,saberzl/SID_Set,data/datasets/sid-set/candidate-1500/images/fake/a10e416e008b49ffdc3d436cdc92896d627c5b64fd99ab5bbf4cc59e04a2251e.png,"[""data/datasets/sid-set/candidate-1500/images/fake/a10e416e008b49ffdc3d436cdc92896d627c5b64fd99ab5bbf4cc59e04a2251e.png""]",a10e416e008b49ffdc3d436cdc92896d627c5b64fd99ab5bbf4cc59e04a2251e,https://huggingface.co/datasets/saberzl/SID_Set,CC-BY-4.0,full_synthetic_042929,main,dc03ead57929879319ce30a82bfcfb8d317b10bd,1,fake,collection_manifest_normalized_label_verified_by_sha256,human,human,true,consolidated_human_review,1,medium,1,medium,0.5004342794418335,0.292479544878006,1,medium,resnet50_layer4_fc_weighted_ordinal_v3,48f6495d4a62ded10d98c3835ffcd33c8f5c653e5df19cb03aef62582060e9b4,training
a1bf7dd9f82cc35738bdd0fdd9be62df693f0a851b1d80d7c20a63921670988b,human_annotated/images/a1bf7dd9f82cc35738bdd0fdd9be62df693f0a851b1d80d7c20a63921670988b.jpg,RRDataset,data/datasets/RRDataset/selection_1500/lorenzo/real/real_001132.jpg,"[""data/datasets/RRDataset/selection_1500/lorenzo/real/real_001132.jpg""]",a1bf7dd9f82cc35738bdd0fdd9be62df693f0a851b1d80d7c20a63921670988b,https://zenodo.org/records/14963880,CC-BY-4.0,,,,0,real,rrdataset_local_directory_verified_by_sha256,human,human,true,consolidated_human_review,1,medium,1,medium,0.9528959393501282,0.0568520613014698,1,medium,resnet50_layer4_fc_weighted_ordinal_v3,48f6495d4a62ded10d98c3835ffcd33c8f5c653e5df19cb03aef62582060e9b4,training
a1c196021589074be4c3d7c1521343334ca04c422058c4747712943612ca58a4,human_annotated/images/a1c196021589074be4c3d7c1521343334ca04c422058c4747712943612ca58a4.png,ComplexDataLab/OpenFake,data/datasets/openfake/additional-900/images/fake/a1c196021589074be4c3d7c1521343334ca04c422058c4747712943612ca58a4.png,"[""data/datasets/openfake/additional-900/images/fake/a1c196021589074be4c3d7c1521343334ca04c422058c4747712943612ca58a4.png""]",a1c196021589074be4c3d7c1521343334ca04c422058c4747712943612ca58a4,https://huggingface.co/datasets/ComplexDataLab/OpenFake,CC-BY-NC-4.0,,v1.0,750279a9710d3d98bbc6d0d87250312cfdf922a0,1,fake,collection_manifest_normalized_label_verified_by_sha256,human,human,true,human_master_final,1,medium,1,medium,0.7961297035217285,0.1752295196056366,1,medium,resnet50_layer4_fc_weighted_ordinal_v3,48f6495d4a62ded10d98c3835ffcd33c8f5c653e5df19cb03aef62582060e9b4,validation
a204c1f740057ef704e666b2dfa5ea0811211c9f48fae9a14c3b71c1ec91d203,human_annotated/images/a204c1f740057ef704e666b2dfa5ea0811211c9f48fae9a14c3b71c1ec91d203.png,saberzl/SID_Set,data/datasets/sid-set/candidate-1500/images/fake/a204c1f740057ef704e666b2dfa5ea0811211c9f48fae9a14c3b71c1ec91d203.png,"[""data/datasets/sid-set/candidate-1500/images/fake/a204c1f740057ef704e666b2dfa5ea0811211c9f48fae9a14c3b71c1ec91d203.png""]",a204c1f740057ef704e666b2dfa5ea0811211c9f48fae9a14c3b71c1ec91d203,https://huggingface.co/datasets/saberzl/SID_Set,CC-BY-4.0,full_synthetic_018250,main,dc03ead57929879319ce30a82bfcfb8d317b10bd,1,fake,collection_manifest_normalized_label_verified_by_sha256,human,human,true,consolidated_human_review,1,medium,1,medium,0.9699383974075317,0.01744641736149788,1,medium,resnet50_layer4_fc_weighted_ordinal_v3,48f6495d4a62ded10d98c3835ffcd33c8f5c653e5df19cb03aef62582060e9b4,training
a20b1a2205a4f536e7524d5bbad9abac460531164877c4f5f6cbf0c73f62e1b0,human_annotated/images/a20b1a2205a4f536e7524d5bbad9abac460531164877c4f5f6cbf0c73f62e1b0.png,saberzl/SID_Set,data/datasets/sid-set/candidate-1500/images/fake/a20b1a2205a4f536e7524d5bbad9abac460531164877c4f5f6cbf0c73f62e1b0.png,"[""data/datasets/sid-set/candidate-1500/images/fake/a20b1a2205a4f536e7524d5bbad9abac460531164877c4f5f6cbf0c73f62e1b0.png""]",a20b1a2205a4f536e7524d5bbad9abac460531164877c4f5f6cbf0c73f62e1b0,https://huggingface.co/datasets/saberzl/SID_Set,CC-BY-4.0,full_synthetic_045194,main,dc03ead57929879319ce30a82bfcfb8d317b10bd,1,fake,collection_manifest_normalized_label_verified_by_sha256,human,human,true,human_master_final,0,low,0,low,0.18155361711978912,0.010226419195532799,0,low,resnet50_layer4_fc_weighted_ordinal_v3,48f6495d4a62ded10d98c3835ffcd33c8f5c653e5df19cb03aef62582060e9b4,training
a212bf21501e0e1c84162c4c44b22fbddf332b2152b37f76f9f56c6bee56eba0,human_annotated/images/a212bf21501e0e1c84162c4c44b22fbddf332b2152b37f76f9f56c6bee56eba0.png,saberzl/SID_Set,data/datasets/sid-set/candidate-1500/images/fake/a212bf21501e0e1c84162c4c44b22fbddf332b2152b37f76f9f56c6bee56eba0.png,"[""data/datasets/sid-set/candidate-1500/images/fake/a212bf21501e0e1c84162c4c44b22fbddf332b2152b37f76f9f56c6bee56eba0.png""]",a212bf21501e0e1c84162c4c44b22fbddf332b2152b37f76f9f56c6bee56eba0,https://huggingface.co/datasets/saberzl/SID_Set,CC-BY-4.0,full_synthetic_011971,main,dc03ead57929879319ce30a82bfcfb8d317b10bd,1,fake,collection_manifest_normalized_label_verified_by_sha256,human,human,true,human_master_final,0,low,0,low,0.3977377414703369,0.01763288863003254,0,low,resnet50_layer4_fc_weighted_ordinal_v3,48f6495d4a62ded10d98c3835ffcd33c8f5c653e5df19cb03aef62582060e9b4,training
a2781df96da8b59a866ad4459c8ae49ddb9730db7ddbb94420253221bae5cc1c,human_annotated/images/a2781df96da8b59a866ad4459c8ae49ddb9730db7ddbb94420253221bae5cc1c.jpg,RRDataset,data/datasets/RRDataset/selection_1500/lorenzo/real/real_004402.jpg,"[""data/datasets/RRDataset/selection_1500/lorenzo/real/real_004402.jpg""]",a2781df96da8b59a866ad4459c8ae49ddb9730db7ddbb94420253221bae5cc1c,https://zenodo.org/records/14963880,CC-BY-4.0,,,,0,real,rrdataset_local_directory_verified_by_sha256,human,human,true,consolidated_human_review,1,medium,1,medium,0.9948509335517883,0.07323528826236725,1,medium,resnet50_layer4_fc_weighted_ordinal_v3,48f6495d4a62ded10d98c3835ffcd33c8f5c653e5df19cb03aef62582060e9b4,validation
a2aee5fa9596aeb98c12aa2c7f58cff6625d12e57ac1f07b3857e41d74c67412,human_annotated/images/a2aee5fa9596aeb98c12aa2c7f58cff6625d12e57ac1f07b3857e41d74c67412.png,RRDataset,data/datasets/RRDataset/selection_1500/giovanni/ai/Natural_Disasters_&_Accidents_000186.png,"[""data/datasets/RRDataset/selection_1500/giovanni/ai/Natural_Disasters_&_Accidents_000186.png""]",a2aee5fa9596aeb98c12aa2c7f58cff6625d12e57ac1f07b3857e41d74c67412,https://zenodo.org/records/14963880,CC-BY-4.0,,,,1,fake,rrdataset_local_directory_verified_by_sha256,human,human,true,human_master_final,1,medium,0,low,0.488621324300766,0.05765588954091072,1,medium,resnet50_layer4_fc_weighted_ordinal_v3,48f6495d4a62ded10d98c3835ffcd33c8f5c653e5df19cb03aef62582060e9b4,training
a2c587254ae6dee0be37696f48ddf220b938c07a7b68bc252a28694be3df3418,human_annotated/images/a2c587254ae6dee0be37696f48ddf220b938c07a7b68bc252a28694be3df3418.png,saberzl/SID_Set,data/datasets/sid-set/candidate-1500/images/fake/a2c587254ae6dee0be37696f48ddf220b938c07a7b68bc252a28694be3df3418.png,"[""data/datasets/sid-set/candidate-1500/images/fake/a2c587254ae6dee0be37696f48ddf220b938c07a7b68bc252a28694be3df3418.png""]",a2c587254ae6dee0be37696f48ddf220b938c07a7b68bc252a28694be3df3418,https://huggingface.co/datasets/saberzl/SID_Set,CC-BY-4.0,full_synthetic_069795,main,dc03ead57929879319ce30a82bfcfb8d317b10bd,1,fake,collection_manifest_normalized_label_verified_by_sha256,human,human,true,consolidated_human_review,0,low,1,medium,0.6846193671226501,0.20483560860157013,0,low,resnet50_layer4_fc_weighted_ordinal_v3,48f6495d4a62ded10d98c3835ffcd33c8f5c653e5df19cb03aef62582060e9b4,training
a3945b578fd3c4fb7756daede652bfe6348817b72f7a20949253be43f9dddf76,human_annotated/images/a3945b578fd3c4fb7756daede652bfe6348817b72f7a20949253be43f9dddf76.png,ComplexDataLab/OpenFake,data/datasets/openfake/pilot-600/images/fake/a3945b578fd3c4fb7756daede652bfe6348817b72f7a20949253be43f9dddf76.png,"[""data/datasets/openfake/pilot-600/images/fake/a3945b578fd3c4fb7756daede652bfe6348817b72f7a20949253be43f9dddf76.png""]",a3945b578fd3c4fb7756daede652bfe6348817b72f7a20949253be43f9dddf76,https://huggingface.co/datasets/ComplexDataLab/OpenFake,CC-BY-NC-4.0,,v1.0,,1,fake,collection_manifest_normalized_label_verified_by_sha256,human,human,true,human_master_final,1,medium,1,medium,0.923166811466217,0.009732307866215706,1,medium,resnet50_layer4_fc_weighted_ordinal_v3,48f6495d4a62ded10d98c3835ffcd33c8f5c653e5df19cb03aef62582060e9b4,training
a467a363235f61add7fcd8c9678267805ad8b034fd44b3327428439ee2c2aa4b,human_annotated/images/a467a363235f61add7fcd8c9678267805ad8b034fd44b3327428439ee2c2aa4b.png,RRDataset,data/datasets/RRDataset/selection_1500/lorenzo/ai/normal_008498.png,"[""data/datasets/RRDataset/selection_1500/lorenzo/ai/normal_008498.png""]",a467a363235f61add7fcd8c9678267805ad8b034fd44b3327428439ee2c2aa4b,https://zenodo.org/records/14963880,CC-BY-4.0,,,,1,fake,rrdataset_local_directory_verified_by_sha256,human,human,true,human_master_final,0,low,0,low,0.14420972764492035,0.011641275137662888,0,low,resnet50_layer4_fc_weighted_ordinal_v3,48f6495d4a62ded10d98c3835ffcd33c8f5c653e5df19cb03aef62582060e9b4,training
a4dfc12cf486dcc3ae2f862a3200317391c42715845370737c64ad421cfa66ae,human_annotated/images/a4dfc12cf486dcc3ae2f862a3200317391c42715845370737c64ad421cfa66ae.png,saberzl/SID_Set,data/datasets/sid-set/candidate-1500/images/fake/a4dfc12cf486dcc3ae2f862a3200317391c42715845370737c64ad421cfa66ae.png,"[""data/datasets/sid-set/candidate-1500/images/fake/a4dfc12cf486dcc3ae2f862a3200317391c42715845370737c64ad421cfa66ae.png""]",a4dfc12cf486dcc3ae2f862a3200317391c42715845370737c64ad421cfa66ae,https://huggingface.co/datasets/saberzl/SID_Set,CC-BY-4.0,full_synthetic_004542,main,dc03ead57929879319ce30a82bfcfb8d317b10bd,1,fake,collection_manifest_normalized_label_verified_by_sha256,human,human,true,human_master_final,1,medium,1,medium,0.6390323042869568,0.02599046565592289,1,medium,resnet50_layer4_fc_weighted_ordinal_v3,48f6495d4a62ded10d98c3835ffcd33c8f5c653e5df19cb03aef62582060e9b4,training
a521d1fdfd0e4b57d319684c72302e0073c79293de40c115f3ad5c47d5d44de2,human_annotated/images/a521d1fdfd0e4b57d319684c72302e0073c79293de40c115f3ad5c47d5d44de2.png,saberzl/SID_Set,data/datasets/sid-set/candidate-1500/images/fake/a521d1fdfd0e4b57d319684c72302e0073c79293de40c115f3ad5c47d5d44de2.png,"[""data/datasets/sid-set/candidate-1500/images/fake/a521d1fdfd0e4b57d319684c72302e0073c79293de40c115f3ad5c47d5d44de2.png""]",a521d1fdfd0e4b57d319684c72302e0073c79293de40c115f3ad5c47d5d44de2,https://huggingface.co/datasets/saberzl/SID_Set,CC-BY-4.0,full_synthetic_055279,main,dc03ead57929879319ce30a82bfcfb8d317b10bd,1,fake,collection_manifest_normalized_label_verified_by_sha256,human,human,true,consolidated_human_review,0,low,0,low,0.23461054265499115,0.09775059670209885,0,low,resnet50_layer4_fc_weighted_ordinal_v3,48f6495d4a62ded10d98c3835ffcd33c8f5c653e5df19cb03aef62582060e9b4,training
a575d940bbc7717532296d40aeba3fc3b84afbfa6c99545461929ebf46b493a7,human_annotated/images/a575d940bbc7717532296d40aeba3fc3b84afbfa6c99545461929ebf46b493a7.png,saberzl/SID_Set,data/datasets/sid-set/candidate-1500/images/fake/a575d940bbc7717532296d40aeba3fc3b84afbfa6c99545461929ebf46b493a7.png,"[""data/datasets/sid-set/candidate-1500/images/fake/a575d940bbc7717532296d40aeba3fc3b84afbfa6c99545461929ebf46b493a7.png""]",a575d940bbc7717532296d40aeba3fc3b84afbfa6c99545461929ebf46b493a7,https://huggingface.co/datasets/saberzl/SID_Set,CC-BY-4.0,full_synthetic_055040,main,dc03ead57929879319ce30a82bfcfb8d317b10bd,1,fake,collection_manifest_normalized_label_verified_by_sha256,human,human,true,consolidated_human_review,1,medium,1,medium,0.752508819103241,0.015171797946095467,1,medium,resnet50_layer4_fc_weighted_ordinal_v3,48f6495d4a62ded10d98c3835ffcd33c8f5c653e5df19cb03aef62582060e9b4,training
a590a0d5e98e886fbf1daa2ce4de18c2aeafd0ae24c8b4a4cbd02d2d3977b80c,human_annotated/images/a590a0d5e98e886fbf1daa2ce4de18c2aeafd0ae24c8b4a4cbd02d2d3977b80c.jpg,ComplexDataLab/OpenFake,data/datasets/openfake/additional-900/images/real/a590a0d5e98e886fbf1daa2ce4de18c2aeafd0ae24c8b4a4cbd02d2d3977b80c.jpg,"[""data/datasets/openfake/additional-900/images/real/a590a0d5e98e886fbf1daa2ce4de18c2aeafd0ae24c8b4a4cbd02d2d3977b80c.jpg""]",a590a0d5e98e886fbf1daa2ce4de18c2aeafd0ae24c8b4a4cbd02d2d3977b80c,https://huggingface.co/datasets/ComplexDataLab/OpenFake,CC-BY-NC-4.0,,v1.0,750279a9710d3d98bbc6d0d87250312cfdf922a0,0,real,collection_manifest_normalized_label_verified_by_sha256,human,human,true,human_master_final,1,medium,1,medium,0.9692294001579285,0.09005236625671387,1,medium,resnet50_layer4_fc_weighted_ordinal_v3,48f6495d4a62ded10d98c3835ffcd33c8f5c653e5df19cb03aef62582060e9b4,validation
a5ab23851bd0ef445f3b14709099d9aed893b458039a34776af433bdb61c5cd3,human_annotated/images/a5ab23851bd0ef445f3b14709099d9aed893b458039a34776af433bdb61c5cd3.jpg,ComplexDataLab/OpenFake,data/datasets/openfake/additional-900/images/fake/a5ab23851bd0ef445f3b14709099d9aed893b458039a34776af433bdb61c5cd3.jpg,"[""data/datasets/openfake/additional-900/images/fake/a5ab23851bd0ef445f3b14709099d9aed893b458039a34776af433bdb61c5cd3.jpg""]",a5ab23851bd0ef445f3b14709099d9aed893b458039a34776af433bdb61c5cd3,https://huggingface.co/datasets/ComplexDataLab/OpenFake,CC-BY-NC-4.0,,v1.0,750279a9710d3d98bbc6d0d87250312cfdf922a0,1,fake,collection_manifest_normalized_label_verified_by_sha256,human,human,true,consolidated_human_review,1,medium,1,medium,0.9601849913597107,0.010269828140735626,1,medium,resnet50_layer4_fc_weighted_ordinal_v3,48f6495d4a62ded10d98c3835ffcd33c8f5c653e5df19cb03aef62582060e9b4,training
a5b6c8bd13d00c43a992c0ae0b711b77baedbac11ffcf3f336e1e4cd83bf4c35,human_annotated/images/a5b6c8bd13d00c43a992c0ae0b711b77baedbac11ffcf3f336e1e4cd83bf4c35.jpg,RRDataset,data/datasets/RRDataset/selection_1500/giovanni/real/real_001782.jpg,"[""data/datasets/RRDataset/selection_1500/giovanni/real/real_001782.jpg""]",a5b6c8bd13d00c43a992c0ae0b711b77baedbac11ffcf3f336e1e4cd83bf4c35,https://zenodo.org/records/14963880,CC-BY-4.0,,,,0,real,rrdataset_local_directory_verified_by_sha256,human,human,true,consolidated_human_review,2,high,2,high,0.9804312586784363,0.719570517539978,2,high,resnet50_layer4_fc_weighted_ordinal_v3,48f6495d4a62ded10d98c3835ffcd33c8f5c653e5df19cb03aef62582060e9b4,training
a60d017e6169458385913f57a608377390b3f145f0ddc953a92aa77bb8b74def,human_annotated/images/a60d017e6169458385913f57a608377390b3f145f0ddc953a92aa77bb8b74def.png,RRDataset,data/datasets/RRDataset/selection_1500/lorenzo/ai/Medical_&_Public_Health_000458.png,"[""data/datasets/RRDataset/selection_1500/lorenzo/ai/Medical_&_Public_Health_000458.png""]",a60d017e6169458385913f57a608377390b3f145f0ddc953a92aa77bb8b74def,https://zenodo.org/records/14963880,CC-BY-4.0,,,,1,fake,rrdataset_local_directory_verified_by_sha256,human,human,true,human_master_final,2,high,2,high,0.962674081325531,0.6333526968955994,2,high,resnet50_layer4_fc_weighted_ordinal_v3,48f6495d4a62ded10d98c3835ffcd33c8f5c653e5df19cb03aef62582060e9b4,training
a6e54eb185008b4029beab7aee0df9ab20c2ea966c19c2d75c4d6c663e6518fe,human_annotated/images/a6e54eb185008b4029beab7aee0df9ab20c2ea966c19c2d75c4d6c663e6518fe.jpg,RRDataset,data/datasets/RRDataset/selection_1500/giovanni/real/real_006101.jpg,"[""data/datasets/RRDataset/selection_1500/giovanni/real/real_006101.jpg""]",a6e54eb185008b4029beab7aee0df9ab20c2ea966c19c2d75c4d6c663e6518fe,https://zenodo.org/records/14963880,CC-BY-4.0,,,,0,real,rrdataset_local_directory_verified_by_sha256,human,human,true,human_master_final,1,medium,1,medium,0.9828579425811768,0.09494325518608093,1,medium,resnet50_layer4_fc_weighted_ordinal_v3,48f6495d4a62ded10d98c3835ffcd33c8f5c653e5df19cb03aef62582060e9b4,training
a6f8644b2e1f40fa19e77571907627e6adab01ecfd2cfd729dbb96d7ec9e2457,human_annotated/images/a6f8644b2e1f40fa19e77571907627e6adab01ecfd2cfd729dbb96d7ec9e2457.jpg,ComplexDataLab/OpenFake,data/datasets/openfake/additional-900/images/real/a6f8644b2e1f40fa19e77571907627e6adab01ecfd2cfd729dbb96d7ec9e2457.jpg,"[""data/datasets/openfake/additional-900/images/real/a6f8644b2e1f40fa19e77571907627e6adab01ecfd2cfd729dbb96d7ec9e2457.jpg""]",a6f8644b2e1f40fa19e77571907627e6adab01ecfd2cfd729dbb96d7ec9e2457,https://huggingface.co/datasets/ComplexDataLab/OpenFake,CC-BY-NC-4.0,,v1.0,750279a9710d3d98bbc6d0d87250312cfdf922a0,0,real,collection_manifest_normalized_label_verified_by_sha256,human,human,true,consolidated_human_review,0,low,1,medium,0.5667557120323181,0.04375976696610451,0,low,resnet50_layer4_fc_weighted_ordinal_v3,48f6495d4a62ded10d98c3835ffcd33c8f5c653e5df19cb03aef62582060e9b4,training
a7ea2af2b1d77c143132a975f1bc30c504c56288f95efd58a9e982162890b222,human_annotated/images/a7ea2af2b1d77c143132a975f1bc30c504c56288f95efd58a9e982162890b222.jpg,RRDataset,data/datasets/RRDataset/selection_1500/giovanni/real/real_007294.jpg,"[""data/datasets/RRDataset/selection_1500/giovanni/real/real_007294.jpg""]",a7ea2af2b1d77c143132a975f1bc30c504c56288f95efd58a9e982162890b222,https://zenodo.org/records/14963880,CC-BY-4.0,,,,0,real,rrdataset_local_directory_verified_by_sha256,human,human,true,human_master_final,1,medium,1,medium,0.9076921939849854,0.013348891399800777,1,medium,resnet50_layer4_fc_weighted_ordinal_v3,48f6495d4a62ded10d98c3835ffcd33c8f5c653e5df19cb03aef62582060e9b4,frozen_test
a86ea11a62228bc0590587c786b83478a63a30fe30493a2c3c59a5f936cae9d1,human_annotated/images/a86ea11a62228bc0590587c786b83478a63a30fe30493a2c3c59a5f936cae9d1.png,RRDataset,data/datasets/RRDataset/selection_1500/giovanni/ai/Natural_Disasters_&_Accidents_000132.png,"[""data/datasets/RRDataset/selection_1500/giovanni/ai/Natural_Disasters_&_Accidents_000132.png""]",a86ea11a62228bc0590587c786b83478a63a30fe30493a2c3c59a5f936cae9d1,https://zenodo.org/records/14963880,CC-BY-4.0,,,,1,fake,rrdataset_local_directory_verified_by_sha256,human,human,true,human_master_final,1,medium,1,medium,0.9601159691810608,0.2792905867099762,1,medium,resnet50_layer4_fc_weighted_ordinal_v3,48f6495d4a62ded10d98c3835ffcd33c8f5c653e5df19cb03aef62582060e9b4,training
a8abbad5a01f5da5f42cd55bc32c8ab9d7a89c9f0b198fec778b8aaec7ae47c4,human_annotated/images/a8abbad5a01f5da5f42cd55bc32c8ab9d7a89c9f0b198fec778b8aaec7ae47c4.jpg,RRDataset,data/datasets/RRDataset/selection_1500/lorenzo/real/real_008134.jpg,"[""data/datasets/RRDataset/selection_1500/lorenzo/real/real_008134.jpg""]",a8abbad5a01f5da5f42cd55bc32c8ab9d7a89c9f0b198fec778b8aaec7ae47c4,https://zenodo.org/records/14963880,CC-BY-4.0,,,,0,real,rrdataset_local_directory_verified_by_sha256,human,human,true,human_master_final,0,low,1,medium,0.5864070653915405,0.06414271146059036,0,low,resnet50_layer4_fc_weighted_ordinal_v3,48f6495d4a62ded10d98c3835ffcd33c8f5c653e5df19cb03aef62582060e9b4,frozen_test
a91df7934dd4adf3e40d9e9fe7942318121390a46ee5beb726ee2341a9c8604b,human_annotated/images/a91df7934dd4adf3e40d9e9fe7942318121390a46ee5beb726ee2341a9c8604b.png,RRDataset,data/datasets/RRDataset/selection_1500/sara/ai/War_&_Conflict_Scenes_000129.png,"[""data/datasets/RRDataset/selection_1500/sara/ai/War_&_Conflict_Scenes_000129.png""]",a91df7934dd4adf3e40d9e9fe7942318121390a46ee5beb726ee2341a9c8604b,https://zenodo.org/records/14963880,CC-BY-4.0,,,,1,fake,rrdataset_local_directory_verified_by_sha256,human,human,true,consolidated_human_review,2,high,2,high,0.9741913676261902,0.714501678943634,2,high,resnet50_layer4_fc_weighted_ordinal_v3,48f6495d4a62ded10d98c3835ffcd33c8f5c653e5df19cb03aef62582060e9b4,training
a9d6bbd62845960ae41c0b88f427d403b42859bcf46b04ac83069ee74b3aff70,human_annotated/images/a9d6bbd62845960ae41c0b88f427d403b42859bcf46b04ac83069ee74b3aff70.jpg,RRDataset,data/datasets/RRDataset/selection_1500/lorenzo/real/real_008308.jpg,"[""data/datasets/RRDataset/selection_1500/lorenzo/real/real_008308.jpg""]",a9d6bbd62845960ae41c0b88f427d403b42859bcf46b04ac83069ee74b3aff70,https://zenodo.org/records/14963880,CC-BY-4.0,,,,0,real,rrdataset_local_directory_verified_by_sha256,human,human,true,consolidated_human_review,2,high,1,medium,0.66074538230896,0.07945336401462555,2,high,resnet50_layer4_fc_weighted_ordinal_v3,48f6495d4a62ded10d98c3835ffcd33c8f5c653e5df19cb03aef62582060e9b4,validation
a9d929b2aeae89aaeaf6dc22e5dfcb8b3e5e5190df3a52bdd6d760f037d45bd9,human_annotated/images/a9d929b2aeae89aaeaf6dc22e5dfcb8b3e5e5190df3a52bdd6d760f037d45bd9.jpg,ComplexDataLab/OpenFake,data/datasets/openfake/pilot-600/images/real/a9d929b2aeae89aaeaf6dc22e5dfcb8b3e5e5190df3a52bdd6d760f037d45bd9.jpg,"[""data/datasets/openfake/pilot-600/images/real/a9d929b2aeae89aaeaf6dc22e5dfcb8b3e5e5190df3a52bdd6d760f037d45bd9.jpg""]",a9d929b2aeae89aaeaf6dc22e5dfcb8b3e5e5190df3a52bdd6d760f037d45bd9,https://huggingface.co/datasets/ComplexDataLab/OpenFake,CC-BY-NC-4.0,,v1.0,,0,real,collection_manifest_normalized_label_verified_by_sha256,human,human,true,human_master_final,0,low,1,medium,0.5030893683433533,0.03846053034067154,0,low,resnet50_layer4_fc_weighted_ordinal_v3,48f6495d4a62ded10d98c3835ffcd33c8f5c653e5df19cb03aef62582060e9b4,training
aa9508ff8794f2b1151073df6b25eab2eed788814959e1580bc21653625f35d7,human_annotated/images/aa9508ff8794f2b1151073df6b25eab2eed788814959e1580bc21653625f35d7.jpg,ComplexDataLab/OpenFake,data/datasets/openfake/pilot-600/images/real/aa9508ff8794f2b1151073df6b25eab2eed788814959e1580bc21653625f35d7.jpg,"[""data/datasets/openfake/pilot-600/images/real/aa9508ff8794f2b1151073df6b25eab2eed788814959e1580bc21653625f35d7.jpg""]",aa9508ff8794f2b1151073df6b25eab2eed788814959e1580bc21653625f35d7,https://huggingface.co/datasets/ComplexDataLab/OpenFake,CC-BY-NC-4.0,,v1.0,,0,real,collection_manifest_normalized_label_verified_by_sha256,human,human,true,consolidated_human_review,0,low,1,medium,0.7484791278839111,0.07760182023048401,0,low,resnet50_layer4_fc_weighted_ordinal_v3,48f6495d4a62ded10d98c3835ffcd33c8f5c653e5df19cb03aef62582060e9b4,validation
ab929db9d4a1282a2fe5f06acae3402edf6c30a96ba80db33bad6a21f27eba82,human_annotated/images/ab929db9d4a1282a2fe5f06acae3402edf6c30a96ba80db33bad6a21f27eba82.jpg,RRDataset,data/datasets/RRDataset/selection_1500/sara/real/real_008489.jpg,"[""data/datasets/RRDataset/selection_1500/sara/real/real_008489.jpg""]",ab929db9d4a1282a2fe5f06acae3402edf6c30a96ba80db33bad6a21f27eba82,https://zenodo.org/records/14963880,CC-BY-4.0,,,,0,real,rrdataset_local_directory_verified_by_sha256,human,human,true,human_master_final,1,medium,1,medium,0.5562859773635864,0.04024913161993027,1,medium,resnet50_layer4_fc_weighted_ordinal_v3,48f6495d4a62ded10d98c3835ffcd33c8f5c653e5df19cb03aef62582060e9b4,validation
abf623a8aeb0db5ecbe4a5c14f74d1e739867bc215a91cfef9cf6ad67548b1e7,human_annotated/images/abf623a8aeb0db5ecbe4a5c14f74d1e739867bc215a91cfef9cf6ad67548b1e7.png,ComplexDataLab/OpenFake,data/datasets/openfake/pilot-600/images/fake/abf623a8aeb0db5ecbe4a5c14f74d1e739867bc215a91cfef9cf6ad67548b1e7.png,"[""data/datasets/openfake/pilot-600/images/fake/abf623a8aeb0db5ecbe4a5c14f74d1e739867bc215a91cfef9cf6ad67548b1e7.png""]",abf623a8aeb0db5ecbe4a5c14f74d1e739867bc215a91cfef9cf6ad67548b1e7,https://huggingface.co/datasets/ComplexDataLab/OpenFake,CC-BY-NC-4.0,,v1.0,,1,fake,collection_manifest_normalized_label_verified_by_sha256,human,human,true,human_master_final,0,low,1,medium,0.6604533195495605,0.06720864027738571,0,low,resnet50_layer4_fc_weighted_ordinal_v3,48f6495d4a62ded10d98c3835ffcd33c8f5c653e5df19cb03aef62582060e9b4,frozen_test
ac27b5b1b6093fb6071de03ee0b2387c93478ebee03726373c9ecd668c30a9be,human_annotated/images/ac27b5b1b6093fb6071de03ee0b2387c93478ebee03726373c9ecd668c30a9be.png,RRDataset,data/datasets/RRDataset/selection_1500/lorenzo/ai/War_&_Conflict_Scenes_000484.png,"[""data/datasets/RRDataset/selection_1500/lorenzo/ai/War_&_Conflict_Scenes_000484.png""]",ac27b5b1b6093fb6071de03ee0b2387c93478ebee03726373c9ecd668c30a9be,https://zenodo.org/records/14963880,CC-BY-4.0,,,,1,fake,rrdataset_local_directory_verified_by_sha256,human,human,true,consolidated_human_review,2,high,2,high,0.7684592008590698,0.5226004123687744,2,high,resnet50_layer4_fc_weighted_ordinal_v3,48f6495d4a62ded10d98c3835ffcd33c8f5c653e5df19cb03aef62582060e9b4,validation
ac335e2d5520d7d96bc4689dfc400d054642558e36aa49bfc8e1bcd27dc6646b,human_annotated/images/ac335e2d5520d7d96bc4689dfc400d054642558e36aa49bfc8e1bcd27dc6646b.png,saberzl/SID_Set,data/datasets/sid-set/candidate-1500/images/fake/ac335e2d5520d7d96bc4689dfc400d054642558e36aa49bfc8e1bcd27dc6646b.png,"[""data/datasets/sid-set/candidate-1500/images/fake/ac335e2d5520d7d96bc4689dfc400d054642558e36aa49bfc8e1bcd27dc6646b.png""]",ac335e2d5520d7d96bc4689dfc400d054642558e36aa49bfc8e1bcd27dc6646b,https://huggingface.co/datasets/saberzl/SID_Set,CC-BY-4.0,full_synthetic_063430,main,dc03ead57929879319ce30a82bfcfb8d317b10bd,1,fake,collection_manifest_normalized_label_verified_by_sha256,human,human,true,consolidated_human_review,1,medium,1,medium,0.961753785610199,0.0330222062766552,1,medium,resnet50_layer4_fc_weighted_ordinal_v3,48f6495d4a62ded10d98c3835ffcd33c8f5c653e5df19cb03aef62582060e9b4,training
ad16d1aceb56b59eb531fde31690cb96925d93ef91243cc019230ef1b4d69d67,human_annotated/images/ad16d1aceb56b59eb531fde31690cb96925d93ef91243cc019230ef1b4d69d67.png,RRDataset,data/datasets/RRDataset/selection_1500/giovanni/ai/War_&_Conflict_Scenes_000832.png,"[""data/datasets/RRDataset/selection_1500/giovanni/ai/War_&_Conflict_Scenes_000832.png""]",ad16d1aceb56b59eb531fde31690cb96925d93ef91243cc019230ef1b4d69d67,https://zenodo.org/records/14963880,CC-BY-4.0,,,,1,fake,rrdataset_local_directory_verified_by_sha256,human,human,true,consolidated_human_review,2,high,2,high,0.7851374745368958,0.6957542896270752,2,high,resnet50_layer4_fc_weighted_ordinal_v3,48f6495d4a62ded10d98c3835ffcd33c8f5c653e5df19cb03aef62582060e9b4,training
ad80b318e713a9810ff1b10aa50781634729a41971bd4bdfd9d27293434944c7,human_annotated/images/ad80b318e713a9810ff1b10aa50781634729a41971bd4bdfd9d27293434944c7.png,ComplexDataLab/OpenFake,data/datasets/openfake/pilot-600/images/fake/ad80b318e713a9810ff1b10aa50781634729a41971bd4bdfd9d27293434944c7.png,"[""data/datasets/openfake/pilot-600/images/fake/ad80b318e713a9810ff1b10aa50781634729a41971bd4bdfd9d27293434944c7.png""]",ad80b318e713a9810ff1b10aa50781634729a41971bd4bdfd9d27293434944c7,https://huggingface.co/datasets/ComplexDataLab/OpenFake,CC-BY-NC-4.0,,v1.0,,1,fake,collection_manifest_normalized_label_verified_by_sha256,human,human,true,human_master_final,1,medium,1,medium,0.6368624567985535,0.007234259974211454,1,medium,resnet50_layer4_fc_weighted_ordinal_v3,48f6495d4a62ded10d98c3835ffcd33c8f5c653e5df19cb03aef62582060e9b4,training
ad94e251b4bd369268013de51be1b8c263b23ddd45975b80a9a0483ca07c78f9,human_annotated/images/ad94e251b4bd369268013de51be1b8c263b23ddd45975b80a9a0483ca07c78f9.png,RRDataset,data/datasets/RRDataset/selection_1500/sara/ai/Political_&_Social_Events_000764.png,"[""data/datasets/RRDataset/selection_1500/sara/ai/Political_&_Social_Events_000764.png""]",ad94e251b4bd369268013de51be1b8c263b23ddd45975b80a9a0483ca07c78f9,https://zenodo.org/records/14963880,CC-BY-4.0,,,,1,fake,rrdataset_local_directory_verified_by_sha256,human,human,true,human_master_final,1,medium,1,medium,0.9539204835891724,0.10750146955251694,1,medium,resnet50_layer4_fc_weighted_ordinal_v3,48f6495d4a62ded10d98c3835ffcd33c8f5c653e5df19cb03aef62582060e9b4,frozen_test
ade9fd796ab48a0acae88445732fc1baef4e7cbd245de21720712c2cb096beb1,human_annotated/images/ade9fd796ab48a0acae88445732fc1baef4e7cbd245de21720712c2cb096beb1.png,ComplexDataLab/OpenFake,data/datasets/openfake/pilot-600/images/fake/ade9fd796ab48a0acae88445732fc1baef4e7cbd245de21720712c2cb096beb1.png,"[""data/datasets/openfake/pilot-600/images/fake/ade9fd796ab48a0acae88445732fc1baef4e7cbd245de21720712c2cb096beb1.png""]",ade9fd796ab48a0acae88445732fc1baef4e7cbd245de21720712c2cb096beb1,https://huggingface.co/datasets/ComplexDataLab/OpenFake,CC-BY-NC-4.0,,v1.0,,1,fake,collection_manifest_normalized_label_verified_by_sha256,human,human,true,human_master_final,1,medium,1,medium,0.8611780405044556,0.07731851935386658,1,medium,resnet50_layer4_fc_weighted_ordinal_v3,48f6495d4a62ded10d98c3835ffcd33c8f5c653e5df19cb03aef62582060e9b4,frozen_test
adf70639c140b6e8fc7773e00d3bad84071a38d2e59b918672c34cb8f982d449,human_annotated/images/adf70639c140b6e8fc7773e00d3bad84071a38d2e59b918672c34cb8f982d449.png,ComplexDataLab/OpenFake,data/datasets/openfake/additional-900/images/fake/adf70639c140b6e8fc7773e00d3bad84071a38d2e59b918672c34cb8f982d449.png,"[""data/datasets/openfake/additional-900/images/fake/adf70639c140b6e8fc7773e00d3bad84071a38d2e59b918672c34cb8f982d449.png""]",adf70639c140b6e8fc7773e00d3bad84071a38d2e59b918672c34cb8f982d449,https://huggingface.co/datasets/ComplexDataLab/OpenFake,CC-BY-NC-4.0,,v1.0,750279a9710d3d98bbc6d0d87250312cfdf922a0,1,fake,collection_manifest_normalized_label_verified_by_sha256,human,human,true,consolidated_human_review,1,medium,1,medium,0.7872054576873779,0.01901574619114399,1,medium,resnet50_layer4_fc_weighted_ordinal_v3,48f6495d4a62ded10d98c3835ffcd33c8f5c653e5df19cb03aef62582060e9b4,training
ae22e13c966954844c558ffb4bbd9165d4b654893ad60c2e968105d944a2ca2d,human_annotated/images/ae22e13c966954844c558ffb4bbd9165d4b654893ad60c2e968105d944a2ca2d.jpg,RRDataset,data/datasets/RRDataset/selection_1500/giovanni/ai/normal_006901.jpg,"[""data/datasets/RRDataset/selection_1500/giovanni/ai/normal_006901.jpg""]",ae22e13c966954844c558ffb4bbd9165d4b654893ad60c2e968105d944a2ca2d,https://zenodo.org/records/14963880,CC-BY-4.0,,,,1,fake,rrdataset_local_directory_verified_by_sha256,human,human,true,human_master_final,0,low,0,low,0.18122687935829163,0.004276151303201914,0,low,resnet50_layer4_fc_weighted_ordinal_v3,48f6495d4a62ded10d98c3835ffcd33c8f5c653e5df19cb03aef62582060e9b4,training
af03c57eb45288062e3b61e4a270360ab21789ab83de492b77ff0a6941c9d38c,human_annotated/images/af03c57eb45288062e3b61e4a270360ab21789ab83de492b77ff0a6941c9d38c.jpg,RRDataset,data/datasets/RRDataset/selection_1500/lorenzo/real/real_002365.jpg,"[""data/datasets/RRDataset/selection_1500/lorenzo/real/real_002365.jpg""]",af03c57eb45288062e3b61e4a270360ab21789ab83de492b77ff0a6941c9d38c,https://zenodo.org/records/14963880,CC-BY-4.0,,,,0,real,rrdataset_local_directory_verified_by_sha256,human,human,true,human_master_final,1,medium,1,medium,0.9026821255683899,0.01997605338692665,1,medium,resnet50_layer4_fc_weighted_ordinal_v3,48f6495d4a62ded10d98c3835ffcd33c8f5c653e5df19cb03aef62582060e9b4,validation
af3a266205489d1d0093c5d4713a9851ad6e2b321b1c991abb11472143b05db4,human_annotated/images/af3a266205489d1d0093c5d4713a9851ad6e2b321b1c991abb11472143b05db4.png,ComplexDataLab/OpenFake,data/datasets/openfake/pilot-600/images/fake/af3a266205489d1d0093c5d4713a9851ad6e2b321b1c991abb11472143b05db4.png,"[""data/datasets/openfake/pilot-600/images/fake/af3a266205489d1d0093c5d4713a9851ad6e2b321b1c991abb11472143b05db4.png""]",af3a266205489d1d0093c5d4713a9851ad6e2b321b1c991abb11472143b05db4,https://huggingface.co/datasets/ComplexDataLab/OpenFake,CC-BY-NC-4.0,,v1.0,,1,fake,collection_manifest_normalized_label_verified_by_sha256,human,human,true,human_master_final,1,medium,1,medium,0.9560831785202026,0.014150969684123993,1,medium,resnet50_layer4_fc_weighted_ordinal_v3,48f6495d4a62ded10d98c3835ffcd33c8f5c653e5df19cb03aef62582060e9b4,training
af7bd97901b1ee0ed632b4d9b0acf6bf9b0d8e53e5e357beb053da3b7c2d388d,human_annotated/images/af7bd97901b1ee0ed632b4d9b0acf6bf9b0d8e53e5e357beb053da3b7c2d388d.png,RRDataset,data/datasets/RRDataset/selection_1500/lorenzo/ai/Natural_Disasters_&_Accidents_000330.png,"[""data/datasets/RRDataset/selection_1500/lorenzo/ai/Natural_Disasters_&_Accidents_000330.png""]",af7bd97901b1ee0ed632b4d9b0acf6bf9b0d8e53e5e357beb053da3b7c2d388d,https://zenodo.org/records/14963880,CC-BY-4.0,,,,1,fake,rrdataset_local_directory_verified_by_sha256,human,human,true,human_master_final,1,medium,1,medium,0.6389216184616089,0.06104419380426407,1,medium,resnet50_layer4_fc_weighted_ordinal_v3,48f6495d4a62ded10d98c3835ffcd33c8f5c653e5df19cb03aef62582060e9b4,training
af88819feae5e3514d3b334fa1ab60c6c9e4136891b7c3b863bbbd0cf42342ac,human_annotated/images/af88819feae5e3514d3b334fa1ab60c6c9e4136891b7c3b863bbbd0cf42342ac.jpg,saberzl/SID_Set,data/datasets/sid-set/candidate-1500/images/real/af88819feae5e3514d3b334fa1ab60c6c9e4136891b7c3b863bbbd0cf42342ac.jpg,"[""data/datasets/sid-set/candidate-1500/images/real/af88819feae5e3514d3b334fa1ab60c6c9e4136891b7c3b863bbbd0cf42342ac.jpg""]",af88819feae5e3514d3b334fa1ab60c6c9e4136891b7c3b863bbbd0cf42342ac,https://huggingface.co/datasets/saberzl/SID_Set,CC-BY-4.0,4ef6c70c8c345cf0,main,dc03ead57929879319ce30a82bfcfb8d317b10bd,0,real,collection_manifest_normalized_label_verified_by_sha256,human,human,true,consolidated_human_review,1,medium,1,medium,0.8687945008277893,0.1812686175107956,1,medium,resnet50_layer4_fc_weighted_ordinal_v3,48f6495d4a62ded10d98c3835ffcd33c8f5c653e5df19cb03aef62582060e9b4,training
afe22a3edcb7326e1ea4f41b72237c373cf05793ff7114b5a8fe995ab4794e38,human_annotated/images/afe22a3edcb7326e1ea4f41b72237c373cf05793ff7114b5a8fe995ab4794e38.png,ComplexDataLab/OpenFake,data/datasets/openfake/pilot-600/images/fake/afe22a3edcb7326e1ea4f41b72237c373cf05793ff7114b5a8fe995ab4794e38.png,"[""data/datasets/openfake/pilot-600/images/fake/afe22a3edcb7326e1ea4f41b72237c373cf05793ff7114b5a8fe995ab4794e38.png""]",afe22a3edcb7326e1ea4f41b72237c373cf05793ff7114b5a8fe995ab4794e38,https://huggingface.co/datasets/ComplexDataLab/OpenFake,CC-BY-NC-4.0,,v1.0,,1,fake,collection_manifest_normalized_label_verified_by_sha256,human,human,true,human_master_final,0,low,0,low,0.15316258370876312,0.0052824560552835464,0,low,resnet50_layer4_fc_weighted_ordinal_v3,48f6495d4a62ded10d98c3835ffcd33c8f5c653e5df19cb03aef62582060e9b4,frozen_test
b0272bf1d4b0e492f288f0fa065d01ec249670a1b2ff87d7c9859c84d8751e4a,human_annotated/images/b0272bf1d4b0e492f288f0fa065d01ec249670a1b2ff87d7c9859c84d8751e4a.png,RRDataset,data/datasets/RRDataset/selection_1500/sara/ai/Political_&_Social_Events_000485.png,"[""data/datasets/RRDataset/selection_1500/sara/ai/Political_&_Social_Events_000485.png""]",b0272bf1d4b0e492f288f0fa065d01ec249670a1b2ff87d7c9859c84d8751e4a,https://zenodo.org/records/14963880,CC-BY-4.0,,,,1,fake,rrdataset_local_directory_verified_by_sha256,human,human,true,consolidated_human_review,2,high,2,high,0.9948902130126953,0.5445816516876221,2,high,resnet50_layer4_fc_weighted_ordinal_v3,48f6495d4a62ded10d98c3835ffcd33c8f5c653e5df19cb03aef62582060e9b4,training
b044d761b47eeb977c91dca7cd674ffb2d326ab62005386df872ff6d5f1d0afc,human_annotated/images/b044d761b47eeb977c91dca7cd674ffb2d326ab62005386df872ff6d5f1d0afc.jpg,RRDataset,data/datasets/RRDataset/selection_1500/sara/real/real_003812.jpg,"[""data/datasets/RRDataset/selection_1500/sara/real/real_003812.jpg""]",b044d761b47eeb977c91dca7cd674ffb2d326ab62005386df872ff6d5f1d0afc,https://zenodo.org/records/14963880,CC-BY-4.0,,,,0,real,rrdataset_local_directory_verified_by_sha256,human,human,true,human_master_final,0,low,0,low,0.19644968211650848,0.040644265711307526,0,low,resnet50_layer4_fc_weighted_ordinal_v3,48f6495d4a62ded10d98c3835ffcd33c8f5c653e5df19cb03aef62582060e9b4,training
b06fe9bfbccc361c79f6c2e6df7f7d79c6530b41d7cc427c6971cf7c27514671,human_annotated/images/b06fe9bfbccc361c79f6c2e6df7f7d79c6530b41d7cc427c6971cf7c27514671.jpg,ComplexDataLab/OpenFake,data/datasets/openfake/additional-900/images/real/b06fe9bfbccc361c79f6c2e6df7f7d79c6530b41d7cc427c6971cf7c27514671.jpg,"[""data/datasets/openfake/additional-900/images/real/b06fe9bfbccc361c79f6c2e6df7f7d79c6530b41d7cc427c6971cf7c27514671.jpg""]",b06fe9bfbccc361c79f6c2e6df7f7d79c6530b41d7cc427c6971cf7c27514671,https://huggingface.co/datasets/ComplexDataLab/OpenFake,CC-BY-NC-4.0,,v1.0,750279a9710d3d98bbc6d0d87250312cfdf922a0,0,real,collection_manifest_normalized_label_verified_by_sha256,human,human,true,consolidated_human_review,1,medium,1,medium,0.8414212465286255,0.0045113577507436275,1,medium,resnet50_layer4_fc_weighted_ordinal_v3,48f6495d4a62ded10d98c3835ffcd33c8f5c653e5df19cb03aef62582060e9b4,training
b118ae31d79d0693f714fb959fb0427d2b02390cfeea7444d1f7ba23f964b8f3,human_annotated/images/b118ae31d79d0693f714fb959fb0427d2b02390cfeea7444d1f7ba23f964b8f3.png,ComplexDataLab/OpenFake,data/datasets/openfake/pilot-600/images/fake/b118ae31d79d0693f714fb959fb0427d2b02390cfeea7444d1f7ba23f964b8f3.png,"[""data/datasets/openfake/pilot-600/images/fake/b118ae31d79d0693f714fb959fb0427d2b02390cfeea7444d1f7ba23f964b8f3.png""]",b118ae31d79d0693f714fb959fb0427d2b02390cfeea7444d1f7ba23f964b8f3,https://huggingface.co/datasets/ComplexDataLab/OpenFake,CC-BY-NC-4.0,,v1.0,,1,fake,collection_manifest_normalized_label_verified_by_sha256,human,human,true,human_master_final,0,low,1,medium,0.7941171526908875,0.009948725812137127,0,low,resnet50_layer4_fc_weighted_ordinal_v3,48f6495d4a62ded10d98c3835ffcd33c8f5c653e5df19cb03aef62582060e9b4,training
b12d5e337439c3867bbce42d9792d29dd72f59e970d46e041d09794e142f23ff,human_annotated/images/b12d5e337439c3867bbce42d9792d29dd72f59e970d46e041d09794e142f23ff.png,RRDataset,data/datasets/RRDataset/selection_1500/giovanni/ai/Natural_Disasters_&_Accidents_000447.png,"[""data/datasets/RRDataset/selection_1500/giovanni/ai/Natural_Disasters_&_Accidents_000447.png""]",b12d5e337439c3867bbce42d9792d29dd72f59e970d46e041d09794e142f23ff,https://zenodo.org/records/14963880,CC-BY-4.0,,,,1,fake,rrdataset_local_directory_verified_by_sha256,human,human,true,human_master_final,1,medium,1,medium,0.9488735795021057,0.12799260020256042,1,medium,resnet50_layer4_fc_weighted_ordinal_v3,48f6495d4a62ded10d98c3835ffcd33c8f5c653e5df19cb03aef62582060e9b4,frozen_test
b13b8490922833d4fa903a52909b8523a8460230b8e99296b64739d4a483b568,human_annotated/images/b13b8490922833d4fa903a52909b8523a8460230b8e99296b64739d4a483b568.jpg,RRDataset,data/datasets/RRDataset/selection_1500/lorenzo/real/real_000876.jpg,"[""data/datasets/RRDataset/selection_1500/lorenzo/real/real_000876.jpg""]",b13b8490922833d4fa903a52909b8523a8460230b8e99296b64739d4a483b568,https://zenodo.org/records/14963880,CC-BY-4.0,,,,0,real,rrdataset_local_directory_verified_by_sha256,human,human,true,human_master_final,0,low,0,low,0.23029488325119019,0.0028678961098194122,0,low,resnet50_layer4_fc_weighted_ordinal_v3,48f6495d4a62ded10d98c3835ffcd33c8f5c653e5df19cb03aef62582060e9b4,training
b15272e3dd65e4c16b66287f67d14308c26f8466ba26acc84db72901d6fdf70b,human_annotated/images/b15272e3dd65e4c16b66287f67d14308c26f8466ba26acc84db72901d6fdf70b.png,saberzl/SID_Set,data/datasets/sid-set/candidate-1500/images/fake/b15272e3dd65e4c16b66287f67d14308c26f8466ba26acc84db72901d6fdf70b.png,"[""data/datasets/sid-set/candidate-1500/images/fake/b15272e3dd65e4c16b66287f67d14308c26f8466ba26acc84db72901d6fdf70b.png""]",b15272e3dd65e4c16b66287f67d14308c26f8466ba26acc84db72901d6fdf70b,https://huggingface.co/datasets/saberzl/SID_Set,CC-BY-4.0,full_synthetic_019429,main,dc03ead57929879319ce30a82bfcfb8d317b10bd,1,fake,collection_manifest_normalized_label_verified_by_sha256,human,human,true,human_master_final,0,low,0,low,0.224275141954422,0.007228273432701826,0,low,resnet50_layer4_fc_weighted_ordinal_v3,48f6495d4a62ded10d98c3835ffcd33c8f5c653e5df19cb03aef62582060e9b4,training
b19f7071b020fbbbbd63f39bf157207085357ad3ea2a70e3d0268972aa97b6b1,human_annotated/images/b19f7071b020fbbbbd63f39bf157207085357ad3ea2a70e3d0268972aa97b6b1.png,ComplexDataLab/OpenFake,data/datasets/openfake/additional-900/images/fake/b19f7071b020fbbbbd63f39bf157207085357ad3ea2a70e3d0268972aa97b6b1.png,"[""data/datasets/openfake/additional-900/images/fake/b19f7071b020fbbbbd63f39bf157207085357ad3ea2a70e3d0268972aa97b6b1.png""]",b19f7071b020fbbbbd63f39bf157207085357ad3ea2a70e3d0268972aa97b6b1,https://huggingface.co/datasets/ComplexDataLab/OpenFake,CC-BY-NC-4.0,,v1.0,750279a9710d3d98bbc6d0d87250312cfdf922a0,1,fake,collection_manifest_normalized_label_verified_by_sha256,human,human,true,human_master_final,0,low,0,low,0.38359934091567993,0.006595545914024115,0,low,resnet50_layer4_fc_weighted_ordinal_v3,48f6495d4a62ded10d98c3835ffcd33c8f5c653e5df19cb03aef62582060e9b4,frozen_test
b1a2be2dfe8cea3b1c5e5569e4bc41458528cf52e3739176fd9347c584f25bf9,human_annotated/images/b1a2be2dfe8cea3b1c5e5569e4bc41458528cf52e3739176fd9347c584f25bf9.png,RRDataset,data/datasets/RRDataset/selection_1500/giovanni/ai/Medical_&_Public_Health_000528.png,"[""data/datasets/RRDataset/selection_1500/giovanni/ai/Medical_&_Public_Health_000528.png""]",b1a2be2dfe8cea3b1c5e5569e4bc41458528cf52e3739176fd9347c584f25bf9,https://zenodo.org/records/14963880,CC-BY-4.0,,,,1,fake,rrdataset_local_directory_verified_by_sha256,human,human,true,consolidated_human_review,0,low,1,medium,0.6375405192375183,0.11360584944486618,0,low,resnet50_layer4_fc_weighted_ordinal_v3,48f6495d4a62ded10d98c3835ffcd33c8f5c653e5df19cb03aef62582060e9b4,training
b22d3a1f90c92c1129ef0ef44e7cc36a0fe29a76f02772f0609f50c45e54753c,human_annotated/images/b22d3a1f90c92c1129ef0ef44e7cc36a0fe29a76f02772f0609f50c45e54753c.png,RRDataset,data/datasets/RRDataset/selection_1500/lorenzo/ai/normal_009388.png,"[""data/datasets/RRDataset/selection_1500/lorenzo/ai/normal_009388.png""]",b22d3a1f90c92c1129ef0ef44e7cc36a0fe29a76f02772f0609f50c45e54753c,https://zenodo.org/records/14963880,CC-BY-4.0,,,,1,fake,rrdataset_local_directory_verified_by_sha256,human,human,true,human_master_final,0,low,0,low,0.24814824759960175,0.07300274074077606,0,low,resnet50_layer4_fc_weighted_ordinal_v3,48f6495d4a62ded10d98c3835ffcd33c8f5c653e5df19cb03aef62582060e9b4,training
b2555488817f591b559538d7b6b4794359c67daec417b33a10f348a9c7e9ed3f,human_annotated/images/b2555488817f591b559538d7b6b4794359c67daec417b33a10f348a9c7e9ed3f.jpg,saberzl/SID_Set,data/datasets/sid-set/candidate-1500/images/real/b2555488817f591b559538d7b6b4794359c67daec417b33a10f348a9c7e9ed3f.jpg,"[""data/datasets/sid-set/candidate-1500/images/real/b2555488817f591b559538d7b6b4794359c67daec417b33a10f348a9c7e9ed3f.jpg""]",b2555488817f591b559538d7b6b4794359c67daec417b33a10f348a9c7e9ed3f,https://huggingface.co/datasets/saberzl/SID_Set,CC-BY-4.0,7493a22f472ffb1a,main,dc03ead57929879319ce30a82bfcfb8d317b10bd,0,real,collection_manifest_normalized_label_verified_by_sha256,human,human,true,human_master_final,1,medium,1,medium,0.9795882701873779,0.025736067444086075,1,medium,resnet50_layer4_fc_weighted_ordinal_v3,48f6495d4a62ded10d98c3835ffcd33c8f5c653e5df19cb03aef62582060e9b4,training
b2ade3507df358993f3278c95ede5a31b740f730c952c1dc050b98204e6fd888,human_annotated/images/b2ade3507df358993f3278c95ede5a31b740f730c952c1dc050b98204e6fd888.png,ComplexDataLab/OpenFake,data/datasets/openfake/additional-900/images/fake/b2ade3507df358993f3278c95ede5a31b740f730c952c1dc050b98204e6fd888.png,"[""data/datasets/openfake/additional-900/images/fake/b2ade3507df358993f3278c95ede5a31b740f730c952c1dc050b98204e6fd888.png""]",b2ade3507df358993f3278c95ede5a31b740f730c952c1dc050b98204e6fd888,https://huggingface.co/datasets/ComplexDataLab/OpenFake,CC-BY-NC-4.0,,v1.0,750279a9710d3d98bbc6d0d87250312cfdf922a0,1,fake,collection_manifest_normalized_label_verified_by_sha256,human,human,true,consolidated_human_review,1,medium,1,medium,0.7453388571739197,0.07616674154996872,1,medium,resnet50_layer4_fc_weighted_ordinal_v3,48f6495d4a62ded10d98c3835ffcd33c8f5c653e5df19cb03aef62582060e9b4,training
b3004b19f46d50349f3cf2426846b8f9d711de0296ecb759feccc79c93407175,human_annotated/images/b3004b19f46d50349f3cf2426846b8f9d711de0296ecb759feccc79c93407175.png,RRDataset,data/datasets/RRDataset/selection_1500/lorenzo/ai/Medical_&_Public_Health_000467.png,"[""data/datasets/RRDataset/selection_1500/lorenzo/ai/Medical_&_Public_Health_000467.png""]",b3004b19f46d50349f3cf2426846b8f9d711de0296ecb759feccc79c93407175,https://zenodo.org/records/14963880,CC-BY-4.0,,,,1,fake,rrdataset_local_directory_verified_by_sha256,human,human,true,consolidated_human_review,2,high,2,high,0.9792475700378418,0.5779812932014465,2,high,resnet50_layer4_fc_weighted_ordinal_v3,48f6495d4a62ded10d98c3835ffcd33c8f5c653e5df19cb03aef62582060e9b4,validation
b36405f5b003015e0e77730044c8d9c045d185f38f664074b8a49c0e7c8572d4,human_annotated/images/b36405f5b003015e0e77730044c8d9c045d185f38f664074b8a49c0e7c8572d4.jpg,ComplexDataLab/OpenFake,data/datasets/openfake/additional-900/images/real/b36405f5b003015e0e77730044c8d9c045d185f38f664074b8a49c0e7c8572d4.jpg,"[""data/datasets/openfake/additional-900/images/real/b36405f5b003015e0e77730044c8d9c045d185f38f664074b8a49c0e7c8572d4.jpg""]",b36405f5b003015e0e77730044c8d9c045d185f38f664074b8a49c0e7c8572d4,https://huggingface.co/datasets/ComplexDataLab/OpenFake,CC-BY-NC-4.0,,v1.0,750279a9710d3d98bbc6d0d87250312cfdf922a0,0,real,collection_manifest_normalized_label_verified_by_sha256,human,human,true,consolidated_human_review,1,medium,0,low,0.21294671297073364,0.009521306492388248,1,medium,resnet50_layer4_fc_weighted_ordinal_v3,48f6495d4a62ded10d98c3835ffcd33c8f5c653e5df19cb03aef62582060e9b4,training
b3d1bb16ea1c0061e8c33af534436e19f5010a953950bdbab3e5b8e32aa3a359,human_annotated/images/b3d1bb16ea1c0061e8c33af534436e19f5010a953950bdbab3e5b8e32aa3a359.png,RRDataset,data/datasets/RRDataset/selection_1500/sara/ai/Natural_Disasters_&_Accidents_000541.png,"[""data/datasets/RRDataset/selection_1500/sara/ai/Natural_Disasters_&_Accidents_000541.png""]",b3d1bb16ea1c0061e8c33af534436e19f5010a953950bdbab3e5b8e32aa3a359,https://zenodo.org/records/14963880,CC-BY-4.0,,,,1,fake,rrdataset_local_directory_verified_by_sha256,human,human,true,human_master_final,1,medium,1,medium,0.8845307230949402,0.01645510457456112,1,medium,resnet50_layer4_fc_weighted_ordinal_v3,48f6495d4a62ded10d98c3835ffcd33c8f5c653e5df19cb03aef62582060e9b4,validation
b40c4c33b33726176e880cfe8c274e3a735bfd3abf680974ade71c4c63375c2f,human_annotated/images/b40c4c33b33726176e880cfe8c274e3a735bfd3abf680974ade71c4c63375c2f.png,RRDataset,data/datasets/RRDataset/selection_1500/sara/ai/normal_009833.png,"[""data/datasets/RRDataset/selection_1500/sara/ai/normal_009833.png""]",b40c4c33b33726176e880cfe8c274e3a735bfd3abf680974ade71c4c63375c2f,https://zenodo.org/records/14963880,CC-BY-4.0,,,,1,fake,rrdataset_local_directory_verified_by_sha256,human,human,true,consolidated_human_review,0,low,0,low,0.43347418308258057,0.17397214472293854,0,low,resnet50_layer4_fc_weighted_ordinal_v3,48f6495d4a62ded10d98c3835ffcd33c8f5c653e5df19cb03aef62582060e9b4,training
b43c0207ee78e0074472379305bfc7c35e5358c358b9c832f3949cf1c82b7012,human_annotated/images/b43c0207ee78e0074472379305bfc7c35e5358c358b9c832f3949cf1c82b7012.jpg,RRDataset,data/datasets/RRDataset/selection_1500/lorenzo/real/real_008008.jpg,"[""data/datasets/RRDataset/selection_1500/lorenzo/real/real_008008.jpg""]",b43c0207ee78e0074472379305bfc7c35e5358c358b9c832f3949cf1c82b7012,https://zenodo.org/records/14963880,CC-BY-4.0,,,,0,real,rrdataset_local_directory_verified_by_sha256,human,human,true,consolidated_human_review,2,high,2,high,0.8438374996185303,0.6211308240890503,2,high,resnet50_layer4_fc_weighted_ordinal_v3,48f6495d4a62ded10d98c3835ffcd33c8f5c653e5df19cb03aef62582060e9b4,training
b44c9a053998797db98f9150636ced9dda2e5f916f76546f33eae271ba3274aa,human_annotated/images/b44c9a053998797db98f9150636ced9dda2e5f916f76546f33eae271ba3274aa.jpg,ComplexDataLab/OpenFake,data/datasets/openfake/additional-900/images/fake/b44c9a053998797db98f9150636ced9dda2e5f916f76546f33eae271ba3274aa.jpg,"[""data/datasets/openfake/additional-900/images/fake/b44c9a053998797db98f9150636ced9dda2e5f916f76546f33eae271ba3274aa.jpg""]",b44c9a053998797db98f9150636ced9dda2e5f916f76546f33eae271ba3274aa,https://huggingface.co/datasets/ComplexDataLab/OpenFake,CC-BY-NC-4.0,,v1.0,750279a9710d3d98bbc6d0d87250312cfdf922a0,1,fake,collection_manifest_normalized_label_verified_by_sha256,human,human,true,consolidated_human_review,1,medium,1,medium,0.6873046159744263,0.3302779495716095,1,medium,resnet50_layer4_fc_weighted_ordinal_v3,48f6495d4a62ded10d98c3835ffcd33c8f5c653e5df19cb03aef62582060e9b4,training
b456c31ac936247b1cc4ac4ec9517352d4723a4ab32156d0078923ad07b7bfe6,human_annotated/images/b456c31ac936247b1cc4ac4ec9517352d4723a4ab32156d0078923ad07b7bfe6.jpg,ComplexDataLab/OpenFake,data/datasets/openfake/pilot-600/images/real/b456c31ac936247b1cc4ac4ec9517352d4723a4ab32156d0078923ad07b7bfe6.jpg,"[""data/datasets/openfake/pilot-600/images/real/b456c31ac936247b1cc4ac4ec9517352d4723a4ab32156d0078923ad07b7bfe6.jpg""]",b456c31ac936247b1cc4ac4ec9517352d4723a4ab32156d0078923ad07b7bfe6,https://huggingface.co/datasets/ComplexDataLab/OpenFake,CC-BY-NC-4.0,,v1.0,,0,real,collection_manifest_normalized_label_verified_by_sha256,human,human,true,human_master_final,1,medium,1,medium,0.8990474343299866,0.07224729657173157,1,medium,resnet50_layer4_fc_weighted_ordinal_v3,48f6495d4a62ded10d98c3835ffcd33c8f5c653e5df19cb03aef62582060e9b4,training
b4597167dc83abb60faaca3719f92b6da9451bc17a55b972f6c10dcd1d74addd,human_annotated/images/b4597167dc83abb60faaca3719f92b6da9451bc17a55b972f6c10dcd1d74addd.png,ComplexDataLab/OpenFake,data/datasets/openfake/additional-900/images/fake/b4597167dc83abb60faaca3719f92b6da9451bc17a55b972f6c10dcd1d74addd.png,"[""data/datasets/openfake/additional-900/images/fake/b4597167dc83abb60faaca3719f92b6da9451bc17a55b972f6c10dcd1d74addd.png""]",b4597167dc83abb60faaca3719f92b6da9451bc17a55b972f6c10dcd1d74addd,https://huggingface.co/datasets/ComplexDataLab/OpenFake,CC-BY-NC-4.0,,v1.0,750279a9710d3d98bbc6d0d87250312cfdf922a0,1,fake,collection_manifest_normalized_label_verified_by_sha256,human,human,true,consolidated_human_review,1,medium,1,medium,0.9467961192131042,0.20120908319950104,1,medium,resnet50_layer4_fc_weighted_ordinal_v3,48f6495d4a62ded10d98c3835ffcd33c8f5c653e5df19cb03aef62582060e9b4,training
b4aee5b2db92b4199f8fb2cf2e0c118f26d4acbc51a24aad29d2861a1072e495,human_annotated/images/b4aee5b2db92b4199f8fb2cf2e0c118f26d4acbc51a24aad29d2861a1072e495.png,ComplexDataLab/OpenFake,data/datasets/openfake/additional-900/images/fake/b4aee5b2db92b4199f8fb2cf2e0c118f26d4acbc51a24aad29d2861a1072e495.png,"[""data/datasets/openfake/additional-900/images/fake/b4aee5b2db92b4199f8fb2cf2e0c118f26d4acbc51a24aad29d2861a1072e495.png""]",b4aee5b2db92b4199f8fb2cf2e0c118f26d4acbc51a24aad29d2861a1072e495,https://huggingface.co/datasets/ComplexDataLab/OpenFake,CC-BY-NC-4.0,,v1.0,750279a9710d3d98bbc6d0d87250312cfdf922a0,1,fake,collection_manifest_normalized_label_verified_by_sha256,human,human,true,human_master_final,1,medium,1,medium,0.9650692939758301,0.03034617379307747,1,medium,resnet50_layer4_fc_weighted_ordinal_v3,48f6495d4a62ded10d98c3835ffcd33c8f5c653e5df19cb03aef62582060e9b4,training
b4bd8706ed1bd8820f2e682dc9acf18c6eb3cf3e4cc23f23d356ead38953987c,human_annotated/images/b4bd8706ed1bd8820f2e682dc9acf18c6eb3cf3e4cc23f23d356ead38953987c.png,ComplexDataLab/OpenFake,data/datasets/openfake/pilot-600/images/fake/b4bd8706ed1bd8820f2e682dc9acf18c6eb3cf3e4cc23f23d356ead38953987c.png,"[""data/datasets/openfake/pilot-600/images/fake/b4bd8706ed1bd8820f2e682dc9acf18c6eb3cf3e4cc23f23d356ead38953987c.png""]",b4bd8706ed1bd8820f2e682dc9acf18c6eb3cf3e4cc23f23d356ead38953987c,https://huggingface.co/datasets/ComplexDataLab/OpenFake,CC-BY-NC-4.0,,v1.0,,1,fake,collection_manifest_normalized_label_verified_by_sha256,human,human,true,human_master_final,1,medium,1,medium,0.8851770758628845,0.03969551622867584,1,medium,resnet50_layer4_fc_weighted_ordinal_v3,48f6495d4a62ded10d98c3835ffcd33c8f5c653e5df19cb03aef62582060e9b4,training
b4c02b8bbf42318e128de114877bd16f58ebba4f19587448425979263b9d233e,human_annotated/images/b4c02b8bbf42318e128de114877bd16f58ebba4f19587448425979263b9d233e.jpg,RRDataset,data/datasets/RRDataset/selection_1500/sara/real/real_009019.jpg,"[""data/datasets/RRDataset/selection_1500/sara/real/real_009019.jpg""]",b4c02b8bbf42318e128de114877bd16f58ebba4f19587448425979263b9d233e,https://zenodo.org/records/14963880,CC-BY-4.0,,,,0,real,rrdataset_local_directory_verified_by_sha256,human,human,true,human_master_final,1,medium,1,medium,0.8516125082969666,0.04986794665455818,1,medium,resnet50_layer4_fc_weighted_ordinal_v3,48f6495d4a62ded10d98c3835ffcd33c8f5c653e5df19cb03aef62582060e9b4,training
b52089b34726d7967c424ced3f7da564c6e4c63711c3d107ee463526359653ac,human_annotated/images/b52089b34726d7967c424ced3f7da564c6e4c63711c3d107ee463526359653ac.jpg,ComplexDataLab/OpenFake,data/datasets/openfake/additional-900/images/real/b52089b34726d7967c424ced3f7da564c6e4c63711c3d107ee463526359653ac.jpg,"[""data/datasets/openfake/additional-900/images/real/b52089b34726d7967c424ced3f7da564c6e4c63711c3d107ee463526359653ac.jpg""]",b52089b34726d7967c424ced3f7da564c6e4c63711c3d107ee463526359653ac,https://huggingface.co/datasets/ComplexDataLab/OpenFake,CC-BY-NC-4.0,,v1.0,750279a9710d3d98bbc6d0d87250312cfdf922a0,0,real,collection_manifest_normalized_label_verified_by_sha256,human,human,true,human_master_final,1,medium,1,medium,0.8792100548744202,0.02363722026348114,1,medium,resnet50_layer4_fc_weighted_ordinal_v3,48f6495d4a62ded10d98c3835ffcd33c8f5c653e5df19cb03aef62582060e9b4,frozen_test
b54a4942138550b7a206ee4b3cda403d4f26eb9076edd006b0a74a55efd86001,human_annotated/images/b54a4942138550b7a206ee4b3cda403d4f26eb9076edd006b0a74a55efd86001.jpg,RRDataset,data/datasets/RRDataset/selection_1500/giovanni/real/real_008247.jpg,"[""data/datasets/RRDataset/selection_1500/giovanni/real/real_008247.jpg""]",b54a4942138550b7a206ee4b3cda403d4f26eb9076edd006b0a74a55efd86001,https://zenodo.org/records/14963880,CC-BY-4.0,,,,0,real,rrdataset_local_directory_verified_by_sha256,human,human,true,consolidated_human_review,0,low,0,low,0.28523096442222595,0.007893107831478119,0,low,resnet50_layer4_fc_weighted_ordinal_v3,48f6495d4a62ded10d98c3835ffcd33c8f5c653e5df19cb03aef62582060e9b4,training
b5641b7dd6519ece247eb0af6329fe88634d1428d29ffe55c2820103d6d0596d,human_annotated/images/b5641b7dd6519ece247eb0af6329fe88634d1428d29ffe55c2820103d6d0596d.png,RRDataset,data/datasets/RRDataset/selection_1500/sara/ai/Medical_&_Public_Health_000686.png,"[""data/datasets/RRDataset/selection_1500/sara/ai/Medical_&_Public_Health_000686.png""]",b5641b7dd6519ece247eb0af6329fe88634d1428d29ffe55c2820103d6d0596d,https://zenodo.org/records/14963880,CC-BY-4.0,,,,1,fake,rrdataset_local_directory_verified_by_sha256,human,human,true,human_master_final,1,medium,1,medium,0.9664163589477539,0.2169334441423416,1,medium,resnet50_layer4_fc_weighted_ordinal_v3,48f6495d4a62ded10d98c3835ffcd33c8f5c653e5df19cb03aef62582060e9b4,training
b56f030b95a6fe2ebe04e155958f88dd2faf0001ceaad2805fdcf6fde6fa4987,human_annotated/images/b56f030b95a6fe2ebe04e155958f88dd2faf0001ceaad2805fdcf6fde6fa4987.png,RRDataset,data/datasets/RRDataset/selection_1500/sara/ai/Culture_&_Religion_000429.png,"[""data/datasets/RRDataset/selection_1500/sara/ai/Culture_&_Religion_000429.png""]",b56f030b95a6fe2ebe04e155958f88dd2faf0001ceaad2805fdcf6fde6fa4987,https://zenodo.org/records/14963880,CC-BY-4.0,,,,1,fake,rrdataset_local_directory_verified_by_sha256,human,human,true,human_master_final,1,medium,1,medium,0.9914402961730957,0.1697859913110733,1,medium,resnet50_layer4_fc_weighted_ordinal_v3,48f6495d4a62ded10d98c3835ffcd33c8f5c653e5df19cb03aef62582060e9b4,frozen_test
b5710e93f1bc7aeed4d711790bd1cd5939f33756ddc2eb17bc078a0095ab7425,human_annotated/images/b5710e93f1bc7aeed4d711790bd1cd5939f33756ddc2eb17bc078a0095ab7425.jpg,ComplexDataLab/OpenFake,data/datasets/openfake/additional-900/images/real/b5710e93f1bc7aeed4d711790bd1cd5939f33756ddc2eb17bc078a0095ab7425.jpg,"[""data/datasets/openfake/additional-900/images/real/b5710e93f1bc7aeed4d711790bd1cd5939f33756ddc2eb17bc078a0095ab7425.jpg""]",b5710e93f1bc7aeed4d711790bd1cd5939f33756ddc2eb17bc078a0095ab7425,https://huggingface.co/datasets/ComplexDataLab/OpenFake,CC-BY-NC-4.0,,v1.0,750279a9710d3d98bbc6d0d87250312cfdf922a0,0,real,collection_manifest_normalized_label_verified_by_sha256,human,human,true,human_master_final,0,low,1,medium,0.5745144486427307,0.042516350746154785,0,low,resnet50_layer4_fc_weighted_ordinal_v3,48f6495d4a62ded10d98c3835ffcd33c8f5c653e5df19cb03aef62582060e9b4,training
b59dffcdb61633919a78d980b8f3e1da63dfa460177fc837f5b63df0e16fa4d5,human_annotated/images/b59dffcdb61633919a78d980b8f3e1da63dfa460177fc837f5b63df0e16fa4d5.png,RRDataset,data/datasets/RRDataset/selection_1500/giovanni/ai/Medical_&_Public_Health_000514.png,"[""data/datasets/RRDataset/selection_1500/giovanni/ai/Medical_&_Public_Health_000514.png""]",b59dffcdb61633919a78d980b8f3e1da63dfa460177fc837f5b63df0e16fa4d5,https://zenodo.org/records/14963880,CC-BY-4.0,,,,1,fake,rrdataset_local_directory_verified_by_sha256,human,human,true,consolidated_human_review,2,high,2,high,0.9861828088760376,0.7125217914581299,2,high,resnet50_layer4_fc_weighted_ordinal_v3,48f6495d4a62ded10d98c3835ffcd33c8f5c653e5df19cb03aef62582060e9b4,training
b5b8d3471d85414511abe85c2808c515b9c05e10ce5eeb034eae6232750e7870,human_annotated/images/b5b8d3471d85414511abe85c2808c515b9c05e10ce5eeb034eae6232750e7870.jpg,RRDataset,data/datasets/RRDataset/selection_1500/sara/real/real_008316.jpg,"[""data/datasets/RRDataset/selection_1500/sara/real/real_008316.jpg""]",b5b8d3471d85414511abe85c2808c515b9c05e10ce5eeb034eae6232750e7870,https://zenodo.org/records/14963880,CC-BY-4.0,,,,0,real,rrdataset_local_directory_verified_by_sha256,human,human,true,human_master_final,1,medium,1,medium,0.894279956817627,0.19601039588451385,1,medium,resnet50_layer4_fc_weighted_ordinal_v3,48f6495d4a62ded10d98c3835ffcd33c8f5c653e5df19cb03aef62582060e9b4,frozen_test
b5cd6d04d6f1749674abb50c0633c2aadaaa2344908aede43a947207eee7bed4,human_annotated/images/b5cd6d04d6f1749674abb50c0633c2aadaaa2344908aede43a947207eee7bed4.png,saberzl/SID_Set,data/datasets/sid-set/candidate-1500/images/fake/b5cd6d04d6f1749674abb50c0633c2aadaaa2344908aede43a947207eee7bed4.png,"[""data/datasets/sid-set/candidate-1500/images/fake/b5cd6d04d6f1749674abb50c0633c2aadaaa2344908aede43a947207eee7bed4.png""]",b5cd6d04d6f1749674abb50c0633c2aadaaa2344908aede43a947207eee7bed4,https://huggingface.co/datasets/saberzl/SID_Set,CC-BY-4.0,full_synthetic_007434,main,dc03ead57929879319ce30a82bfcfb8d317b10bd,1,fake,collection_manifest_normalized_label_verified_by_sha256,human,human,true,consolidated_human_review,1,medium,1,medium,0.8565518260002136,0.20392319560050964,1,medium,resnet50_layer4_fc_weighted_ordinal_v3,48f6495d4a62ded10d98c3835ffcd33c8f5c653e5df19cb03aef62582060e9b4,training
b5cf5c428bee66b49c5f8f3d77ba95cb7f385b1fb3252bffa8581d735a1f1563,human_annotated/images/b5cf5c428bee66b49c5f8f3d77ba95cb7f385b1fb3252bffa8581d735a1f1563.png,saberzl/SID_Set,data/datasets/sid-set/candidate-1500/images/fake/b5cf5c428bee66b49c5f8f3d77ba95cb7f385b1fb3252bffa8581d735a1f1563.png,"[""data/datasets/sid-set/candidate-1500/images/fake/b5cf5c428bee66b49c5f8f3d77ba95cb7f385b1fb3252bffa8581d735a1f1563.png""]",b5cf5c428bee66b49c5f8f3d77ba95cb7f385b1fb3252bffa8581d735a1f1563,https://huggingface.co/datasets/saberzl/SID_Set,CC-BY-4.0,full_synthetic_052270,main,dc03ead57929879319ce30a82bfcfb8d317b10bd,1,fake,collection_manifest_normalized_label_verified_by_sha256,human,human,true,human_master_final,0,low,0,low,0.21371182799339294,0.08081427961587906,0,low,resnet50_layer4_fc_weighted_ordinal_v3,48f6495d4a62ded10d98c3835ffcd33c8f5c653e5df19cb03aef62582060e9b4,frozen_test
b63735d990e0ccb253dc1227489b870fd181c591fcb29f940bdee85c8a772525,human_annotated/images/b63735d990e0ccb253dc1227489b870fd181c591fcb29f940bdee85c8a772525.jpg,ComplexDataLab/OpenFake,data/datasets/openfake/additional-900/images/real/b63735d990e0ccb253dc1227489b870fd181c591fcb29f940bdee85c8a772525.jpg,"[""data/datasets/openfake/additional-900/images/real/b63735d990e0ccb253dc1227489b870fd181c591fcb29f940bdee85c8a772525.jpg""]",b63735d990e0ccb253dc1227489b870fd181c591fcb29f940bdee85c8a772525,https://huggingface.co/datasets/ComplexDataLab/OpenFake,CC-BY-NC-4.0,,v1.0,750279a9710d3d98bbc6d0d87250312cfdf922a0,0,real,collection_manifest_normalized_label_verified_by_sha256,human,human,true,consolidated_human_review,1,medium,1,medium,0.810813307762146,0.032965950667858124,1,medium,resnet50_layer4_fc_weighted_ordinal_v3,48f6495d4a62ded10d98c3835ffcd33c8f5c653e5df19cb03aef62582060e9b4,training
b6a344c6fa89f6214cfd9f9dd42475f3e66eedab3e8f38449adee7c03dbb3f5b,human_annotated/images/b6a344c6fa89f6214cfd9f9dd42475f3e66eedab3e8f38449adee7c03dbb3f5b.png,RRDataset,data/datasets/RRDataset/selection_1500/lorenzo/ai/Medical_&_Public_Health_000496.png,"[""data/datasets/RRDataset/selection_1500/lorenzo/ai/Medical_&_Public_Health_000496.png""]",b6a344c6fa89f6214cfd9f9dd42475f3e66eedab3e8f38449adee7c03dbb3f5b,https://zenodo.org/records/14963880,CC-BY-4.0,,,,1,fake,rrdataset_local_directory_verified_by_sha256,human,human,true,consolidated_human_review,2,high,2,high,0.9702790975570679,0.5167926549911499,2,high,resnet50_layer4_fc_weighted_ordinal_v3,48f6495d4a62ded10d98c3835ffcd33c8f5c653e5df19cb03aef62582060e9b4,training
b793ec7a676668c634b0acfd048019f3318102be5e37831bb1667e891276e495,human_annotated/images/b793ec7a676668c634b0acfd048019f3318102be5e37831bb1667e891276e495.jpg,ComplexDataLab/OpenFake,data/datasets/openfake/pilot-600/images/real/b793ec7a676668c634b0acfd048019f3318102be5e37831bb1667e891276e495.jpg,"[""data/datasets/openfake/pilot-600/images/real/b793ec7a676668c634b0acfd048019f3318102be5e37831bb1667e891276e495.jpg""]",b793ec7a676668c634b0acfd048019f3318102be5e37831bb1667e891276e495,https://huggingface.co/datasets/ComplexDataLab/OpenFake,CC-BY-NC-4.0,,v1.0,,0,real,collection_manifest_normalized_label_verified_by_sha256,human,human,true,human_master_final,2,high,1,medium,0.8591744303703308,0.0006905680638737977,2,high,resnet50_layer4_fc_weighted_ordinal_v3,48f6495d4a62ded10d98c3835ffcd33c8f5c653e5df19cb03aef62582060e9b4,frozen_test
b7972fb4a595680a7ab2bda6046935ed65d5e99eb892491e7552199f56333527,human_annotated/images/b7972fb4a595680a7ab2bda6046935ed65d5e99eb892491e7552199f56333527.jpg,RRDataset,data/datasets/RRDataset/selection_1500/lorenzo/real/real_001601.jpg,"[""data/datasets/RRDataset/selection_1500/lorenzo/real/real_001601.jpg""]",b7972fb4a595680a7ab2bda6046935ed65d5e99eb892491e7552199f56333527,https://zenodo.org/records/14963880,CC-BY-4.0,,,,0,real,rrdataset_local_directory_verified_by_sha256,human,human,true,human_master_final,1,medium,1,medium,0.9655545949935913,0.035175710916519165,1,medium,resnet50_layer4_fc_weighted_ordinal_v3,48f6495d4a62ded10d98c3835ffcd33c8f5c653e5df19cb03aef62582060e9b4,training
b8458bdcad8e15399844d58bda23312b744156dcdb620e84e1b12a205b472707,human_annotated/images/b8458bdcad8e15399844d58bda23312b744156dcdb620e84e1b12a205b472707.jpg,ComplexDataLab/OpenFake,data/datasets/openfake/pilot-600/images/fake/b8458bdcad8e15399844d58bda23312b744156dcdb620e84e1b12a205b472707.jpg,"[""data/datasets/openfake/pilot-600/images/fake/b8458bdcad8e15399844d58bda23312b744156dcdb620e84e1b12a205b472707.jpg""]",b8458bdcad8e15399844d58bda23312b744156dcdb620e84e1b12a205b472707,https://huggingface.co/datasets/ComplexDataLab/OpenFake,CC-BY-NC-4.0,,v1.0,,1,fake,collection_manifest_normalized_label_verified_by_sha256,human,human,true,consolidated_human_review,1,medium,1,medium,0.7411999702453613,0.05438552051782608,1,medium,resnet50_layer4_fc_weighted_ordinal_v3,48f6495d4a62ded10d98c3835ffcd33c8f5c653e5df19cb03aef62582060e9b4,validation
b84aeb44d07ddd976764fb43760e93d4d07c41cdd99f817a83334721756179ce,human_annotated/images/b84aeb44d07ddd976764fb43760e93d4d07c41cdd99f817a83334721756179ce.jpg,saberzl/SID_Set,data/datasets/sid-set/candidate-1500/images/real/b84aeb44d07ddd976764fb43760e93d4d07c41cdd99f817a83334721756179ce.jpg,"[""data/datasets/sid-set/candidate-1500/images/real/b84aeb44d07ddd976764fb43760e93d4d07c41cdd99f817a83334721756179ce.jpg""]",b84aeb44d07ddd976764fb43760e93d4d07c41cdd99f817a83334721756179ce,https://huggingface.co/datasets/saberzl/SID_Set,CC-BY-4.0,cb0ac67c6e291b59,main,dc03ead57929879319ce30a82bfcfb8d317b10bd,0,real,collection_manifest_normalized_label_verified_by_sha256,human,human,true,human_master_final,1,medium,1,medium,0.9349713921546936,0.004065250512212515,1,medium,resnet50_layer4_fc_weighted_ordinal_v3,48f6495d4a62ded10d98c3835ffcd33c8f5c653e5df19cb03aef62582060e9b4,training
b86638534a7cc70f637f51c5440f87b718c86457a0a0c01c6507196f2b75c77e,human_annotated/images/b86638534a7cc70f637f51c5440f87b718c86457a0a0c01c6507196f2b75c77e.png,ComplexDataLab/OpenFake,data/datasets/openfake/pilot-600/images/fake/b86638534a7cc70f637f51c5440f87b718c86457a0a0c01c6507196f2b75c77e.png,"[""data/datasets/openfake/pilot-600/images/fake/b86638534a7cc70f637f51c5440f87b718c86457a0a0c01c6507196f2b75c77e.png""]",b86638534a7cc70f637f51c5440f87b718c86457a0a0c01c6507196f2b75c77e,https://huggingface.co/datasets/ComplexDataLab/OpenFake,CC-BY-NC-4.0,,v1.0,,1,fake,collection_manifest_normalized_label_verified_by_sha256,human,human,true,consolidated_human_review,2,high,1,medium,0.5493259429931641,0.049028463661670685,2,high,resnet50_layer4_fc_weighted_ordinal_v3,48f6495d4a62ded10d98c3835ffcd33c8f5c653e5df19cb03aef62582060e9b4,training
b8a93add3b8274875818780f58d918a8ef1209e749b2742c1b44989c1582cd43,human_annotated/images/b8a93add3b8274875818780f58d918a8ef1209e749b2742c1b44989c1582cd43.png,ComplexDataLab/OpenFake,data/datasets/openfake/pilot-600/images/fake/b8a93add3b8274875818780f58d918a8ef1209e749b2742c1b44989c1582cd43.png,"[""data/datasets/openfake/pilot-600/images/fake/b8a93add3b8274875818780f58d918a8ef1209e749b2742c1b44989c1582cd43.png""]",b8a93add3b8274875818780f58d918a8ef1209e749b2742c1b44989c1582cd43,https://huggingface.co/datasets/ComplexDataLab/OpenFake,CC-BY-NC-4.0,,v1.0,,1,fake,collection_manifest_normalized_label_verified_by_sha256,human,human,true,human_master_final,1,medium,1,medium,0.8395808339118958,0.0010376217542216182,1,medium,resnet50_layer4_fc_weighted_ordinal_v3,48f6495d4a62ded10d98c3835ffcd33c8f5c653e5df19cb03aef62582060e9b4,frozen_test
b8d15cb5db5e44e22429599c4b4b4ae76c368bc14a664a9255e5fd0dc94faa08,human_annotated/images/b8d15cb5db5e44e22429599c4b4b4ae76c368bc14a664a9255e5fd0dc94faa08.jpg,ComplexDataLab/OpenFake,data/datasets/openfake/additional-900/images/real/b8d15cb5db5e44e22429599c4b4b4ae76c368bc14a664a9255e5fd0dc94faa08.jpg,"[""data/datasets/openfake/additional-900/images/real/b8d15cb5db5e44e22429599c4b4b4ae76c368bc14a664a9255e5fd0dc94faa08.jpg""]",b8d15cb5db5e44e22429599c4b4b4ae76c368bc14a664a9255e5fd0dc94faa08,https://huggingface.co/datasets/ComplexDataLab/OpenFake,CC-BY-NC-4.0,,v1.0,750279a9710d3d98bbc6d0d87250312cfdf922a0,0,real,collection_manifest_normalized_label_verified_by_sha256,human,human,true,human_master_final,1,medium,1,medium,0.9329301118850708,0.06588627398014069,1,medium,resnet50_layer4_fc_weighted_ordinal_v3,48f6495d4a62ded10d98c3835ffcd33c8f5c653e5df19cb03aef62582060e9b4,training
b91e206a6a6165fbe2f5097e044035885b81588a24a8f3110dfda3e7a172bc04,human_annotated/images/b91e206a6a6165fbe2f5097e044035885b81588a24a8f3110dfda3e7a172bc04.png,RRDataset,data/datasets/RRDataset/selection_1500/giovanni/ai/production_000490.png,"[""data/datasets/RRDataset/selection_1500/giovanni/ai/production_000490.png""]",b91e206a6a6165fbe2f5097e044035885b81588a24a8f3110dfda3e7a172bc04,https://zenodo.org/records/14963880,CC-BY-4.0,,,,1,fake,rrdataset_local_directory_verified_by_sha256,human,human,true,human_master_final,1,medium,1,medium,0.8912426829338074,0.012064918875694275,1,medium,resnet50_layer4_fc_weighted_ordinal_v3,48f6495d4a62ded10d98c3835ffcd33c8f5c653e5df19cb03aef62582060e9b4,training
b923386ecfb6ccb2be530ad36b25afbf13aa27366cac35e85381a066cb82df85,human_annotated/images/b923386ecfb6ccb2be530ad36b25afbf13aa27366cac35e85381a066cb82df85.png,ComplexDataLab/OpenFake,data/datasets/openfake/pilot-600/images/fake/b923386ecfb6ccb2be530ad36b25afbf13aa27366cac35e85381a066cb82df85.png,"[""data/datasets/openfake/pilot-600/images/fake/b923386ecfb6ccb2be530ad36b25afbf13aa27366cac35e85381a066cb82df85.png""]",b923386ecfb6ccb2be530ad36b25afbf13aa27366cac35e85381a066cb82df85,https://huggingface.co/datasets/ComplexDataLab/OpenFake,CC-BY-NC-4.0,,v1.0,,1,fake,collection_manifest_normalized_label_verified_by_sha256,human,human,true,human_master_final,0,low,0,low,0.16981688141822815,0.012996179051697254,0,low,resnet50_layer4_fc_weighted_ordinal_v3,48f6495d4a62ded10d98c3835ffcd33c8f5c653e5df19cb03aef62582060e9b4,training
b99a4d8dcbab4de120fabe29606bc536fb7959a8d968fe9114a215d988af7d38,human_annotated/images/b99a4d8dcbab4de120fabe29606bc536fb7959a8d968fe9114a215d988af7d38.webp,ComplexDataLab/OpenFake,data/datasets/openfake/additional-900/images/fake/b99a4d8dcbab4de120fabe29606bc536fb7959a8d968fe9114a215d988af7d38.webp,"[""data/datasets/openfake/additional-900/images/fake/b99a4d8dcbab4de120fabe29606bc536fb7959a8d968fe9114a215d988af7d38.webp""]",b99a4d8dcbab4de120fabe29606bc536fb7959a8d968fe9114a215d988af7d38,https://huggingface.co/datasets/ComplexDataLab/OpenFake,CC-BY-NC-4.0,,v1.0,750279a9710d3d98bbc6d0d87250312cfdf922a0,1,fake,collection_manifest_normalized_label_verified_by_sha256,human,human,true,human_master_final,1,medium,0,low,0.4854206144809723,0.027134770527482033,1,medium,resnet50_layer4_fc_weighted_ordinal_v3,48f6495d4a62ded10d98c3835ffcd33c8f5c653e5df19cb03aef62582060e9b4,training
b9f28a9c7e25db31da55ef294770b11995d157a819817761fc8513dd75ba304d,human_annotated/images/b9f28a9c7e25db31da55ef294770b11995d157a819817761fc8513dd75ba304d.jpg,saberzl/SID_Set,data/datasets/sid-set/candidate-1500/images/real/b9f28a9c7e25db31da55ef294770b11995d157a819817761fc8513dd75ba304d.jpg,"[""data/datasets/sid-set/candidate-1500/images/real/b9f28a9c7e25db31da55ef294770b11995d157a819817761fc8513dd75ba304d.jpg""]",b9f28a9c7e25db31da55ef294770b11995d157a819817761fc8513dd75ba304d,https://huggingface.co/datasets/saberzl/SID_Set,CC-BY-4.0,1809498c59b4a52b,main,dc03ead57929879319ce30a82bfcfb8d317b10bd,0,real,collection_manifest_normalized_label_verified_by_sha256,human,human,true,human_master_final,0,low,1,medium,0.5101007223129272,0.013994853012263775,0,low,resnet50_layer4_fc_weighted_ordinal_v3,48f6495d4a62ded10d98c3835ffcd33c8f5c653e5df19cb03aef62582060e9b4,training
ba1928265f88311afa5184f12e8cfc47ac7b5eaf52bb2d63e0239a5e5f4330c6,human_annotated/images/ba1928265f88311afa5184f12e8cfc47ac7b5eaf52bb2d63e0239a5e5f4330c6.png,RRDataset,data/datasets/RRDataset/selection_1500/giovanni/ai/Political_&_Social_Events_000347.png,"[""data/datasets/RRDataset/selection_1500/giovanni/ai/Political_&_Social_Events_000347.png""]",ba1928265f88311afa5184f12e8cfc47ac7b5eaf52bb2d63e0239a5e5f4330c6,https://zenodo.org/records/14963880,CC-BY-4.0,,,,1,fake,rrdataset_local_directory_verified_by_sha256,human,human,true,consolidated_human_review,2,high,2,high,0.924377977848053,0.7009604573249817,2,high,resnet50_layer4_fc_weighted_ordinal_v3,48f6495d4a62ded10d98c3835ffcd33c8f5c653e5df19cb03aef62582060e9b4,training
ba39b106206997025ec9b50e0a7d42b26dcf1ecc27ce0a3e01163f141c88bd09,human_annotated/images/ba39b106206997025ec9b50e0a7d42b26dcf1ecc27ce0a3e01163f141c88bd09.jpg,ComplexDataLab/OpenFake,data/datasets/openfake/pilot-600/images/real/ba39b106206997025ec9b50e0a7d42b26dcf1ecc27ce0a3e01163f141c88bd09.jpg,"[""data/datasets/openfake/pilot-600/images/real/ba39b106206997025ec9b50e0a7d42b26dcf1ecc27ce0a3e01163f141c88bd09.jpg""]",ba39b106206997025ec9b50e0a7d42b26dcf1ecc27ce0a3e01163f141c88bd09,https://huggingface.co/datasets/ComplexDataLab/OpenFake,CC-BY-NC-4.0,,v1.0,,0,real,collection_manifest_normalized_label_verified_by_sha256,human,human,true,human_master_final,1,medium,0,low,0.350519597530365,0.0114870835095644,1,medium,resnet50_layer4_fc_weighted_ordinal_v3,48f6495d4a62ded10d98c3835ffcd33c8f5c653e5df19cb03aef62582060e9b4,frozen_test
ba5d3ac82d33f45fda862601c15667d042248ec61cfb9870276725ab9a65edb4,human_annotated/images/ba5d3ac82d33f45fda862601c15667d042248ec61cfb9870276725ab9a65edb4.png,RRDataset,data/datasets/RRDataset/selection_1500/sara/ai/Natural_Disasters_&_Accidents_000307.png,"[""data/datasets/RRDataset/selection_1500/sara/ai/Natural_Disasters_&_Accidents_000307.png""]",ba5d3ac82d33f45fda862601c15667d042248ec61cfb9870276725ab9a65edb4,https://zenodo.org/records/14963880,CC-BY-4.0,,,,1,fake,rrdataset_local_directory_verified_by_sha256,human,human,true,consolidated_human_review,0,low,0,low,0.23706546425819397,0.0020434055477380753,0,low,resnet50_layer4_fc_weighted_ordinal_v3,48f6495d4a62ded10d98c3835ffcd33c8f5c653e5df19cb03aef62582060e9b4,training
ba81dcda51ba351cc99b5d14b2ab9b84e83372869268a1738b84bf9fb4974455,human_annotated/images/ba81dcda51ba351cc99b5d14b2ab9b84e83372869268a1738b84bf9fb4974455.png,ComplexDataLab/OpenFake,data/datasets/openfake/additional-900/images/fake/ba81dcda51ba351cc99b5d14b2ab9b84e83372869268a1738b84bf9fb4974455.png,"[""data/datasets/openfake/additional-900/images/fake/ba81dcda51ba351cc99b5d14b2ab9b84e83372869268a1738b84bf9fb4974455.png""]",ba81dcda51ba351cc99b5d14b2ab9b84e83372869268a1738b84bf9fb4974455,https://huggingface.co/datasets/ComplexDataLab/OpenFake,CC-BY-NC-4.0,,v1.0,750279a9710d3d98bbc6d0d87250312cfdf922a0,1,fake,collection_manifest_normalized_label_verified_by_sha256,human,human,true,human_master_final,0,low,1,medium,0.6463128328323364,0.010100279003381729,0,low,resnet50_layer4_fc_weighted_ordinal_v3,48f6495d4a62ded10d98c3835ffcd33c8f5c653e5df19cb03aef62582060e9b4,training
bacaffab9df3b4c7154ff12c2717bee72bcfd94c71ff284757b71180bd1c4ac3,human_annotated/images/bacaffab9df3b4c7154ff12c2717bee72bcfd94c71ff284757b71180bd1c4ac3.png,ComplexDataLab/OpenFake,data/datasets/openfake/pilot-600/images/fake/bacaffab9df3b4c7154ff12c2717bee72bcfd94c71ff284757b71180bd1c4ac3.png,"[""data/datasets/openfake/pilot-600/images/fake/bacaffab9df3b4c7154ff12c2717bee72bcfd94c71ff284757b71180bd1c4ac3.png""]",bacaffab9df3b4c7154ff12c2717bee72bcfd94c71ff284757b71180bd1c4ac3,https://huggingface.co/datasets/ComplexDataLab/OpenFake,CC-BY-NC-4.0,,v1.0,,1,fake,collection_manifest_normalized_label_verified_by_sha256,human,human,true,human_master_final,0,low,0,low,0.4436023235321045,0.008871321566402912,0,low,resnet50_layer4_fc_weighted_ordinal_v3,48f6495d4a62ded10d98c3835ffcd33c8f5c653e5df19cb03aef62582060e9b4,training
bafce57435f4a88111d2a86496fd3ee89e842f0d72c0f7a827f005f5744a803e,human_annotated/images/bafce57435f4a88111d2a86496fd3ee89e842f0d72c0f7a827f005f5744a803e.png,RRDataset,data/datasets/RRDataset/selection_1500/giovanni/ai/Natural_Disasters_&_Accidents_000689.png,"[""data/datasets/RRDataset/selection_1500/giovanni/ai/Natural_Disasters_&_Accidents_000689.png""]",bafce57435f4a88111d2a86496fd3ee89e842f0d72c0f7a827f005f5744a803e,https://zenodo.org/records/14963880,CC-BY-4.0,,,,1,fake,rrdataset_local_directory_verified_by_sha256,human,human,true,consolidated_human_review,0,low,0,low,0.4924410879611969,0.11496543139219284,0,low,resnet50_layer4_fc_weighted_ordinal_v3,48f6495d4a62ded10d98c3835ffcd33c8f5c653e5df19cb03aef62582060e9b4,training
bb02e5d4d59f095b00cd2844b129aeab7f23f014d53562e57321e49c87d9a0e9,human_annotated/images/bb02e5d4d59f095b00cd2844b129aeab7f23f014d53562e57321e49c87d9a0e9.jpg,RRDataset,data/datasets/RRDataset/selection_1500/giovanni/real/real_007359.jpg,"[""data/datasets/RRDataset/selection_1500/giovanni/real/real_007359.jpg""]",bb02e5d4d59f095b00cd2844b129aeab7f23f014d53562e57321e49c87d9a0e9,https://zenodo.org/records/14963880,CC-BY-4.0,,,,0,real,rrdataset_local_directory_verified_by_sha256,human,human,true,human_master_final,1,medium,1,medium,0.9828724265098572,0.10270343720912933,1,medium,resnet50_layer4_fc_weighted_ordinal_v3,48f6495d4a62ded10d98c3835ffcd33c8f5c653e5df19cb03aef62582060e9b4,training
bb1c594760514a8c7c94401811ddc6c73e6efbf22a1dcafa5d2dbb493e4927c8,human_annotated/images/bb1c594760514a8c7c94401811ddc6c73e6efbf22a1dcafa5d2dbb493e4927c8.jpg,ComplexDataLab/OpenFake,data/datasets/openfake/additional-900/images/real/bb1c594760514a8c7c94401811ddc6c73e6efbf22a1dcafa5d2dbb493e4927c8.jpg,"[""data/datasets/openfake/additional-900/images/real/bb1c594760514a8c7c94401811ddc6c73e6efbf22a1dcafa5d2dbb493e4927c8.jpg""]",bb1c594760514a8c7c94401811ddc6c73e6efbf22a1dcafa5d2dbb493e4927c8,https://huggingface.co/datasets/ComplexDataLab/OpenFake,CC-BY-NC-4.0,,v1.0,750279a9710d3d98bbc6d0d87250312cfdf922a0,0,real,collection_manifest_normalized_label_verified_by_sha256,human,human,true,human_master_final,1,medium,1,medium,0.5943396091461182,0.02334345132112503,1,medium,resnet50_layer4_fc_weighted_ordinal_v3,48f6495d4a62ded10d98c3835ffcd33c8f5c653e5df19cb03aef62582060e9b4,training
bb452f100bcf65a01360a3cbe810c2b2c6620a8cfe1ef2e44b34367a8c968d43,human_annotated/images/bb452f100bcf65a01360a3cbe810c2b2c6620a8cfe1ef2e44b34367a8c968d43.png,RRDataset,data/datasets/RRDataset/selection_1500/giovanni/ai/Natural_Disasters_&_Accidents_000683.png,"[""data/datasets/RRDataset/selection_1500/giovanni/ai/Natural_Disasters_&_Accidents_000683.png""]",bb452f100bcf65a01360a3cbe810c2b2c6620a8cfe1ef2e44b34367a8c968d43,https://zenodo.org/records/14963880,CC-BY-4.0,,,,1,fake,rrdataset_local_directory_verified_by_sha256,human,human,true,human_master_final,1,medium,1,medium,0.6184254884719849,0.022138703614473343,1,medium,resnet50_layer4_fc_weighted_ordinal_v3,48f6495d4a62ded10d98c3835ffcd33c8f5c653e5df19cb03aef62582060e9b4,training
bbd0daa189a015e9d7c06ab85b4f313191447abeb9175c0d9e8a0f54c9563a45,human_annotated/images/bbd0daa189a015e9d7c06ab85b4f313191447abeb9175c0d9e8a0f54c9563a45.png,RRDataset,data/datasets/RRDataset/selection_1500/lorenzo/ai/Medical_&_Public_Health_000913.png,"[""data/datasets/RRDataset/selection_1500/lorenzo/ai/Medical_&_Public_Health_000913.png""]",bbd0daa189a015e9d7c06ab85b4f313191447abeb9175c0d9e8a0f54c9563a45,https://zenodo.org/records/14963880,CC-BY-4.0,,,,1,fake,rrdataset_local_directory_verified_by_sha256,human,human,true,human_master_final,2,high,2,high,0.9830516576766968,0.49065524339675903,2,high,resnet50_layer4_fc_weighted_ordinal_v3,48f6495d4a62ded10d98c3835ffcd33c8f5c653e5df19cb03aef62582060e9b4,validation
bbd2c225293f03ee1cafa4ff129564146db562efc0d162a3399e0b5768247022,human_annotated/images/bbd2c225293f03ee1cafa4ff129564146db562efc0d162a3399e0b5768247022.png,RRDataset,data/datasets/RRDataset/selection_1500/sara/ai/production_000367.png,"[""data/datasets/RRDataset/selection_1500/sara/ai/production_000367.png""]",bbd2c225293f03ee1cafa4ff129564146db562efc0d162a3399e0b5768247022,https://zenodo.org/records/14963880,CC-BY-4.0,,,,1,fake,rrdataset_local_directory_verified_by_sha256,human,human,true,consolidated_human_review,2,high,2,high,0.9195533394813538,0.5626320242881775,2,high,resnet50_layer4_fc_weighted_ordinal_v3,48f6495d4a62ded10d98c3835ffcd33c8f5c653e5df19cb03aef62582060e9b4,training
bbe50a0de2043abbf2adcfd607f4fc6f455f2a009109210f55ddbbf52b8c5836,human_annotated/images/bbe50a0de2043abbf2adcfd607f4fc6f455f2a009109210f55ddbbf52b8c5836.png,RRDataset,data/datasets/RRDataset/selection_1500/lorenzo/ai/War_&_Conflict_Scenes_000165.png,"[""data/datasets/RRDataset/selection_1500/lorenzo/ai/War_&_Conflict_Scenes_000165.png""]",bbe50a0de2043abbf2adcfd607f4fc6f455f2a009109210f55ddbbf52b8c5836,https://zenodo.org/records/14963880,CC-BY-4.0,,,,1,fake,rrdataset_local_directory_verified_by_sha256,human,human,true,consolidated_human_review,2,high,2,high,0.9890011548995972,0.4962053894996643,2,high,resnet50_layer4_fc_weighted_ordinal_v3,48f6495d4a62ded10d98c3835ffcd33c8f5c653e5df19cb03aef62582060e9b4,training
bc2894416c267c34cad190fba2f1667894af6d6b2a09ab365fb8ab0b6434a4a2,human_annotated/images/bc2894416c267c34cad190fba2f1667894af6d6b2a09ab365fb8ab0b6434a4a2.jpg,ComplexDataLab/OpenFake,data/datasets/openfake/pilot-600/images/real/bc2894416c267c34cad190fba2f1667894af6d6b2a09ab365fb8ab0b6434a4a2.jpg,"[""data/datasets/openfake/pilot-600/images/real/bc2894416c267c34cad190fba2f1667894af6d6b2a09ab365fb8ab0b6434a4a2.jpg""]",bc2894416c267c34cad190fba2f1667894af6d6b2a09ab365fb8ab0b6434a4a2,https://huggingface.co/datasets/ComplexDataLab/OpenFake,CC-BY-NC-4.0,,v1.0,,0,real,collection_manifest_normalized_label_verified_by_sha256,human,human,true,consolidated_human_review,2,high,2,high,0.9819544553756714,0.44451043009757996,2,high,resnet50_layer4_fc_weighted_ordinal_v3,48f6495d4a62ded10d98c3835ffcd33c8f5c653e5df19cb03aef62582060e9b4,training
bc40b51fba3000368a7f8eb7702b9aa778eed4504b22b33ccbc88b24c6e57fa5,human_annotated/images/bc40b51fba3000368a7f8eb7702b9aa778eed4504b22b33ccbc88b24c6e57fa5.png,RRDataset,data/datasets/RRDataset/selection_1500/giovanni/ai/War_&_Conflict_Scenes_000929.png,"[""data/datasets/RRDataset/selection_1500/giovanni/ai/War_&_Conflict_Scenes_000929.png""]",bc40b51fba3000368a7f8eb7702b9aa778eed4504b22b33ccbc88b24c6e57fa5,https://zenodo.org/records/14963880,CC-BY-4.0,,,,1,fake,rrdataset_local_directory_verified_by_sha256,human,human,true,consolidated_human_review,2,high,2,high,0.9242996573448181,0.7803294658660889,2,high,resnet50_layer4_fc_weighted_ordinal_v3,48f6495d4a62ded10d98c3835ffcd33c8f5c653e5df19cb03aef62582060e9b4,training
bc66daccc5e4ee5b8134e33319620871c7cd212d19e28eea63598188a76566cd,human_annotated/images/bc66daccc5e4ee5b8134e33319620871c7cd212d19e28eea63598188a76566cd.png,saberzl/SID_Set,data/datasets/sid-set/candidate-1500/images/fake/bc66daccc5e4ee5b8134e33319620871c7cd212d19e28eea63598188a76566cd.png,"[""data/datasets/sid-set/candidate-1500/images/fake/bc66daccc5e4ee5b8134e33319620871c7cd212d19e28eea63598188a76566cd.png""]",bc66daccc5e4ee5b8134e33319620871c7cd212d19e28eea63598188a76566cd,https://huggingface.co/datasets/saberzl/SID_Set,CC-BY-4.0,full_synthetic_040065,main,dc03ead57929879319ce30a82bfcfb8d317b10bd,1,fake,collection_manifest_normalized_label_verified_by_sha256,human,human,true,consolidated_human_review,1,medium,1,medium,0.9240493774414062,0.04556811600923538,1,medium,resnet50_layer4_fc_weighted_ordinal_v3,48f6495d4a62ded10d98c3835ffcd33c8f5c653e5df19cb03aef62582060e9b4,training
bc75363f356fcb5a7020822978e5a77052da63b2c3a7750e1f5759f123789010,human_annotated/images/bc75363f356fcb5a7020822978e5a77052da63b2c3a7750e1f5759f123789010.jpg,RRDataset,data/datasets/RRDataset/selection_1500/giovanni/real/real_004882.jpg,"[""data/datasets/RRDataset/selection_1500/giovanni/real/real_004882.jpg""]",bc75363f356fcb5a7020822978e5a77052da63b2c3a7750e1f5759f123789010,https://zenodo.org/records/14963880,CC-BY-4.0,,,,0,real,rrdataset_local_directory_verified_by_sha256,human,human,true,human_master_final,0,low,0,low,0.18689171969890594,0.006416467484086752,0,low,resnet50_layer4_fc_weighted_ordinal_v3,48f6495d4a62ded10d98c3835ffcd33c8f5c653e5df19cb03aef62582060e9b4,training
bc8eed041ec1682b6835168b0f0dc51a2f2a334bcbd912de98a55eedc7fe598a,human_annotated/images/bc8eed041ec1682b6835168b0f0dc51a2f2a334bcbd912de98a55eedc7fe598a.png,ComplexDataLab/OpenFake,data/datasets/openfake/additional-900/images/fake/bc8eed041ec1682b6835168b0f0dc51a2f2a334bcbd912de98a55eedc7fe598a.png,"[""data/datasets/openfake/additional-900/images/fake/bc8eed041ec1682b6835168b0f0dc51a2f2a334bcbd912de98a55eedc7fe598a.png""]",bc8eed041ec1682b6835168b0f0dc51a2f2a334bcbd912de98a55eedc7fe598a,https://huggingface.co/datasets/ComplexDataLab/OpenFake,CC-BY-NC-4.0,,v1.0,750279a9710d3d98bbc6d0d87250312cfdf922a0,1,fake,collection_manifest_normalized_label_verified_by_sha256,human,human,true,human_master_final,1,medium,1,medium,0.5760239958763123,0.0950770378112793,1,medium,resnet50_layer4_fc_weighted_ordinal_v3,48f6495d4a62ded10d98c3835ffcd33c8f5c653e5df19cb03aef62582060e9b4,training
bce0347144deee1d01dbe38ec2a48b46978406bcc61dcfb226f84bdeea2093e9,human_annotated/images/bce0347144deee1d01dbe38ec2a48b46978406bcc61dcfb226f84bdeea2093e9.png,ComplexDataLab/OpenFake,data/datasets/openfake/additional-900/images/fake/bce0347144deee1d01dbe38ec2a48b46978406bcc61dcfb226f84bdeea2093e9.png,"[""data/datasets/openfake/additional-900/images/fake/bce0347144deee1d01dbe38ec2a48b46978406bcc61dcfb226f84bdeea2093e9.png""]",bce0347144deee1d01dbe38ec2a48b46978406bcc61dcfb226f84bdeea2093e9,https://huggingface.co/datasets/ComplexDataLab/OpenFake,CC-BY-NC-4.0,,v1.0,750279a9710d3d98bbc6d0d87250312cfdf922a0,1,fake,collection_manifest_normalized_label_verified_by_sha256,human,human,true,consolidated_human_review,1,medium,1,medium,0.5918174982070923,0.0675969049334526,1,medium,resnet50_layer4_fc_weighted_ordinal_v3,48f6495d4a62ded10d98c3835ffcd33c8f5c653e5df19cb03aef62582060e9b4,training
bcfe5b4b191d23fd4a65e014e91c78162f1e934b01f3f7cba523b5c81dc59438,human_annotated/images/bcfe5b4b191d23fd4a65e014e91c78162f1e934b01f3f7cba523b5c81dc59438.png,RRDataset,data/datasets/RRDataset/selection_1500/lorenzo/ai/Culture_&_Religion_000933.png,"[""data/datasets/RRDataset/selection_1500/lorenzo/ai/Culture_&_Religion_000933.png""]",bcfe5b4b191d23fd4a65e014e91c78162f1e934b01f3f7cba523b5c81dc59438,https://zenodo.org/records/14963880,CC-BY-4.0,,,,1,fake,rrdataset_local_directory_verified_by_sha256,human,human,true,consolidated_human_review,1,medium,1,medium,0.7800049185752869,0.09594688564538956,1,medium,resnet50_layer4_fc_weighted_ordinal_v3,48f6495d4a62ded10d98c3835ffcd33c8f5c653e5df19cb03aef62582060e9b4,training
bd05cc98a020f538fcc2158c16653c0d556946e68fae83d6776c0a65e7ea0040,human_annotated/images/bd05cc98a020f538fcc2158c16653c0d556946e68fae83d6776c0a65e7ea0040.jpg,saberzl/SID_Set,data/datasets/sid-set/candidate-1500/images/real/bd05cc98a020f538fcc2158c16653c0d556946e68fae83d6776c0a65e7ea0040.jpg,"[""data/datasets/sid-set/candidate-1500/images/real/bd05cc98a020f538fcc2158c16653c0d556946e68fae83d6776c0a65e7ea0040.jpg""]",bd05cc98a020f538fcc2158c16653c0d556946e68fae83d6776c0a65e7ea0040,https://huggingface.co/datasets/saberzl/SID_Set,CC-BY-4.0,82f006ddfa1e8d5c,main,dc03ead57929879319ce30a82bfcfb8d317b10bd,0,real,collection_manifest_normalized_label_verified_by_sha256,human,human,true,human_master_final,1,medium,1,medium,0.8702574968338013,0.0020979573018848896,1,medium,resnet50_layer4_fc_weighted_ordinal_v3,48f6495d4a62ded10d98c3835ffcd33c8f5c653e5df19cb03aef62582060e9b4,training
bd2c64d2b71f34752e28190483d7b8d837d70d0d5dff5cac2b63b8a7dfb0fb94,human_annotated/images/bd2c64d2b71f34752e28190483d7b8d837d70d0d5dff5cac2b63b8a7dfb0fb94.jpg,RRDataset,data/datasets/RRDataset/selection_1500/giovanni/real/real_009191.jpg,"[""data/datasets/RRDataset/selection_1500/giovanni/real/real_009191.jpg""]",bd2c64d2b71f34752e28190483d7b8d837d70d0d5dff5cac2b63b8a7dfb0fb94,https://zenodo.org/records/14963880,CC-BY-4.0,,,,0,real,rrdataset_local_directory_verified_by_sha256,human,human,true,consolidated_human_review,1,medium,1,medium,0.6995714902877808,0.0023521718103438616,1,medium,resnet50_layer4_fc_weighted_ordinal_v3,48f6495d4a62ded10d98c3835ffcd33c8f5c653e5df19cb03aef62582060e9b4,training
bd37e7d5ac4479f6c10e29f3d7b67131cd74f0ebd3657720a6c88818c08b9c20,human_annotated/images/bd37e7d5ac4479f6c10e29f3d7b67131cd74f0ebd3657720a6c88818c08b9c20.jpg,saberzl/SID_Set,data/datasets/sid-set/candidate-1500/images/real/bd37e7d5ac4479f6c10e29f3d7b67131cd74f0ebd3657720a6c88818c08b9c20.jpg,"[""data/datasets/sid-set/candidate-1500/images/real/bd37e7d5ac4479f6c10e29f3d7b67131cd74f0ebd3657720a6c88818c08b9c20.jpg""]",bd37e7d5ac4479f6c10e29f3d7b67131cd74f0ebd3657720a6c88818c08b9c20,https://huggingface.co/datasets/saberzl/SID_Set,CC-BY-4.0,5f570db3d7ffdb93,main,dc03ead57929879319ce30a82bfcfb8d317b10bd,0,real,collection_manifest_normalized_label_verified_by_sha256,human,human,true,human_master_final,0,low,0,low,0.29478248953819275,0.045528873801231384,0,low,resnet50_layer4_fc_weighted_ordinal_v3,48f6495d4a62ded10d98c3835ffcd33c8f5c653e5df19cb03aef62582060e9b4,frozen_test
bd50762a871e010c4068126528581e297e8d68005da957f1c228bbf87d5875dc,human_annotated/images/bd50762a871e010c4068126528581e297e8d68005da957f1c228bbf87d5875dc.jpg,ComplexDataLab/OpenFake,data/datasets/openfake/pilot-600/images/real/bd50762a871e010c4068126528581e297e8d68005da957f1c228bbf87d5875dc.jpg,"[""data/datasets/openfake/pilot-600/images/real/bd50762a871e010c4068126528581e297e8d68005da957f1c228bbf87d5875dc.jpg""]",bd50762a871e010c4068126528581e297e8d68005da957f1c228bbf87d5875dc,https://huggingface.co/datasets/ComplexDataLab/OpenFake,CC-BY-NC-4.0,,v1.0,,0,real,collection_manifest_normalized_label_verified_by_sha256,human,human,true,human_master_final,0,low,1,medium,0.5881316661834717,0.07592024654150009,0,low,resnet50_layer4_fc_weighted_ordinal_v3,48f6495d4a62ded10d98c3835ffcd33c8f5c653e5df19cb03aef62582060e9b4,training
bd7468a900ffedc02cbf783f68394ecb35d7425c554e97beb576c0b06e659133,human_annotated/images/bd7468a900ffedc02cbf783f68394ecb35d7425c554e97beb576c0b06e659133.jpg,ComplexDataLab/OpenFake,data/datasets/openfake/additional-900/images/fake/bd7468a900ffedc02cbf783f68394ecb35d7425c554e97beb576c0b06e659133.jpg,"[""data/datasets/openfake/additional-900/images/fake/bd7468a900ffedc02cbf783f68394ecb35d7425c554e97beb576c0b06e659133.jpg""]",bd7468a900ffedc02cbf783f68394ecb35d7425c554e97beb576c0b06e659133,https://huggingface.co/datasets/ComplexDataLab/OpenFake,CC-BY-NC-4.0,,v1.0,750279a9710d3d98bbc6d0d87250312cfdf922a0,1,fake,collection_manifest_normalized_label_verified_by_sha256,human,human,true,consolidated_human_review,1,medium,1,medium,0.7026007175445557,0.024810224771499634,1,medium,resnet50_layer4_fc_weighted_ordinal_v3,48f6495d4a62ded10d98c3835ffcd33c8f5c653e5df19cb03aef62582060e9b4,training
bd773cf15c84d53a56b80a27c31f1235f9166a2dadcf9ebf2afa5610e20da22c,human_annotated/images/bd773cf15c84d53a56b80a27c31f1235f9166a2dadcf9ebf2afa5610e20da22c.jpg,ComplexDataLab/OpenFake,data/datasets/openfake/additional-900/images/real/bd773cf15c84d53a56b80a27c31f1235f9166a2dadcf9ebf2afa5610e20da22c.jpg,"[""data/datasets/openfake/additional-900/images/real/bd773cf15c84d53a56b80a27c31f1235f9166a2dadcf9ebf2afa5610e20da22c.jpg""]",bd773cf15c84d53a56b80a27c31f1235f9166a2dadcf9ebf2afa5610e20da22c,https://huggingface.co/datasets/ComplexDataLab/OpenFake,CC-BY-NC-4.0,,v1.0,750279a9710d3d98bbc6d0d87250312cfdf922a0,0,real,collection_manifest_normalized_label_verified_by_sha256,human,human,true,consolidated_human_review,1,medium,0,low,0.48048561811447144,0.03980828821659088,1,medium,resnet50_layer4_fc_weighted_ordinal_v3,48f6495d4a62ded10d98c3835ffcd33c8f5c653e5df19cb03aef62582060e9b4,training
bd9a1cac342380dd2b2c2c0a8d63c67fdbc13951960a98c5803676d194ba1905,human_annotated/images/bd9a1cac342380dd2b2c2c0a8d63c67fdbc13951960a98c5803676d194ba1905.jpg,saberzl/SID_Set,data/datasets/sid-set/candidate-1500/images/real/bd9a1cac342380dd2b2c2c0a8d63c67fdbc13951960a98c5803676d194ba1905.jpg,"[""data/datasets/sid-set/candidate-1500/images/real/bd9a1cac342380dd2b2c2c0a8d63c67fdbc13951960a98c5803676d194ba1905.jpg""]",bd9a1cac342380dd2b2c2c0a8d63c67fdbc13951960a98c5803676d194ba1905,https://huggingface.co/datasets/saberzl/SID_Set,CC-BY-4.0,d1ea680dc821ab2c,main,dc03ead57929879319ce30a82bfcfb8d317b10bd,0,real,collection_manifest_normalized_label_verified_by_sha256,human,human,true,human_master_final,0,low,1,medium,0.7542139887809753,0.08737635612487793,0,low,resnet50_layer4_fc_weighted_ordinal_v3,48f6495d4a62ded10d98c3835ffcd33c8f5c653e5df19cb03aef62582060e9b4,training
bdf6bc960890c6f28c0bd3b42928ff08c7f1224bc3f41a5b0904840752270915,human_annotated/images/bdf6bc960890c6f28c0bd3b42928ff08c7f1224bc3f41a5b0904840752270915.jpg,RRDataset,data/datasets/RRDataset/selection_1500/giovanni/real/real_001406.jpg,"[""data/datasets/RRDataset/selection_1500/giovanni/real/real_001406.jpg""]",bdf6bc960890c6f28c0bd3b42928ff08c7f1224bc3f41a5b0904840752270915,https://zenodo.org/records/14963880,CC-BY-4.0,,,,0,real,rrdataset_local_directory_verified_by_sha256,human,human,true,consolidated_human_review,0,low,0,low,0.4497878849506378,0.07408647984266281,0,low,resnet50_layer4_fc_weighted_ordinal_v3,48f6495d4a62ded10d98c3835ffcd33c8f5c653e5df19cb03aef62582060e9b4,training
be02c164a4ef2fd57f0bc58c8029cf15c83407b90b54ce586e49a6b257489cc7,human_annotated/images/be02c164a4ef2fd57f0bc58c8029cf15c83407b90b54ce586e49a6b257489cc7.png,RRDataset,data/datasets/RRDataset/selection_1500/lorenzo/ai/Political_&_Social_Events_000446.png,"[""data/datasets/RRDataset/selection_1500/lorenzo/ai/Political_&_Social_Events_000446.png""]",be02c164a4ef2fd57f0bc58c8029cf15c83407b90b54ce586e49a6b257489cc7,https://zenodo.org/records/14963880,CC-BY-4.0,,,,1,fake,rrdataset_local_directory_verified_by_sha256,human,human,true,human_master_final,2,high,2,high,0.9195989966392517,0.8494203686714172,2,high,resnet50_layer4_fc_weighted_ordinal_v3,48f6495d4a62ded10d98c3835ffcd33c8f5c653e5df19cb03aef62582060e9b4,training
be34c6c6be47d183ee322a2dfa7f8ba7e2798bdb56d15e18af2bce57531bf0b2,human_annotated/images/be34c6c6be47d183ee322a2dfa7f8ba7e2798bdb56d15e18af2bce57531bf0b2.png,saberzl/SID_Set,data/datasets/sid-set/candidate-1500/images/fake/be34c6c6be47d183ee322a2dfa7f8ba7e2798bdb56d15e18af2bce57531bf0b2.png,"[""data/datasets/sid-set/candidate-1500/images/fake/be34c6c6be47d183ee322a2dfa7f8ba7e2798bdb56d15e18af2bce57531bf0b2.png""]",be34c6c6be47d183ee322a2dfa7f8ba7e2798bdb56d15e18af2bce57531bf0b2,https://huggingface.co/datasets/saberzl/SID_Set,CC-BY-4.0,full_synthetic_065734,main,dc03ead57929879319ce30a82bfcfb8d317b10bd,1,fake,collection_manifest_normalized_label_verified_by_sha256,human,human,true,consolidated_human_review,0,low,0,low,0.2501559853553772,0.02126697450876236,0,low,resnet50_layer4_fc_weighted_ordinal_v3,48f6495d4a62ded10d98c3835ffcd33c8f5c653e5df19cb03aef62582060e9b4,training
bf3fc7c506de6b43ccc85a0067a8aab0422e6ae97ff1331a7d357138f1558243,human_annotated/images/bf3fc7c506de6b43ccc85a0067a8aab0422e6ae97ff1331a7d357138f1558243.jpg,ComplexDataLab/OpenFake,data/datasets/openfake/pilot-600/images/real/bf3fc7c506de6b43ccc85a0067a8aab0422e6ae97ff1331a7d357138f1558243.jpg,"[""data/datasets/openfake/pilot-600/images/real/bf3fc7c506de6b43ccc85a0067a8aab0422e6ae97ff1331a7d357138f1558243.jpg""]",bf3fc7c506de6b43ccc85a0067a8aab0422e6ae97ff1331a7d357138f1558243,https://huggingface.co/datasets/ComplexDataLab/OpenFake,CC-BY-NC-4.0,,v1.0,,0,real,collection_manifest_normalized_label_verified_by_sha256,human,human,true,human_master_final,1,medium,1,medium,0.8736379742622375,0.031788937747478485,1,medium,resnet50_layer4_fc_weighted_ordinal_v3,48f6495d4a62ded10d98c3835ffcd33c8f5c653e5df19cb03aef62582060e9b4,training
bf41dcc472b4f69f666fe4491d71469084f925479b9d3d304bd03a793b17e624,human_annotated/images/bf41dcc472b4f69f666fe4491d71469084f925479b9d3d304bd03a793b17e624.png,RRDataset,data/datasets/RRDataset/selection_1500/sara/ai/Culture_&_Religion_000450.png,"[""data/datasets/RRDataset/selection_1500/sara/ai/Culture_&_Religion_000450.png""]",bf41dcc472b4f69f666fe4491d71469084f925479b9d3d304bd03a793b17e624,https://zenodo.org/records/14963880,CC-BY-4.0,,,,1,fake,rrdataset_local_directory_verified_by_sha256,human,human,true,consolidated_human_review,2,high,1,medium,0.6459846496582031,0.2725796103477478,2,high,resnet50_layer4_fc_weighted_ordinal_v3,48f6495d4a62ded10d98c3835ffcd33c8f5c653e5df19cb03aef62582060e9b4,validation
bfc5ed7f21248dd3a2e3fe1386b83630348ebbaf83c350772b1ae1301e78225f,human_annotated/images/bfc5ed7f21248dd3a2e3fe1386b83630348ebbaf83c350772b1ae1301e78225f.png,ComplexDataLab/OpenFake,data/datasets/openfake/additional-900/images/fake/bfc5ed7f21248dd3a2e3fe1386b83630348ebbaf83c350772b1ae1301e78225f.png,"[""data/datasets/openfake/additional-900/images/fake/bfc5ed7f21248dd3a2e3fe1386b83630348ebbaf83c350772b1ae1301e78225f.png""]",bfc5ed7f21248dd3a2e3fe1386b83630348ebbaf83c350772b1ae1301e78225f,https://huggingface.co/datasets/ComplexDataLab/OpenFake,CC-BY-NC-4.0,,v1.0,750279a9710d3d98bbc6d0d87250312cfdf922a0,1,fake,collection_manifest_normalized_label_verified_by_sha256,human,human,true,human_master_final,0,low,1,medium,0.7575189471244812,0.04988784343004227,0,low,resnet50_layer4_fc_weighted_ordinal_v3,48f6495d4a62ded10d98c3835ffcd33c8f5c653e5df19cb03aef62582060e9b4,validation
bff186d88d7a3c1462c164aef46879f065a40e6957d7b92a812ceefa9d855fd4,human_annotated/images/bff186d88d7a3c1462c164aef46879f065a40e6957d7b92a812ceefa9d855fd4.png,RRDataset,data/datasets/RRDataset/selection_1500/giovanni/ai/normal_007328.png,"[""data/datasets/RRDataset/selection_1500/giovanni/ai/normal_007328.png""]",bff186d88d7a3c1462c164aef46879f065a40e6957d7b92a812ceefa9d855fd4,https://zenodo.org/records/14963880,CC-BY-4.0,,,,1,fake,rrdataset_local_directory_verified_by_sha256,human,human,true,consolidated_human_review,0,low,0,low,0.20045727491378784,0.10146573930978775,0,low,resnet50_layer4_fc_weighted_ordinal_v3,48f6495d4a62ded10d98c3835ffcd33c8f5c653e5df19cb03aef62582060e9b4,validation
c0aeaea780d08d61a1370a38183a9c2af20c75058e6953b56745cf7a81037cc9,human_annotated/images/c0aeaea780d08d61a1370a38183a9c2af20c75058e6953b56745cf7a81037cc9.png,saberzl/SID_Set,data/datasets/sid-set/candidate-1500/images/fake/c0aeaea780d08d61a1370a38183a9c2af20c75058e6953b56745cf7a81037cc9.png,"[""data/datasets/sid-set/candidate-1500/images/fake/c0aeaea780d08d61a1370a38183a9c2af20c75058e6953b56745cf7a81037cc9.png""]",c0aeaea780d08d61a1370a38183a9c2af20c75058e6953b56745cf7a81037cc9,https://huggingface.co/datasets/saberzl/SID_Set,CC-BY-4.0,full_synthetic_041348,main,dc03ead57929879319ce30a82bfcfb8d317b10bd,1,fake,collection_manifest_normalized_label_verified_by_sha256,human,human,true,consolidated_human_review,1,medium,1,medium,0.8470149040222168,0.09002402424812317,1,medium,resnet50_layer4_fc_weighted_ordinal_v3,48f6495d4a62ded10d98c3835ffcd33c8f5c653e5df19cb03aef62582060e9b4,training
c0d31526e4490dbd76bee32053992abc5ae2c0017204ee96417c4e2af3a78234,human_annotated/images/c0d31526e4490dbd76bee32053992abc5ae2c0017204ee96417c4e2af3a78234.png,RRDataset,data/datasets/RRDataset/selection_1500/giovanni/ai/Political_&_Social_Events_000964.png,"[""data/datasets/RRDataset/selection_1500/giovanni/ai/Political_&_Social_Events_000964.png""]",c0d31526e4490dbd76bee32053992abc5ae2c0017204ee96417c4e2af3a78234,https://zenodo.org/records/14963880,CC-BY-4.0,,,,1,fake,rrdataset_local_directory_verified_by_sha256,human,human,true,human_master_final,2,high,2,high,0.974624514579773,0.7333494424819946,2,high,resnet50_layer4_fc_weighted_ordinal_v3,48f6495d4a62ded10d98c3835ffcd33c8f5c653e5df19cb03aef62582060e9b4,training
c0dbb5500c450e2b2bcd8d25199a0dffbc05efdd575b854d7f52f001f02529c4,human_annotated/images/c0dbb5500c450e2b2bcd8d25199a0dffbc05efdd575b854d7f52f001f02529c4.png,ComplexDataLab/OpenFake,data/datasets/openfake/additional-900/images/real/c0dbb5500c450e2b2bcd8d25199a0dffbc05efdd575b854d7f52f001f02529c4.png,"[""data/datasets/openfake/additional-900/images/real/c0dbb5500c450e2b2bcd8d25199a0dffbc05efdd575b854d7f52f001f02529c4.png""]",c0dbb5500c450e2b2bcd8d25199a0dffbc05efdd575b854d7f52f001f02529c4,https://huggingface.co/datasets/ComplexDataLab/OpenFake,CC-BY-NC-4.0,,v1.0,750279a9710d3d98bbc6d0d87250312cfdf922a0,0,real,collection_manifest_normalized_label_verified_by_sha256,human,human,true,consolidated_human_review,1,medium,1,medium,0.9674020409584045,0.020669056102633476,1,medium,resnet50_layer4_fc_weighted_ordinal_v3,48f6495d4a62ded10d98c3835ffcd33c8f5c653e5df19cb03aef62582060e9b4,training
c0feb92794768bb18f374a57504541906f8fe5cf4aab9afc8b772edeb19dd95e,human_annotated/images/c0feb92794768bb18f374a57504541906f8fe5cf4aab9afc8b772edeb19dd95e.jpg,saberzl/SID_Set,data/datasets/sid-set/candidate-1500/images/real/c0feb92794768bb18f374a57504541906f8fe5cf4aab9afc8b772edeb19dd95e.jpg,"[""data/datasets/sid-set/candidate-1500/images/real/c0feb92794768bb18f374a57504541906f8fe5cf4aab9afc8b772edeb19dd95e.jpg""]",c0feb92794768bb18f374a57504541906f8fe5cf4aab9afc8b772edeb19dd95e,https://huggingface.co/datasets/saberzl/SID_Set,CC-BY-4.0,824dafcc529ea513,main,dc03ead57929879319ce30a82bfcfb8d317b10bd,0,real,collection_manifest_normalized_label_verified_by_sha256,human,human,true,human_master_final,1,medium,2,high,0.9910532832145691,0.47247976064682007,1,medium,resnet50_layer4_fc_weighted_ordinal_v3,48f6495d4a62ded10d98c3835ffcd33c8f5c653e5df19cb03aef62582060e9b4,training
c17e55474a72dd86fe3d7426860f6280ae65c83c5d807b06798ba82ee5728a45,human_annotated/images/c17e55474a72dd86fe3d7426860f6280ae65c83c5d807b06798ba82ee5728a45.png,RRDataset,data/datasets/RRDataset/selection_1500/sara/ai/War_&_Conflict_Scenes_000472.png,"[""data/datasets/RRDataset/selection_1500/sara/ai/War_&_Conflict_Scenes_000472.png""]",c17e55474a72dd86fe3d7426860f6280ae65c83c5d807b06798ba82ee5728a45,https://zenodo.org/records/14963880,CC-BY-4.0,,,,1,fake,rrdataset_local_directory_verified_by_sha256,human,human,true,consolidated_human_review,2,high,2,high,0.9530647397041321,0.6721696853637695,2,high,resnet50_layer4_fc_weighted_ordinal_v3,48f6495d4a62ded10d98c3835ffcd33c8f5c653e5df19cb03aef62582060e9b4,training
c1a41bf800af141a7fd44cec425018e8b2eba7c3518b8f0b1a0e524916747697,human_annotated/images/c1a41bf800af141a7fd44cec425018e8b2eba7c3518b8f0b1a0e524916747697.png,RRDataset,data/datasets/RRDataset/selection_1500/sara/ai/War_&_Conflict_Scenes_000836.png,"[""data/datasets/RRDataset/selection_1500/sara/ai/War_&_Conflict_Scenes_000836.png""]",c1a41bf800af141a7fd44cec425018e8b2eba7c3518b8f0b1a0e524916747697,https://zenodo.org/records/14963880,CC-BY-4.0,,,,1,fake,rrdataset_local_directory_verified_by_sha256,human,human,true,consolidated_human_review,2,high,1,medium,0.75749272108078,0.43570223450660706,2,high,resnet50_layer4_fc_weighted_ordinal_v3,48f6495d4a62ded10d98c3835ffcd33c8f5c653e5df19cb03aef62582060e9b4,training
c1b3f31da807d1c6bcefffe55f71a0c217667319557d4af9fbea5ed6930ae674,human_annotated/images/c1b3f31da807d1c6bcefffe55f71a0c217667319557d4af9fbea5ed6930ae674.jpg,saberzl/SID_Set,data/datasets/sid-set/candidate-1500/images/real/c1b3f31da807d1c6bcefffe55f71a0c217667319557d4af9fbea5ed6930ae674.jpg,"[""data/datasets/sid-set/candidate-1500/images/real/c1b3f31da807d1c6bcefffe55f71a0c217667319557d4af9fbea5ed6930ae674.jpg""]",c1b3f31da807d1c6bcefffe55f71a0c217667319557d4af9fbea5ed6930ae674,https://huggingface.co/datasets/saberzl/SID_Set,CC-BY-4.0,73611ff68b930f1f,main,dc03ead57929879319ce30a82bfcfb8d317b10bd,0,real,collection_manifest_normalized_label_verified_by_sha256,human,human,true,human_master_final,0,low,1,medium,0.9291346073150635,0.04083907604217529,0,low,resnet50_layer4_fc_weighted_ordinal_v3,48f6495d4a62ded10d98c3835ffcd33c8f5c653e5df19cb03aef62582060e9b4,training
c23b528010cae34b2bdac5c82606d12bb7d28b9d7317f009db9a3f2e95cfcdb0,human_annotated/images/c23b528010cae34b2bdac5c82606d12bb7d28b9d7317f009db9a3f2e95cfcdb0.png,RRDataset,data/datasets/RRDataset/selection_1500/giovanni/ai/War_&_Conflict_Scenes_000001.png,"[""data/datasets/RRDataset/selection_1500/giovanni/ai/War_&_Conflict_Scenes_000001.png""]",c23b528010cae34b2bdac5c82606d12bb7d28b9d7317f009db9a3f2e95cfcdb0,https://zenodo.org/records/14963880,CC-BY-4.0,,,,1,fake,rrdataset_local_directory_verified_by_sha256,human,human,true,human_master_final,1,medium,1,medium,0.8518969416618347,0.06717358529567719,1,medium,resnet50_layer4_fc_weighted_ordinal_v3,48f6495d4a62ded10d98c3835ffcd33c8f5c653e5df19cb03aef62582060e9b4,frozen_test
c27fbaa7f75648c42fd28f8b7a3cd2f1a58ad107aa454be774a412b9fc08f271,human_annotated/images/c27fbaa7f75648c42fd28f8b7a3cd2f1a58ad107aa454be774a412b9fc08f271.jpg,ComplexDataLab/OpenFake,data/datasets/openfake/additional-900/images/real/c27fbaa7f75648c42fd28f8b7a3cd2f1a58ad107aa454be774a412b9fc08f271.jpg,"[""data/datasets/openfake/additional-900/images/real/c27fbaa7f75648c42fd28f8b7a3cd2f1a58ad107aa454be774a412b9fc08f271.jpg""]",c27fbaa7f75648c42fd28f8b7a3cd2f1a58ad107aa454be774a412b9fc08f271,https://huggingface.co/datasets/ComplexDataLab/OpenFake,CC-BY-NC-4.0,,v1.0,750279a9710d3d98bbc6d0d87250312cfdf922a0,0,real,collection_manifest_normalized_label_verified_by_sha256,human,human,true,consolidated_human_review,0,low,1,medium,0.6500144600868225,0.007394574582576752,0,low,resnet50_layer4_fc_weighted_ordinal_v3,48f6495d4a62ded10d98c3835ffcd33c8f5c653e5df19cb03aef62582060e9b4,validation
c2ed4667f759d0c78f16220106cee6f7bd5f091bcf84c8ece78c56ef47464988,human_annotated/images/c2ed4667f759d0c78f16220106cee6f7bd5f091bcf84c8ece78c56ef47464988.jpg,RRDataset,data/datasets/RRDataset/selection_1500/lorenzo/real/real_006247.jpg,"[""data/datasets/RRDataset/selection_1500/lorenzo/real/real_006247.jpg""]",c2ed4667f759d0c78f16220106cee6f7bd5f091bcf84c8ece78c56ef47464988,https://zenodo.org/records/14963880,CC-BY-4.0,,,,0,real,rrdataset_local_directory_verified_by_sha256,human,human,true,human_master_final,1,medium,1,medium,0.8908308744430542,0.021026089787483215,1,medium,resnet50_layer4_fc_weighted_ordinal_v3,48f6495d4a62ded10d98c3835ffcd33c8f5c653e5df19cb03aef62582060e9b4,frozen_test
c32119264940e68ed08f6ecdae85f5d84cb60bc17ec1cf1b57ac0bb435cea278,human_annotated/images/c32119264940e68ed08f6ecdae85f5d84cb60bc17ec1cf1b57ac0bb435cea278.jpg,saberzl/SID_Set,data/datasets/sid-set/candidate-1500/images/real/c32119264940e68ed08f6ecdae85f5d84cb60bc17ec1cf1b57ac0bb435cea278.jpg,"[""data/datasets/sid-set/candidate-1500/images/real/c32119264940e68ed08f6ecdae85f5d84cb60bc17ec1cf1b57ac0bb435cea278.jpg""]",c32119264940e68ed08f6ecdae85f5d84cb60bc17ec1cf1b57ac0bb435cea278,https://huggingface.co/datasets/saberzl/SID_Set,CC-BY-4.0,b90e7d4589d8e7a3,main,dc03ead57929879319ce30a82bfcfb8d317b10bd,0,real,collection_manifest_normalized_label_verified_by_sha256,human,human,true,human_master_final,0,low,0,low,0.19989655911922455,0.012248888611793518,0,low,resnet50_layer4_fc_weighted_ordinal_v3,48f6495d4a62ded10d98c3835ffcd33c8f5c653e5df19cb03aef62582060e9b4,training
c3547d5d3389266a9e52cdee97d7cb5d10592b539e0c40bfa95837bff6f38cb9,human_annotated/images/c3547d5d3389266a9e52cdee97d7cb5d10592b539e0c40bfa95837bff6f38cb9.jpg,saberzl/SID_Set,data/datasets/sid-set/candidate-1500/images/real/c3547d5d3389266a9e52cdee97d7cb5d10592b539e0c40bfa95837bff6f38cb9.jpg,"[""data/datasets/sid-set/candidate-1500/images/real/c3547d5d3389266a9e52cdee97d7cb5d10592b539e0c40bfa95837bff6f38cb9.jpg""]",c3547d5d3389266a9e52cdee97d7cb5d10592b539e0c40bfa95837bff6f38cb9,https://huggingface.co/datasets/saberzl/SID_Set,CC-BY-4.0,96ec00e6247e77d1,main,dc03ead57929879319ce30a82bfcfb8d317b10bd,0,real,collection_manifest_normalized_label_verified_by_sha256,human,human,true,consolidated_human_review,0,low,1,medium,0.7855777144432068,0.0729365199804306,0,low,resnet50_layer4_fc_weighted_ordinal_v3,48f6495d4a62ded10d98c3835ffcd33c8f5c653e5df19cb03aef62582060e9b4,training
c38d6a709302f7a35c19e84f7abfeb2a3a874f7061549a3c7c8404b9515cd051,human_annotated/images/c38d6a709302f7a35c19e84f7abfeb2a3a874f7061549a3c7c8404b9515cd051.png,saberzl/SID_Set,data/datasets/sid-set/candidate-1500/images/fake/c38d6a709302f7a35c19e84f7abfeb2a3a874f7061549a3c7c8404b9515cd051.png,"[""data/datasets/sid-set/candidate-1500/images/fake/c38d6a709302f7a35c19e84f7abfeb2a3a874f7061549a3c7c8404b9515cd051.png""]",c38d6a709302f7a35c19e84f7abfeb2a3a874f7061549a3c7c8404b9515cd051,https://huggingface.co/datasets/saberzl/SID_Set,CC-BY-4.0,full_synthetic_003126,main,dc03ead57929879319ce30a82bfcfb8d317b10bd,1,fake,collection_manifest_normalized_label_verified_by_sha256,human,human,true,human_master_final,0,low,1,medium,0.663138210773468,0.011098709888756275,0,low,resnet50_layer4_fc_weighted_ordinal_v3,48f6495d4a62ded10d98c3835ffcd33c8f5c653e5df19cb03aef62582060e9b4,training
c392c0d60256fa70d6db2fbaa2800f0833cb5a63e686c78e4386b8106b57a2e6,human_annotated/images/c392c0d60256fa70d6db2fbaa2800f0833cb5a63e686c78e4386b8106b57a2e6.webp,ComplexDataLab/OpenFake,data/datasets/openfake/pilot-600/images/fake/c392c0d60256fa70d6db2fbaa2800f0833cb5a63e686c78e4386b8106b57a2e6.webp,"[""data/datasets/openfake/pilot-600/images/fake/c392c0d60256fa70d6db2fbaa2800f0833cb5a63e686c78e4386b8106b57a2e6.webp""]",c392c0d60256fa70d6db2fbaa2800f0833cb5a63e686c78e4386b8106b57a2e6,https://huggingface.co/datasets/ComplexDataLab/OpenFake,CC-BY-NC-4.0,,v1.0,,1,fake,collection_manifest_normalized_label_verified_by_sha256,human,human,true,human_master_final,0,low,1,medium,0.8304123282432556,0.015812551602721214,0,low,resnet50_layer4_fc_weighted_ordinal_v3,48f6495d4a62ded10d98c3835ffcd33c8f5c653e5df19cb03aef62582060e9b4,frozen_test
c39c7e63bf2c27f16ba5b42d3157da1e0a23589d8843cadd162e5e06eaeb833d,human_annotated/images/c39c7e63bf2c27f16ba5b42d3157da1e0a23589d8843cadd162e5e06eaeb833d.jpg,ComplexDataLab/OpenFake,data/datasets/openfake/pilot-600/images/real/c39c7e63bf2c27f16ba5b42d3157da1e0a23589d8843cadd162e5e06eaeb833d.jpg,"[""data/datasets/openfake/pilot-600/images/real/c39c7e63bf2c27f16ba5b42d3157da1e0a23589d8843cadd162e5e06eaeb833d.jpg""]",c39c7e63bf2c27f16ba5b42d3157da1e0a23589d8843cadd162e5e06eaeb833d,https://huggingface.co/datasets/ComplexDataLab/OpenFake,CC-BY-NC-4.0,,v1.0,,0,real,collection_manifest_normalized_label_verified_by_sha256,human,human,true,human_master_final,1,medium,1,medium,0.8856087327003479,0.013862592168152332,1,medium,resnet50_layer4_fc_weighted_ordinal_v3,48f6495d4a62ded10d98c3835ffcd33c8f5c653e5df19cb03aef62582060e9b4,frozen_test
c3aea48d4de71effb22bf88858c543673e50d8cc3e21438f7ef442c62a1315dd,human_annotated/images/c3aea48d4de71effb22bf88858c543673e50d8cc3e21438f7ef442c62a1315dd.jpg,ComplexDataLab/OpenFake,data/datasets/openfake/additional-900/images/real/c3aea48d4de71effb22bf88858c543673e50d8cc3e21438f7ef442c62a1315dd.jpg,"[""data/datasets/openfake/additional-900/images/real/c3aea48d4de71effb22bf88858c543673e50d8cc3e21438f7ef442c62a1315dd.jpg""]",c3aea48d4de71effb22bf88858c543673e50d8cc3e21438f7ef442c62a1315dd,https://huggingface.co/datasets/ComplexDataLab/OpenFake,CC-BY-NC-4.0,,v1.0,750279a9710d3d98bbc6d0d87250312cfdf922a0,0,real,collection_manifest_normalized_label_verified_by_sha256,human,human,true,human_master_final,0,low,0,low,0.2566637098789215,0.018168237060308456,0,low,resnet50_layer4_fc_weighted_ordinal_v3,48f6495d4a62ded10d98c3835ffcd33c8f5c653e5df19cb03aef62582060e9b4,training
c3b15dd0213564889cf6dc0503b0a22c76b42ea98572550f3cb69f6cbe1ddca2,human_annotated/images/c3b15dd0213564889cf6dc0503b0a22c76b42ea98572550f3cb69f6cbe1ddca2.jpg,saberzl/SID_Set,data/datasets/sid-set/candidate-1500/images/real/c3b15dd0213564889cf6dc0503b0a22c76b42ea98572550f3cb69f6cbe1ddca2.jpg,"[""data/datasets/sid-set/candidate-1500/images/real/c3b15dd0213564889cf6dc0503b0a22c76b42ea98572550f3cb69f6cbe1ddca2.jpg""]",c3b15dd0213564889cf6dc0503b0a22c76b42ea98572550f3cb69f6cbe1ddca2,https://huggingface.co/datasets/saberzl/SID_Set,CC-BY-4.0,cec622165cc7bc0f,main,dc03ead57929879319ce30a82bfcfb8d317b10bd,0,real,collection_manifest_normalized_label_verified_by_sha256,human,human,true,consolidated_human_review,0,low,0,low,0.21896840631961823,0.030367009341716766,0,low,resnet50_layer4_fc_weighted_ordinal_v3,48f6495d4a62ded10d98c3835ffcd33c8f5c653e5df19cb03aef62582060e9b4,training
c3d7812ae36bd3d9f350ac75178914e8298e099972b164c0a8c5f2467761628d,human_annotated/images/c3d7812ae36bd3d9f350ac75178914e8298e099972b164c0a8c5f2467761628d.jpg,saberzl/SID_Set,data/datasets/sid-set/candidate-1500/images/real/c3d7812ae36bd3d9f350ac75178914e8298e099972b164c0a8c5f2467761628d.jpg,"[""data/datasets/sid-set/candidate-1500/images/real/c3d7812ae36bd3d9f350ac75178914e8298e099972b164c0a8c5f2467761628d.jpg""]",c3d7812ae36bd3d9f350ac75178914e8298e099972b164c0a8c5f2467761628d,https://huggingface.co/datasets/saberzl/SID_Set,CC-BY-4.0,ed96e3435944cbca,main,dc03ead57929879319ce30a82bfcfb8d317b10bd,0,real,collection_manifest_normalized_label_verified_by_sha256,human,human,true,human_master_final,0,low,0,low,0.2787688672542572,0.03847160562872887,0,low,resnet50_layer4_fc_weighted_ordinal_v3,48f6495d4a62ded10d98c3835ffcd33c8f5c653e5df19cb03aef62582060e9b4,validation
c3f8209a71f2a5a7632d98cfe19bd27f5315cee4e0f182eb28e33cd439460aa5,human_annotated/images/c3f8209a71f2a5a7632d98cfe19bd27f5315cee4e0f182eb28e33cd439460aa5.jpg,saberzl/SID_Set,data/datasets/sid-set/candidate-1500/images/real/c3f8209a71f2a5a7632d98cfe19bd27f5315cee4e0f182eb28e33cd439460aa5.jpg,"[""data/datasets/sid-set/candidate-1500/images/real/c3f8209a71f2a5a7632d98cfe19bd27f5315cee4e0f182eb28e33cd439460aa5.jpg""]",c3f8209a71f2a5a7632d98cfe19bd27f5315cee4e0f182eb28e33cd439460aa5,https://huggingface.co/datasets/saberzl/SID_Set,CC-BY-4.0,92066b5d6da9fb47,main,dc03ead57929879319ce30a82bfcfb8d317b10bd,0,real,collection_manifest_normalized_label_verified_by_sha256,human,human,true,consolidated_human_review,1,medium,1,medium,0.9789391756057739,0.3995847702026367,1,medium,resnet50_layer4_fc_weighted_ordinal_v3,48f6495d4a62ded10d98c3835ffcd33c8f5c653e5df19cb03aef62582060e9b4,training
c3faa2d56cbdebaebe35236723893398cdb3f7ebed2e55b0d1e35ef601ef8b6f,human_annotated/images/c3faa2d56cbdebaebe35236723893398cdb3f7ebed2e55b0d1e35ef601ef8b6f.jpg,ComplexDataLab/OpenFake,data/datasets/openfake/additional-900/images/real/c3faa2d56cbdebaebe35236723893398cdb3f7ebed2e55b0d1e35ef601ef8b6f.jpg,"[""data/datasets/openfake/additional-900/images/real/c3faa2d56cbdebaebe35236723893398cdb3f7ebed2e55b0d1e35ef601ef8b6f.jpg""]",c3faa2d56cbdebaebe35236723893398cdb3f7ebed2e55b0d1e35ef601ef8b6f,https://huggingface.co/datasets/ComplexDataLab/OpenFake,CC-BY-NC-4.0,,v1.0,750279a9710d3d98bbc6d0d87250312cfdf922a0,0,real,collection_manifest_normalized_label_verified_by_sha256,human,human,true,human_master_final,1,medium,1,medium,0.9597684741020203,0.012326250784099102,1,medium,resnet50_layer4_fc_weighted_ordinal_v3,48f6495d4a62ded10d98c3835ffcd33c8f5c653e5df19cb03aef62582060e9b4,training
c415f91fa599171187377580d8f8d922f1f9709634e88f113391ed9581758e44,human_annotated/images/c415f91fa599171187377580d8f8d922f1f9709634e88f113391ed9581758e44.jpg,saberzl/SID_Set,data/datasets/sid-set/candidate-1500/images/real/c415f91fa599171187377580d8f8d922f1f9709634e88f113391ed9581758e44.jpg,"[""data/datasets/sid-set/candidate-1500/images/real/c415f91fa599171187377580d8f8d922f1f9709634e88f113391ed9581758e44.jpg""]",c415f91fa599171187377580d8f8d922f1f9709634e88f113391ed9581758e44,https://huggingface.co/datasets/saberzl/SID_Set,CC-BY-4.0,013cc0ed61095164,main,dc03ead57929879319ce30a82bfcfb8d317b10bd,0,real,collection_manifest_normalized_label_verified_by_sha256,human,human,true,consolidated_human_review,1,medium,1,medium,0.9687981605529785,0.19721291959285736,1,medium,resnet50_layer4_fc_weighted_ordinal_v3,48f6495d4a62ded10d98c3835ffcd33c8f5c653e5df19cb03aef62582060e9b4,training
c454359a220ea4121f6c34758bad4a93494cd56ff2aa931a13d4e634bb05d546,human_annotated/images/c454359a220ea4121f6c34758bad4a93494cd56ff2aa931a13d4e634bb05d546.jpg,RRDataset,data/datasets/RRDataset/selection_1500/sara/real/real_000149.jpg,"[""data/datasets/RRDataset/selection_1500/sara/real/real_000149.jpg""]",c454359a220ea4121f6c34758bad4a93494cd56ff2aa931a13d4e634bb05d546,https://zenodo.org/records/14963880,CC-BY-4.0,,,,0,real,rrdataset_local_directory_verified_by_sha256,human,human,true,consolidated_human_review,0,low,0,low,0.09722302854061127,0.0008307188400067389,0,low,resnet50_layer4_fc_weighted_ordinal_v3,48f6495d4a62ded10d98c3835ffcd33c8f5c653e5df19cb03aef62582060e9b4,training
c4d19a75ffec3b25458e7a44dd7e1c11a3e9b106e060a74e89c83e785dfc7b54,human_annotated/images/c4d19a75ffec3b25458e7a44dd7e1c11a3e9b106e060a74e89c83e785dfc7b54.png,saberzl/SID_Set,data/datasets/sid-set/candidate-1500/images/fake/c4d19a75ffec3b25458e7a44dd7e1c11a3e9b106e060a74e89c83e785dfc7b54.png,"[""data/datasets/sid-set/candidate-1500/images/fake/c4d19a75ffec3b25458e7a44dd7e1c11a3e9b106e060a74e89c83e785dfc7b54.png""]",c4d19a75ffec3b25458e7a44dd7e1c11a3e9b106e060a74e89c83e785dfc7b54,https://huggingface.co/datasets/saberzl/SID_Set,CC-BY-4.0,full_synthetic_062834,main,dc03ead57929879319ce30a82bfcfb8d317b10bd,1,fake,collection_manifest_normalized_label_verified_by_sha256,human,human,true,human_master_final,0,low,1,medium,0.7236126065254211,0.026697570458054543,0,low,resnet50_layer4_fc_weighted_ordinal_v3,48f6495d4a62ded10d98c3835ffcd33c8f5c653e5df19cb03aef62582060e9b4,training
c4da5465a34e7c9cafb597ff062d954935b53ed2f82977bb59580d894d150f6c,human_annotated/images/c4da5465a34e7c9cafb597ff062d954935b53ed2f82977bb59580d894d150f6c.png,saberzl/SID_Set,data/datasets/sid-set/candidate-1500/images/fake/c4da5465a34e7c9cafb597ff062d954935b53ed2f82977bb59580d894d150f6c.png,"[""data/datasets/sid-set/candidate-1500/images/fake/c4da5465a34e7c9cafb597ff062d954935b53ed2f82977bb59580d894d150f6c.png""]",c4da5465a34e7c9cafb597ff062d954935b53ed2f82977bb59580d894d150f6c,https://huggingface.co/datasets/saberzl/SID_Set,CC-BY-4.0,full_synthetic_009419,main,dc03ead57929879319ce30a82bfcfb8d317b10bd,1,fake,collection_manifest_normalized_label_verified_by_sha256,human,human,true,human_master_final,0,low,0,low,0.38146650791168213,0.11604881286621094,0,low,resnet50_layer4_fc_weighted_ordinal_v3,48f6495d4a62ded10d98c3835ffcd33c8f5c653e5df19cb03aef62582060e9b4,training
c4ef5ef2f139691c9191ca331101cf7967aa87fac84e8a4c889825b6f73283c7,human_annotated/images/c4ef5ef2f139691c9191ca331101cf7967aa87fac84e8a4c889825b6f73283c7.png,saberzl/SID_Set,data/datasets/sid-set/candidate-1500/images/fake/c4ef5ef2f139691c9191ca331101cf7967aa87fac84e8a4c889825b6f73283c7.png,"[""data/datasets/sid-set/candidate-1500/images/fake/c4ef5ef2f139691c9191ca331101cf7967aa87fac84e8a4c889825b6f73283c7.png""]",c4ef5ef2f139691c9191ca331101cf7967aa87fac84e8a4c889825b6f73283c7,https://huggingface.co/datasets/saberzl/SID_Set,CC-BY-4.0,full_synthetic_010139,main,dc03ead57929879319ce30a82bfcfb8d317b10bd,1,fake,collection_manifest_normalized_label_verified_by_sha256,human,human,true,human_master_final,0,low,0,low,0.177604541182518,0.017587490379810333,0,low,resnet50_layer4_fc_weighted_ordinal_v3,48f6495d4a62ded10d98c3835ffcd33c8f5c653e5df19cb03aef62582060e9b4,training
c5098bce0337d236402a8deec55627f6e41d0b159bffc9a7b0b9253a816290e2,human_annotated/images/c5098bce0337d236402a8deec55627f6e41d0b159bffc9a7b0b9253a816290e2.png,RRDataset,data/datasets/RRDataset/selection_1500/giovanni/ai/Culture_&_Religion_000001.png,"[""data/datasets/RRDataset/selection_1500/giovanni/ai/Culture_&_Religion_000001.png""]",c5098bce0337d236402a8deec55627f6e41d0b159bffc9a7b0b9253a816290e2,https://zenodo.org/records/14963880,CC-BY-4.0,,,,1,fake,rrdataset_local_directory_verified_by_sha256,human,human,true,human_master_final,1,medium,1,medium,0.6537176966667175,0.17226547002792358,1,medium,resnet50_layer4_fc_weighted_ordinal_v3,48f6495d4a62ded10d98c3835ffcd33c8f5c653e5df19cb03aef62582060e9b4,frozen_test
c5224d8826510a803826e9b3d994623f3905b28787a92a9d2ec47890d6595d61,human_annotated/images/c5224d8826510a803826e9b3d994623f3905b28787a92a9d2ec47890d6595d61.jpg,saberzl/SID_Set,data/datasets/sid-set/candidate-1500/images/real/c5224d8826510a803826e9b3d994623f3905b28787a92a9d2ec47890d6595d61.jpg,"[""data/datasets/sid-set/candidate-1500/images/real/c5224d8826510a803826e9b3d994623f3905b28787a92a9d2ec47890d6595d61.jpg""]",c5224d8826510a803826e9b3d994623f3905b28787a92a9d2ec47890d6595d61,https://huggingface.co/datasets/saberzl/SID_Set,CC-BY-4.0,6a46daef9762eb82,main,dc03ead57929879319ce30a82bfcfb8d317b10bd,0,real,collection_manifest_normalized_label_verified_by_sha256,human,human,true,human_master_final,1,medium,1,medium,0.7823565602302551,0.046503517776727676,1,medium,resnet50_layer4_fc_weighted_ordinal_v3,48f6495d4a62ded10d98c3835ffcd33c8f5c653e5df19cb03aef62582060e9b4,frozen_test
c552f3317939b6619ff5cfe8c73c46c452637a27c6f698ad43382e8a54d5f0ba,human_annotated/images/c552f3317939b6619ff5cfe8c73c46c452637a27c6f698ad43382e8a54d5f0ba.png,ComplexDataLab/OpenFake,data/datasets/openfake/additional-900/images/fake/c552f3317939b6619ff5cfe8c73c46c452637a27c6f698ad43382e8a54d5f0ba.png,"[""data/datasets/openfake/additional-900/images/fake/c552f3317939b6619ff5cfe8c73c46c452637a27c6f698ad43382e8a54d5f0ba.png""]",c552f3317939b6619ff5cfe8c73c46c452637a27c6f698ad43382e8a54d5f0ba,https://huggingface.co/datasets/ComplexDataLab/OpenFake,CC-BY-NC-4.0,,v1.0,750279a9710d3d98bbc6d0d87250312cfdf922a0,1,fake,collection_manifest_normalized_label_verified_by_sha256,human,human,true,human_master_final,0,low,1,medium,0.5769636034965515,0.024319086223840714,0,low,resnet50_layer4_fc_weighted_ordinal_v3,48f6495d4a62ded10d98c3835ffcd33c8f5c653e5df19cb03aef62582060e9b4,training
c5b00e14eb9bd2e8d1107f945298e17d4913731800fbdba1e3d29e890ce37af0,human_annotated/images/c5b00e14eb9bd2e8d1107f945298e17d4913731800fbdba1e3d29e890ce37af0.png,saberzl/SID_Set,data/datasets/sid-set/candidate-1500/images/fake/c5b00e14eb9bd2e8d1107f945298e17d4913731800fbdba1e3d29e890ce37af0.png,"[""data/datasets/sid-set/candidate-1500/images/fake/c5b00e14eb9bd2e8d1107f945298e17d4913731800fbdba1e3d29e890ce37af0.png""]",c5b00e14eb9bd2e8d1107f945298e17d4913731800fbdba1e3d29e890ce37af0,https://huggingface.co/datasets/saberzl/SID_Set,CC-BY-4.0,full_synthetic_041859,main,dc03ead57929879319ce30a82bfcfb8d317b10bd,1,fake,collection_manifest_normalized_label_verified_by_sha256,human,human,true,consolidated_human_review,0,low,0,low,0.22020269930362701,0.023823760449886322,0,low,resnet50_layer4_fc_weighted_ordinal_v3,48f6495d4a62ded10d98c3835ffcd33c8f5c653e5df19cb03aef62582060e9b4,training
c5b60bff36a159885d17f1a589a775763883b8f49126b88f5ad6ac86f6514565,human_annotated/images/c5b60bff36a159885d17f1a589a775763883b8f49126b88f5ad6ac86f6514565.png,ComplexDataLab/OpenFake,data/datasets/openfake/additional-900/images/fake/c5b60bff36a159885d17f1a589a775763883b8f49126b88f5ad6ac86f6514565.png,"[""data/datasets/openfake/additional-900/images/fake/c5b60bff36a159885d17f1a589a775763883b8f49126b88f5ad6ac86f6514565.png""]",c5b60bff36a159885d17f1a589a775763883b8f49126b88f5ad6ac86f6514565,https://huggingface.co/datasets/ComplexDataLab/OpenFake,CC-BY-NC-4.0,,v1.0,750279a9710d3d98bbc6d0d87250312cfdf922a0,1,fake,collection_manifest_normalized_label_verified_by_sha256,human,human,true,consolidated_human_review,0,low,0,low,0.46360746026039124,0.0980314239859581,0,low,resnet50_layer4_fc_weighted_ordinal_v3,48f6495d4a62ded10d98c3835ffcd33c8f5c653e5df19cb03aef62582060e9b4,training
c5c443056171b8db68e2d7a2383ecf4bf834d115cdb977cdd55f71c4b57b48bd,human_annotated/images/c5c443056171b8db68e2d7a2383ecf4bf834d115cdb977cdd55f71c4b57b48bd.jpg,saberzl/SID_Set,data/datasets/sid-set/candidate-1500/images/real/c5c443056171b8db68e2d7a2383ecf4bf834d115cdb977cdd55f71c4b57b48bd.jpg,"[""data/datasets/sid-set/candidate-1500/images/real/c5c443056171b8db68e2d7a2383ecf4bf834d115cdb977cdd55f71c4b57b48bd.jpg""]",c5c443056171b8db68e2d7a2383ecf4bf834d115cdb977cdd55f71c4b57b48bd,https://huggingface.co/datasets/saberzl/SID_Set,CC-BY-4.0,b919ad89e2bb955c,main,dc03ead57929879319ce30a82bfcfb8d317b10bd,0,real,collection_manifest_normalized_label_verified_by_sha256,human,human,true,consolidated_human_review,1,medium,1,medium,0.6032313704490662,0.0937090590596199,1,medium,resnet50_layer4_fc_weighted_ordinal_v3,48f6495d4a62ded10d98c3835ffcd33c8f5c653e5df19cb03aef62582060e9b4,validation
c5e2821a1b8943a164d1a0634dca60d1169721b78d90f6a2af32c432e092ca8f,human_annotated/images/c5e2821a1b8943a164d1a0634dca60d1169721b78d90f6a2af32c432e092ca8f.png,RRDataset,data/datasets/RRDataset/selection_1500/lorenzo/ai/production_000208.png,"[""data/datasets/RRDataset/selection_1500/lorenzo/ai/production_000208.png""]",c5e2821a1b8943a164d1a0634dca60d1169721b78d90f6a2af32c432e092ca8f,https://zenodo.org/records/14963880,CC-BY-4.0,,,,1,fake,rrdataset_local_directory_verified_by_sha256,human,human,true,consolidated_human_review,1,medium,1,medium,0.8938653469085693,0.14971104264259338,1,medium,resnet50_layer4_fc_weighted_ordinal_v3,48f6495d4a62ded10d98c3835ffcd33c8f5c653e5df19cb03aef62582060e9b4,training
c5e4daa0c50f9a7f6bca93abde9ec3e3fa3d106580385e570ad3e7dcb7079938,human_annotated/images/c5e4daa0c50f9a7f6bca93abde9ec3e3fa3d106580385e570ad3e7dcb7079938.jpg,ComplexDataLab/OpenFake,data/datasets/openfake/additional-900/images/real/c5e4daa0c50f9a7f6bca93abde9ec3e3fa3d106580385e570ad3e7dcb7079938.jpg,"[""data/datasets/openfake/additional-900/images/real/c5e4daa0c50f9a7f6bca93abde9ec3e3fa3d106580385e570ad3e7dcb7079938.jpg""]",c5e4daa0c50f9a7f6bca93abde9ec3e3fa3d106580385e570ad3e7dcb7079938,https://huggingface.co/datasets/ComplexDataLab/OpenFake,CC-BY-NC-4.0,,v1.0,750279a9710d3d98bbc6d0d87250312cfdf922a0,0,real,collection_manifest_normalized_label_verified_by_sha256,human,human,true,consolidated_human_review,1,medium,1,medium,0.7004296779632568,0.008524141274392605,1,medium,resnet50_layer4_fc_weighted_ordinal_v3,48f6495d4a62ded10d98c3835ffcd33c8f5c653e5df19cb03aef62582060e9b4,validation
c5fb2224ffc915d2b12fc044ebaf3e8dd52148cf5ce5e426df214c9b6596364f,human_annotated/images/c5fb2224ffc915d2b12fc044ebaf3e8dd52148cf5ce5e426df214c9b6596364f.jpg,ComplexDataLab/OpenFake,data/datasets/openfake/additional-900/images/real/c5fb2224ffc915d2b12fc044ebaf3e8dd52148cf5ce5e426df214c9b6596364f.jpg,"[""data/datasets/openfake/additional-900/images/real/c5fb2224ffc915d2b12fc044ebaf3e8dd52148cf5ce5e426df214c9b6596364f.jpg""]",c5fb2224ffc915d2b12fc044ebaf3e8dd52148cf5ce5e426df214c9b6596364f,https://huggingface.co/datasets/ComplexDataLab/OpenFake,CC-BY-NC-4.0,,v1.0,750279a9710d3d98bbc6d0d87250312cfdf922a0,0,real,collection_manifest_normalized_label_verified_by_sha256,human,human,true,human_master_final,1,medium,1,medium,0.690476655960083,0.048564180731773376,1,medium,resnet50_layer4_fc_weighted_ordinal_v3,48f6495d4a62ded10d98c3835ffcd33c8f5c653e5df19cb03aef62582060e9b4,training
c621fa97e8fd92973e5b2ca7077a8ffe8a5fbf5f844c33a6cdf30c3bf1224b3e,human_annotated/images/c621fa97e8fd92973e5b2ca7077a8ffe8a5fbf5f844c33a6cdf30c3bf1224b3e.png,RRDataset,data/datasets/RRDataset/selection_1500/giovanni/ai/War_&_Conflict_Scenes_000912.png,"[""data/datasets/RRDataset/selection_1500/giovanni/ai/War_&_Conflict_Scenes_000912.png""]",c621fa97e8fd92973e5b2ca7077a8ffe8a5fbf5f844c33a6cdf30c3bf1224b3e,https://zenodo.org/records/14963880,CC-BY-4.0,,,,1,fake,rrdataset_local_directory_verified_by_sha256,human,human,true,consolidated_human_review,2,high,2,high,0.9717460870742798,0.7108924984931946,2,high,resnet50_layer4_fc_weighted_ordinal_v3,48f6495d4a62ded10d98c3835ffcd33c8f5c653e5df19cb03aef62582060e9b4,validation
c6274b8880f20440f28ea1eef3bbe002ef1b8dffbc4ca0b34bd16f15070cafe0,human_annotated/images/c6274b8880f20440f28ea1eef3bbe002ef1b8dffbc4ca0b34bd16f15070cafe0.jpg,ComplexDataLab/OpenFake,data/datasets/openfake/pilot-600/images/real/c6274b8880f20440f28ea1eef3bbe002ef1b8dffbc4ca0b34bd16f15070cafe0.jpg,"[""data/datasets/openfake/pilot-600/images/real/c6274b8880f20440f28ea1eef3bbe002ef1b8dffbc4ca0b34bd16f15070cafe0.jpg""]",c6274b8880f20440f28ea1eef3bbe002ef1b8dffbc4ca0b34bd16f15070cafe0,https://huggingface.co/datasets/ComplexDataLab/OpenFake,CC-BY-NC-4.0,,v1.0,,0,real,collection_manifest_normalized_label_verified_by_sha256,human,human,true,human_master_final,1,medium,1,medium,0.8619226813316345,0.1141631007194519,1,medium,resnet50_layer4_fc_weighted_ordinal_v3,48f6495d4a62ded10d98c3835ffcd33c8f5c653e5df19cb03aef62582060e9b4,frozen_test
c64d7c60128530a9e04a90a9c283eee5683407f2e178f7fe723d839e03ea0b03,human_annotated/images/c64d7c60128530a9e04a90a9c283eee5683407f2e178f7fe723d839e03ea0b03.png,RRDataset,data/datasets/RRDataset/selection_1500/sara/ai/Natural_Disasters_&_Accidents_000173.png,"[""data/datasets/RRDataset/selection_1500/sara/ai/Natural_Disasters_&_Accidents_000173.png""]",c64d7c60128530a9e04a90a9c283eee5683407f2e178f7fe723d839e03ea0b03,https://zenodo.org/records/14963880,CC-BY-4.0,,,,1,fake,rrdataset_local_directory_verified_by_sha256,human,human,true,human_master_final,0,low,0,low,0.28619399666786194,0.06290792673826218,0,low,resnet50_layer4_fc_weighted_ordinal_v3,48f6495d4a62ded10d98c3835ffcd33c8f5c653e5df19cb03aef62582060e9b4,training
c6c998b6334d4499a2474e7262442d124be1f996ee9b1556d94ef173790e3c2d,human_annotated/images/c6c998b6334d4499a2474e7262442d124be1f996ee9b1556d94ef173790e3c2d.png,RRDataset,data/datasets/RRDataset/selection_1500/giovanni/ai/Natural_Disasters_&_Accidents_000903.png,"[""data/datasets/RRDataset/selection_1500/giovanni/ai/Natural_Disasters_&_Accidents_000903.png""]",c6c998b6334d4499a2474e7262442d124be1f996ee9b1556d94ef173790e3c2d,https://zenodo.org/records/14963880,CC-BY-4.0,,,,1,fake,rrdataset_local_directory_verified_by_sha256,human,human,true,human_master_final,1,medium,1,medium,0.637822687625885,0.15532565116882324,1,medium,resnet50_layer4_fc_weighted_ordinal_v3,48f6495d4a62ded10d98c3835ffcd33c8f5c653e5df19cb03aef62582060e9b4,training
c6d0ced2f556cdea35b511a57ece675d663465486208bc5d3029a76390708dce,human_annotated/images/c6d0ced2f556cdea35b511a57ece675d663465486208bc5d3029a76390708dce.jpg,RRDataset,data/datasets/RRDataset/selection_1500/lorenzo/real/real_006057.jpg,"[""data/datasets/RRDataset/selection_1500/lorenzo/real/real_006057.jpg""]",c6d0ced2f556cdea35b511a57ece675d663465486208bc5d3029a76390708dce,https://zenodo.org/records/14963880,CC-BY-4.0,,,,0,real,rrdataset_local_directory_verified_by_sha256,human,human,true,human_master_final,1,medium,1,medium,0.8054846525192261,0.02325204387307167,1,medium,resnet50_layer4_fc_weighted_ordinal_v3,48f6495d4a62ded10d98c3835ffcd33c8f5c653e5df19cb03aef62582060e9b4,validation
c74101840286243437a3e717797c13a49fba171dca93ef87c687063a1ca0cdbb,human_annotated/images/c74101840286243437a3e717797c13a49fba171dca93ef87c687063a1ca0cdbb.jpg,RRDataset,data/datasets/RRDataset/selection_1500/lorenzo/real/real_007248.jpg,"[""data/datasets/RRDataset/selection_1500/lorenzo/real/real_007248.jpg""]",c74101840286243437a3e717797c13a49fba171dca93ef87c687063a1ca0cdbb,https://zenodo.org/records/14963880,CC-BY-4.0,,,,0,real,rrdataset_local_directory_verified_by_sha256,human,human,true,human_master_final,1,medium,1,medium,0.5839837789535522,0.008474818430840969,1,medium,resnet50_layer4_fc_weighted_ordinal_v3,48f6495d4a62ded10d98c3835ffcd33c8f5c653e5df19cb03aef62582060e9b4,training
c77213925eb4626576a49406ab42749261b81c04b67d40dd78dc0dac24d2c643,human_annotated/images/c77213925eb4626576a49406ab42749261b81c04b67d40dd78dc0dac24d2c643.png,ComplexDataLab/OpenFake,data/datasets/openfake/pilot-600/images/fake/c77213925eb4626576a49406ab42749261b81c04b67d40dd78dc0dac24d2c643.png,"[""data/datasets/openfake/pilot-600/images/fake/c77213925eb4626576a49406ab42749261b81c04b67d40dd78dc0dac24d2c643.png""]",c77213925eb4626576a49406ab42749261b81c04b67d40dd78dc0dac24d2c643,https://huggingface.co/datasets/ComplexDataLab/OpenFake,CC-BY-NC-4.0,,v1.0,,1,fake,collection_manifest_normalized_label_verified_by_sha256,human,human,true,human_master_final,1,medium,1,medium,0.9150022268295288,0.0060558258555829525,1,medium,resnet50_layer4_fc_weighted_ordinal_v3,48f6495d4a62ded10d98c3835ffcd33c8f5c653e5df19cb03aef62582060e9b4,training
c77e38356353d90bdb96c476031ab7d0fbc0e5d6729042bdadf72d42e63a2f18,human_annotated/images/c77e38356353d90bdb96c476031ab7d0fbc0e5d6729042bdadf72d42e63a2f18.jpg,ComplexDataLab/OpenFake,data/datasets/openfake/pilot-600/images/real/c77e38356353d90bdb96c476031ab7d0fbc0e5d6729042bdadf72d42e63a2f18.jpg,"[""data/datasets/openfake/pilot-600/images/real/c77e38356353d90bdb96c476031ab7d0fbc0e5d6729042bdadf72d42e63a2f18.jpg""]",c77e38356353d90bdb96c476031ab7d0fbc0e5d6729042bdadf72d42e63a2f18,https://huggingface.co/datasets/ComplexDataLab/OpenFake,CC-BY-NC-4.0,,v1.0,,0,real,collection_manifest_normalized_label_verified_by_sha256,human,human,true,human_master_final,0,low,0,low,0.4972130060195923,0.08453039824962616,0,low,resnet50_layer4_fc_weighted_ordinal_v3,48f6495d4a62ded10d98c3835ffcd33c8f5c653e5df19cb03aef62582060e9b4,validation
c7a2561c8c38fcb85c7fdefe92ff5e30bb9efd344a7ef31771f227d827d7d00a,human_annotated/images/c7a2561c8c38fcb85c7fdefe92ff5e30bb9efd344a7ef31771f227d827d7d00a.png,ComplexDataLab/OpenFake,data/datasets/openfake/pilot-600/images/fake/c7a2561c8c38fcb85c7fdefe92ff5e30bb9efd344a7ef31771f227d827d7d00a.png,"[""data/datasets/openfake/pilot-600/images/fake/c7a2561c8c38fcb85c7fdefe92ff5e30bb9efd344a7ef31771f227d827d7d00a.png""]",c7a2561c8c38fcb85c7fdefe92ff5e30bb9efd344a7ef31771f227d827d7d00a,https://huggingface.co/datasets/ComplexDataLab/OpenFake,CC-BY-NC-4.0,,v1.0,,1,fake,collection_manifest_normalized_label_verified_by_sha256,human,human,true,human_master_final,1,medium,0,low,0.23620310425758362,0.015393869951367378,1,medium,resnet50_layer4_fc_weighted_ordinal_v3,48f6495d4a62ded10d98c3835ffcd33c8f5c653e5df19cb03aef62582060e9b4,validation
c7bd34d61c2eb0d241e1ae369baa5dc541cbb3e805074cff962db0dafc7333d1,human_annotated/images/c7bd34d61c2eb0d241e1ae369baa5dc541cbb3e805074cff962db0dafc7333d1.jpg,ComplexDataLab/OpenFake,data/datasets/openfake/pilot-600/images/real/c7bd34d61c2eb0d241e1ae369baa5dc541cbb3e805074cff962db0dafc7333d1.jpg,"[""data/datasets/openfake/pilot-600/images/real/c7bd34d61c2eb0d241e1ae369baa5dc541cbb3e805074cff962db0dafc7333d1.jpg""]",c7bd34d61c2eb0d241e1ae369baa5dc541cbb3e805074cff962db0dafc7333d1,https://huggingface.co/datasets/ComplexDataLab/OpenFake,CC-BY-NC-4.0,,v1.0,,0,real,collection_manifest_normalized_label_verified_by_sha256,human,human,true,human_master_final,1,medium,1,medium,0.8574979901313782,0.1974605917930603,1,medium,resnet50_layer4_fc_weighted_ordinal_v3,48f6495d4a62ded10d98c3835ffcd33c8f5c653e5df19cb03aef62582060e9b4,training
c7c7a871819613af30c00308641b9d76fb76e55283f88a1dd5992eccacd3c877,human_annotated/images/c7c7a871819613af30c00308641b9d76fb76e55283f88a1dd5992eccacd3c877.jpg,RRDataset,data/datasets/RRDataset/selection_1500/sara/real/real_007893.jpg,"[""data/datasets/RRDataset/selection_1500/sara/real/real_007893.jpg""]",c7c7a871819613af30c00308641b9d76fb76e55283f88a1dd5992eccacd3c877,https://zenodo.org/records/14963880,CC-BY-4.0,,,,0,real,rrdataset_local_directory_verified_by_sha256,human,human,true,human_master_final,0,low,0,low,0.26495903730392456,0.004945847205817699,0,low,resnet50_layer4_fc_weighted_ordinal_v3,48f6495d4a62ded10d98c3835ffcd33c8f5c653e5df19cb03aef62582060e9b4,training
c7f48c001248fdf39e471f051de245b8c6580c57b4c6f9f69853e99000e51306,human_annotated/images/c7f48c001248fdf39e471f051de245b8c6580c57b4c6f9f69853e99000e51306.jpg,saberzl/SID_Set,data/datasets/sid-set/candidate-1500/images/real/c7f48c001248fdf39e471f051de245b8c6580c57b4c6f9f69853e99000e51306.jpg,"[""data/datasets/sid-set/candidate-1500/images/real/c7f48c001248fdf39e471f051de245b8c6580c57b4c6f9f69853e99000e51306.jpg""]",c7f48c001248fdf39e471f051de245b8c6580c57b4c6f9f69853e99000e51306,https://huggingface.co/datasets/saberzl/SID_Set,CC-BY-4.0,06d6c0e7caa54b65,main,dc03ead57929879319ce30a82bfcfb8d317b10bd,0,real,collection_manifest_normalized_label_verified_by_sha256,human,human,true,human_master_final,1,medium,1,medium,0.8233703374862671,0.08895597606897354,1,medium,resnet50_layer4_fc_weighted_ordinal_v3,48f6495d4a62ded10d98c3835ffcd33c8f5c653e5df19cb03aef62582060e9b4,training
c7fb8de52497a2e1a197583305168c70736bad1b28b08688216581ada130e336,human_annotated/images/c7fb8de52497a2e1a197583305168c70736bad1b28b08688216581ada130e336.jpg,ComplexDataLab/OpenFake,data/datasets/openfake/additional-900/images/real/c7fb8de52497a2e1a197583305168c70736bad1b28b08688216581ada130e336.jpg,"[""data/datasets/openfake/additional-900/images/real/c7fb8de52497a2e1a197583305168c70736bad1b28b08688216581ada130e336.jpg""]",c7fb8de52497a2e1a197583305168c70736bad1b28b08688216581ada130e336,https://huggingface.co/datasets/ComplexDataLab/OpenFake,CC-BY-NC-4.0,,v1.0,750279a9710d3d98bbc6d0d87250312cfdf922a0,0,real,collection_manifest_normalized_label_verified_by_sha256,human,human,true,human_master_final,0,low,1,medium,0.821381688117981,0.12415020912885666,0,low,resnet50_layer4_fc_weighted_ordinal_v3,48f6495d4a62ded10d98c3835ffcd33c8f5c653e5df19cb03aef62582060e9b4,frozen_test
c83d2bf22ca4e222dff3065bd58fb45503688eb82a6146df0f6cbfcd831ba173,human_annotated/images/c83d2bf22ca4e222dff3065bd58fb45503688eb82a6146df0f6cbfcd831ba173.png,RRDataset,data/datasets/RRDataset/selection_1500/giovanni/ai/Medical_&_Public_Health_000379.png,"[""data/datasets/RRDataset/selection_1500/giovanni/ai/Medical_&_Public_Health_000379.png""]",c83d2bf22ca4e222dff3065bd58fb45503688eb82a6146df0f6cbfcd831ba173,https://zenodo.org/records/14963880,CC-BY-4.0,,,,1,fake,rrdataset_local_directory_verified_by_sha256,human,human,true,human_master_final,1,medium,1,medium,0.9290634989738464,0.08594360947608948,1,medium,resnet50_layer4_fc_weighted_ordinal_v3,48f6495d4a62ded10d98c3835ffcd33c8f5c653e5df19cb03aef62582060e9b4,validation
c853d0cac2b865434dc1e5b3ddf483ebda85dd609cbbca5bb1a9a3462065a3e5,human_annotated/images/c853d0cac2b865434dc1e5b3ddf483ebda85dd609cbbca5bb1a9a3462065a3e5.png,ComplexDataLab/OpenFake,data/datasets/openfake/additional-900/images/fake/c853d0cac2b865434dc1e5b3ddf483ebda85dd609cbbca5bb1a9a3462065a3e5.png,"[""data/datasets/openfake/additional-900/images/fake/c853d0cac2b865434dc1e5b3ddf483ebda85dd609cbbca5bb1a9a3462065a3e5.png""]",c853d0cac2b865434dc1e5b3ddf483ebda85dd609cbbca5bb1a9a3462065a3e5,https://huggingface.co/datasets/ComplexDataLab/OpenFake,CC-BY-NC-4.0,,v1.0,750279a9710d3d98bbc6d0d87250312cfdf922a0,1,fake,collection_manifest_normalized_label_verified_by_sha256,human,human,true,human_master_final,0,low,1,medium,0.754741370677948,0.10445624589920044,0,low,resnet50_layer4_fc_weighted_ordinal_v3,48f6495d4a62ded10d98c3835ffcd33c8f5c653e5df19cb03aef62582060e9b4,validation
c87fe0223ed4a9289e3094af7904de124cad56f14af49a5c619bda099a535bcd,human_annotated/images/c87fe0223ed4a9289e3094af7904de124cad56f14af49a5c619bda099a535bcd.jpg,saberzl/SID_Set,data/datasets/sid-set/candidate-1500/images/real/c87fe0223ed4a9289e3094af7904de124cad56f14af49a5c619bda099a535bcd.jpg,"[""data/datasets/sid-set/candidate-1500/images/real/c87fe0223ed4a9289e3094af7904de124cad56f14af49a5c619bda099a535bcd.jpg""]",c87fe0223ed4a9289e3094af7904de124cad56f14af49a5c619bda099a535bcd,https://huggingface.co/datasets/saberzl/SID_Set,CC-BY-4.0,b7955b6627b6f871,main,dc03ead57929879319ce30a82bfcfb8d317b10bd,0,real,collection_manifest_normalized_label_verified_by_sha256,human,human,true,consolidated_human_review,1,medium,1,medium,0.9541488885879517,0.019778408110141754,1,medium,resnet50_layer4_fc_weighted_ordinal_v3,48f6495d4a62ded10d98c3835ffcd33c8f5c653e5df19cb03aef62582060e9b4,validation
c898469bff552eb4c3b26e6aea58fba2febb9ad00b013f6785f8a3da6662929f,human_annotated/images/c898469bff552eb4c3b26e6aea58fba2febb9ad00b013f6785f8a3da6662929f.jpg,saberzl/SID_Set,data/datasets/sid-set/candidate-1500/images/real/c898469bff552eb4c3b26e6aea58fba2febb9ad00b013f6785f8a3da6662929f.jpg,"[""data/datasets/sid-set/candidate-1500/images/real/c898469bff552eb4c3b26e6aea58fba2febb9ad00b013f6785f8a3da6662929f.jpg""]",c898469bff552eb4c3b26e6aea58fba2febb9ad00b013f6785f8a3da6662929f,https://huggingface.co/datasets/saberzl/SID_Set,CC-BY-4.0,5693488cd9cdb949,main,dc03ead57929879319ce30a82bfcfb8d317b10bd,0,real,collection_manifest_normalized_label_verified_by_sha256,human,human,true,consolidated_human_review,1,medium,1,medium,0.9433645606040955,0.002371462993323803,1,medium,resnet50_layer4_fc_weighted_ordinal_v3,48f6495d4a62ded10d98c3835ffcd33c8f5c653e5df19cb03aef62582060e9b4,training
c8cca11e15c637ee7f85ba35e33ad31faf2ce28c0acf0b988b0dfd1ed5a1adbd,human_annotated/images/c8cca11e15c637ee7f85ba35e33ad31faf2ce28c0acf0b988b0dfd1ed5a1adbd.png,ComplexDataLab/OpenFake,data/datasets/openfake/pilot-600/images/fake/c8cca11e15c637ee7f85ba35e33ad31faf2ce28c0acf0b988b0dfd1ed5a1adbd.png,"[""data/datasets/openfake/pilot-600/images/fake/c8cca11e15c637ee7f85ba35e33ad31faf2ce28c0acf0b988b0dfd1ed5a1adbd.png""]",c8cca11e15c637ee7f85ba35e33ad31faf2ce28c0acf0b988b0dfd1ed5a1adbd,https://huggingface.co/datasets/ComplexDataLab/OpenFake,CC-BY-NC-4.0,,v1.0,,1,fake,collection_manifest_normalized_label_verified_by_sha256,human,human,true,human_master_final,0,low,0,low,0.37885332107543945,0.053820546716451645,0,low,resnet50_layer4_fc_weighted_ordinal_v3,48f6495d4a62ded10d98c3835ffcd33c8f5c653e5df19cb03aef62582060e9b4,frozen_test
c8e311ffc8f1f49ab711b2fc77d4d10501bcd8e3238cc67227022bac944b125d,human_annotated/images/c8e311ffc8f1f49ab711b2fc77d4d10501bcd8e3238cc67227022bac944b125d.png,saberzl/SID_Set,data/datasets/sid-set/candidate-1500/images/fake/c8e311ffc8f1f49ab711b2fc77d4d10501bcd8e3238cc67227022bac944b125d.png,"[""data/datasets/sid-set/candidate-1500/images/fake/c8e311ffc8f1f49ab711b2fc77d4d10501bcd8e3238cc67227022bac944b125d.png""]",c8e311ffc8f1f49ab711b2fc77d4d10501bcd8e3238cc67227022bac944b125d,https://huggingface.co/datasets/saberzl/SID_Set,CC-BY-4.0,full_synthetic_005764,main,dc03ead57929879319ce30a82bfcfb8d317b10bd,1,fake,collection_manifest_normalized_label_verified_by_sha256,human,human,true,human_master_final,0,low,0,low,0.4571891129016876,0.0058476426638662815,0,low,resnet50_layer4_fc_weighted_ordinal_v3,48f6495d4a62ded10d98c3835ffcd33c8f5c653e5df19cb03aef62582060e9b4,training
c8fae1ed4dcd5e7a5dc3f320cf12591249279e2ff2be81a9939640499251944d,human_annotated/images/c8fae1ed4dcd5e7a5dc3f320cf12591249279e2ff2be81a9939640499251944d.png,RRDataset,data/datasets/RRDataset/selection_1500/giovanni/ai/Medical_&_Public_Health_000724.png,"[""data/datasets/RRDataset/selection_1500/giovanni/ai/Medical_&_Public_Health_000724.png""]",c8fae1ed4dcd5e7a5dc3f320cf12591249279e2ff2be81a9939640499251944d,https://zenodo.org/records/14963880,CC-BY-4.0,,,,1,fake,rrdataset_local_directory_verified_by_sha256,human,human,true,consolidated_human_review,2,high,2,high,0.9718705415725708,0.5145608186721802,2,high,resnet50_layer4_fc_weighted_ordinal_v3,48f6495d4a62ded10d98c3835ffcd33c8f5c653e5df19cb03aef62582060e9b4,training
c928c6fa5ba42d0f1d7d65f7f95ebd23ae3835a597a90371c7e8b28518ba74b5,human_annotated/images/c928c6fa5ba42d0f1d7d65f7f95ebd23ae3835a597a90371c7e8b28518ba74b5.png,saberzl/SID_Set,data/datasets/sid-set/candidate-1500/images/fake/c928c6fa5ba42d0f1d7d65f7f95ebd23ae3835a597a90371c7e8b28518ba74b5.png,"[""data/datasets/sid-set/candidate-1500/images/fake/c928c6fa5ba42d0f1d7d65f7f95ebd23ae3835a597a90371c7e8b28518ba74b5.png""]",c928c6fa5ba42d0f1d7d65f7f95ebd23ae3835a597a90371c7e8b28518ba74b5,https://huggingface.co/datasets/saberzl/SID_Set,CC-BY-4.0,full_synthetic_052932,main,dc03ead57929879319ce30a82bfcfb8d317b10bd,1,fake,collection_manifest_normalized_label_verified_by_sha256,human,human,true,human_master_final,0,low,0,low,0.34642264246940613,0.03712669014930725,0,low,resnet50_layer4_fc_weighted_ordinal_v3,48f6495d4a62ded10d98c3835ffcd33c8f5c653e5df19cb03aef62582060e9b4,frozen_test
c952177d459fe51b0b05da3f63b75feeeea5539d40d52326e37a493baa79c273,human_annotated/images/c952177d459fe51b0b05da3f63b75feeeea5539d40d52326e37a493baa79c273.jpg,ComplexDataLab/OpenFake,data/datasets/openfake/pilot-600/images/real/c952177d459fe51b0b05da3f63b75feeeea5539d40d52326e37a493baa79c273.jpg,"[""data/datasets/openfake/pilot-600/images/real/c952177d459fe51b0b05da3f63b75feeeea5539d40d52326e37a493baa79c273.jpg""]",c952177d459fe51b0b05da3f63b75feeeea5539d40d52326e37a493baa79c273,https://huggingface.co/datasets/ComplexDataLab/OpenFake,CC-BY-NC-4.0,,v1.0,,0,real,collection_manifest_normalized_label_verified_by_sha256,human,human,true,human_master_final,1,medium,1,medium,0.9430302977561951,0.18498864769935608,1,medium,resnet50_layer4_fc_weighted_ordinal_v3,48f6495d4a62ded10d98c3835ffcd33c8f5c653e5df19cb03aef62582060e9b4,training
c970f2345461bbca047be3f8d7f6d67ce013b9707d91008bf6e50080a57f97eb,human_annotated/images/c970f2345461bbca047be3f8d7f6d67ce013b9707d91008bf6e50080a57f97eb.jpg,ComplexDataLab/OpenFake,data/datasets/openfake/pilot-600/images/real/c970f2345461bbca047be3f8d7f6d67ce013b9707d91008bf6e50080a57f97eb.jpg,"[""data/datasets/openfake/pilot-600/images/real/c970f2345461bbca047be3f8d7f6d67ce013b9707d91008bf6e50080a57f97eb.jpg""]",c970f2345461bbca047be3f8d7f6d67ce013b9707d91008bf6e50080a57f97eb,https://huggingface.co/datasets/ComplexDataLab/OpenFake,CC-BY-NC-4.0,,v1.0,,0,real,collection_manifest_normalized_label_verified_by_sha256,human,human,true,consolidated_human_review,2,high,1,medium,0.7757154107093811,0.23052407801151276,2,high,resnet50_layer4_fc_weighted_ordinal_v3,48f6495d4a62ded10d98c3835ffcd33c8f5c653e5df19cb03aef62582060e9b4,training
c9ac696b4b42d4006c18fdfd599f21b7e8ef847aa0f794964c7917c0ad22bb97,human_annotated/images/c9ac696b4b42d4006c18fdfd599f21b7e8ef847aa0f794964c7917c0ad22bb97.jpg,RRDataset,data/datasets/RRDataset/selection_1500/giovanni/real/real_001534.jpg,"[""data/datasets/RRDataset/selection_1500/giovanni/real/real_001534.jpg""]",c9ac696b4b42d4006c18fdfd599f21b7e8ef847aa0f794964c7917c0ad22bb97,https://zenodo.org/records/14963880,CC-BY-4.0,,,,0,real,rrdataset_local_directory_verified_by_sha256,human,human,true,human_master_final,2,high,1,medium,0.9086219072341919,0.13177010416984558,2,high,resnet50_layer4_fc_weighted_ordinal_v3,48f6495d4a62ded10d98c3835ffcd33c8f5c653e5df19cb03aef62582060e9b4,frozen_test
c9af3937b2a3e94204b0b363cab953ab7fb52d3658bbd0d6f2761e88e1afb270,human_annotated/images/c9af3937b2a3e94204b0b363cab953ab7fb52d3658bbd0d6f2761e88e1afb270.png,RRDataset,data/datasets/RRDataset/selection_1500/lorenzo/ai/Culture_&_Religion_000152.png,"[""data/datasets/RRDataset/selection_1500/lorenzo/ai/Culture_&_Religion_000152.png""]",c9af3937b2a3e94204b0b363cab953ab7fb52d3658bbd0d6f2761e88e1afb270,https://zenodo.org/records/14963880,CC-BY-4.0,,,,1,fake,rrdataset_local_directory_verified_by_sha256,human,human,true,consolidated_human_review,2,high,2,high,0.9828421473503113,0.7055437564849854,2,high,resnet50_layer4_fc_weighted_ordinal_v3,48f6495d4a62ded10d98c3835ffcd33c8f5c653e5df19cb03aef62582060e9b4,training
c9b2ac5127dbd56494e84850d3dc58fa9310669fd40bdef7783f189db450e741,human_annotated/images/c9b2ac5127dbd56494e84850d3dc58fa9310669fd40bdef7783f189db450e741.png,saberzl/SID_Set,data/datasets/sid-set/candidate-1500/images/fake/c9b2ac5127dbd56494e84850d3dc58fa9310669fd40bdef7783f189db450e741.png,"[""data/datasets/sid-set/candidate-1500/images/fake/c9b2ac5127dbd56494e84850d3dc58fa9310669fd40bdef7783f189db450e741.png""]",c9b2ac5127dbd56494e84850d3dc58fa9310669fd40bdef7783f189db450e741,https://huggingface.co/datasets/saberzl/SID_Set,CC-BY-4.0,full_synthetic_044696,main,dc03ead57929879319ce30a82bfcfb8d317b10bd,1,fake,collection_manifest_normalized_label_verified_by_sha256,human,human,true,human_master_final,0,low,0,low,0.0681818351149559,0.0028312583453953266,0,low,resnet50_layer4_fc_weighted_ordinal_v3,48f6495d4a62ded10d98c3835ffcd33c8f5c653e5df19cb03aef62582060e9b4,training
c9b70f8735073cd00fb46defb7fab43aeed3b5e5ccdb22296d0d1a57da2fc3be,human_annotated/images/c9b70f8735073cd00fb46defb7fab43aeed3b5e5ccdb22296d0d1a57da2fc3be.jpg,RRDataset,data/datasets/RRDataset/selection_1500/lorenzo/real/real_007148.jpg,"[""data/datasets/RRDataset/selection_1500/lorenzo/real/real_007148.jpg""]",c9b70f8735073cd00fb46defb7fab43aeed3b5e5ccdb22296d0d1a57da2fc3be,https://zenodo.org/records/14963880,CC-BY-4.0,,,,0,real,rrdataset_local_directory_verified_by_sha256,human,human,true,human_master_final,1,medium,1,medium,0.8749699592590332,0.021697359159588814,1,medium,resnet50_layer4_fc_weighted_ordinal_v3,48f6495d4a62ded10d98c3835ffcd33c8f5c653e5df19cb03aef62582060e9b4,training
c9c2ea80e92a4914a1d2c8fbdef8f6fa3126bfbda4aaa8f4231aee71276094d1,human_annotated/images/c9c2ea80e92a4914a1d2c8fbdef8f6fa3126bfbda4aaa8f4231aee71276094d1.jpg,RRDataset,data/datasets/RRDataset/selection_1500/sara/real/real_006443.jpg,"[""data/datasets/RRDataset/selection_1500/sara/real/real_006443.jpg""]",c9c2ea80e92a4914a1d2c8fbdef8f6fa3126bfbda4aaa8f4231aee71276094d1,https://zenodo.org/records/14963880,CC-BY-4.0,,,,0,real,rrdataset_local_directory_verified_by_sha256,human,human,true,human_master_final,1,medium,1,medium,0.5783200263977051,0.012335792183876038,1,medium,resnet50_layer4_fc_weighted_ordinal_v3,48f6495d4a62ded10d98c3835ffcd33c8f5c653e5df19cb03aef62582060e9b4,training
ca20dc9b1cf7f88d14bb9f4106c7789cc26ee0d7bfae98b6055b22fee3003a12,human_annotated/images/ca20dc9b1cf7f88d14bb9f4106c7789cc26ee0d7bfae98b6055b22fee3003a12.jpg,RRDataset,data/datasets/RRDataset/selection_1500/lorenzo/real/real_004407.jpg,"[""data/datasets/RRDataset/selection_1500/lorenzo/real/real_004407.jpg""]",ca20dc9b1cf7f88d14bb9f4106c7789cc26ee0d7bfae98b6055b22fee3003a12,https://zenodo.org/records/14963880,CC-BY-4.0,,,,0,real,rrdataset_local_directory_verified_by_sha256,human,human,true,human_master_final,1,medium,1,medium,0.948184072971344,0.019344665110111237,1,medium,resnet50_layer4_fc_weighted_ordinal_v3,48f6495d4a62ded10d98c3835ffcd33c8f5c653e5df19cb03aef62582060e9b4,training
ca3a7670f11788f0d42a4470534927e86a7d66ac993e94bd01c9c576aa2c431e,human_annotated/images/ca3a7670f11788f0d42a4470534927e86a7d66ac993e94bd01c9c576aa2c431e.jpg,saberzl/SID_Set,data/datasets/sid-set/candidate-1500/images/real/ca3a7670f11788f0d42a4470534927e86a7d66ac993e94bd01c9c576aa2c431e.jpg,"[""data/datasets/sid-set/candidate-1500/images/real/ca3a7670f11788f0d42a4470534927e86a7d66ac993e94bd01c9c576aa2c431e.jpg""]",ca3a7670f11788f0d42a4470534927e86a7d66ac993e94bd01c9c576aa2c431e,https://huggingface.co/datasets/saberzl/SID_Set,CC-BY-4.0,01ea859fc00fd3e7,main,dc03ead57929879319ce30a82bfcfb8d317b10bd,0,real,collection_manifest_normalized_label_verified_by_sha256,human,human,true,consolidated_human_review,0,low,1,medium,0.5140683054924011,0.2617233097553253,0,low,resnet50_layer4_fc_weighted_ordinal_v3,48f6495d4a62ded10d98c3835ffcd33c8f5c653e5df19cb03aef62582060e9b4,training
caa083948312f7d3794e0992e6a6de9c18b072aa426dbc2fe1599f69affa8ffa,human_annotated/images/caa083948312f7d3794e0992e6a6de9c18b072aa426dbc2fe1599f69affa8ffa.jpg,saberzl/SID_Set,data/datasets/sid-set/candidate-1500/images/real/caa083948312f7d3794e0992e6a6de9c18b072aa426dbc2fe1599f69affa8ffa.jpg,"[""data/datasets/sid-set/candidate-1500/images/real/caa083948312f7d3794e0992e6a6de9c18b072aa426dbc2fe1599f69affa8ffa.jpg""]",caa083948312f7d3794e0992e6a6de9c18b072aa426dbc2fe1599f69affa8ffa,https://huggingface.co/datasets/saberzl/SID_Set,CC-BY-4.0,bd46da82a34eec7e,main,dc03ead57929879319ce30a82bfcfb8d317b10bd,0,real,collection_manifest_normalized_label_verified_by_sha256,human,human,true,consolidated_human_review,1,medium,1,medium,0.8838751316070557,0.16310760378837585,1,medium,resnet50_layer4_fc_weighted_ordinal_v3,48f6495d4a62ded10d98c3835ffcd33c8f5c653e5df19cb03aef62582060e9b4,validation
cb0776613b69ff80a3f69c009f755369b05ca6bd3666e4f6a98f3aca7529efb2,human_annotated/images/cb0776613b69ff80a3f69c009f755369b05ca6bd3666e4f6a98f3aca7529efb2.jpg,ComplexDataLab/OpenFake,data/datasets/openfake/additional-900/images/real/cb0776613b69ff80a3f69c009f755369b05ca6bd3666e4f6a98f3aca7529efb2.jpg,"[""data/datasets/openfake/additional-900/images/real/cb0776613b69ff80a3f69c009f755369b05ca6bd3666e4f6a98f3aca7529efb2.jpg""]",cb0776613b69ff80a3f69c009f755369b05ca6bd3666e4f6a98f3aca7529efb2,https://huggingface.co/datasets/ComplexDataLab/OpenFake,CC-BY-NC-4.0,,v1.0,750279a9710d3d98bbc6d0d87250312cfdf922a0,0,real,collection_manifest_normalized_label_verified_by_sha256,human,human,true,consolidated_human_review,1,medium,1,medium,0.8399865627288818,0.30467531085014343,1,medium,resnet50_layer4_fc_weighted_ordinal_v3,48f6495d4a62ded10d98c3835ffcd33c8f5c653e5df19cb03aef62582060e9b4,training
cb3c107e7f9bb7fdb85c3e801c51382297abcc3aaf82000c1ddad9d46c1164f0,human_annotated/images/cb3c107e7f9bb7fdb85c3e801c51382297abcc3aaf82000c1ddad9d46c1164f0.jpg,RRDataset,data/datasets/RRDataset/selection_1500/giovanni/real/real_009260.jpg,"[""data/datasets/RRDataset/selection_1500/giovanni/real/real_009260.jpg""]",cb3c107e7f9bb7fdb85c3e801c51382297abcc3aaf82000c1ddad9d46c1164f0,https://zenodo.org/records/14963880,CC-BY-4.0,,,,0,real,rrdataset_local_directory_verified_by_sha256,human,human,true,human_master_final,1,medium,1,medium,0.8066407442092896,0.04578091949224472,1,medium,resnet50_layer4_fc_weighted_ordinal_v3,48f6495d4a62ded10d98c3835ffcd33c8f5c653e5df19cb03aef62582060e9b4,validation
cb7d165d032c2eb39be6e57eff30610c0167ba708f20d83924fbd7ae4021b84d,human_annotated/images/cb7d165d032c2eb39be6e57eff30610c0167ba708f20d83924fbd7ae4021b84d.png,saberzl/SID_Set,data/datasets/sid-set/candidate-1500/images/fake/cb7d165d032c2eb39be6e57eff30610c0167ba708f20d83924fbd7ae4021b84d.png,"[""data/datasets/sid-set/candidate-1500/images/fake/cb7d165d032c2eb39be6e57eff30610c0167ba708f20d83924fbd7ae4021b84d.png""]",cb7d165d032c2eb39be6e57eff30610c0167ba708f20d83924fbd7ae4021b84d,https://huggingface.co/datasets/saberzl/SID_Set,CC-BY-4.0,full_synthetic_015710,main,dc03ead57929879319ce30a82bfcfb8d317b10bd,1,fake,collection_manifest_normalized_label_verified_by_sha256,human,human,true,human_master_final,1,medium,1,medium,0.9011452794075012,0.4310135543346405,1,medium,resnet50_layer4_fc_weighted_ordinal_v3,48f6495d4a62ded10d98c3835ffcd33c8f5c653e5df19cb03aef62582060e9b4,training
cbad67fdac0a4b0116d73f2a9c238b53c360c9bcf23d9f4ae115539bbf12f2fa,human_annotated/images/cbad67fdac0a4b0116d73f2a9c238b53c360c9bcf23d9f4ae115539bbf12f2fa.png,saberzl/SID_Set,data/datasets/sid-set/candidate-1500/images/fake/cbad67fdac0a4b0116d73f2a9c238b53c360c9bcf23d9f4ae115539bbf12f2fa.png,"[""data/datasets/sid-set/candidate-1500/images/fake/cbad67fdac0a4b0116d73f2a9c238b53c360c9bcf23d9f4ae115539bbf12f2fa.png""]",cbad67fdac0a4b0116d73f2a9c238b53c360c9bcf23d9f4ae115539bbf12f2fa,https://huggingface.co/datasets/saberzl/SID_Set,CC-BY-4.0,full_synthetic_041428,main,dc03ead57929879319ce30a82bfcfb8d317b10bd,1,fake,collection_manifest_normalized_label_verified_by_sha256,human,human,true,human_master_final,0,low,0,low,0.40931257605552673,0.0960845798254013,0,low,resnet50_layer4_fc_weighted_ordinal_v3,48f6495d4a62ded10d98c3835ffcd33c8f5c653e5df19cb03aef62582060e9b4,training
cbfbc22ff9c68dd39579b3a5b309646e2882de98ae9f3bb143e1b2285c6ced39,human_annotated/images/cbfbc22ff9c68dd39579b3a5b309646e2882de98ae9f3bb143e1b2285c6ced39.png,ComplexDataLab/OpenFake,data/datasets/openfake/pilot-600/images/fake/cbfbc22ff9c68dd39579b3a5b309646e2882de98ae9f3bb143e1b2285c6ced39.png,"[""data/datasets/openfake/pilot-600/images/fake/cbfbc22ff9c68dd39579b3a5b309646e2882de98ae9f3bb143e1b2285c6ced39.png""]",cbfbc22ff9c68dd39579b3a5b309646e2882de98ae9f3bb143e1b2285c6ced39,https://huggingface.co/datasets/ComplexDataLab/OpenFake,CC-BY-NC-4.0,,v1.0,,1,fake,collection_manifest_normalized_label_verified_by_sha256,human,human,true,consolidated_human_review,0,low,1,medium,0.5970798134803772,0.03805706277489662,0,low,resnet50_layer4_fc_weighted_ordinal_v3,48f6495d4a62ded10d98c3835ffcd33c8f5c653e5df19cb03aef62582060e9b4,training
cc166fa01e3d9980098e56d745573893af8343d5e031df5e377e1bbe99201b8b,human_annotated/images/cc166fa01e3d9980098e56d745573893af8343d5e031df5e377e1bbe99201b8b.png,RRDataset,data/datasets/RRDataset/selection_1500/sara/ai/Medical_&_Public_Health_000473.png,"[""data/datasets/RRDataset/selection_1500/sara/ai/Medical_&_Public_Health_000473.png""]",cc166fa01e3d9980098e56d745573893af8343d5e031df5e377e1bbe99201b8b,https://zenodo.org/records/14963880,CC-BY-4.0,,,,1,fake,rrdataset_local_directory_verified_by_sha256,human,human,true,consolidated_human_review,2,high,2,high,0.9591876268386841,0.5875073671340942,2,high,resnet50_layer4_fc_weighted_ordinal_v3,48f6495d4a62ded10d98c3835ffcd33c8f5c653e5df19cb03aef62582060e9b4,training
cc17ff847e589bac491014d2b3b715711520d6ee32a56ead56ada640fe6ad8fe,human_annotated/images/cc17ff847e589bac491014d2b3b715711520d6ee32a56ead56ada640fe6ad8fe.png,RRDataset,data/datasets/RRDataset/selection_1500/lorenzo/ai/Natural_Disasters_&_Accidents_000800.png,"[""data/datasets/RRDataset/selection_1500/lorenzo/ai/Natural_Disasters_&_Accidents_000800.png""]",cc17ff847e589bac491014d2b3b715711520d6ee32a56ead56ada640fe6ad8fe,https://zenodo.org/records/14963880,CC-BY-4.0,,,,1,fake,rrdataset_local_directory_verified_by_sha256,human,human,true,human_master_final,1,medium,1,medium,0.5504252314567566,0.002771764062345028,1,medium,resnet50_layer4_fc_weighted_ordinal_v3,48f6495d4a62ded10d98c3835ffcd33c8f5c653e5df19cb03aef62582060e9b4,training
cc68576123d2f6625c6db066e7a08701e5a6acd8d58530399c1177a06916a0a4,human_annotated/images/cc68576123d2f6625c6db066e7a08701e5a6acd8d58530399c1177a06916a0a4.png,ComplexDataLab/OpenFake,data/datasets/openfake/additional-900/images/fake/cc68576123d2f6625c6db066e7a08701e5a6acd8d58530399c1177a06916a0a4.png,"[""data/datasets/openfake/additional-900/images/fake/cc68576123d2f6625c6db066e7a08701e5a6acd8d58530399c1177a06916a0a4.png""]",cc68576123d2f6625c6db066e7a08701e5a6acd8d58530399c1177a06916a0a4,https://huggingface.co/datasets/ComplexDataLab/OpenFake,CC-BY-NC-4.0,,v1.0,750279a9710d3d98bbc6d0d87250312cfdf922a0,1,fake,collection_manifest_normalized_label_verified_by_sha256,human,human,true,human_master_final,1,medium,1,medium,0.9314321875572205,0.021846599876880646,1,medium,resnet50_layer4_fc_weighted_ordinal_v3,48f6495d4a62ded10d98c3835ffcd33c8f5c653e5df19cb03aef62582060e9b4,frozen_test
cccd278ddeab436195b4082d44161517c78b41724a32efa0377dee6ae79e7e3d,human_annotated/images/cccd278ddeab436195b4082d44161517c78b41724a32efa0377dee6ae79e7e3d.jpg,ComplexDataLab/OpenFake,data/datasets/openfake/pilot-600/images/real/cccd278ddeab436195b4082d44161517c78b41724a32efa0377dee6ae79e7e3d.jpg,"[""data/datasets/openfake/pilot-600/images/real/cccd278ddeab436195b4082d44161517c78b41724a32efa0377dee6ae79e7e3d.jpg""]",cccd278ddeab436195b4082d44161517c78b41724a32efa0377dee6ae79e7e3d,https://huggingface.co/datasets/ComplexDataLab/OpenFake,CC-BY-NC-4.0,,v1.0,,0,real,collection_manifest_normalized_label_verified_by_sha256,human,human,true,human_master_final,0,low,1,medium,0.5192970633506775,0.025958918035030365,0,low,resnet50_layer4_fc_weighted_ordinal_v3,48f6495d4a62ded10d98c3835ffcd33c8f5c653e5df19cb03aef62582060e9b4,training
ccdc020bbb88392f6c83ce27e211847088524d3a3d1de95ad692cd2dc5a3b6ad,human_annotated/images/ccdc020bbb88392f6c83ce27e211847088524d3a3d1de95ad692cd2dc5a3b6ad.jpg,RRDataset,data/datasets/RRDataset/selection_1500/giovanni/real/real_006869.jpg,"[""data/datasets/RRDataset/selection_1500/giovanni/real/real_006869.jpg""]",ccdc020bbb88392f6c83ce27e211847088524d3a3d1de95ad692cd2dc5a3b6ad,https://zenodo.org/records/14963880,CC-BY-4.0,,,,0,real,rrdataset_local_directory_verified_by_sha256,human,human,true,human_master_final,1,medium,0,low,0.3369483947753906,0.00904255174100399,1,medium,resnet50_layer4_fc_weighted_ordinal_v3,48f6495d4a62ded10d98c3835ffcd33c8f5c653e5df19cb03aef62582060e9b4,training
cd1f1c6ff98f1f6c7b97c0b1c1f41c59fb24d06b847b33bbd8da069c4bb27935,human_annotated/images/cd1f1c6ff98f1f6c7b97c0b1c1f41c59fb24d06b847b33bbd8da069c4bb27935.jpg,ComplexDataLab/OpenFake,data/datasets/openfake/pilot-600/images/real/cd1f1c6ff98f1f6c7b97c0b1c1f41c59fb24d06b847b33bbd8da069c4bb27935.jpg,"[""data/datasets/openfake/pilot-600/images/real/cd1f1c6ff98f1f6c7b97c0b1c1f41c59fb24d06b847b33bbd8da069c4bb27935.jpg""]",cd1f1c6ff98f1f6c7b97c0b1c1f41c59fb24d06b847b33bbd8da069c4bb27935,https://huggingface.co/datasets/ComplexDataLab/OpenFake,CC-BY-NC-4.0,,v1.0,,0,real,collection_manifest_normalized_label_verified_by_sha256,human,human,true,human_master_final,1,medium,1,medium,0.6810491681098938,0.010651897639036179,1,medium,resnet50_layer4_fc_weighted_ordinal_v3,48f6495d4a62ded10d98c3835ffcd33c8f5c653e5df19cb03aef62582060e9b4,validation
cd43cde1efd10f923261d6d537942db5bef2ebfe88781825df5521c65ab1fd36,human_annotated/images/cd43cde1efd10f923261d6d537942db5bef2ebfe88781825df5521c65ab1fd36.jpg,ComplexDataLab/OpenFake,data/datasets/openfake/pilot-600/images/real/cd43cde1efd10f923261d6d537942db5bef2ebfe88781825df5521c65ab1fd36.jpg,"[""data/datasets/openfake/pilot-600/images/real/cd43cde1efd10f923261d6d537942db5bef2ebfe88781825df5521c65ab1fd36.jpg""]",cd43cde1efd10f923261d6d537942db5bef2ebfe88781825df5521c65ab1fd36,https://huggingface.co/datasets/ComplexDataLab/OpenFake,CC-BY-NC-4.0,,v1.0,,0,real,collection_manifest_normalized_label_verified_by_sha256,human,human,true,human_master_final,0,low,1,medium,0.8507174253463745,0.05266842618584633,0,low,resnet50_layer4_fc_weighted_ordinal_v3,48f6495d4a62ded10d98c3835ffcd33c8f5c653e5df19cb03aef62582060e9b4,validation
cd47406f6fb519a0571edf752dbf5574718aba6303fcaa9309036e80d3369f56,human_annotated/images/cd47406f6fb519a0571edf752dbf5574718aba6303fcaa9309036e80d3369f56.png,RRDataset,data/datasets/RRDataset/selection_1500/sara/ai/Natural_Disasters_&_Accidents_000899.png,"[""data/datasets/RRDataset/selection_1500/sara/ai/Natural_Disasters_&_Accidents_000899.png""]",cd47406f6fb519a0571edf752dbf5574718aba6303fcaa9309036e80d3369f56,https://zenodo.org/records/14963880,CC-BY-4.0,,,,1,fake,rrdataset_local_directory_verified_by_sha256,human,human,true,human_master_final,1,medium,1,medium,0.7559633255004883,0.2721775472164154,1,medium,resnet50_layer4_fc_weighted_ordinal_v3,48f6495d4a62ded10d98c3835ffcd33c8f5c653e5df19cb03aef62582060e9b4,training
cdc6c2adcbea5b64d50b74af4c0443e3aa6614588b5fdacdb905fe237bb074fe,human_annotated/images/cdc6c2adcbea5b64d50b74af4c0443e3aa6614588b5fdacdb905fe237bb074fe.png,saberzl/SID_Set,data/datasets/sid-set/candidate-1500/images/fake/cdc6c2adcbea5b64d50b74af4c0443e3aa6614588b5fdacdb905fe237bb074fe.png,"[""data/datasets/sid-set/candidate-1500/images/fake/cdc6c2adcbea5b64d50b74af4c0443e3aa6614588b5fdacdb905fe237bb074fe.png""]",cdc6c2adcbea5b64d50b74af4c0443e3aa6614588b5fdacdb905fe237bb074fe,https://huggingface.co/datasets/saberzl/SID_Set,CC-BY-4.0,full_synthetic_055368,main,dc03ead57929879319ce30a82bfcfb8d317b10bd,1,fake,collection_manifest_normalized_label_verified_by_sha256,human,human,true,human_master_final,0,low,0,low,0.4698612689971924,0.22192546725273132,0,low,resnet50_layer4_fc_weighted_ordinal_v3,48f6495d4a62ded10d98c3835ffcd33c8f5c653e5df19cb03aef62582060e9b4,training
ce1f6b93f25718a4b78c7e7e295dd733899198720cdcf40e7a446a278f624fed,human_annotated/images/ce1f6b93f25718a4b78c7e7e295dd733899198720cdcf40e7a446a278f624fed.jpg,ComplexDataLab/OpenFake,data/datasets/openfake/additional-900/images/real/ce1f6b93f25718a4b78c7e7e295dd733899198720cdcf40e7a446a278f624fed.jpg,"[""data/datasets/openfake/additional-900/images/real/ce1f6b93f25718a4b78c7e7e295dd733899198720cdcf40e7a446a278f624fed.jpg""]",ce1f6b93f25718a4b78c7e7e295dd733899198720cdcf40e7a446a278f624fed,https://huggingface.co/datasets/ComplexDataLab/OpenFake,CC-BY-NC-4.0,,v1.0,750279a9710d3d98bbc6d0d87250312cfdf922a0,0,real,collection_manifest_normalized_label_verified_by_sha256,human,human,true,human_master_final,1,medium,1,medium,0.9051015377044678,0.008169014938175678,1,medium,resnet50_layer4_fc_weighted_ordinal_v3,48f6495d4a62ded10d98c3835ffcd33c8f5c653e5df19cb03aef62582060e9b4,training
ceeadebc5a96112d2c81fd7a062a69653090a235d1ce435ba09b5c0579215248,human_annotated/images/ceeadebc5a96112d2c81fd7a062a69653090a235d1ce435ba09b5c0579215248.png,ComplexDataLab/OpenFake,data/datasets/openfake/additional-900/images/fake/ceeadebc5a96112d2c81fd7a062a69653090a235d1ce435ba09b5c0579215248.png,"[""data/datasets/openfake/additional-900/images/fake/ceeadebc5a96112d2c81fd7a062a69653090a235d1ce435ba09b5c0579215248.png""]",ceeadebc5a96112d2c81fd7a062a69653090a235d1ce435ba09b5c0579215248,https://huggingface.co/datasets/ComplexDataLab/OpenFake,CC-BY-NC-4.0,,v1.0,750279a9710d3d98bbc6d0d87250312cfdf922a0,1,fake,collection_manifest_normalized_label_verified_by_sha256,human,human,true,consolidated_human_review,1,medium,2,high,0.7500292658805847,0.4417583644390106,1,medium,resnet50_layer4_fc_weighted_ordinal_v3,48f6495d4a62ded10d98c3835ffcd33c8f5c653e5df19cb03aef62582060e9b4,training
cf2efba522504d98986b5fff949cb6c61730b8455362f621b616b93d07eb9dfc,human_annotated/images/cf2efba522504d98986b5fff949cb6c61730b8455362f621b616b93d07eb9dfc.png,RRDataset,data/datasets/RRDataset/selection_1500/giovanni/ai/production_000966.png,"[""data/datasets/RRDataset/selection_1500/giovanni/ai/production_000966.png""]",cf2efba522504d98986b5fff949cb6c61730b8455362f621b616b93d07eb9dfc,https://zenodo.org/records/14963880,CC-BY-4.0,,,,1,fake,rrdataset_local_directory_verified_by_sha256,human,human,true,consolidated_human_review,1,medium,1,medium,0.9074572920799255,0.19246423244476318,1,medium,resnet50_layer4_fc_weighted_ordinal_v3,48f6495d4a62ded10d98c3835ffcd33c8f5c653e5df19cb03aef62582060e9b4,training
cf5cf740601b3089b4ae1a947112bc8726984b0c61f2d71ddfc5005dae0732cc,human_annotated/images/cf5cf740601b3089b4ae1a947112bc8726984b0c61f2d71ddfc5005dae0732cc.png,ComplexDataLab/OpenFake,data/datasets/openfake/additional-900/images/fake/cf5cf740601b3089b4ae1a947112bc8726984b0c61f2d71ddfc5005dae0732cc.png,"[""data/datasets/openfake/additional-900/images/fake/cf5cf740601b3089b4ae1a947112bc8726984b0c61f2d71ddfc5005dae0732cc.png""]",cf5cf740601b3089b4ae1a947112bc8726984b0c61f2d71ddfc5005dae0732cc,https://huggingface.co/datasets/ComplexDataLab/OpenFake,CC-BY-NC-4.0,,v1.0,750279a9710d3d98bbc6d0d87250312cfdf922a0,1,fake,collection_manifest_normalized_label_verified_by_sha256,human,human,true,human_master_final,1,medium,1,medium,0.6936460137367249,0.009345367550849915,1,medium,resnet50_layer4_fc_weighted_ordinal_v3,48f6495d4a62ded10d98c3835ffcd33c8f5c653e5df19cb03aef62582060e9b4,training
cf774f3804a5ef30574080d2efacf759e812456849a483229fe5357d0048b1d4,human_annotated/images/cf774f3804a5ef30574080d2efacf759e812456849a483229fe5357d0048b1d4.jpg,RRDataset,data/datasets/RRDataset/selection_1500/lorenzo/real/real_002827.jpg,"[""data/datasets/RRDataset/selection_1500/lorenzo/real/real_002827.jpg""]",cf774f3804a5ef30574080d2efacf759e812456849a483229fe5357d0048b1d4,https://zenodo.org/records/14963880,CC-BY-4.0,,,,0,real,rrdataset_local_directory_verified_by_sha256,human,human,true,consolidated_human_review,1,medium,1,medium,0.7694342136383057,0.010313321836292744,1,medium,resnet50_layer4_fc_weighted_ordinal_v3,48f6495d4a62ded10d98c3835ffcd33c8f5c653e5df19cb03aef62582060e9b4,training
cfd5e12df2ff11bf2cd9db681356732073194389145f99907faebcb501c1ea85,human_annotated/images/cfd5e12df2ff11bf2cd9db681356732073194389145f99907faebcb501c1ea85.jpg,RRDataset,data/datasets/RRDataset/selection_1500/sara/real/real_003922.jpg,"[""data/datasets/RRDataset/selection_1500/sara/real/real_003922.jpg""]",cfd5e12df2ff11bf2cd9db681356732073194389145f99907faebcb501c1ea85,https://zenodo.org/records/14963880,CC-BY-4.0,,,,0,real,rrdataset_local_directory_verified_by_sha256,human,human,true,human_master_final,1,medium,1,medium,0.9265789985656738,0.04012787342071533,1,medium,resnet50_layer4_fc_weighted_ordinal_v3,48f6495d4a62ded10d98c3835ffcd33c8f5c653e5df19cb03aef62582060e9b4,training
d0a3146c57185b0ffa84c527b9a2780442a9d3aca9fa1d39d90f95d3c95f54e6,human_annotated/images/d0a3146c57185b0ffa84c527b9a2780442a9d3aca9fa1d39d90f95d3c95f54e6.png,RRDataset,data/datasets/RRDataset/selection_1500/sara/ai/Natural_Disasters_&_Accidents_000659.png,"[""data/datasets/RRDataset/selection_1500/sara/ai/Natural_Disasters_&_Accidents_000659.png""]",d0a3146c57185b0ffa84c527b9a2780442a9d3aca9fa1d39d90f95d3c95f54e6,https://zenodo.org/records/14963880,CC-BY-4.0,,,,1,fake,rrdataset_local_directory_verified_by_sha256,human,human,true,human_master_final,1,medium,2,high,0.9893572926521301,0.6583073139190674,1,medium,resnet50_layer4_fc_weighted_ordinal_v3,48f6495d4a62ded10d98c3835ffcd33c8f5c653e5df19cb03aef62582060e9b4,training
d11b2b75c29162851fe5f251f5682614684fecf7d61c6a8ee7198a94c59815a5,human_annotated/images/d11b2b75c29162851fe5f251f5682614684fecf7d61c6a8ee7198a94c59815a5.png,RRDataset,data/datasets/RRDataset/selection_1500/lorenzo/ai/Political_&_Social_Events_000924.png,"[""data/datasets/RRDataset/selection_1500/lorenzo/ai/Political_&_Social_Events_000924.png""]",d11b2b75c29162851fe5f251f5682614684fecf7d61c6a8ee7198a94c59815a5,https://zenodo.org/records/14963880,CC-BY-4.0,,,,1,fake,rrdataset_local_directory_verified_by_sha256,human,human,true,human_master_final,1,medium,2,high,0.9902834296226501,0.4586695730686188,1,medium,resnet50_layer4_fc_weighted_ordinal_v3,48f6495d4a62ded10d98c3835ffcd33c8f5c653e5df19cb03aef62582060e9b4,validation
d14a6cc4f193256c0abe9f810116ba3300857b6ea536bef9d6fffa3b7132b1c6,human_annotated/images/d14a6cc4f193256c0abe9f810116ba3300857b6ea536bef9d6fffa3b7132b1c6.png,RRDataset,data/datasets/RRDataset/selection_1500/giovanni/ai/Medical_&_Public_Health_000358.png,"[""data/datasets/RRDataset/selection_1500/giovanni/ai/Medical_&_Public_Health_000358.png""]",d14a6cc4f193256c0abe9f810116ba3300857b6ea536bef9d6fffa3b7132b1c6,https://zenodo.org/records/14963880,CC-BY-4.0,,,,1,fake,rrdataset_local_directory_verified_by_sha256,human,human,true,human_master_final,2,high,2,high,0.9849041700363159,0.7262850403785706,2,high,resnet50_layer4_fc_weighted_ordinal_v3,48f6495d4a62ded10d98c3835ffcd33c8f5c653e5df19cb03aef62582060e9b4,training
d15f320d8bb6685747c16b85350c6a51191d295f8441cd9f765aa8e0d1d9f6d7,human_annotated/images/d15f320d8bb6685747c16b85350c6a51191d295f8441cd9f765aa8e0d1d9f6d7.jpg,RRDataset,data/datasets/RRDataset/selection_1500/lorenzo/real/real_003682.jpg,"[""data/datasets/RRDataset/selection_1500/lorenzo/real/real_003682.jpg""]",d15f320d8bb6685747c16b85350c6a51191d295f8441cd9f765aa8e0d1d9f6d7,https://zenodo.org/records/14963880,CC-BY-4.0,,,,0,real,rrdataset_local_directory_verified_by_sha256,human,human,true,consolidated_human_review,1,medium,1,medium,0.7901039719581604,0.012322315014898777,1,medium,resnet50_layer4_fc_weighted_ordinal_v3,48f6495d4a62ded10d98c3835ffcd33c8f5c653e5df19cb03aef62582060e9b4,training
d18ec6d35a3ca5e5e8c7842b7a175c80d480df8e7367c2b713191c06e90b8c5d,human_annotated/images/d18ec6d35a3ca5e5e8c7842b7a175c80d480df8e7367c2b713191c06e90b8c5d.jpg,saberzl/SID_Set,data/datasets/sid-set/candidate-1500/images/real/d18ec6d35a3ca5e5e8c7842b7a175c80d480df8e7367c2b713191c06e90b8c5d.jpg,"[""data/datasets/sid-set/candidate-1500/images/real/d18ec6d35a3ca5e5e8c7842b7a175c80d480df8e7367c2b713191c06e90b8c5d.jpg""]",d18ec6d35a3ca5e5e8c7842b7a175c80d480df8e7367c2b713191c06e90b8c5d,https://huggingface.co/datasets/saberzl/SID_Set,CC-BY-4.0,2067e005fa8bc4a5,main,dc03ead57929879319ce30a82bfcfb8d317b10bd,0,real,collection_manifest_normalized_label_verified_by_sha256,human,human,true,consolidated_human_review,2,high,2,high,0.9357506632804871,0.5463423132896423,2,high,resnet50_layer4_fc_weighted_ordinal_v3,48f6495d4a62ded10d98c3835ffcd33c8f5c653e5df19cb03aef62582060e9b4,training
d19cb270e4bcab9a280501759878d5045502d6cf43a990520c74103b9c72cf20,human_annotated/images/d19cb270e4bcab9a280501759878d5045502d6cf43a990520c74103b9c72cf20.webp,ComplexDataLab/OpenFake,data/datasets/openfake/additional-900/images/fake/d19cb270e4bcab9a280501759878d5045502d6cf43a990520c74103b9c72cf20.webp,"[""data/datasets/openfake/additional-900/images/fake/d19cb270e4bcab9a280501759878d5045502d6cf43a990520c74103b9c72cf20.webp""]",d19cb270e4bcab9a280501759878d5045502d6cf43a990520c74103b9c72cf20,https://huggingface.co/datasets/ComplexDataLab/OpenFake,CC-BY-NC-4.0,,v1.0,750279a9710d3d98bbc6d0d87250312cfdf922a0,1,fake,collection_manifest_normalized_label_verified_by_sha256,human,human,true,consolidated_human_review,0,low,1,medium,0.533093273639679,0.2878715991973877,0,low,resnet50_layer4_fc_weighted_ordinal_v3,48f6495d4a62ded10d98c3835ffcd33c8f5c653e5df19cb03aef62582060e9b4,training
d22ab4418eac167cad647691d1d2d705aafb9d508c492e2e5e0c131dca4f4baa,human_annotated/images/d22ab4418eac167cad647691d1d2d705aafb9d508c492e2e5e0c131dca4f4baa.jpg,ComplexDataLab/OpenFake,data/datasets/openfake/additional-900/images/real/d22ab4418eac167cad647691d1d2d705aafb9d508c492e2e5e0c131dca4f4baa.jpg,"[""data/datasets/openfake/additional-900/images/real/d22ab4418eac167cad647691d1d2d705aafb9d508c492e2e5e0c131dca4f4baa.jpg""]",d22ab4418eac167cad647691d1d2d705aafb9d508c492e2e5e0c131dca4f4baa,https://huggingface.co/datasets/ComplexDataLab/OpenFake,CC-BY-NC-4.0,,v1.0,750279a9710d3d98bbc6d0d87250312cfdf922a0,0,real,collection_manifest_normalized_label_verified_by_sha256,human,human,true,human_master_final,0,low,0,low,0.3613094389438629,0.02833803929388523,0,low,resnet50_layer4_fc_weighted_ordinal_v3,48f6495d4a62ded10d98c3835ffcd33c8f5c653e5df19cb03aef62582060e9b4,training
d2523c4232d27d7978f688e3bea46884ced1e94b8c61c99141e455e0e60eb502,human_annotated/images/d2523c4232d27d7978f688e3bea46884ced1e94b8c61c99141e455e0e60eb502.jpg,ComplexDataLab/OpenFake,data/datasets/openfake/pilot-600/images/real/d2523c4232d27d7978f688e3bea46884ced1e94b8c61c99141e455e0e60eb502.jpg,"[""data/datasets/openfake/pilot-600/images/real/d2523c4232d27d7978f688e3bea46884ced1e94b8c61c99141e455e0e60eb502.jpg""]",d2523c4232d27d7978f688e3bea46884ced1e94b8c61c99141e455e0e60eb502,https://huggingface.co/datasets/ComplexDataLab/OpenFake,CC-BY-NC-4.0,,v1.0,,0,real,collection_manifest_normalized_label_verified_by_sha256,human,human,true,human_master_final,1,medium,1,medium,0.7400234341621399,0.0019741086289286613,1,medium,resnet50_layer4_fc_weighted_ordinal_v3,48f6495d4a62ded10d98c3835ffcd33c8f5c653e5df19cb03aef62582060e9b4,validation
d2f8824d919c1283b29a55c338333d47cd7dc61888e794f6ea3b63c7b792abff,human_annotated/images/d2f8824d919c1283b29a55c338333d47cd7dc61888e794f6ea3b63c7b792abff.jpg,RRDataset,data/datasets/RRDataset/selection_1500/lorenzo/real/real_001571.jpg,"[""data/datasets/RRDataset/selection_1500/lorenzo/real/real_001571.jpg""]",d2f8824d919c1283b29a55c338333d47cd7dc61888e794f6ea3b63c7b792abff,https://zenodo.org/records/14963880,CC-BY-4.0,,,,0,real,rrdataset_local_directory_verified_by_sha256,human,human,true,consolidated_human_review,2,high,2,high,0.9779404401779175,0.5862364768981934,2,high,resnet50_layer4_fc_weighted_ordinal_v3,48f6495d4a62ded10d98c3835ffcd33c8f5c653e5df19cb03aef62582060e9b4,training
d2fa49d263bf944fd959e358325b53e3ccc1fac088d360906653843a8f808cac,human_annotated/images/d2fa49d263bf944fd959e358325b53e3ccc1fac088d360906653843a8f808cac.png,saberzl/SID_Set,data/datasets/sid-set/candidate-1500/images/fake/d2fa49d263bf944fd959e358325b53e3ccc1fac088d360906653843a8f808cac.png,"[""data/datasets/sid-set/candidate-1500/images/fake/d2fa49d263bf944fd959e358325b53e3ccc1fac088d360906653843a8f808cac.png""]",d2fa49d263bf944fd959e358325b53e3ccc1fac088d360906653843a8f808cac,https://huggingface.co/datasets/saberzl/SID_Set,CC-BY-4.0,full_synthetic_021252,main,dc03ead57929879319ce30a82bfcfb8d317b10bd,1,fake,collection_manifest_normalized_label_verified_by_sha256,human,human,true,consolidated_human_review,0,low,1,medium,0.6834559440612793,0.21593943238258362,0,low,resnet50_layer4_fc_weighted_ordinal_v3,48f6495d4a62ded10d98c3835ffcd33c8f5c653e5df19cb03aef62582060e9b4,training
d31d50204a571cc8e03cefbc64ccb2796d67cbeed40ff3e9abad20643f81d9cb,human_annotated/images/d31d50204a571cc8e03cefbc64ccb2796d67cbeed40ff3e9abad20643f81d9cb.png,RRDataset,data/datasets/RRDataset/selection_1500/lorenzo/ai/Natural_Disasters_&_Accidents_000021.png,"[""data/datasets/RRDataset/selection_1500/lorenzo/ai/Natural_Disasters_&_Accidents_000021.png""]",d31d50204a571cc8e03cefbc64ccb2796d67cbeed40ff3e9abad20643f81d9cb,https://zenodo.org/records/14963880,CC-BY-4.0,,,,1,fake,rrdataset_local_directory_verified_by_sha256,human,human,true,human_master_final,1,medium,1,medium,0.7547340393066406,0.11078856885433197,1,medium,resnet50_layer4_fc_weighted_ordinal_v3,48f6495d4a62ded10d98c3835ffcd33c8f5c653e5df19cb03aef62582060e9b4,training
d37a223c59f986e77b04456ea2b45973c3bce7e9c502f6b3d6050e9d0719dc7f,human_annotated/images/d37a223c59f986e77b04456ea2b45973c3bce7e9c502f6b3d6050e9d0719dc7f.jpg,ComplexDataLab/OpenFake,data/datasets/openfake/pilot-600/images/real/d37a223c59f986e77b04456ea2b45973c3bce7e9c502f6b3d6050e9d0719dc7f.jpg,"[""data/datasets/openfake/pilot-600/images/real/d37a223c59f986e77b04456ea2b45973c3bce7e9c502f6b3d6050e9d0719dc7f.jpg""]",d37a223c59f986e77b04456ea2b45973c3bce7e9c502f6b3d6050e9d0719dc7f,https://huggingface.co/datasets/ComplexDataLab/OpenFake,CC-BY-NC-4.0,,v1.0,,0,real,collection_manifest_normalized_label_verified_by_sha256,human,human,true,human_master_final,0,low,1,medium,0.6502665281295776,0.013513396494090557,0,low,resnet50_layer4_fc_weighted_ordinal_v3,48f6495d4a62ded10d98c3835ffcd33c8f5c653e5df19cb03aef62582060e9b4,validation
d445b7e3a3a3139d8babee04415810b15de5ce4ca11cf4fedcd8c9537f7bf6fc,human_annotated/images/d445b7e3a3a3139d8babee04415810b15de5ce4ca11cf4fedcd8c9537f7bf6fc.jpg,RRDataset,data/datasets/RRDataset/selection_1500/sara/real/real_005991.jpg,"[""data/datasets/RRDataset/selection_1500/sara/real/real_005991.jpg""]",d445b7e3a3a3139d8babee04415810b15de5ce4ca11cf4fedcd8c9537f7bf6fc,https://zenodo.org/records/14963880,CC-BY-4.0,,,,0,real,rrdataset_local_directory_verified_by_sha256,human,human,true,consolidated_human_review,1,medium,1,medium,0.7374411225318909,0.119784876704216,1,medium,resnet50_layer4_fc_weighted_ordinal_v3,48f6495d4a62ded10d98c3835ffcd33c8f5c653e5df19cb03aef62582060e9b4,training
d4a3105cf302ee3fbbc9aaf1cfda538de25a69d370c6caab0d7060d88a25353b,human_annotated/images/d4a3105cf302ee3fbbc9aaf1cfda538de25a69d370c6caab0d7060d88a25353b.png,RRDataset,data/datasets/RRDataset/selection_1500/sara/ai/Medical_&_Public_Health_000466.png,"[""data/datasets/RRDataset/selection_1500/sara/ai/Medical_&_Public_Health_000466.png""]",d4a3105cf302ee3fbbc9aaf1cfda538de25a69d370c6caab0d7060d88a25353b,https://zenodo.org/records/14963880,CC-BY-4.0,,,,1,fake,rrdataset_local_directory_verified_by_sha256,human,human,true,human_master_final,2,high,2,high,0.9867253303527832,0.7352443933486938,2,high,resnet50_layer4_fc_weighted_ordinal_v3,48f6495d4a62ded10d98c3835ffcd33c8f5c653e5df19cb03aef62582060e9b4,frozen_test
d4c171932f0f7d2f8b4d3626881885b301584838a42007ba6a393f4b1d91a263,human_annotated/images/d4c171932f0f7d2f8b4d3626881885b301584838a42007ba6a393f4b1d91a263.jpg,RRDataset,data/datasets/RRDataset/selection_1500/giovanni/real/real_006160.jpg,"[""data/datasets/RRDataset/selection_1500/giovanni/real/real_006160.jpg""]",d4c171932f0f7d2f8b4d3626881885b301584838a42007ba6a393f4b1d91a263,https://zenodo.org/records/14963880,CC-BY-4.0,,,,0,real,rrdataset_local_directory_verified_by_sha256,human,human,true,human_master_final,0,low,0,low,0.11054988950490952,0.01496660802513361,0,low,resnet50_layer4_fc_weighted_ordinal_v3,48f6495d4a62ded10d98c3835ffcd33c8f5c653e5df19cb03aef62582060e9b4,training
d4d5856ff8719741a5833cc3ec0f485713d709d8fc0de559d340c869d23fddd6,human_annotated/images/d4d5856ff8719741a5833cc3ec0f485713d709d8fc0de559d340c869d23fddd6.jpg,RRDataset,data/datasets/RRDataset/selection_1500/sara/real/real_009005.jpg,"[""data/datasets/RRDataset/selection_1500/sara/real/real_009005.jpg""]",d4d5856ff8719741a5833cc3ec0f485713d709d8fc0de559d340c869d23fddd6,https://zenodo.org/records/14963880,CC-BY-4.0,,,,0,real,rrdataset_local_directory_verified_by_sha256,human,human,true,human_master_final,1,medium,1,medium,0.9504247903823853,0.0634528398513794,1,medium,resnet50_layer4_fc_weighted_ordinal_v3,48f6495d4a62ded10d98c3835ffcd33c8f5c653e5df19cb03aef62582060e9b4,training
d4e41245720f221225591ce627dd9667b696cc9323269ee20deada9f22a9c22d,human_annotated/images/d4e41245720f221225591ce627dd9667b696cc9323269ee20deada9f22a9c22d.jpg,RRDataset,data/datasets/RRDataset/selection_1500/sara/real/real_008396.jpg,"[""data/datasets/RRDataset/selection_1500/sara/real/real_008396.jpg""]",d4e41245720f221225591ce627dd9667b696cc9323269ee20deada9f22a9c22d,https://zenodo.org/records/14963880,CC-BY-4.0,,,,0,real,rrdataset_local_directory_verified_by_sha256,human,human,true,consolidated_human_review,0,low,1,medium,0.5216161012649536,0.08361326903104782,0,low,resnet50_layer4_fc_weighted_ordinal_v3,48f6495d4a62ded10d98c3835ffcd33c8f5c653e5df19cb03aef62582060e9b4,training
d5234056628877f05a76a60745967044eac877b6873521286382814eb11307d2,human_annotated/images/d5234056628877f05a76a60745967044eac877b6873521286382814eb11307d2.jpg,RRDataset,data/datasets/RRDataset/selection_1500/sara/real/real_009797.jpg,"[""data/datasets/RRDataset/selection_1500/sara/real/real_009797.jpg""]",d5234056628877f05a76a60745967044eac877b6873521286382814eb11307d2,https://zenodo.org/records/14963880,CC-BY-4.0,,,,0,real,rrdataset_local_directory_verified_by_sha256,human,human,true,human_master_final,0,low,0,low,0.2080114185810089,0.04909605160355568,0,low,resnet50_layer4_fc_weighted_ordinal_v3,48f6495d4a62ded10d98c3835ffcd33c8f5c653e5df19cb03aef62582060e9b4,training
d524d7165a8364654cca478f5beb4dac7d0742179c05a83845084a693e136f21,human_annotated/images/d524d7165a8364654cca478f5beb4dac7d0742179c05a83845084a693e136f21.png,RRDataset,data/datasets/RRDataset/selection_1500/lorenzo/ai/Political_&_Social_Events_000059.png,"[""data/datasets/RRDataset/selection_1500/lorenzo/ai/Political_&_Social_Events_000059.png""]",d524d7165a8364654cca478f5beb4dac7d0742179c05a83845084a693e136f21,https://zenodo.org/records/14963880,CC-BY-4.0,,,,1,fake,rrdataset_local_directory_verified_by_sha256,human,human,true,human_master_final,1,medium,2,high,0.9766513705253601,0.673689603805542,1,medium,resnet50_layer4_fc_weighted_ordinal_v3,48f6495d4a62ded10d98c3835ffcd33c8f5c653e5df19cb03aef62582060e9b4,frozen_test
d53650393d2d53f3295d8307d5c0d0016481de2b23aa9dc2524dd6d340539b30,human_annotated/images/d53650393d2d53f3295d8307d5c0d0016481de2b23aa9dc2524dd6d340539b30.png,RRDataset,data/datasets/RRDataset/selection_1500/giovanni/ai/Medical_&_Public_Health_000718.png,"[""data/datasets/RRDataset/selection_1500/giovanni/ai/Medical_&_Public_Health_000718.png""]",d53650393d2d53f3295d8307d5c0d0016481de2b23aa9dc2524dd6d340539b30,https://zenodo.org/records/14963880,CC-BY-4.0,,,,1,fake,rrdataset_local_directory_verified_by_sha256,human,human,true,human_master_final,1,medium,1,medium,0.9944791793823242,0.43448522686958313,1,medium,resnet50_layer4_fc_weighted_ordinal_v3,48f6495d4a62ded10d98c3835ffcd33c8f5c653e5df19cb03aef62582060e9b4,training
d541e1808be7102aaf8b6e008d7bf4214d2671d5b22d4d37dfadd11f80606a8a,human_annotated/images/d541e1808be7102aaf8b6e008d7bf4214d2671d5b22d4d37dfadd11f80606a8a.jpg,saberzl/SID_Set,data/datasets/sid-set/candidate-1500/images/real/d541e1808be7102aaf8b6e008d7bf4214d2671d5b22d4d37dfadd11f80606a8a.jpg,"[""data/datasets/sid-set/candidate-1500/images/real/d541e1808be7102aaf8b6e008d7bf4214d2671d5b22d4d37dfadd11f80606a8a.jpg""]",d541e1808be7102aaf8b6e008d7bf4214d2671d5b22d4d37dfadd11f80606a8a,https://huggingface.co/datasets/saberzl/SID_Set,CC-BY-4.0,49fa38586752896d,main,dc03ead57929879319ce30a82bfcfb8d317b10bd,0,real,collection_manifest_normalized_label_verified_by_sha256,human,human,true,consolidated_human_review,0,low,0,low,0.2557101845741272,0.25451982021331787,0,low,resnet50_layer4_fc_weighted_ordinal_v3,48f6495d4a62ded10d98c3835ffcd33c8f5c653e5df19cb03aef62582060e9b4,training
d6182b916886325a9bda543eb5c7af784ab53a1500a33f903d052de2c8a2a359,human_annotated/images/d6182b916886325a9bda543eb5c7af784ab53a1500a33f903d052de2c8a2a359.jpg,saberzl/SID_Set,data/datasets/sid-set/candidate-1500/images/real/d6182b916886325a9bda543eb5c7af784ab53a1500a33f903d052de2c8a2a359.jpg,"[""data/datasets/sid-set/candidate-1500/images/real/d6182b916886325a9bda543eb5c7af784ab53a1500a33f903d052de2c8a2a359.jpg""]",d6182b916886325a9bda543eb5c7af784ab53a1500a33f903d052de2c8a2a359,https://huggingface.co/datasets/saberzl/SID_Set,CC-BY-4.0,3ff4491f9a9fe864,main,dc03ead57929879319ce30a82bfcfb8d317b10bd,0,real,collection_manifest_normalized_label_verified_by_sha256,human,human,true,consolidated_human_review,0,low,1,medium,0.5637978911399841,0.12960413098335266,0,low,resnet50_layer4_fc_weighted_ordinal_v3,48f6495d4a62ded10d98c3835ffcd33c8f5c653e5df19cb03aef62582060e9b4,training
d6200723f74c9eab13d7523cca105ac51f04dd0fcff7c77d17bf37c78d7fe78e,human_annotated/images/d6200723f74c9eab13d7523cca105ac51f04dd0fcff7c77d17bf37c78d7fe78e.jpg,ComplexDataLab/OpenFake,data/datasets/openfake/pilot-600/images/real/d6200723f74c9eab13d7523cca105ac51f04dd0fcff7c77d17bf37c78d7fe78e.jpg,"[""data/datasets/openfake/pilot-600/images/real/d6200723f74c9eab13d7523cca105ac51f04dd0fcff7c77d17bf37c78d7fe78e.jpg""]",d6200723f74c9eab13d7523cca105ac51f04dd0fcff7c77d17bf37c78d7fe78e,https://huggingface.co/datasets/ComplexDataLab/OpenFake,CC-BY-NC-4.0,,v1.0,,0,real,collection_manifest_normalized_label_verified_by_sha256,human,human,true,human_master_final,1,medium,1,medium,0.903325080871582,0.014117423444986343,1,medium,resnet50_layer4_fc_weighted_ordinal_v3,48f6495d4a62ded10d98c3835ffcd33c8f5c653e5df19cb03aef62582060e9b4,validation
d6369deca538be1f43b01e0a7ca07a5b2054075d75854215cb9ce9e7cd1160f1,human_annotated/images/d6369deca538be1f43b01e0a7ca07a5b2054075d75854215cb9ce9e7cd1160f1.png,RRDataset,data/datasets/RRDataset/selection_1500/giovanni/ai/War_&_Conflict_Scenes_000838.png,"[""data/datasets/RRDataset/selection_1500/giovanni/ai/War_&_Conflict_Scenes_000838.png""]",d6369deca538be1f43b01e0a7ca07a5b2054075d75854215cb9ce9e7cd1160f1,https://zenodo.org/records/14963880,CC-BY-4.0,,,,1,fake,rrdataset_local_directory_verified_by_sha256,human,human,true,consolidated_human_review,2,high,2,high,0.9548201560974121,0.9169338941574097,2,high,resnet50_layer4_fc_weighted_ordinal_v3,48f6495d4a62ded10d98c3835ffcd33c8f5c653e5df19cb03aef62582060e9b4,training
d6f4c81461a1eb55b8cdf6a1a92d047fde6317eecb901432ec1b6ad20ace2741,human_annotated/images/d6f4c81461a1eb55b8cdf6a1a92d047fde6317eecb901432ec1b6ad20ace2741.jpg,ComplexDataLab/OpenFake,data/datasets/openfake/additional-900/images/real/d6f4c81461a1eb55b8cdf6a1a92d047fde6317eecb901432ec1b6ad20ace2741.jpg,"[""data/datasets/openfake/additional-900/images/real/d6f4c81461a1eb55b8cdf6a1a92d047fde6317eecb901432ec1b6ad20ace2741.jpg""]",d6f4c81461a1eb55b8cdf6a1a92d047fde6317eecb901432ec1b6ad20ace2741,https://huggingface.co/datasets/ComplexDataLab/OpenFake,CC-BY-NC-4.0,,v1.0,750279a9710d3d98bbc6d0d87250312cfdf922a0,0,real,collection_manifest_normalized_label_verified_by_sha256,human,human,true,consolidated_human_review,0,low,0,low,0.15154092013835907,0.01791425794363022,0,low,resnet50_layer4_fc_weighted_ordinal_v3,48f6495d4a62ded10d98c3835ffcd33c8f5c653e5df19cb03aef62582060e9b4,training
d72ceae9d59fda5588c156669dbb5695ecb36ecc5f8dd768d6b97cc6a6c66337,human_annotated/images/d72ceae9d59fda5588c156669dbb5695ecb36ecc5f8dd768d6b97cc6a6c66337.jpg,ComplexDataLab/OpenFake,data/datasets/openfake/additional-900/images/real/d72ceae9d59fda5588c156669dbb5695ecb36ecc5f8dd768d6b97cc6a6c66337.jpg,"[""data/datasets/openfake/additional-900/images/real/d72ceae9d59fda5588c156669dbb5695ecb36ecc5f8dd768d6b97cc6a6c66337.jpg""]",d72ceae9d59fda5588c156669dbb5695ecb36ecc5f8dd768d6b97cc6a6c66337,https://huggingface.co/datasets/ComplexDataLab/OpenFake,CC-BY-NC-4.0,,v1.0,750279a9710d3d98bbc6d0d87250312cfdf922a0,0,real,collection_manifest_normalized_label_verified_by_sha256,human,human,true,consolidated_human_review,0,low,0,low,0.24583600461483002,0.0014596100663766265,0,low,resnet50_layer4_fc_weighted_ordinal_v3,48f6495d4a62ded10d98c3835ffcd33c8f5c653e5df19cb03aef62582060e9b4,training
d78236a48786388f75c695822eef98643d176fae0905a8fa0c7ce1b3f92b8a91,human_annotated/images/d78236a48786388f75c695822eef98643d176fae0905a8fa0c7ce1b3f92b8a91.png,RRDataset,data/datasets/RRDataset/selection_1500/sara/ai/Natural_Disasters_&_Accidents_000765.png,"[""data/datasets/RRDataset/selection_1500/sara/ai/Natural_Disasters_&_Accidents_000765.png""]",d78236a48786388f75c695822eef98643d176fae0905a8fa0c7ce1b3f92b8a91,https://zenodo.org/records/14963880,CC-BY-4.0,,,,1,fake,rrdataset_local_directory_verified_by_sha256,human,human,true,human_master_final,0,low,0,low,0.07197455316781998,0.0033770937006920576,0,low,resnet50_layer4_fc_weighted_ordinal_v3,48f6495d4a62ded10d98c3835ffcd33c8f5c653e5df19cb03aef62582060e9b4,training
d7bb97122865bd97f29196ee7aedfa4d61b91459d6e37e812e0bf980e4a4a749,human_annotated/images/d7bb97122865bd97f29196ee7aedfa4d61b91459d6e37e812e0bf980e4a4a749.jpg,RRDataset,data/datasets/RRDataset/selection_1500/lorenzo/real/real_001673.jpg,"[""data/datasets/RRDataset/selection_1500/lorenzo/real/real_001673.jpg""]",d7bb97122865bd97f29196ee7aedfa4d61b91459d6e37e812e0bf980e4a4a749,https://zenodo.org/records/14963880,CC-BY-4.0,,,,0,real,rrdataset_local_directory_verified_by_sha256,human,human,true,human_master_final,1,medium,1,medium,0.9584823846817017,0.014073779806494713,1,medium,resnet50_layer4_fc_weighted_ordinal_v3,48f6495d4a62ded10d98c3835ffcd33c8f5c653e5df19cb03aef62582060e9b4,validation
d83b990da1b743a0385b8d2e287ea925d5c6067d01b688002a9926bde0304f4a,human_annotated/images/d83b990da1b743a0385b8d2e287ea925d5c6067d01b688002a9926bde0304f4a.png,saberzl/SID_Set,data/datasets/sid-set/candidate-1500/images/fake/d83b990da1b743a0385b8d2e287ea925d5c6067d01b688002a9926bde0304f4a.png,"[""data/datasets/sid-set/candidate-1500/images/fake/d83b990da1b743a0385b8d2e287ea925d5c6067d01b688002a9926bde0304f4a.png""]",d83b990da1b743a0385b8d2e287ea925d5c6067d01b688002a9926bde0304f4a,https://huggingface.co/datasets/saberzl/SID_Set,CC-BY-4.0,full_synthetic_025726,main,dc03ead57929879319ce30a82bfcfb8d317b10bd,1,fake,collection_manifest_normalized_label_verified_by_sha256,human,human,true,human_master_final,1,medium,1,medium,0.528190553188324,0.022292254492640495,1,medium,resnet50_layer4_fc_weighted_ordinal_v3,48f6495d4a62ded10d98c3835ffcd33c8f5c653e5df19cb03aef62582060e9b4,training
d8ba0315b1285e458dcd0f2721adc8678c9bf3108f3dbda4735770bfc83eecde,human_annotated/images/d8ba0315b1285e458dcd0f2721adc8678c9bf3108f3dbda4735770bfc83eecde.jpg,saberzl/SID_Set,data/datasets/sid-set/candidate-1500/images/real/d8ba0315b1285e458dcd0f2721adc8678c9bf3108f3dbda4735770bfc83eecde.jpg,"[""data/datasets/sid-set/candidate-1500/images/real/d8ba0315b1285e458dcd0f2721adc8678c9bf3108f3dbda4735770bfc83eecde.jpg""]",d8ba0315b1285e458dcd0f2721adc8678c9bf3108f3dbda4735770bfc83eecde,https://huggingface.co/datasets/saberzl/SID_Set,CC-BY-4.0,2d7863eb985ca795,main,dc03ead57929879319ce30a82bfcfb8d317b10bd,0,real,collection_manifest_normalized_label_verified_by_sha256,human,human,true,consolidated_human_review,1,medium,1,medium,0.846749484539032,0.1221456527709961,1,medium,resnet50_layer4_fc_weighted_ordinal_v3,48f6495d4a62ded10d98c3835ffcd33c8f5c653e5df19cb03aef62582060e9b4,training
d95a7a05137c451a9403f6731e2e9a80d8071402c1b64b4ef6c0df03795db4a1,human_annotated/images/d95a7a05137c451a9403f6731e2e9a80d8071402c1b64b4ef6c0df03795db4a1.png,saberzl/SID_Set,data/datasets/sid-set/candidate-1500/images/fake/d95a7a05137c451a9403f6731e2e9a80d8071402c1b64b4ef6c0df03795db4a1.png,"[""data/datasets/sid-set/candidate-1500/images/fake/d95a7a05137c451a9403f6731e2e9a80d8071402c1b64b4ef6c0df03795db4a1.png""]",d95a7a05137c451a9403f6731e2e9a80d8071402c1b64b4ef6c0df03795db4a1,https://huggingface.co/datasets/saberzl/SID_Set,CC-BY-4.0,full_synthetic_000132,main,dc03ead57929879319ce30a82bfcfb8d317b10bd,1,fake,collection_manifest_normalized_label_verified_by_sha256,human,human,true,consolidated_human_review,1,medium,1,medium,0.9146382212638855,0.034072984009981155,1,medium,resnet50_layer4_fc_weighted_ordinal_v3,48f6495d4a62ded10d98c3835ffcd33c8f5c653e5df19cb03aef62582060e9b4,training
d9694f5fbec4eb4fd65ce37c74986ef3ec1721954e551a4d1142f18b2a628dc6,human_annotated/images/d9694f5fbec4eb4fd65ce37c74986ef3ec1721954e551a4d1142f18b2a628dc6.jpg,ComplexDataLab/OpenFake,data/datasets/openfake/additional-900/images/real/d9694f5fbec4eb4fd65ce37c74986ef3ec1721954e551a4d1142f18b2a628dc6.jpg,"[""data/datasets/openfake/additional-900/images/real/d9694f5fbec4eb4fd65ce37c74986ef3ec1721954e551a4d1142f18b2a628dc6.jpg""]",d9694f5fbec4eb4fd65ce37c74986ef3ec1721954e551a4d1142f18b2a628dc6,https://huggingface.co/datasets/ComplexDataLab/OpenFake,CC-BY-NC-4.0,,v1.0,750279a9710d3d98bbc6d0d87250312cfdf922a0,0,real,collection_manifest_normalized_label_verified_by_sha256,human,human,true,consolidated_human_review,1,medium,1,medium,0.9175407290458679,0.0037926645018160343,1,medium,resnet50_layer4_fc_weighted_ordinal_v3,48f6495d4a62ded10d98c3835ffcd33c8f5c653e5df19cb03aef62582060e9b4,training
da0a9d12c2fbf72f026a50ce13a1005c56738e8c58989a520810d9c121fa820f,human_annotated/images/da0a9d12c2fbf72f026a50ce13a1005c56738e8c58989a520810d9c121fa820f.png,saberzl/SID_Set,data/datasets/sid-set/candidate-1500/images/fake/da0a9d12c2fbf72f026a50ce13a1005c56738e8c58989a520810d9c121fa820f.png,"[""data/datasets/sid-set/candidate-1500/images/fake/da0a9d12c2fbf72f026a50ce13a1005c56738e8c58989a520810d9c121fa820f.png""]",da0a9d12c2fbf72f026a50ce13a1005c56738e8c58989a520810d9c121fa820f,https://huggingface.co/datasets/saberzl/SID_Set,CC-BY-4.0,full_synthetic_016156,main,dc03ead57929879319ce30a82bfcfb8d317b10bd,1,fake,collection_manifest_normalized_label_verified_by_sha256,human,human,true,human_master_final,0,low,1,medium,0.7761874198913574,0.024792181327939034,0,low,resnet50_layer4_fc_weighted_ordinal_v3,48f6495d4a62ded10d98c3835ffcd33c8f5c653e5df19cb03aef62582060e9b4,training
da2028af791307f06d6a6c182368290163c6d5c0ab845f8c8406b0b25a40567a,human_annotated/images/da2028af791307f06d6a6c182368290163c6d5c0ab845f8c8406b0b25a40567a.png,RRDataset,data/datasets/RRDataset/selection_1500/sara/ai/normal_007795.png,"[""data/datasets/RRDataset/selection_1500/sara/ai/normal_007795.png""]",da2028af791307f06d6a6c182368290163c6d5c0ab845f8c8406b0b25a40567a,https://zenodo.org/records/14963880,CC-BY-4.0,,,,1,fake,rrdataset_local_directory_verified_by_sha256,human,human,true,human_master_final,0,low,1,medium,0.8667176961898804,0.21024173498153687,0,low,resnet50_layer4_fc_weighted_ordinal_v3,48f6495d4a62ded10d98c3835ffcd33c8f5c653e5df19cb03aef62582060e9b4,training
da8831ffc37c78b3115ebe1097314420b46815f932d32cf909fbc50de11d4926,human_annotated/images/da8831ffc37c78b3115ebe1097314420b46815f932d32cf909fbc50de11d4926.png,RRDataset,data/datasets/RRDataset/selection_1500/giovanni/ai/War_&_Conflict_Scenes_000447.png,"[""data/datasets/RRDataset/selection_1500/giovanni/ai/War_&_Conflict_Scenes_000447.png""]",da8831ffc37c78b3115ebe1097314420b46815f932d32cf909fbc50de11d4926,https://zenodo.org/records/14963880,CC-BY-4.0,,,,1,fake,rrdataset_local_directory_verified_by_sha256,human,human,true,consolidated_human_review,2,high,2,high,0.8987256288528442,0.5123758912086487,2,high,resnet50_layer4_fc_weighted_ordinal_v3,48f6495d4a62ded10d98c3835ffcd33c8f5c653e5df19cb03aef62582060e9b4,training
dad9b5c204423d31effe2ceb0f2f8897d746799079cbf38fe413fee811a1a48a,human_annotated/images/dad9b5c204423d31effe2ceb0f2f8897d746799079cbf38fe413fee811a1a48a.jpg,ComplexDataLab/OpenFake,data/datasets/openfake/additional-900/images/real/dad9b5c204423d31effe2ceb0f2f8897d746799079cbf38fe413fee811a1a48a.jpg,"[""data/datasets/openfake/additional-900/images/real/dad9b5c204423d31effe2ceb0f2f8897d746799079cbf38fe413fee811a1a48a.jpg""]",dad9b5c204423d31effe2ceb0f2f8897d746799079cbf38fe413fee811a1a48a,https://huggingface.co/datasets/ComplexDataLab/OpenFake,CC-BY-NC-4.0,,v1.0,750279a9710d3d98bbc6d0d87250312cfdf922a0,0,real,collection_manifest_normalized_label_verified_by_sha256,human,human,true,consolidated_human_review,1,medium,1,medium,0.9429070949554443,0.010089961811900139,1,medium,resnet50_layer4_fc_weighted_ordinal_v3,48f6495d4a62ded10d98c3835ffcd33c8f5c653e5df19cb03aef62582060e9b4,training
dadef9aceefd232e46c0282f4e535f13dcf3880ecec87e1a67210d63a5ffaa0d,human_annotated/images/dadef9aceefd232e46c0282f4e535f13dcf3880ecec87e1a67210d63a5ffaa0d.png,RRDataset,data/datasets/RRDataset/selection_1500/lorenzo/ai/Medical_&_Public_Health_000213.png,"[""data/datasets/RRDataset/selection_1500/lorenzo/ai/Medical_&_Public_Health_000213.png""]",dadef9aceefd232e46c0282f4e535f13dcf3880ecec87e1a67210d63a5ffaa0d,https://zenodo.org/records/14963880,CC-BY-4.0,,,,1,fake,rrdataset_local_directory_verified_by_sha256,human,human,true,consolidated_human_review,2,high,2,high,0.9766403436660767,0.6772620677947998,2,high,resnet50_layer4_fc_weighted_ordinal_v3,48f6495d4a62ded10d98c3835ffcd33c8f5c653e5df19cb03aef62582060e9b4,training
db0acffe8f2cd2d8d0b8ef9cdf0c0dd099840c8a9dba5d8b36ac101f5c0a620c,human_annotated/images/db0acffe8f2cd2d8d0b8ef9cdf0c0dd099840c8a9dba5d8b36ac101f5c0a620c.png,RRDataset,data/datasets/RRDataset/selection_1500/giovanni/ai/Natural_Disasters_&_Accidents_000961.png,"[""data/datasets/RRDataset/selection_1500/giovanni/ai/Natural_Disasters_&_Accidents_000961.png""]",db0acffe8f2cd2d8d0b8ef9cdf0c0dd099840c8a9dba5d8b36ac101f5c0a620c,https://zenodo.org/records/14963880,CC-BY-4.0,,,,1,fake,rrdataset_local_directory_verified_by_sha256,human,human,true,human_master_final,1,medium,1,medium,0.9647124409675598,0.008539319038391113,1,medium,resnet50_layer4_fc_weighted_ordinal_v3,48f6495d4a62ded10d98c3835ffcd33c8f5c653e5df19cb03aef62582060e9b4,training
db610dc0b9cde73a73a5805be0f7028398b3b2ccdd85855715931e3247c4e3e4,human_annotated/images/db610dc0b9cde73a73a5805be0f7028398b3b2ccdd85855715931e3247c4e3e4.png,ComplexDataLab/OpenFake,data/datasets/openfake/additional-900/images/fake/db610dc0b9cde73a73a5805be0f7028398b3b2ccdd85855715931e3247c4e3e4.png,"[""data/datasets/openfake/additional-900/images/fake/db610dc0b9cde73a73a5805be0f7028398b3b2ccdd85855715931e3247c4e3e4.png""]",db610dc0b9cde73a73a5805be0f7028398b3b2ccdd85855715931e3247c4e3e4,https://huggingface.co/datasets/ComplexDataLab/OpenFake,CC-BY-NC-4.0,,v1.0,750279a9710d3d98bbc6d0d87250312cfdf922a0,1,fake,collection_manifest_normalized_label_verified_by_sha256,human,human,true,consolidated_human_review,0,low,1,medium,0.6436907052993774,0.18055841326713562,0,low,resnet50_layer4_fc_weighted_ordinal_v3,48f6495d4a62ded10d98c3835ffcd33c8f5c653e5df19cb03aef62582060e9b4,training
db69b313cec6dfe96242ec7f0f6b6962bd44205aa1a35af16375e07c944b09bf,human_annotated/images/db69b313cec6dfe96242ec7f0f6b6962bd44205aa1a35af16375e07c944b09bf.jpg,RRDataset,data/datasets/RRDataset/selection_1500/sara/ai/normal_006375.jpg,"[""data/datasets/RRDataset/selection_1500/sara/ai/normal_006375.jpg""]",db69b313cec6dfe96242ec7f0f6b6962bd44205aa1a35af16375e07c944b09bf,https://zenodo.org/records/14963880,CC-BY-4.0,,,,1,fake,rrdataset_local_directory_verified_by_sha256,human,human,true,human_master_final,1,medium,1,medium,0.8192392587661743,0.020395902916789055,1,medium,resnet50_layer4_fc_weighted_ordinal_v3,48f6495d4a62ded10d98c3835ffcd33c8f5c653e5df19cb03aef62582060e9b4,training
dbad08fd38392fc7900329c81f539852697567b1f60a1a98376f9bc504746fb0,human_annotated/images/dbad08fd38392fc7900329c81f539852697567b1f60a1a98376f9bc504746fb0.jpg,saberzl/SID_Set,data/datasets/sid-set/candidate-1500/images/real/dbad08fd38392fc7900329c81f539852697567b1f60a1a98376f9bc504746fb0.jpg,"[""data/datasets/sid-set/candidate-1500/images/real/dbad08fd38392fc7900329c81f539852697567b1f60a1a98376f9bc504746fb0.jpg""]",dbad08fd38392fc7900329c81f539852697567b1f60a1a98376f9bc504746fb0,https://huggingface.co/datasets/saberzl/SID_Set,CC-BY-4.0,07a64f3c217a6a5d,main,dc03ead57929879319ce30a82bfcfb8d317b10bd,0,real,collection_manifest_normalized_label_verified_by_sha256,human,human,true,human_master_final,1,medium,1,medium,0.9841148853302002,0.0018111668759956956,1,medium,resnet50_layer4_fc_weighted_ordinal_v3,48f6495d4a62ded10d98c3835ffcd33c8f5c653e5df19cb03aef62582060e9b4,training
dc3c5b4fcddc615a09ec80486017484cc4e9aff600e16cb1d3ebcec090c5a20e,human_annotated/images/dc3c5b4fcddc615a09ec80486017484cc4e9aff600e16cb1d3ebcec090c5a20e.png,saberzl/SID_Set,data/datasets/sid-set/candidate-1500/images/fake/dc3c5b4fcddc615a09ec80486017484cc4e9aff600e16cb1d3ebcec090c5a20e.png,"[""data/datasets/sid-set/candidate-1500/images/fake/dc3c5b4fcddc615a09ec80486017484cc4e9aff600e16cb1d3ebcec090c5a20e.png""]",dc3c5b4fcddc615a09ec80486017484cc4e9aff600e16cb1d3ebcec090c5a20e,https://huggingface.co/datasets/saberzl/SID_Set,CC-BY-4.0,full_synthetic_027374,main,dc03ead57929879319ce30a82bfcfb8d317b10bd,1,fake,collection_manifest_normalized_label_verified_by_sha256,human,human,true,human_master_final,1,medium,1,medium,0.7595590949058533,0.03296415135264397,1,medium,resnet50_layer4_fc_weighted_ordinal_v3,48f6495d4a62ded10d98c3835ffcd33c8f5c653e5df19cb03aef62582060e9b4,training
dc8c7b479919a5d77a7587a2c9a68ef98bac85e75d9d348220fb56e5e6026cf4,human_annotated/images/dc8c7b479919a5d77a7587a2c9a68ef98bac85e75d9d348220fb56e5e6026cf4.jpg,ComplexDataLab/OpenFake,data/datasets/openfake/additional-900/images/real/dc8c7b479919a5d77a7587a2c9a68ef98bac85e75d9d348220fb56e5e6026cf4.jpg,"[""data/datasets/openfake/additional-900/images/real/dc8c7b479919a5d77a7587a2c9a68ef98bac85e75d9d348220fb56e5e6026cf4.jpg""]",dc8c7b479919a5d77a7587a2c9a68ef98bac85e75d9d348220fb56e5e6026cf4,https://huggingface.co/datasets/ComplexDataLab/OpenFake,CC-BY-NC-4.0,,v1.0,750279a9710d3d98bbc6d0d87250312cfdf922a0,0,real,collection_manifest_normalized_label_verified_by_sha256,human,human,true,human_master_final,1,medium,1,medium,0.8645737171173096,0.15014085173606873,1,medium,resnet50_layer4_fc_weighted_ordinal_v3,48f6495d4a62ded10d98c3835ffcd33c8f5c653e5df19cb03aef62582060e9b4,training
dcb5901da460fdb929509373ef6cd89c657a251c9b9830823a2c399cf698bbe8,human_annotated/images/dcb5901da460fdb929509373ef6cd89c657a251c9b9830823a2c399cf698bbe8.png,RRDataset,data/datasets/RRDataset/selection_1500/sara/ai/War_&_Conflict_Scenes_000543.png,"[""data/datasets/RRDataset/selection_1500/sara/ai/War_&_Conflict_Scenes_000543.png""]",dcb5901da460fdb929509373ef6cd89c657a251c9b9830823a2c399cf698bbe8,https://zenodo.org/records/14963880,CC-BY-4.0,,,,1,fake,rrdataset_local_directory_verified_by_sha256,human,human,true,human_master_final,1,medium,1,medium,0.9204558730125427,0.33368730545043945,1,medium,resnet50_layer4_fc_weighted_ordinal_v3,48f6495d4a62ded10d98c3835ffcd33c8f5c653e5df19cb03aef62582060e9b4,frozen_test
dcb7e0a966b9aca437f85e9ccd85c15a2ab4f5cca2068750ecc3497b1aa56d3e,human_annotated/images/dcb7e0a966b9aca437f85e9ccd85c15a2ab4f5cca2068750ecc3497b1aa56d3e.jpg,RRDataset,data/datasets/RRDataset/selection_1500/sara/real/real_000786.jpg,"[""data/datasets/RRDataset/selection_1500/sara/real/real_000786.jpg""]",dcb7e0a966b9aca437f85e9ccd85c15a2ab4f5cca2068750ecc3497b1aa56d3e,https://zenodo.org/records/14963880,CC-BY-4.0,,,,0,real,rrdataset_local_directory_verified_by_sha256,human,human,true,consolidated_human_review,0,low,1,medium,0.8191131353378296,0.06027955561876297,0,low,resnet50_layer4_fc_weighted_ordinal_v3,48f6495d4a62ded10d98c3835ffcd33c8f5c653e5df19cb03aef62582060e9b4,training
dcc1f92c50deced95bc0f18f66a9b4c3c532c0de1c950499c4059754e86e81ea,human_annotated/images/dcc1f92c50deced95bc0f18f66a9b4c3c532c0de1c950499c4059754e86e81ea.jpg,saberzl/SID_Set,data/datasets/sid-set/candidate-1500/images/real/dcc1f92c50deced95bc0f18f66a9b4c3c532c0de1c950499c4059754e86e81ea.jpg,"[""data/datasets/sid-set/candidate-1500/images/real/dcc1f92c50deced95bc0f18f66a9b4c3c532c0de1c950499c4059754e86e81ea.jpg""]",dcc1f92c50deced95bc0f18f66a9b4c3c532c0de1c950499c4059754e86e81ea,https://huggingface.co/datasets/saberzl/SID_Set,CC-BY-4.0,b63b46c5e0587df9,main,dc03ead57929879319ce30a82bfcfb8d317b10bd,0,real,collection_manifest_normalized_label_verified_by_sha256,human,human,true,human_master_final,0,low,1,medium,0.5188146233558655,0.0015978894662111998,0,low,resnet50_layer4_fc_weighted_ordinal_v3,48f6495d4a62ded10d98c3835ffcd33c8f5c653e5df19cb03aef62582060e9b4,training
dd736e197c2842c41f7699d083fc34d0cfdc630c24ced9e4779a0890487ecc22,human_annotated/images/dd736e197c2842c41f7699d083fc34d0cfdc630c24ced9e4779a0890487ecc22.png,ComplexDataLab/OpenFake,data/datasets/openfake/additional-900/images/fake/dd736e197c2842c41f7699d083fc34d0cfdc630c24ced9e4779a0890487ecc22.png,"[""data/datasets/openfake/additional-900/images/fake/dd736e197c2842c41f7699d083fc34d0cfdc630c24ced9e4779a0890487ecc22.png""]",dd736e197c2842c41f7699d083fc34d0cfdc630c24ced9e4779a0890487ecc22,https://huggingface.co/datasets/ComplexDataLab/OpenFake,CC-BY-NC-4.0,,v1.0,750279a9710d3d98bbc6d0d87250312cfdf922a0,1,fake,collection_manifest_normalized_label_verified_by_sha256,human,human,true,human_master_final,1,medium,1,medium,0.9884794354438782,0.09185032546520233,1,medium,resnet50_layer4_fc_weighted_ordinal_v3,48f6495d4a62ded10d98c3835ffcd33c8f5c653e5df19cb03aef62582060e9b4,training
dd876e107a4831147130399c135a348d8a71b15c8aa492e281785181c360a1f3,human_annotated/images/dd876e107a4831147130399c135a348d8a71b15c8aa492e281785181c360a1f3.jpg,ComplexDataLab/OpenFake,data/datasets/openfake/additional-900/images/real/dd876e107a4831147130399c135a348d8a71b15c8aa492e281785181c360a1f3.jpg,"[""data/datasets/openfake/additional-900/images/real/dd876e107a4831147130399c135a348d8a71b15c8aa492e281785181c360a1f3.jpg""]",dd876e107a4831147130399c135a348d8a71b15c8aa492e281785181c360a1f3,https://huggingface.co/datasets/ComplexDataLab/OpenFake,CC-BY-NC-4.0,,v1.0,750279a9710d3d98bbc6d0d87250312cfdf922a0,0,real,collection_manifest_normalized_label_verified_by_sha256,human,human,true,human_master_final,1,medium,1,medium,0.899170994758606,0.02866230718791485,1,medium,resnet50_layer4_fc_weighted_ordinal_v3,48f6495d4a62ded10d98c3835ffcd33c8f5c653e5df19cb03aef62582060e9b4,training
ddb040a68339753cd4e0e14f39cdac9b3f17cc689808de9cbd85f2899fe1a59e,human_annotated/images/ddb040a68339753cd4e0e14f39cdac9b3f17cc689808de9cbd85f2899fe1a59e.png,RRDataset,data/datasets/RRDataset/selection_1500/giovanni/ai/Culture_&_Religion_000551.png,"[""data/datasets/RRDataset/selection_1500/giovanni/ai/Culture_&_Religion_000551.png""]",ddb040a68339753cd4e0e14f39cdac9b3f17cc689808de9cbd85f2899fe1a59e,https://zenodo.org/records/14963880,CC-BY-4.0,,,,1,fake,rrdataset_local_directory_verified_by_sha256,human,human,true,consolidated_human_review,2,high,1,medium,0.9570174217224121,0.3328202962875366,2,high,resnet50_layer4_fc_weighted_ordinal_v3,48f6495d4a62ded10d98c3835ffcd33c8f5c653e5df19cb03aef62582060e9b4,training
ddbb6e7eb3376cee6269c2ff595e1180502bbd8a714183cbc2e1c61571590f71,human_annotated/images/ddbb6e7eb3376cee6269c2ff595e1180502bbd8a714183cbc2e1c61571590f71.png,ComplexDataLab/OpenFake,data/datasets/openfake/pilot-600/images/fake/ddbb6e7eb3376cee6269c2ff595e1180502bbd8a714183cbc2e1c61571590f71.png,"[""data/datasets/openfake/pilot-600/images/fake/ddbb6e7eb3376cee6269c2ff595e1180502bbd8a714183cbc2e1c61571590f71.png""]",ddbb6e7eb3376cee6269c2ff595e1180502bbd8a714183cbc2e1c61571590f71,https://huggingface.co/datasets/ComplexDataLab/OpenFake,CC-BY-NC-4.0,,v1.0,,1,fake,collection_manifest_normalized_label_verified_by_sha256,human,human,true,consolidated_human_review,1,medium,1,medium,0.894862949848175,0.007870638743042946,1,medium,resnet50_layer4_fc_weighted_ordinal_v3,48f6495d4a62ded10d98c3835ffcd33c8f5c653e5df19cb03aef62582060e9b4,training
ddc5dcb131258fb47d899362a6e5ff6b647f7e03a940f09a66e4b2ad76e8136c,human_annotated/images/ddc5dcb131258fb47d899362a6e5ff6b647f7e03a940f09a66e4b2ad76e8136c.png,saberzl/SID_Set,data/datasets/sid-set/candidate-1500/images/fake/ddc5dcb131258fb47d899362a6e5ff6b647f7e03a940f09a66e4b2ad76e8136c.png,"[""data/datasets/sid-set/candidate-1500/images/fake/ddc5dcb131258fb47d899362a6e5ff6b647f7e03a940f09a66e4b2ad76e8136c.png""]",ddc5dcb131258fb47d899362a6e5ff6b647f7e03a940f09a66e4b2ad76e8136c,https://huggingface.co/datasets/saberzl/SID_Set,CC-BY-4.0,full_synthetic_038928,main,dc03ead57929879319ce30a82bfcfb8d317b10bd,1,fake,collection_manifest_normalized_label_verified_by_sha256,human,human,true,consolidated_human_review,1,medium,1,medium,0.952618420124054,0.01970919780433178,1,medium,resnet50_layer4_fc_weighted_ordinal_v3,48f6495d4a62ded10d98c3835ffcd33c8f5c653e5df19cb03aef62582060e9b4,training
de2a1078cdf26ff660f587bc6202c1d58b53d9787d1f21dd8c03fd6550ff2c4a,human_annotated/images/de2a1078cdf26ff660f587bc6202c1d58b53d9787d1f21dd8c03fd6550ff2c4a.jpg,ComplexDataLab/OpenFake,data/datasets/openfake/additional-900/images/real/de2a1078cdf26ff660f587bc6202c1d58b53d9787d1f21dd8c03fd6550ff2c4a.jpg,"[""data/datasets/openfake/additional-900/images/real/de2a1078cdf26ff660f587bc6202c1d58b53d9787d1f21dd8c03fd6550ff2c4a.jpg""]",de2a1078cdf26ff660f587bc6202c1d58b53d9787d1f21dd8c03fd6550ff2c4a,https://huggingface.co/datasets/ComplexDataLab/OpenFake,CC-BY-NC-4.0,,v1.0,750279a9710d3d98bbc6d0d87250312cfdf922a0,0,real,collection_manifest_normalized_label_verified_by_sha256,human,human,true,human_master_final,1,medium,1,medium,0.6315893530845642,0.09505360573530197,1,medium,resnet50_layer4_fc_weighted_ordinal_v3,48f6495d4a62ded10d98c3835ffcd33c8f5c653e5df19cb03aef62582060e9b4,frozen_test
de4d7fbaafaa47a8ac7134048787404d7b63e2d96140967c0754e97fc92eb6c6,human_annotated/images/de4d7fbaafaa47a8ac7134048787404d7b63e2d96140967c0754e97fc92eb6c6.jpg,RRDataset,data/datasets/RRDataset/selection_1500/giovanni/real/real_003059.jpg,"[""data/datasets/RRDataset/selection_1500/giovanni/real/real_003059.jpg""]",de4d7fbaafaa47a8ac7134048787404d7b63e2d96140967c0754e97fc92eb6c6,https://zenodo.org/records/14963880,CC-BY-4.0,,,,0,real,rrdataset_local_directory_verified_by_sha256,human,human,true,consolidated_human_review,2,high,1,medium,0.9329470992088318,0.08685456216335297,2,high,resnet50_layer4_fc_weighted_ordinal_v3,48f6495d4a62ded10d98c3835ffcd33c8f5c653e5df19cb03aef62582060e9b4,validation
de8715638e477f01341583d52c0a349524c262c268df89c0c7b2fb4c81672257,human_annotated/images/de8715638e477f01341583d52c0a349524c262c268df89c0c7b2fb4c81672257.jpg,saberzl/SID_Set,data/datasets/sid-set/candidate-1500/images/real/de8715638e477f01341583d52c0a349524c262c268df89c0c7b2fb4c81672257.jpg,"[""data/datasets/sid-set/candidate-1500/images/real/de8715638e477f01341583d52c0a349524c262c268df89c0c7b2fb4c81672257.jpg""]",de8715638e477f01341583d52c0a349524c262c268df89c0c7b2fb4c81672257,https://huggingface.co/datasets/saberzl/SID_Set,CC-BY-4.0,c29df1a0dc8566d1,main,dc03ead57929879319ce30a82bfcfb8d317b10bd,0,real,collection_manifest_normalized_label_verified_by_sha256,human,human,true,consolidated_human_review,1,medium,1,medium,0.9684209823608398,0.04205984249711037,1,medium,resnet50_layer4_fc_weighted_ordinal_v3,48f6495d4a62ded10d98c3835ffcd33c8f5c653e5df19cb03aef62582060e9b4,training
de8acfe3cbd87b8397b5cd7c53e49c65d1e570552d73591e65510b677d00f01a,human_annotated/images/de8acfe3cbd87b8397b5cd7c53e49c65d1e570552d73591e65510b677d00f01a.jpg,saberzl/SID_Set,data/datasets/sid-set/candidate-1500/images/real/de8acfe3cbd87b8397b5cd7c53e49c65d1e570552d73591e65510b677d00f01a.jpg,"[""data/datasets/sid-set/candidate-1500/images/real/de8acfe3cbd87b8397b5cd7c53e49c65d1e570552d73591e65510b677d00f01a.jpg""]",de8acfe3cbd87b8397b5cd7c53e49c65d1e570552d73591e65510b677d00f01a,https://huggingface.co/datasets/saberzl/SID_Set,CC-BY-4.0,5490c9f9a09ffa65,main,dc03ead57929879319ce30a82bfcfb8d317b10bd,0,real,collection_manifest_normalized_label_verified_by_sha256,human,human,true,consolidated_human_review,0,low,0,low,0.3142881393432617,0.14032043516635895,0,low,resnet50_layer4_fc_weighted_ordinal_v3,48f6495d4a62ded10d98c3835ffcd33c8f5c653e5df19cb03aef62582060e9b4,training
de8c9545e2bada94e2d31acbf9a964ad4a591d37da5d379e7a1a2b401714c5ec,human_annotated/images/de8c9545e2bada94e2d31acbf9a964ad4a591d37da5d379e7a1a2b401714c5ec.jpg,RRDataset,data/datasets/RRDataset/selection_1500/lorenzo/real/real_003583.jpg,"[""data/datasets/RRDataset/selection_1500/lorenzo/real/real_003583.jpg""]",de8c9545e2bada94e2d31acbf9a964ad4a591d37da5d379e7a1a2b401714c5ec,https://zenodo.org/records/14963880,CC-BY-4.0,,,,0,real,rrdataset_local_directory_verified_by_sha256,human,human,true,consolidated_human_review,1,medium,1,medium,0.9544528722763062,0.01775149069726467,1,medium,resnet50_layer4_fc_weighted_ordinal_v3,48f6495d4a62ded10d98c3835ffcd33c8f5c653e5df19cb03aef62582060e9b4,training
deb5c137a6cfb0f0651e6960166159761901873ec6764ce292d51b98ce1dd31e,human_annotated/images/deb5c137a6cfb0f0651e6960166159761901873ec6764ce292d51b98ce1dd31e.png,saberzl/SID_Set,data/datasets/sid-set/candidate-1500/images/fake/deb5c137a6cfb0f0651e6960166159761901873ec6764ce292d51b98ce1dd31e.png,"[""data/datasets/sid-set/candidate-1500/images/fake/deb5c137a6cfb0f0651e6960166159761901873ec6764ce292d51b98ce1dd31e.png""]",deb5c137a6cfb0f0651e6960166159761901873ec6764ce292d51b98ce1dd31e,https://huggingface.co/datasets/saberzl/SID_Set,CC-BY-4.0,full_synthetic_008609,main,dc03ead57929879319ce30a82bfcfb8d317b10bd,1,fake,collection_manifest_normalized_label_verified_by_sha256,human,human,true,consolidated_human_review,2,high,1,medium,0.7536920309066772,0.11671369522809982,2,high,resnet50_layer4_fc_weighted_ordinal_v3,48f6495d4a62ded10d98c3835ffcd33c8f5c653e5df19cb03aef62582060e9b4,training
deb7f5b14813c386420b084765a9555307f0545696585e8702cc30ff11cee79b,human_annotated/images/deb7f5b14813c386420b084765a9555307f0545696585e8702cc30ff11cee79b.png,ComplexDataLab/OpenFake,data/datasets/openfake/pilot-600/images/fake/deb7f5b14813c386420b084765a9555307f0545696585e8702cc30ff11cee79b.png,"[""data/datasets/openfake/pilot-600/images/fake/deb7f5b14813c386420b084765a9555307f0545696585e8702cc30ff11cee79b.png""]",deb7f5b14813c386420b084765a9555307f0545696585e8702cc30ff11cee79b,https://huggingface.co/datasets/ComplexDataLab/OpenFake,CC-BY-NC-4.0,,v1.0,,1,fake,collection_manifest_normalized_label_verified_by_sha256,human,human,true,human_master_final,1,medium,1,medium,0.8952337503433228,0.008492053486406803,1,medium,resnet50_layer4_fc_weighted_ordinal_v3,48f6495d4a62ded10d98c3835ffcd33c8f5c653e5df19cb03aef62582060e9b4,training
ded341dd7ab8ba5c320464b548e9944a030c22ff3637e3541e2d9083ce4f250a,human_annotated/images/ded341dd7ab8ba5c320464b548e9944a030c22ff3637e3541e2d9083ce4f250a.jpg,ComplexDataLab/OpenFake,data/datasets/openfake/additional-900/images/real/ded341dd7ab8ba5c320464b548e9944a030c22ff3637e3541e2d9083ce4f250a.jpg,"[""data/datasets/openfake/additional-900/images/real/ded341dd7ab8ba5c320464b548e9944a030c22ff3637e3541e2d9083ce4f250a.jpg""]",ded341dd7ab8ba5c320464b548e9944a030c22ff3637e3541e2d9083ce4f250a,https://huggingface.co/datasets/ComplexDataLab/OpenFake,CC-BY-NC-4.0,,v1.0,750279a9710d3d98bbc6d0d87250312cfdf922a0,0,real,collection_manifest_normalized_label_verified_by_sha256,human,human,true,consolidated_human_review,1,medium,1,medium,0.7254510521888733,0.07652819901704788,1,medium,resnet50_layer4_fc_weighted_ordinal_v3,48f6495d4a62ded10d98c3835ffcd33c8f5c653e5df19cb03aef62582060e9b4,training
dee3994889b4447c84cafc498b56c70472d38c6a735a1036df9bfa8f5f033786,human_annotated/images/dee3994889b4447c84cafc498b56c70472d38c6a735a1036df9bfa8f5f033786.jpg,saberzl/SID_Set,data/datasets/sid-set/candidate-1500/images/real/dee3994889b4447c84cafc498b56c70472d38c6a735a1036df9bfa8f5f033786.jpg,"[""data/datasets/sid-set/candidate-1500/images/real/dee3994889b4447c84cafc498b56c70472d38c6a735a1036df9bfa8f5f033786.jpg""]",dee3994889b4447c84cafc498b56c70472d38c6a735a1036df9bfa8f5f033786,https://huggingface.co/datasets/saberzl/SID_Set,CC-BY-4.0,461fdc2fc332d6dd,main,dc03ead57929879319ce30a82bfcfb8d317b10bd,0,real,collection_manifest_normalized_label_verified_by_sha256,human,human,true,consolidated_human_review,1,medium,1,medium,0.9526413083076477,0.044965192675590515,1,medium,resnet50_layer4_fc_weighted_ordinal_v3,48f6495d4a62ded10d98c3835ffcd33c8f5c653e5df19cb03aef62582060e9b4,training
dee9c106f843d257ea869e6ca9094d67687ec85fafe9179ab900dca5d0e096fe,human_annotated/images/dee9c106f843d257ea869e6ca9094d67687ec85fafe9179ab900dca5d0e096fe.jpg,RRDataset,data/datasets/RRDataset/selection_1500/sara/real/real_009115.jpg,"[""data/datasets/RRDataset/selection_1500/sara/real/real_009115.jpg""]",dee9c106f843d257ea869e6ca9094d67687ec85fafe9179ab900dca5d0e096fe,https://zenodo.org/records/14963880,CC-BY-4.0,,,,0,real,rrdataset_local_directory_verified_by_sha256,human,human,true,human_master_final,0,low,1,medium,0.6335887908935547,0.016207464039325714,0,low,resnet50_layer4_fc_weighted_ordinal_v3,48f6495d4a62ded10d98c3835ffcd33c8f5c653e5df19cb03aef62582060e9b4,frozen_test
df83ef1f337d3609cb6b9f2de19be047ae7f3129cc41cd0eb89bda39588885df,human_annotated/images/df83ef1f337d3609cb6b9f2de19be047ae7f3129cc41cd0eb89bda39588885df.png,RRDataset,data/datasets/RRDataset/selection_1500/giovanni/ai/Natural_Disasters_&_Accidents_000918.png,"[""data/datasets/RRDataset/selection_1500/giovanni/ai/Natural_Disasters_&_Accidents_000918.png""]",df83ef1f337d3609cb6b9f2de19be047ae7f3129cc41cd0eb89bda39588885df,https://zenodo.org/records/14963880,CC-BY-4.0,,,,1,fake,rrdataset_local_directory_verified_by_sha256,human,human,true,consolidated_human_review,2,high,2,high,0.7350006699562073,0.4650382399559021,2,high,resnet50_layer4_fc_weighted_ordinal_v3,48f6495d4a62ded10d98c3835ffcd33c8f5c653e5df19cb03aef62582060e9b4,training
df9dc4cf2e1821c5ec84e22d8e60d26d891571044cfaf5c239ae364a5b07133e,human_annotated/images/df9dc4cf2e1821c5ec84e22d8e60d26d891571044cfaf5c239ae364a5b07133e.png,RRDataset,data/datasets/RRDataset/selection_1500/lorenzo/ai/Political_&_Social_Events_000304.png,"[""data/datasets/RRDataset/selection_1500/lorenzo/ai/Political_&_Social_Events_000304.png""]",df9dc4cf2e1821c5ec84e22d8e60d26d891571044cfaf5c239ae364a5b07133e,https://zenodo.org/records/14963880,CC-BY-4.0,,,,1,fake,rrdataset_local_directory_verified_by_sha256,human,human,true,human_master_final,1,medium,1,medium,0.9722394943237305,0.2854820787906647,1,medium,resnet50_layer4_fc_weighted_ordinal_v3,48f6495d4a62ded10d98c3835ffcd33c8f5c653e5df19cb03aef62582060e9b4,validation
dfd60377be7ab73a367161530b4f68ecbe458f5c0dbb3d43c2f94bf66449e4b5,human_annotated/images/dfd60377be7ab73a367161530b4f68ecbe458f5c0dbb3d43c2f94bf66449e4b5.png,RRDataset,data/datasets/RRDataset/selection_1500/sara/ai/Medical_&_Public_Health_000842.png,"[""data/datasets/RRDataset/selection_1500/sara/ai/Medical_&_Public_Health_000842.png""]",dfd60377be7ab73a367161530b4f68ecbe458f5c0dbb3d43c2f94bf66449e4b5,https://zenodo.org/records/14963880,CC-BY-4.0,,,,1,fake,rrdataset_local_directory_verified_by_sha256,human,human,true,consolidated_human_review,0,low,1,medium,0.8659273386001587,0.1383029967546463,0,low,resnet50_layer4_fc_weighted_ordinal_v3,48f6495d4a62ded10d98c3835ffcd33c8f5c653e5df19cb03aef62582060e9b4,validation
e015c35145b8a33c602e0786b2b08df2fd7e1489566a17618c57b39c5dbdaae6,human_annotated/images/e015c35145b8a33c602e0786b2b08df2fd7e1489566a17618c57b39c5dbdaae6.jpg,saberzl/SID_Set,data/datasets/sid-set/candidate-1500/images/real/e015c35145b8a33c602e0786b2b08df2fd7e1489566a17618c57b39c5dbdaae6.jpg,"[""data/datasets/sid-set/candidate-1500/images/real/e015c35145b8a33c602e0786b2b08df2fd7e1489566a17618c57b39c5dbdaae6.jpg""]",e015c35145b8a33c602e0786b2b08df2fd7e1489566a17618c57b39c5dbdaae6,https://huggingface.co/datasets/saberzl/SID_Set,CC-BY-4.0,53d4c2f1425b9f1a,main,dc03ead57929879319ce30a82bfcfb8d317b10bd,0,real,collection_manifest_normalized_label_verified_by_sha256,human,human,true,human_master_final,0,low,0,low,0.26312559843063354,0.12402628362178802,0,low,resnet50_layer4_fc_weighted_ordinal_v3,48f6495d4a62ded10d98c3835ffcd33c8f5c653e5df19cb03aef62582060e9b4,frozen_test
e0654928fe7dcca7e49a7b02bde373aac01491458814fb27078a7af303458653,human_annotated/images/e0654928fe7dcca7e49a7b02bde373aac01491458814fb27078a7af303458653.jpg,saberzl/SID_Set,data/datasets/sid-set/candidate-1500/images/real/e0654928fe7dcca7e49a7b02bde373aac01491458814fb27078a7af303458653.jpg,"[""data/datasets/sid-set/candidate-1500/images/real/e0654928fe7dcca7e49a7b02bde373aac01491458814fb27078a7af303458653.jpg""]",e0654928fe7dcca7e49a7b02bde373aac01491458814fb27078a7af303458653,https://huggingface.co/datasets/saberzl/SID_Set,CC-BY-4.0,c3a27e36b00670b4,main,dc03ead57929879319ce30a82bfcfb8d317b10bd,0,real,collection_manifest_normalized_label_verified_by_sha256,human,human,true,human_master_final,1,medium,1,medium,0.9030748605728149,0.036875978112220764,1,medium,resnet50_layer4_fc_weighted_ordinal_v3,48f6495d4a62ded10d98c3835ffcd33c8f5c653e5df19cb03aef62582060e9b4,training
e0a5381a5d132cec0cefadb6d712df425e12320dbbbce7c4dac762b0cc1ff38e,human_annotated/images/e0a5381a5d132cec0cefadb6d712df425e12320dbbbce7c4dac762b0cc1ff38e.jpg,saberzl/SID_Set,data/datasets/sid-set/candidate-1500/images/real/e0a5381a5d132cec0cefadb6d712df425e12320dbbbce7c4dac762b0cc1ff38e.jpg,"[""data/datasets/sid-set/candidate-1500/images/real/e0a5381a5d132cec0cefadb6d712df425e12320dbbbce7c4dac762b0cc1ff38e.jpg""]",e0a5381a5d132cec0cefadb6d712df425e12320dbbbce7c4dac762b0cc1ff38e,https://huggingface.co/datasets/saberzl/SID_Set,CC-BY-4.0,4f57ef00809e3534,main,dc03ead57929879319ce30a82bfcfb8d317b10bd,0,real,collection_manifest_normalized_label_verified_by_sha256,human,human,true,human_master_final,2,high,2,high,0.98665851354599,0.7696566581726074,2,high,resnet50_layer4_fc_weighted_ordinal_v3,48f6495d4a62ded10d98c3835ffcd33c8f5c653e5df19cb03aef62582060e9b4,validation
e0b148ce71c9e955841e858d823be5fcb0b8944401d3d376440b9e74a345afb7,human_annotated/images/e0b148ce71c9e955841e858d823be5fcb0b8944401d3d376440b9e74a345afb7.jpg,ComplexDataLab/OpenFake,data/datasets/openfake/pilot-600/images/real/e0b148ce71c9e955841e858d823be5fcb0b8944401d3d376440b9e74a345afb7.jpg,"[""data/datasets/openfake/pilot-600/images/real/e0b148ce71c9e955841e858d823be5fcb0b8944401d3d376440b9e74a345afb7.jpg""]",e0b148ce71c9e955841e858d823be5fcb0b8944401d3d376440b9e74a345afb7,https://huggingface.co/datasets/ComplexDataLab/OpenFake,CC-BY-NC-4.0,,v1.0,,0,real,collection_manifest_normalized_label_verified_by_sha256,human,human,true,human_master_final,1,medium,1,medium,0.9487790465354919,0.04250895231962204,1,medium,resnet50_layer4_fc_weighted_ordinal_v3,48f6495d4a62ded10d98c3835ffcd33c8f5c653e5df19cb03aef62582060e9b4,training
e0b4db02808cedaf5415fb5b48096e4204ae22889d0da00a91e4b65e56fcfa05,human_annotated/images/e0b4db02808cedaf5415fb5b48096e4204ae22889d0da00a91e4b65e56fcfa05.jpg,saberzl/SID_Set,data/datasets/sid-set/candidate-1500/images/real/e0b4db02808cedaf5415fb5b48096e4204ae22889d0da00a91e4b65e56fcfa05.jpg,"[""data/datasets/sid-set/candidate-1500/images/real/e0b4db02808cedaf5415fb5b48096e4204ae22889d0da00a91e4b65e56fcfa05.jpg""]",e0b4db02808cedaf5415fb5b48096e4204ae22889d0da00a91e4b65e56fcfa05,https://huggingface.co/datasets/saberzl/SID_Set,CC-BY-4.0,607647170f549c64,main,dc03ead57929879319ce30a82bfcfb8d317b10bd,0,real,collection_manifest_normalized_label_verified_by_sha256,human,human,true,human_master_final,0,low,1,medium,0.8164783716201782,0.006452900357544422,0,low,resnet50_layer4_fc_weighted_ordinal_v3,48f6495d4a62ded10d98c3835ffcd33c8f5c653e5df19cb03aef62582060e9b4,training
e0b8553d1bc047c1bd237eb4c5f83cbc3e79fe0a66360eeb54bbd3e1f062a6a7,human_annotated/images/e0b8553d1bc047c1bd237eb4c5f83cbc3e79fe0a66360eeb54bbd3e1f062a6a7.png,ComplexDataLab/OpenFake,data/datasets/openfake/pilot-600/images/fake/e0b8553d1bc047c1bd237eb4c5f83cbc3e79fe0a66360eeb54bbd3e1f062a6a7.png,"[""data/datasets/openfake/pilot-600/images/fake/e0b8553d1bc047c1bd237eb4c5f83cbc3e79fe0a66360eeb54bbd3e1f062a6a7.png""]",e0b8553d1bc047c1bd237eb4c5f83cbc3e79fe0a66360eeb54bbd3e1f062a6a7,https://huggingface.co/datasets/ComplexDataLab/OpenFake,CC-BY-NC-4.0,,v1.0,,1,fake,collection_manifest_normalized_label_verified_by_sha256,human,human,true,consolidated_human_review,1,medium,1,medium,0.8997130990028381,0.14850875735282898,1,medium,resnet50_layer4_fc_weighted_ordinal_v3,48f6495d4a62ded10d98c3835ffcd33c8f5c653e5df19cb03aef62582060e9b4,training
e14c2b72ee15ebc0d3ad2b65d557797a2cba7e590b0544a229ae192ac81c5d4f,human_annotated/images/e14c2b72ee15ebc0d3ad2b65d557797a2cba7e590b0544a229ae192ac81c5d4f.png,saberzl/SID_Set,data/datasets/sid-set/candidate-1500/images/fake/e14c2b72ee15ebc0d3ad2b65d557797a2cba7e590b0544a229ae192ac81c5d4f.png,"[""data/datasets/sid-set/candidate-1500/images/fake/e14c2b72ee15ebc0d3ad2b65d557797a2cba7e590b0544a229ae192ac81c5d4f.png""]",e14c2b72ee15ebc0d3ad2b65d557797a2cba7e590b0544a229ae192ac81c5d4f,https://huggingface.co/datasets/saberzl/SID_Set,CC-BY-4.0,full_synthetic_066508,main,dc03ead57929879319ce30a82bfcfb8d317b10bd,1,fake,collection_manifest_normalized_label_verified_by_sha256,human,human,true,human_master_final,0,low,0,low,0.19107235968112946,0.011413872241973877,0,low,resnet50_layer4_fc_weighted_ordinal_v3,48f6495d4a62ded10d98c3835ffcd33c8f5c653e5df19cb03aef62582060e9b4,training
e1571cbce847ae739a5829d8d4714a796e64f0bb008864e4184e0f391e270b87,human_annotated/images/e1571cbce847ae739a5829d8d4714a796e64f0bb008864e4184e0f391e270b87.png,saberzl/SID_Set,data/datasets/sid-set/candidate-1500/images/fake/e1571cbce847ae739a5829d8d4714a796e64f0bb008864e4184e0f391e270b87.png,"[""data/datasets/sid-set/candidate-1500/images/fake/e1571cbce847ae739a5829d8d4714a796e64f0bb008864e4184e0f391e270b87.png""]",e1571cbce847ae739a5829d8d4714a796e64f0bb008864e4184e0f391e270b87,https://huggingface.co/datasets/saberzl/SID_Set,CC-BY-4.0,full_synthetic_026575,main,dc03ead57929879319ce30a82bfcfb8d317b10bd,1,fake,collection_manifest_normalized_label_verified_by_sha256,human,human,true,human_master_final,0,low,1,medium,0.8655303716659546,0.01565827615559101,0,low,resnet50_layer4_fc_weighted_ordinal_v3,48f6495d4a62ded10d98c3835ffcd33c8f5c653e5df19cb03aef62582060e9b4,validation
e1ec95025f09d918f352446d501a64a2d1a07a1a4a883c4c0a682612c173ce10,human_annotated/images/e1ec95025f09d918f352446d501a64a2d1a07a1a4a883c4c0a682612c173ce10.jpg,saberzl/SID_Set,data/datasets/sid-set/candidate-1500/images/real/e1ec95025f09d918f352446d501a64a2d1a07a1a4a883c4c0a682612c173ce10.jpg,"[""data/datasets/sid-set/candidate-1500/images/real/e1ec95025f09d918f352446d501a64a2d1a07a1a4a883c4c0a682612c173ce10.jpg""]",e1ec95025f09d918f352446d501a64a2d1a07a1a4a883c4c0a682612c173ce10,https://huggingface.co/datasets/saberzl/SID_Set,CC-BY-4.0,63c0ef38fbf8d317,main,dc03ead57929879319ce30a82bfcfb8d317b10bd,0,real,collection_manifest_normalized_label_verified_by_sha256,human,human,true,human_master_final,0,low,1,medium,0.5861114263534546,0.1727972775697708,0,low,resnet50_layer4_fc_weighted_ordinal_v3,48f6495d4a62ded10d98c3835ffcd33c8f5c653e5df19cb03aef62582060e9b4,training
e235433445b5c83e460bffe1ca5c1f1e9137f5b046baf94aef1b3cb2ca7a275e,human_annotated/images/e235433445b5c83e460bffe1ca5c1f1e9137f5b046baf94aef1b3cb2ca7a275e.png,RRDataset,data/datasets/RRDataset/selection_1500/giovanni/ai/Natural_Disasters_&_Accidents_000527.png,"[""data/datasets/RRDataset/selection_1500/giovanni/ai/Natural_Disasters_&_Accidents_000527.png""]",e235433445b5c83e460bffe1ca5c1f1e9137f5b046baf94aef1b3cb2ca7a275e,https://zenodo.org/records/14963880,CC-BY-4.0,,,,1,fake,rrdataset_local_directory_verified_by_sha256,human,human,true,human_master_final,1,medium,1,medium,0.9634175896644592,0.07048511505126953,1,medium,resnet50_layer4_fc_weighted_ordinal_v3,48f6495d4a62ded10d98c3835ffcd33c8f5c653e5df19cb03aef62582060e9b4,validation
e249671c3ed8d7ed79103b7e69fc40fd23a2ba201175d7a6ca65a0a73f1b67c4,human_annotated/images/e249671c3ed8d7ed79103b7e69fc40fd23a2ba201175d7a6ca65a0a73f1b67c4.jpg,ComplexDataLab/OpenFake,data/datasets/openfake/additional-900/images/real/e249671c3ed8d7ed79103b7e69fc40fd23a2ba201175d7a6ca65a0a73f1b67c4.jpg,"[""data/datasets/openfake/additional-900/images/real/e249671c3ed8d7ed79103b7e69fc40fd23a2ba201175d7a6ca65a0a73f1b67c4.jpg""]",e249671c3ed8d7ed79103b7e69fc40fd23a2ba201175d7a6ca65a0a73f1b67c4,https://huggingface.co/datasets/ComplexDataLab/OpenFake,CC-BY-NC-4.0,,v1.0,750279a9710d3d98bbc6d0d87250312cfdf922a0,0,real,collection_manifest_normalized_label_verified_by_sha256,human,human,true,consolidated_human_review,1,medium,1,medium,0.8324359059333801,0.17472051084041595,1,medium,resnet50_layer4_fc_weighted_ordinal_v3,48f6495d4a62ded10d98c3835ffcd33c8f5c653e5df19cb03aef62582060e9b4,training
e26b401d68bcb581c2c8999c921be3bd406d94eb417c7bae7da5ff8a175b161b,human_annotated/images/e26b401d68bcb581c2c8999c921be3bd406d94eb417c7bae7da5ff8a175b161b.png,ComplexDataLab/OpenFake,data/datasets/openfake/additional-900/images/fake/e26b401d68bcb581c2c8999c921be3bd406d94eb417c7bae7da5ff8a175b161b.png,"[""data/datasets/openfake/additional-900/images/fake/e26b401d68bcb581c2c8999c921be3bd406d94eb417c7bae7da5ff8a175b161b.png""]",e26b401d68bcb581c2c8999c921be3bd406d94eb417c7bae7da5ff8a175b161b,https://huggingface.co/datasets/ComplexDataLab/OpenFake,CC-BY-NC-4.0,,v1.0,750279a9710d3d98bbc6d0d87250312cfdf922a0,1,fake,collection_manifest_normalized_label_verified_by_sha256,human,human,true,human_master_final,0,low,1,medium,0.9418405294418335,0.05706595629453659,0,low,resnet50_layer4_fc_weighted_ordinal_v3,48f6495d4a62ded10d98c3835ffcd33c8f5c653e5df19cb03aef62582060e9b4,frozen_test
e285cca656782fef8597b829527282a4a8b3ffe65a32e6648fdfa7707ae75e7c,human_annotated/images/e285cca656782fef8597b829527282a4a8b3ffe65a32e6648fdfa7707ae75e7c.png,saberzl/SID_Set,data/datasets/sid-set/candidate-1500/images/fake/e285cca656782fef8597b829527282a4a8b3ffe65a32e6648fdfa7707ae75e7c.png,"[""data/datasets/sid-set/candidate-1500/images/fake/e285cca656782fef8597b829527282a4a8b3ffe65a32e6648fdfa7707ae75e7c.png""]",e285cca656782fef8597b829527282a4a8b3ffe65a32e6648fdfa7707ae75e7c,https://huggingface.co/datasets/saberzl/SID_Set,CC-BY-4.0,full_synthetic_041145,main,dc03ead57929879319ce30a82bfcfb8d317b10bd,1,fake,collection_manifest_normalized_label_verified_by_sha256,human,human,true,human_master_final,0,low,0,low,0.24083901941776276,0.05650251358747482,0,low,resnet50_layer4_fc_weighted_ordinal_v3,48f6495d4a62ded10d98c3835ffcd33c8f5c653e5df19cb03aef62582060e9b4,validation
e314602590c3e81ebd45a1a693782bc64289028b7ed2e4a1ffb5421ea5587f58,human_annotated/images/e314602590c3e81ebd45a1a693782bc64289028b7ed2e4a1ffb5421ea5587f58.png,RRDataset,data/datasets/RRDataset/selection_1500/sara/ai/Natural_Disasters_&_Accidents_000403.png,"[""data/datasets/RRDataset/selection_1500/sara/ai/Natural_Disasters_&_Accidents_000403.png""]",e314602590c3e81ebd45a1a693782bc64289028b7ed2e4a1ffb5421ea5587f58,https://zenodo.org/records/14963880,CC-BY-4.0,,,,1,fake,rrdataset_local_directory_verified_by_sha256,human,human,true,consolidated_human_review,2,high,1,medium,0.6778287291526794,0.2856508791446686,2,high,resnet50_layer4_fc_weighted_ordinal_v3,48f6495d4a62ded10d98c3835ffcd33c8f5c653e5df19cb03aef62582060e9b4,training
e37b1117f955cadc49b70ce95e8d68c8709fa28577cd558c17642ce7acfb2732,human_annotated/images/e37b1117f955cadc49b70ce95e8d68c8709fa28577cd558c17642ce7acfb2732.jpg,saberzl/SID_Set,data/datasets/sid-set/candidate-1500/images/real/e37b1117f955cadc49b70ce95e8d68c8709fa28577cd558c17642ce7acfb2732.jpg,"[""data/datasets/sid-set/candidate-1500/images/real/e37b1117f955cadc49b70ce95e8d68c8709fa28577cd558c17642ce7acfb2732.jpg""]",e37b1117f955cadc49b70ce95e8d68c8709fa28577cd558c17642ce7acfb2732,https://huggingface.co/datasets/saberzl/SID_Set,CC-BY-4.0,6f4a1b8683aa1996,main,dc03ead57929879319ce30a82bfcfb8d317b10bd,0,real,collection_manifest_normalized_label_verified_by_sha256,human,human,true,consolidated_human_review,2,high,2,high,0.9603682160377502,0.5758741497993469,2,high,resnet50_layer4_fc_weighted_ordinal_v3,48f6495d4a62ded10d98c3835ffcd33c8f5c653e5df19cb03aef62582060e9b4,training
e37b552b23467139fe95dbb82730f0ff29b8735284f7fa830e36e241f7d24f0a,human_annotated/images/e37b552b23467139fe95dbb82730f0ff29b8735284f7fa830e36e241f7d24f0a.jpg,ComplexDataLab/OpenFake,data/datasets/openfake/pilot-600/images/real/e37b552b23467139fe95dbb82730f0ff29b8735284f7fa830e36e241f7d24f0a.jpg,"[""data/datasets/openfake/pilot-600/images/real/e37b552b23467139fe95dbb82730f0ff29b8735284f7fa830e36e241f7d24f0a.jpg""]",e37b552b23467139fe95dbb82730f0ff29b8735284f7fa830e36e241f7d24f0a,https://huggingface.co/datasets/ComplexDataLab/OpenFake,CC-BY-NC-4.0,,v1.0,,0,real,collection_manifest_normalized_label_verified_by_sha256,human,human,true,human_master_final,1,medium,1,medium,0.6386991143226624,0.06825896352529526,1,medium,resnet50_layer4_fc_weighted_ordinal_v3,48f6495d4a62ded10d98c3835ffcd33c8f5c653e5df19cb03aef62582060e9b4,frozen_test
e3fcba18f5421e091c34a951fc82c1739dc87a7656ecce311020aa94c82bc3de,human_annotated/images/e3fcba18f5421e091c34a951fc82c1739dc87a7656ecce311020aa94c82bc3de.png,saberzl/SID_Set,data/datasets/sid-set/candidate-1500/images/fake/e3fcba18f5421e091c34a951fc82c1739dc87a7656ecce311020aa94c82bc3de.png,"[""data/datasets/sid-set/candidate-1500/images/fake/e3fcba18f5421e091c34a951fc82c1739dc87a7656ecce311020aa94c82bc3de.png""]",e3fcba18f5421e091c34a951fc82c1739dc87a7656ecce311020aa94c82bc3de,https://huggingface.co/datasets/saberzl/SID_Set,CC-BY-4.0,full_synthetic_058900,main,dc03ead57929879319ce30a82bfcfb8d317b10bd,1,fake,collection_manifest_normalized_label_verified_by_sha256,human,human,true,human_master_final,1,medium,1,medium,0.6327691078186035,0.012434929609298706,1,medium,resnet50_layer4_fc_weighted_ordinal_v3,48f6495d4a62ded10d98c3835ffcd33c8f5c653e5df19cb03aef62582060e9b4,frozen_test
e41d3c7ef887099c9bf8436a4129552501da31e09bc93182dc5427f9e26c1bba,human_annotated/images/e41d3c7ef887099c9bf8436a4129552501da31e09bc93182dc5427f9e26c1bba.jpg,saberzl/SID_Set,data/datasets/sid-set/candidate-1500/images/real/e41d3c7ef887099c9bf8436a4129552501da31e09bc93182dc5427f9e26c1bba.jpg,"[""data/datasets/sid-set/candidate-1500/images/real/e41d3c7ef887099c9bf8436a4129552501da31e09bc93182dc5427f9e26c1bba.jpg""]",e41d3c7ef887099c9bf8436a4129552501da31e09bc93182dc5427f9e26c1bba,https://huggingface.co/datasets/saberzl/SID_Set,CC-BY-4.0,61ed518804e7424c,main,dc03ead57929879319ce30a82bfcfb8d317b10bd,0,real,collection_manifest_normalized_label_verified_by_sha256,human,human,true,human_master_final,0,low,0,low,0.3148464560508728,0.025853712111711502,0,low,resnet50_layer4_fc_weighted_ordinal_v3,48f6495d4a62ded10d98c3835ffcd33c8f5c653e5df19cb03aef62582060e9b4,training
e433e0ccb89d2fdd9cd1f9a4205508208390453485efe83f431504f89629c2f8,human_annotated/images/e433e0ccb89d2fdd9cd1f9a4205508208390453485efe83f431504f89629c2f8.png,RRDataset,data/datasets/RRDataset/selection_1500/giovanni/ai/Culture_&_Religion_000619.png,"[""data/datasets/RRDataset/selection_1500/giovanni/ai/Culture_&_Religion_000619.png""]",e433e0ccb89d2fdd9cd1f9a4205508208390453485efe83f431504f89629c2f8,https://zenodo.org/records/14963880,CC-BY-4.0,,,,1,fake,rrdataset_local_directory_verified_by_sha256,human,human,true,human_master_final,1,medium,1,medium,0.9870021343231201,0.1525641828775406,1,medium,resnet50_layer4_fc_weighted_ordinal_v3,48f6495d4a62ded10d98c3835ffcd33c8f5c653e5df19cb03aef62582060e9b4,frozen_test
e4392f836a1d2ed899582a62d38298346612bd49e65f6614de9ae7b1702422e0,human_annotated/images/e4392f836a1d2ed899582a62d38298346612bd49e65f6614de9ae7b1702422e0.jpg,ComplexDataLab/OpenFake,data/datasets/openfake/pilot-600/images/real/e4392f836a1d2ed899582a62d38298346612bd49e65f6614de9ae7b1702422e0.jpg,"[""data/datasets/openfake/pilot-600/images/real/e4392f836a1d2ed899582a62d38298346612bd49e65f6614de9ae7b1702422e0.jpg""]",e4392f836a1d2ed899582a62d38298346612bd49e65f6614de9ae7b1702422e0,https://huggingface.co/datasets/ComplexDataLab/OpenFake,CC-BY-NC-4.0,,v1.0,,0,real,collection_manifest_normalized_label_verified_by_sha256,human,human,true,human_master_final,1,medium,1,medium,0.9130735993385315,0.026440151035785675,1,medium,resnet50_layer4_fc_weighted_ordinal_v3,48f6495d4a62ded10d98c3835ffcd33c8f5c653e5df19cb03aef62582060e9b4,training
e4429b260df82514fd8a9d9a4fa787807e93f97e91c8fb287bdf09ee55ce7e6c,human_annotated/images/e4429b260df82514fd8a9d9a4fa787807e93f97e91c8fb287bdf09ee55ce7e6c.png,ComplexDataLab/OpenFake,data/datasets/openfake/pilot-600/images/fake/e4429b260df82514fd8a9d9a4fa787807e93f97e91c8fb287bdf09ee55ce7e6c.png,"[""data/datasets/openfake/pilot-600/images/fake/e4429b260df82514fd8a9d9a4fa787807e93f97e91c8fb287bdf09ee55ce7e6c.png""]",e4429b260df82514fd8a9d9a4fa787807e93f97e91c8fb287bdf09ee55ce7e6c,https://huggingface.co/datasets/ComplexDataLab/OpenFake,CC-BY-NC-4.0,,v1.0,,1,fake,collection_manifest_normalized_label_verified_by_sha256,human,human,true,human_master_final,2,high,1,medium,0.6914761066436768,0.20981238782405853,2,high,resnet50_layer4_fc_weighted_ordinal_v3,48f6495d4a62ded10d98c3835ffcd33c8f5c653e5df19cb03aef62582060e9b4,training
e46ff2e485d9909cdc692e499c5edb55e367f3a7a7243702cb35c864ff25fd28,human_annotated/images/e46ff2e485d9909cdc692e499c5edb55e367f3a7a7243702cb35c864ff25fd28.jpg,RRDataset,data/datasets/RRDataset/selection_1500/sara/real/real_006009.jpg,"[""data/datasets/RRDataset/selection_1500/sara/real/real_006009.jpg""]",e46ff2e485d9909cdc692e499c5edb55e367f3a7a7243702cb35c864ff25fd28,https://zenodo.org/records/14963880,CC-BY-4.0,,,,0,real,rrdataset_local_directory_verified_by_sha256,human,human,true,consolidated_human_review,0,low,0,low,0.30121147632598877,0.012090591713786125,0,low,resnet50_layer4_fc_weighted_ordinal_v3,48f6495d4a62ded10d98c3835ffcd33c8f5c653e5df19cb03aef62582060e9b4,training
e4955009519fbb6eab3ffdce7e3eb048c6adc075ad0649c2331ff55436e17205,human_annotated/images/e4955009519fbb6eab3ffdce7e3eb048c6adc075ad0649c2331ff55436e17205.jpg,ComplexDataLab/OpenFake,data/datasets/openfake/pilot-600/images/real/e4955009519fbb6eab3ffdce7e3eb048c6adc075ad0649c2331ff55436e17205.jpg,"[""data/datasets/openfake/pilot-600/images/real/e4955009519fbb6eab3ffdce7e3eb048c6adc075ad0649c2331ff55436e17205.jpg""]",e4955009519fbb6eab3ffdce7e3eb048c6adc075ad0649c2331ff55436e17205,https://huggingface.co/datasets/ComplexDataLab/OpenFake,CC-BY-NC-4.0,,v1.0,,0,real,collection_manifest_normalized_label_verified_by_sha256,human,human,true,human_master_final,1,medium,1,medium,0.9757446050643921,0.07486659288406372,1,medium,resnet50_layer4_fc_weighted_ordinal_v3,48f6495d4a62ded10d98c3835ffcd33c8f5c653e5df19cb03aef62582060e9b4,training
e4ed3c70457a2498e20fc160a50dec441c453e1b1ad93a3ef37985b06b967dfe,human_annotated/images/e4ed3c70457a2498e20fc160a50dec441c453e1b1ad93a3ef37985b06b967dfe.jpg,RRDataset,data/datasets/RRDataset/selection_1500/giovanni/real/real_000028.jpg,"[""data/datasets/RRDataset/selection_1500/giovanni/real/real_000028.jpg""]",e4ed3c70457a2498e20fc160a50dec441c453e1b1ad93a3ef37985b06b967dfe,https://zenodo.org/records/14963880,CC-BY-4.0,,,,0,real,rrdataset_local_directory_verified_by_sha256,human,human,true,human_master_final,1,medium,1,medium,0.903454065322876,0.16096700727939606,1,medium,resnet50_layer4_fc_weighted_ordinal_v3,48f6495d4a62ded10d98c3835ffcd33c8f5c653e5df19cb03aef62582060e9b4,training
e54013e9774995a222effee2c34b3391e1b0dc152d8ac6ac0a2c604ac9c8c686,human_annotated/images/e54013e9774995a222effee2c34b3391e1b0dc152d8ac6ac0a2c604ac9c8c686.jpg,ComplexDataLab/OpenFake,data/datasets/openfake/pilot-600/images/real/e54013e9774995a222effee2c34b3391e1b0dc152d8ac6ac0a2c604ac9c8c686.jpg,"[""data/datasets/openfake/pilot-600/images/real/e54013e9774995a222effee2c34b3391e1b0dc152d8ac6ac0a2c604ac9c8c686.jpg""]",e54013e9774995a222effee2c34b3391e1b0dc152d8ac6ac0a2c604ac9c8c686,https://huggingface.co/datasets/ComplexDataLab/OpenFake,CC-BY-NC-4.0,,v1.0,,0,real,collection_manifest_normalized_label_verified_by_sha256,human,human,true,human_master_final,0,low,1,medium,0.6665672659873962,0.1935252696275711,0,low,resnet50_layer4_fc_weighted_ordinal_v3,48f6495d4a62ded10d98c3835ffcd33c8f5c653e5df19cb03aef62582060e9b4,validation
e56b3828903a53fa1edda000007e6a1b7a4c6e360c341a15e6d327dc2bcd086e,human_annotated/images/e56b3828903a53fa1edda000007e6a1b7a4c6e360c341a15e6d327dc2bcd086e.jpg,RRDataset,data/datasets/RRDataset/selection_1500/lorenzo/real/real_002400.jpg,"[""data/datasets/RRDataset/selection_1500/lorenzo/real/real_002400.jpg""]",e56b3828903a53fa1edda000007e6a1b7a4c6e360c341a15e6d327dc2bcd086e,https://zenodo.org/records/14963880,CC-BY-4.0,,,,0,real,rrdataset_local_directory_verified_by_sha256,human,human,true,consolidated_human_review,2,high,2,high,0.9921619296073914,0.5671307444572449,2,high,resnet50_layer4_fc_weighted_ordinal_v3,48f6495d4a62ded10d98c3835ffcd33c8f5c653e5df19cb03aef62582060e9b4,training
e56d4e3b4f233904ffc0246b706d1f688a63cab2f76c2b7f5acc21901c9d45b2,human_annotated/images/e56d4e3b4f233904ffc0246b706d1f688a63cab2f76c2b7f5acc21901c9d45b2.jpg,RRDataset,data/datasets/RRDataset/selection_1500/giovanni/real/real_008366.jpg,"[""data/datasets/RRDataset/selection_1500/giovanni/real/real_008366.jpg""]",e56d4e3b4f233904ffc0246b706d1f688a63cab2f76c2b7f5acc21901c9d45b2,https://zenodo.org/records/14963880,CC-BY-4.0,,,,0,real,rrdataset_local_directory_verified_by_sha256,human,human,true,human_master_final,1,medium,0,low,0.3728875517845154,0.057052694261074066,1,medium,resnet50_layer4_fc_weighted_ordinal_v3,48f6495d4a62ded10d98c3835ffcd33c8f5c653e5df19cb03aef62582060e9b4,validation
e5b1ffcc2ce581ccff59b48c1fc66debe301a4523a505e988ef9c5f0562dcb63,human_annotated/images/e5b1ffcc2ce581ccff59b48c1fc66debe301a4523a505e988ef9c5f0562dcb63.png,RRDataset,data/datasets/RRDataset/selection_1500/sara/ai/Natural_Disasters_&_Accidents_000567.png,"[""data/datasets/RRDataset/selection_1500/sara/ai/Natural_Disasters_&_Accidents_000567.png""]",e5b1ffcc2ce581ccff59b48c1fc66debe301a4523a505e988ef9c5f0562dcb63,https://zenodo.org/records/14963880,CC-BY-4.0,,,,1,fake,rrdataset_local_directory_verified_by_sha256,human,human,true,consolidated_human_review,2,high,2,high,0.6753100156784058,0.560947597026825,2,high,resnet50_layer4_fc_weighted_ordinal_v3,48f6495d4a62ded10d98c3835ffcd33c8f5c653e5df19cb03aef62582060e9b4,training
e5b62dc872df9c7a5d27c6440bc2a15034e68de462fb8deb37186006a9177e9e,human_annotated/images/e5b62dc872df9c7a5d27c6440bc2a15034e68de462fb8deb37186006a9177e9e.jpg,saberzl/SID_Set,data/datasets/sid-set/candidate-1500/images/real/e5b62dc872df9c7a5d27c6440bc2a15034e68de462fb8deb37186006a9177e9e.jpg,"[""data/datasets/sid-set/candidate-1500/images/real/e5b62dc872df9c7a5d27c6440bc2a15034e68de462fb8deb37186006a9177e9e.jpg""]",e5b62dc872df9c7a5d27c6440bc2a15034e68de462fb8deb37186006a9177e9e,https://huggingface.co/datasets/saberzl/SID_Set,CC-BY-4.0,99e0d2175c5e8606,main,dc03ead57929879319ce30a82bfcfb8d317b10bd,0,real,collection_manifest_normalized_label_verified_by_sha256,human,human,true,consolidated_human_review,1,medium,1,medium,0.9044585824012756,0.13527750968933105,1,medium,resnet50_layer4_fc_weighted_ordinal_v3,48f6495d4a62ded10d98c3835ffcd33c8f5c653e5df19cb03aef62582060e9b4,training
e5f55ef6b86b20d493f1523d83ffa07cf74e5e1d2ae8f7015ec289d6320247da,human_annotated/images/e5f55ef6b86b20d493f1523d83ffa07cf74e5e1d2ae8f7015ec289d6320247da.png,saberzl/SID_Set,data/datasets/sid-set/candidate-1500/images/fake/e5f55ef6b86b20d493f1523d83ffa07cf74e5e1d2ae8f7015ec289d6320247da.png,"[""data/datasets/sid-set/candidate-1500/images/fake/e5f55ef6b86b20d493f1523d83ffa07cf74e5e1d2ae8f7015ec289d6320247da.png""]",e5f55ef6b86b20d493f1523d83ffa07cf74e5e1d2ae8f7015ec289d6320247da,https://huggingface.co/datasets/saberzl/SID_Set,CC-BY-4.0,full_synthetic_032250,main,dc03ead57929879319ce30a82bfcfb8d317b10bd,1,fake,collection_manifest_normalized_label_verified_by_sha256,human,human,true,human_master_final,0,low,1,medium,0.7726563811302185,0.11481447517871857,0,low,resnet50_layer4_fc_weighted_ordinal_v3,48f6495d4a62ded10d98c3835ffcd33c8f5c653e5df19cb03aef62582060e9b4,frozen_test
e5fc855d62ecbd60020505cf527c30eed00d6adcd99b2dd97d0886c697929748,human_annotated/images/e5fc855d62ecbd60020505cf527c30eed00d6adcd99b2dd97d0886c697929748.jpg,RRDataset,data/datasets/RRDataset/selection_1500/lorenzo/real/real_007113.jpg,"[""data/datasets/RRDataset/selection_1500/lorenzo/real/real_007113.jpg""]",e5fc855d62ecbd60020505cf527c30eed00d6adcd99b2dd97d0886c697929748,https://zenodo.org/records/14963880,CC-BY-4.0,,,,0,real,rrdataset_local_directory_verified_by_sha256,human,human,true,human_master_final,1,medium,1,medium,0.9386500716209412,0.23785468935966492,1,medium,resnet50_layer4_fc_weighted_ordinal_v3,48f6495d4a62ded10d98c3835ffcd33c8f5c653e5df19cb03aef62582060e9b4,training
e61ad10ca797b541696215d240a3481edb66fb09979d3f7264f8e0ebe5b39a7c,human_annotated/images/e61ad10ca797b541696215d240a3481edb66fb09979d3f7264f8e0ebe5b39a7c.jpg,ComplexDataLab/OpenFake,data/datasets/openfake/pilot-600/images/fake/e61ad10ca797b541696215d240a3481edb66fb09979d3f7264f8e0ebe5b39a7c.jpg,"[""data/datasets/openfake/pilot-600/images/fake/e61ad10ca797b541696215d240a3481edb66fb09979d3f7264f8e0ebe5b39a7c.jpg""]",e61ad10ca797b541696215d240a3481edb66fb09979d3f7264f8e0ebe5b39a7c,https://huggingface.co/datasets/ComplexDataLab/OpenFake,CC-BY-NC-4.0,,v1.0,,1,fake,collection_manifest_normalized_label_verified_by_sha256,human,human,true,consolidated_human_review,2,high,2,high,0.8959199786186218,0.5380010008811951,2,high,resnet50_layer4_fc_weighted_ordinal_v3,48f6495d4a62ded10d98c3835ffcd33c8f5c653e5df19cb03aef62582060e9b4,training
e69774aaee18786e61b5a35c107f35a34095cc9865b7b0a2434cfc01894d5b37,human_annotated/images/e69774aaee18786e61b5a35c107f35a34095cc9865b7b0a2434cfc01894d5b37.jpg,RRDataset,data/datasets/RRDataset/selection_1500/sara/real/real_005036.jpg,"[""data/datasets/RRDataset/selection_1500/sara/real/real_005036.jpg""]",e69774aaee18786e61b5a35c107f35a34095cc9865b7b0a2434cfc01894d5b37,https://zenodo.org/records/14963880,CC-BY-4.0,,,,0,real,rrdataset_local_directory_verified_by_sha256,human,human,true,human_master_final,1,medium,1,medium,0.9010807871818542,0.01176327746361494,1,medium,resnet50_layer4_fc_weighted_ordinal_v3,48f6495d4a62ded10d98c3835ffcd33c8f5c653e5df19cb03aef62582060e9b4,training
e6a25a862038a436c22a4241568339693b482d2748071610b24dc7e192ad57df,human_annotated/images/e6a25a862038a436c22a4241568339693b482d2748071610b24dc7e192ad57df.png,ComplexDataLab/OpenFake,data/datasets/openfake/pilot-600/images/fake/e6a25a862038a436c22a4241568339693b482d2748071610b24dc7e192ad57df.png,"[""data/datasets/openfake/pilot-600/images/fake/e6a25a862038a436c22a4241568339693b482d2748071610b24dc7e192ad57df.png""]",e6a25a862038a436c22a4241568339693b482d2748071610b24dc7e192ad57df,https://huggingface.co/datasets/ComplexDataLab/OpenFake,CC-BY-NC-4.0,,v1.0,,1,fake,collection_manifest_normalized_label_verified_by_sha256,human,human,true,human_master_final,1,medium,1,medium,0.7673788666725159,0.007509216200560331,1,medium,resnet50_layer4_fc_weighted_ordinal_v3,48f6495d4a62ded10d98c3835ffcd33c8f5c653e5df19cb03aef62582060e9b4,training
e6d84633f7e23ea2bd1fb0a1477cbfc3c20388686b752fe322abac26d04e1297,human_annotated/images/e6d84633f7e23ea2bd1fb0a1477cbfc3c20388686b752fe322abac26d04e1297.jpg,ComplexDataLab/OpenFake,data/datasets/openfake/additional-900/images/real/e6d84633f7e23ea2bd1fb0a1477cbfc3c20388686b752fe322abac26d04e1297.jpg,"[""data/datasets/openfake/additional-900/images/real/e6d84633f7e23ea2bd1fb0a1477cbfc3c20388686b752fe322abac26d04e1297.jpg""]",e6d84633f7e23ea2bd1fb0a1477cbfc3c20388686b752fe322abac26d04e1297,https://huggingface.co/datasets/ComplexDataLab/OpenFake,CC-BY-NC-4.0,,v1.0,750279a9710d3d98bbc6d0d87250312cfdf922a0,0,real,collection_manifest_normalized_label_verified_by_sha256,human,human,true,human_master_final,1,medium,1,medium,0.8210681676864624,0.004963405895978212,1,medium,resnet50_layer4_fc_weighted_ordinal_v3,48f6495d4a62ded10d98c3835ffcd33c8f5c653e5df19cb03aef62582060e9b4,training
e7586f21bc6e435c64a007d203f29c1454ad972287159a67308c9659a567d5ea,human_annotated/images/e7586f21bc6e435c64a007d203f29c1454ad972287159a67308c9659a567d5ea.png,ComplexDataLab/OpenFake,data/datasets/openfake/additional-900/images/fake/e7586f21bc6e435c64a007d203f29c1454ad972287159a67308c9659a567d5ea.png,"[""data/datasets/openfake/additional-900/images/fake/e7586f21bc6e435c64a007d203f29c1454ad972287159a67308c9659a567d5ea.png""]",e7586f21bc6e435c64a007d203f29c1454ad972287159a67308c9659a567d5ea,https://huggingface.co/datasets/ComplexDataLab/OpenFake,CC-BY-NC-4.0,,v1.0,750279a9710d3d98bbc6d0d87250312cfdf922a0,1,fake,collection_manifest_normalized_label_verified_by_sha256,human,human,true,consolidated_human_review,1,medium,1,medium,0.9641565084457397,0.06181950494647026,1,medium,resnet50_layer4_fc_weighted_ordinal_v3,48f6495d4a62ded10d98c3835ffcd33c8f5c653e5df19cb03aef62582060e9b4,training
e7762899f7b8604378d9165052f7c4cc6069075bf35d1a19960ef2790bd0ea30,human_annotated/images/e7762899f7b8604378d9165052f7c4cc6069075bf35d1a19960ef2790bd0ea30.png,RRDataset,data/datasets/RRDataset/selection_1500/giovanni/ai/Medical_&_Public_Health_000613.png,"[""data/datasets/RRDataset/selection_1500/giovanni/ai/Medical_&_Public_Health_000613.png""]",e7762899f7b8604378d9165052f7c4cc6069075bf35d1a19960ef2790bd0ea30,https://zenodo.org/records/14963880,CC-BY-4.0,,,,1,fake,rrdataset_local_directory_verified_by_sha256,human,human,true,human_master_final,2,high,1,medium,0.9695314168930054,0.24744616448879242,2,high,resnet50_layer4_fc_weighted_ordinal_v3,48f6495d4a62ded10d98c3835ffcd33c8f5c653e5df19cb03aef62582060e9b4,frozen_test
e7939fd793bb9df15f3aa1e262347e7734cd21f76db97772cdc4bf67d9281f1f,human_annotated/images/e7939fd793bb9df15f3aa1e262347e7734cd21f76db97772cdc4bf67d9281f1f.png,RRDataset,data/datasets/RRDataset/selection_1500/sara/ai/Political_&_Social_Events_000481.png,"[""data/datasets/RRDataset/selection_1500/sara/ai/Political_&_Social_Events_000481.png""]",e7939fd793bb9df15f3aa1e262347e7734cd21f76db97772cdc4bf67d9281f1f,https://zenodo.org/records/14963880,CC-BY-4.0,,,,1,fake,rrdataset_local_directory_verified_by_sha256,human,human,true,human_master_final,1,medium,2,high,0.9899588227272034,0.638630747795105,1,medium,resnet50_layer4_fc_weighted_ordinal_v3,48f6495d4a62ded10d98c3835ffcd33c8f5c653e5df19cb03aef62582060e9b4,frozen_test
e79b3974b916906371db2146e05db1ff24dcc6f14bd3805b3307c3b47fccdfa2,human_annotated/images/e79b3974b916906371db2146e05db1ff24dcc6f14bd3805b3307c3b47fccdfa2.jpg,ComplexDataLab/OpenFake,data/datasets/openfake/additional-900/images/real/e79b3974b916906371db2146e05db1ff24dcc6f14bd3805b3307c3b47fccdfa2.jpg,"[""data/datasets/openfake/additional-900/images/real/e79b3974b916906371db2146e05db1ff24dcc6f14bd3805b3307c3b47fccdfa2.jpg""]",e79b3974b916906371db2146e05db1ff24dcc6f14bd3805b3307c3b47fccdfa2,https://huggingface.co/datasets/ComplexDataLab/OpenFake,CC-BY-NC-4.0,,v1.0,750279a9710d3d98bbc6d0d87250312cfdf922a0,0,real,collection_manifest_normalized_label_verified_by_sha256,human,human,true,human_master_final,0,low,0,low,0.44723719358444214,0.021782949566841125,0,low,resnet50_layer4_fc_weighted_ordinal_v3,48f6495d4a62ded10d98c3835ffcd33c8f5c653e5df19cb03aef62582060e9b4,training
e7a47f8237030d196b002bb73670edaf3c085f60e1d1a4dc926f222c38423aa1,human_annotated/images/e7a47f8237030d196b002bb73670edaf3c085f60e1d1a4dc926f222c38423aa1.png,saberzl/SID_Set,data/datasets/sid-set/candidate-1500/images/fake/e7a47f8237030d196b002bb73670edaf3c085f60e1d1a4dc926f222c38423aa1.png,"[""data/datasets/sid-set/candidate-1500/images/fake/e7a47f8237030d196b002bb73670edaf3c085f60e1d1a4dc926f222c38423aa1.png""]",e7a47f8237030d196b002bb73670edaf3c085f60e1d1a4dc926f222c38423aa1,https://huggingface.co/datasets/saberzl/SID_Set,CC-BY-4.0,full_synthetic_008703,main,dc03ead57929879319ce30a82bfcfb8d317b10bd,1,fake,collection_manifest_normalized_label_verified_by_sha256,human,human,true,human_master_final,1,medium,1,medium,0.9201962351799011,0.07136453688144684,1,medium,resnet50_layer4_fc_weighted_ordinal_v3,48f6495d4a62ded10d98c3835ffcd33c8f5c653e5df19cb03aef62582060e9b4,frozen_test
e814d5b553e88c77c7c429ed598c156d1f2b5a9f29ba81929c0d28d4471cca91,human_annotated/images/e814d5b553e88c77c7c429ed598c156d1f2b5a9f29ba81929c0d28d4471cca91.jpg,saberzl/SID_Set,data/datasets/sid-set/candidate-1500/images/real/e814d5b553e88c77c7c429ed598c156d1f2b5a9f29ba81929c0d28d4471cca91.jpg,"[""data/datasets/sid-set/candidate-1500/images/real/e814d5b553e88c77c7c429ed598c156d1f2b5a9f29ba81929c0d28d4471cca91.jpg""]",e814d5b553e88c77c7c429ed598c156d1f2b5a9f29ba81929c0d28d4471cca91,https://huggingface.co/datasets/saberzl/SID_Set,CC-BY-4.0,2b1a60180cbaa043,main,dc03ead57929879319ce30a82bfcfb8d317b10bd,0,real,collection_manifest_normalized_label_verified_by_sha256,human,human,true,consolidated_human_review,1,medium,1,medium,0.9697405695915222,0.07401853054761887,1,medium,resnet50_layer4_fc_weighted_ordinal_v3,48f6495d4a62ded10d98c3835ffcd33c8f5c653e5df19cb03aef62582060e9b4,validation
e88a2a8e52e18b391cf2931bb98bb4531093bce3912f4507446bdc0aa07e674b,human_annotated/images/e88a2a8e52e18b391cf2931bb98bb4531093bce3912f4507446bdc0aa07e674b.jpg,RRDataset,data/datasets/RRDataset/selection_1500/giovanni/real/real_000186.jpg,"[""data/datasets/RRDataset/selection_1500/giovanni/real/real_000186.jpg""]",e88a2a8e52e18b391cf2931bb98bb4531093bce3912f4507446bdc0aa07e674b,https://zenodo.org/records/14963880,CC-BY-4.0,,,,0,real,rrdataset_local_directory_verified_by_sha256,human,human,true,human_master_final,0,low,0,low,0.17554044723510742,0.021809006109833717,0,low,resnet50_layer4_fc_weighted_ordinal_v3,48f6495d4a62ded10d98c3835ffcd33c8f5c653e5df19cb03aef62582060e9b4,training
e88e4605f88f7ccfa42792abc0bc3a22110d19d74b30b32b3773541d0eeef4b8,human_annotated/images/e88e4605f88f7ccfa42792abc0bc3a22110d19d74b30b32b3773541d0eeef4b8.png,saberzl/SID_Set,data/datasets/sid-set/candidate-1500/images/fake/e88e4605f88f7ccfa42792abc0bc3a22110d19d74b30b32b3773541d0eeef4b8.png,"[""data/datasets/sid-set/candidate-1500/images/fake/e88e4605f88f7ccfa42792abc0bc3a22110d19d74b30b32b3773541d0eeef4b8.png""]",e88e4605f88f7ccfa42792abc0bc3a22110d19d74b30b32b3773541d0eeef4b8,https://huggingface.co/datasets/saberzl/SID_Set,CC-BY-4.0,full_synthetic_051798,main,dc03ead57929879319ce30a82bfcfb8d317b10bd,1,fake,collection_manifest_normalized_label_verified_by_sha256,human,human,true,consolidated_human_review,1,medium,1,medium,0.5293415188789368,0.005171164404600859,1,medium,resnet50_layer4_fc_weighted_ordinal_v3,48f6495d4a62ded10d98c3835ffcd33c8f5c653e5df19cb03aef62582060e9b4,training
e8aed9f118b84313b3312190ab6ff95e8e7f70101ca02f8404916424f3cce28a,human_annotated/images/e8aed9f118b84313b3312190ab6ff95e8e7f70101ca02f8404916424f3cce28a.jpg,saberzl/SID_Set,data/datasets/sid-set/candidate-1500/images/real/e8aed9f118b84313b3312190ab6ff95e8e7f70101ca02f8404916424f3cce28a.jpg,"[""data/datasets/sid-set/candidate-1500/images/real/e8aed9f118b84313b3312190ab6ff95e8e7f70101ca02f8404916424f3cce28a.jpg""]",e8aed9f118b84313b3312190ab6ff95e8e7f70101ca02f8404916424f3cce28a,https://huggingface.co/datasets/saberzl/SID_Set,CC-BY-4.0,21e7ededc432b179,main,dc03ead57929879319ce30a82bfcfb8d317b10bd,0,real,collection_manifest_normalized_label_verified_by_sha256,human,human,true,consolidated_human_review,1,medium,1,medium,0.7969993352890015,0.009387272410094738,1,medium,resnet50_layer4_fc_weighted_ordinal_v3,48f6495d4a62ded10d98c3835ffcd33c8f5c653e5df19cb03aef62582060e9b4,validation
e8dfe80b14382ae7e7413d167a3b3e88a9b1d050e0ad8879b01c5971d2fc6948,human_annotated/images/e8dfe80b14382ae7e7413d167a3b3e88a9b1d050e0ad8879b01c5971d2fc6948.jpg,ComplexDataLab/OpenFake,data/datasets/openfake/additional-900/images/real/e8dfe80b14382ae7e7413d167a3b3e88a9b1d050e0ad8879b01c5971d2fc6948.jpg,"[""data/datasets/openfake/additional-900/images/real/e8dfe80b14382ae7e7413d167a3b3e88a9b1d050e0ad8879b01c5971d2fc6948.jpg""]",e8dfe80b14382ae7e7413d167a3b3e88a9b1d050e0ad8879b01c5971d2fc6948,https://huggingface.co/datasets/ComplexDataLab/OpenFake,CC-BY-NC-4.0,,v1.0,750279a9710d3d98bbc6d0d87250312cfdf922a0,0,real,collection_manifest_normalized_label_verified_by_sha256,human,human,true,consolidated_human_review,1,medium,1,medium,0.6402028799057007,0.026972245424985886,1,medium,resnet50_layer4_fc_weighted_ordinal_v3,48f6495d4a62ded10d98c3835ffcd33c8f5c653e5df19cb03aef62582060e9b4,training
e974c5270c9beb4a5fac394ad7750e613409a4e1c0f17e7ffc91fca96afc3a5d,human_annotated/images/e974c5270c9beb4a5fac394ad7750e613409a4e1c0f17e7ffc91fca96afc3a5d.jpg,saberzl/SID_Set,data/datasets/sid-set/candidate-1500/images/real/e974c5270c9beb4a5fac394ad7750e613409a4e1c0f17e7ffc91fca96afc3a5d.jpg,"[""data/datasets/sid-set/candidate-1500/images/real/e974c5270c9beb4a5fac394ad7750e613409a4e1c0f17e7ffc91fca96afc3a5d.jpg""]",e974c5270c9beb4a5fac394ad7750e613409a4e1c0f17e7ffc91fca96afc3a5d,https://huggingface.co/datasets/saberzl/SID_Set,CC-BY-4.0,0bcf255eadbdfe65,main,dc03ead57929879319ce30a82bfcfb8d317b10bd,0,real,collection_manifest_normalized_label_verified_by_sha256,human,human,true,human_master_final,1,medium,1,medium,0.9515824913978577,0.12745502591133118,1,medium,resnet50_layer4_fc_weighted_ordinal_v3,48f6495d4a62ded10d98c3835ffcd33c8f5c653e5df19cb03aef62582060e9b4,validation
ea1d4e44487dd7b8e320f66d945e8444e0e58e68d066542327f373f1e874881f,human_annotated/images/ea1d4e44487dd7b8e320f66d945e8444e0e58e68d066542327f373f1e874881f.png,RRDataset,data/datasets/RRDataset/selection_1500/giovanni/ai/Culture_&_Religion_000123.png,"[""data/datasets/RRDataset/selection_1500/giovanni/ai/Culture_&_Religion_000123.png""]",ea1d4e44487dd7b8e320f66d945e8444e0e58e68d066542327f373f1e874881f,https://zenodo.org/records/14963880,CC-BY-4.0,,,,1,fake,rrdataset_local_directory_verified_by_sha256,human,human,true,human_master_final,2,high,2,high,0.8570091724395752,0.6930795311927795,2,high,resnet50_layer4_fc_weighted_ordinal_v3,48f6495d4a62ded10d98c3835ffcd33c8f5c653e5df19cb03aef62582060e9b4,frozen_test
ea1f491e3f8c985b28f83fa15eb336a666183a4fe872460e4aa113aafa444073,human_annotated/images/ea1f491e3f8c985b28f83fa15eb336a666183a4fe872460e4aa113aafa444073.jpg,ComplexDataLab/OpenFake,data/datasets/openfake/additional-900/images/real/ea1f491e3f8c985b28f83fa15eb336a666183a4fe872460e4aa113aafa444073.jpg,"[""data/datasets/openfake/additional-900/images/real/ea1f491e3f8c985b28f83fa15eb336a666183a4fe872460e4aa113aafa444073.jpg""]",ea1f491e3f8c985b28f83fa15eb336a666183a4fe872460e4aa113aafa444073,https://huggingface.co/datasets/ComplexDataLab/OpenFake,CC-BY-NC-4.0,,v1.0,750279a9710d3d98bbc6d0d87250312cfdf922a0,0,real,collection_manifest_normalized_label_verified_by_sha256,human,human,true,human_master_final,1,medium,1,medium,0.974629282951355,0.13272690773010254,1,medium,resnet50_layer4_fc_weighted_ordinal_v3,48f6495d4a62ded10d98c3835ffcd33c8f5c653e5df19cb03aef62582060e9b4,validation
ead550ad99628a06323f4aa753d2a324526ef63603de4c4ec3cf77a7e3072060,human_annotated/images/ead550ad99628a06323f4aa753d2a324526ef63603de4c4ec3cf77a7e3072060.png,ComplexDataLab/OpenFake,data/datasets/openfake/additional-900/images/fake/ead550ad99628a06323f4aa753d2a324526ef63603de4c4ec3cf77a7e3072060.png,"[""data/datasets/openfake/additional-900/images/fake/ead550ad99628a06323f4aa753d2a324526ef63603de4c4ec3cf77a7e3072060.png""]",ead550ad99628a06323f4aa753d2a324526ef63603de4c4ec3cf77a7e3072060,https://huggingface.co/datasets/ComplexDataLab/OpenFake,CC-BY-NC-4.0,,v1.0,750279a9710d3d98bbc6d0d87250312cfdf922a0,1,fake,collection_manifest_normalized_label_verified_by_sha256,human,human,true,human_master_final,0,low,1,medium,0.6639629006385803,0.06962066888809204,0,low,resnet50_layer4_fc_weighted_ordinal_v3,48f6495d4a62ded10d98c3835ffcd33c8f5c653e5df19cb03aef62582060e9b4,validation
eaef619dc939ca42453191dce2bcaab1ab07cbe7fd655c82a6c10633eea11181,human_annotated/images/eaef619dc939ca42453191dce2bcaab1ab07cbe7fd655c82a6c10633eea11181.png,RRDataset,data/datasets/RRDataset/selection_1500/giovanni/ai/Natural_Disasters_&_Accidents_000783.png,"[""data/datasets/RRDataset/selection_1500/giovanni/ai/Natural_Disasters_&_Accidents_000783.png""]",eaef619dc939ca42453191dce2bcaab1ab07cbe7fd655c82a6c10633eea11181,https://zenodo.org/records/14963880,CC-BY-4.0,,,,1,fake,rrdataset_local_directory_verified_by_sha256,human,human,true,human_master_final,1,medium,1,medium,0.6519166827201843,0.005328632425516844,1,medium,resnet50_layer4_fc_weighted_ordinal_v3,48f6495d4a62ded10d98c3835ffcd33c8f5c653e5df19cb03aef62582060e9b4,training
eb1ef9030b8b6923806336ab2289c3185e7d62a2191f1272ebbe8a098b4999b0,human_annotated/images/eb1ef9030b8b6923806336ab2289c3185e7d62a2191f1272ebbe8a098b4999b0.png,RRDataset,data/datasets/RRDataset/selection_1500/lorenzo/ai/Political_&_Social_Events_000076.png,"[""data/datasets/RRDataset/selection_1500/lorenzo/ai/Political_&_Social_Events_000076.png""]",eb1ef9030b8b6923806336ab2289c3185e7d62a2191f1272ebbe8a098b4999b0,https://zenodo.org/records/14963880,CC-BY-4.0,,,,1,fake,rrdataset_local_directory_verified_by_sha256,human,human,true,human_master_final,1,medium,1,medium,0.9117159247398376,0.003858525538817048,1,medium,resnet50_layer4_fc_weighted_ordinal_v3,48f6495d4a62ded10d98c3835ffcd33c8f5c653e5df19cb03aef62582060e9b4,training
eb8bb6f1e02b65dc4e6d75b70c03afec584fa2b4a47ca4d1a9c50aaa0b6f92f9,human_annotated/images/eb8bb6f1e02b65dc4e6d75b70c03afec584fa2b4a47ca4d1a9c50aaa0b6f92f9.png,ComplexDataLab/OpenFake,data/datasets/openfake/additional-900/images/fake/eb8bb6f1e02b65dc4e6d75b70c03afec584fa2b4a47ca4d1a9c50aaa0b6f92f9.png,"[""data/datasets/openfake/additional-900/images/fake/eb8bb6f1e02b65dc4e6d75b70c03afec584fa2b4a47ca4d1a9c50aaa0b6f92f9.png""]",eb8bb6f1e02b65dc4e6d75b70c03afec584fa2b4a47ca4d1a9c50aaa0b6f92f9,https://huggingface.co/datasets/ComplexDataLab/OpenFake,CC-BY-NC-4.0,,v1.0,750279a9710d3d98bbc6d0d87250312cfdf922a0,1,fake,collection_manifest_normalized_label_verified_by_sha256,human,human,true,human_master_final,0,low,1,medium,0.7450011968612671,0.15999342501163483,0,low,resnet50_layer4_fc_weighted_ordinal_v3,48f6495d4a62ded10d98c3835ffcd33c8f5c653e5df19cb03aef62582060e9b4,training
ec786aed6b5c68e840686929e92b21ce92f76c42bd8fbaea02b269cd3c89302d,human_annotated/images/ec786aed6b5c68e840686929e92b21ce92f76c42bd8fbaea02b269cd3c89302d.png,ComplexDataLab/OpenFake,data/datasets/openfake/additional-900/images/fake/ec786aed6b5c68e840686929e92b21ce92f76c42bd8fbaea02b269cd3c89302d.png,"[""data/datasets/openfake/additional-900/images/fake/ec786aed6b5c68e840686929e92b21ce92f76c42bd8fbaea02b269cd3c89302d.png""]",ec786aed6b5c68e840686929e92b21ce92f76c42bd8fbaea02b269cd3c89302d,https://huggingface.co/datasets/ComplexDataLab/OpenFake,CC-BY-NC-4.0,,v1.0,750279a9710d3d98bbc6d0d87250312cfdf922a0,1,fake,collection_manifest_normalized_label_verified_by_sha256,human,human,true,human_master_final,1,medium,1,medium,0.5125200748443604,0.006943502463400364,1,medium,resnet50_layer4_fc_weighted_ordinal_v3,48f6495d4a62ded10d98c3835ffcd33c8f5c653e5df19cb03aef62582060e9b4,training
ec921c89e01f79f9421ef94647705ac0b0cb86e7da2e81e3d64032e9c0f17d7c,human_annotated/images/ec921c89e01f79f9421ef94647705ac0b0cb86e7da2e81e3d64032e9c0f17d7c.jpg,saberzl/SID_Set,data/datasets/sid-set/candidate-1500/images/real/ec921c89e01f79f9421ef94647705ac0b0cb86e7da2e81e3d64032e9c0f17d7c.jpg,"[""data/datasets/sid-set/candidate-1500/images/real/ec921c89e01f79f9421ef94647705ac0b0cb86e7da2e81e3d64032e9c0f17d7c.jpg""]",ec921c89e01f79f9421ef94647705ac0b0cb86e7da2e81e3d64032e9c0f17d7c,https://huggingface.co/datasets/saberzl/SID_Set,CC-BY-4.0,31fef2325edff37f,main,dc03ead57929879319ce30a82bfcfb8d317b10bd,0,real,collection_manifest_normalized_label_verified_by_sha256,human,human,true,consolidated_human_review,0,low,1,medium,0.5183175802230835,0.2984820306301117,0,low,resnet50_layer4_fc_weighted_ordinal_v3,48f6495d4a62ded10d98c3835ffcd33c8f5c653e5df19cb03aef62582060e9b4,training
eca82f2017963c5653827357833ae4b16ce0060b386fe439d26e1d6b2f77321b,human_annotated/images/eca82f2017963c5653827357833ae4b16ce0060b386fe439d26e1d6b2f77321b.png,RRDataset,data/datasets/RRDataset/selection_1500/lorenzo/ai/normal_009275.png,"[""data/datasets/RRDataset/selection_1500/lorenzo/ai/normal_009275.png""]",eca82f2017963c5653827357833ae4b16ce0060b386fe439d26e1d6b2f77321b,https://zenodo.org/records/14963880,CC-BY-4.0,,,,1,fake,rrdataset_local_directory_verified_by_sha256,human,human,true,human_master_final,0,low,0,low,0.2051856815814972,0.08630725741386414,0,low,resnet50_layer4_fc_weighted_ordinal_v3,48f6495d4a62ded10d98c3835ffcd33c8f5c653e5df19cb03aef62582060e9b4,training
ee392781e3e722fb288dc67174414e764f92bae62f934405d39fc809d7df353c,human_annotated/images/ee392781e3e722fb288dc67174414e764f92bae62f934405d39fc809d7df353c.png,ComplexDataLab/OpenFake,data/datasets/openfake/pilot-600/images/fake/ee392781e3e722fb288dc67174414e764f92bae62f934405d39fc809d7df353c.png,"[""data/datasets/openfake/pilot-600/images/fake/ee392781e3e722fb288dc67174414e764f92bae62f934405d39fc809d7df353c.png""]",ee392781e3e722fb288dc67174414e764f92bae62f934405d39fc809d7df353c,https://huggingface.co/datasets/ComplexDataLab/OpenFake,CC-BY-NC-4.0,,v1.0,,1,fake,collection_manifest_normalized_label_verified_by_sha256,human,human,true,human_master_final,0,low,0,low,0.25289011001586914,0.038121916353702545,0,low,resnet50_layer4_fc_weighted_ordinal_v3,48f6495d4a62ded10d98c3835ffcd33c8f5c653e5df19cb03aef62582060e9b4,frozen_test
ee67bd63bc93a14e48e92397bb8abf5f8409d60822e59935c2c134d22393a8f0,human_annotated/images/ee67bd63bc93a14e48e92397bb8abf5f8409d60822e59935c2c134d22393a8f0.png,RRDataset,data/datasets/RRDataset/selection_1500/lorenzo/ai/Medical_&_Public_Health_000482.png,"[""data/datasets/RRDataset/selection_1500/lorenzo/ai/Medical_&_Public_Health_000482.png""]",ee67bd63bc93a14e48e92397bb8abf5f8409d60822e59935c2c134d22393a8f0,https://zenodo.org/records/14963880,CC-BY-4.0,,,,1,fake,rrdataset_local_directory_verified_by_sha256,human,human,true,consolidated_human_review,2,high,2,high,0.9420711994171143,0.5129292011260986,2,high,resnet50_layer4_fc_weighted_ordinal_v3,48f6495d4a62ded10d98c3835ffcd33c8f5c653e5df19cb03aef62582060e9b4,training
eea23b496c2b49430c24785a9fc529d8b80c117c2b795d3495dc6dea34440b5d,human_annotated/images/eea23b496c2b49430c24785a9fc529d8b80c117c2b795d3495dc6dea34440b5d.png,saberzl/SID_Set,data/datasets/sid-set/candidate-1500/images/fake/eea23b496c2b49430c24785a9fc529d8b80c117c2b795d3495dc6dea34440b5d.png,"[""data/datasets/sid-set/candidate-1500/images/fake/eea23b496c2b49430c24785a9fc529d8b80c117c2b795d3495dc6dea34440b5d.png""]",eea23b496c2b49430c24785a9fc529d8b80c117c2b795d3495dc6dea34440b5d,https://huggingface.co/datasets/saberzl/SID_Set,CC-BY-4.0,full_synthetic_013424,main,dc03ead57929879319ce30a82bfcfb8d317b10bd,1,fake,collection_manifest_normalized_label_verified_by_sha256,human,human,true,human_master_final,0,low,1,medium,0.806523859500885,0.016598453745245934,0,low,resnet50_layer4_fc_weighted_ordinal_v3,48f6495d4a62ded10d98c3835ffcd33c8f5c653e5df19cb03aef62582060e9b4,validation
eea275f3f35b1f7f49b896ae0db49ec34bd6f90e336d63262dc4315039182afb,human_annotated/images/eea275f3f35b1f7f49b896ae0db49ec34bd6f90e336d63262dc4315039182afb.jpg,RRDataset,data/datasets/RRDataset/selection_1500/sara/real/real_001502.jpg,"[""data/datasets/RRDataset/selection_1500/sara/real/real_001502.jpg""]",eea275f3f35b1f7f49b896ae0db49ec34bd6f90e336d63262dc4315039182afb,https://zenodo.org/records/14963880,CC-BY-4.0,,,,0,real,rrdataset_local_directory_verified_by_sha256,human,human,true,human_master_final,1,medium,1,medium,0.8316696882247925,0.010819550603628159,1,medium,resnet50_layer4_fc_weighted_ordinal_v3,48f6495d4a62ded10d98c3835ffcd33c8f5c653e5df19cb03aef62582060e9b4,training
eeb868b50484439724eacb8464b52adbfbf56350ced3d25bb3fc87c19b312aa9,human_annotated/images/eeb868b50484439724eacb8464b52adbfbf56350ced3d25bb3fc87c19b312aa9.jpg,ComplexDataLab/OpenFake,data/datasets/openfake/pilot-600/images/real/eeb868b50484439724eacb8464b52adbfbf56350ced3d25bb3fc87c19b312aa9.jpg,"[""data/datasets/openfake/pilot-600/images/real/eeb868b50484439724eacb8464b52adbfbf56350ced3d25bb3fc87c19b312aa9.jpg""]",eeb868b50484439724eacb8464b52adbfbf56350ced3d25bb3fc87c19b312aa9,https://huggingface.co/datasets/ComplexDataLab/OpenFake,CC-BY-NC-4.0,,v1.0,,0,real,collection_manifest_normalized_label_verified_by_sha256,human,human,true,human_master_final,1,medium,1,medium,0.9550389051437378,0.11428117752075195,1,medium,resnet50_layer4_fc_weighted_ordinal_v3,48f6495d4a62ded10d98c3835ffcd33c8f5c653e5df19cb03aef62582060e9b4,training
eefd730ef0d5449e99f0894ea5e09e5110ff36c0e3d0ab3cf54611680b3b678a,human_annotated/images/eefd730ef0d5449e99f0894ea5e09e5110ff36c0e3d0ab3cf54611680b3b678a.png,ComplexDataLab/OpenFake,data/datasets/openfake/pilot-600/images/fake/eefd730ef0d5449e99f0894ea5e09e5110ff36c0e3d0ab3cf54611680b3b678a.png,"[""data/datasets/openfake/pilot-600/images/fake/eefd730ef0d5449e99f0894ea5e09e5110ff36c0e3d0ab3cf54611680b3b678a.png""]",eefd730ef0d5449e99f0894ea5e09e5110ff36c0e3d0ab3cf54611680b3b678a,https://huggingface.co/datasets/ComplexDataLab/OpenFake,CC-BY-NC-4.0,,v1.0,,1,fake,collection_manifest_normalized_label_verified_by_sha256,human,human,true,human_master_final,0,low,0,low,0.4155111312866211,0.0027851280756294727,0,low,resnet50_layer4_fc_weighted_ordinal_v3,48f6495d4a62ded10d98c3835ffcd33c8f5c653e5df19cb03aef62582060e9b4,training
ef449ea45b64aaa0ff30621522aae25e2818cd17c5d4ad63cb38b2931b44f918,human_annotated/images/ef449ea45b64aaa0ff30621522aae25e2818cd17c5d4ad63cb38b2931b44f918.jpg,ComplexDataLab/OpenFake,data/datasets/openfake/pilot-600/images/real/ef449ea45b64aaa0ff30621522aae25e2818cd17c5d4ad63cb38b2931b44f918.jpg,"[""data/datasets/openfake/pilot-600/images/real/ef449ea45b64aaa0ff30621522aae25e2818cd17c5d4ad63cb38b2931b44f918.jpg""]",ef449ea45b64aaa0ff30621522aae25e2818cd17c5d4ad63cb38b2931b44f918,https://huggingface.co/datasets/ComplexDataLab/OpenFake,CC-BY-NC-4.0,,v1.0,,0,real,collection_manifest_normalized_label_verified_by_sha256,human,human,true,human_master_final,1,medium,1,medium,0.6849181652069092,0.10275033116340637,1,medium,resnet50_layer4_fc_weighted_ordinal_v3,48f6495d4a62ded10d98c3835ffcd33c8f5c653e5df19cb03aef62582060e9b4,validation
ef4863a111dc7c276a15afb91b889562661e3321d1045711b20bd6efb5b0fdbb,human_annotated/images/ef4863a111dc7c276a15afb91b889562661e3321d1045711b20bd6efb5b0fdbb.jpg,ComplexDataLab/OpenFake,data/datasets/openfake/additional-900/images/real/ef4863a111dc7c276a15afb91b889562661e3321d1045711b20bd6efb5b0fdbb.jpg,"[""data/datasets/openfake/additional-900/images/real/ef4863a111dc7c276a15afb91b889562661e3321d1045711b20bd6efb5b0fdbb.jpg""]",ef4863a111dc7c276a15afb91b889562661e3321d1045711b20bd6efb5b0fdbb,https://huggingface.co/datasets/ComplexDataLab/OpenFake,CC-BY-NC-4.0,,v1.0,750279a9710d3d98bbc6d0d87250312cfdf922a0,0,real,collection_manifest_normalized_label_verified_by_sha256,human,human,true,consolidated_human_review,1,medium,1,medium,0.5686078071594238,0.09648458659648895,1,medium,resnet50_layer4_fc_weighted_ordinal_v3,48f6495d4a62ded10d98c3835ffcd33c8f5c653e5df19cb03aef62582060e9b4,training
ef5ac6ff7160d5a07c39e78ece79bb63a0bb57503a777b6a89fdd1ae6c5d6584,human_annotated/images/ef5ac6ff7160d5a07c39e78ece79bb63a0bb57503a777b6a89fdd1ae6c5d6584.png,saberzl/SID_Set,data/datasets/sid-set/candidate-1500/images/fake/ef5ac6ff7160d5a07c39e78ece79bb63a0bb57503a777b6a89fdd1ae6c5d6584.png,"[""data/datasets/sid-set/candidate-1500/images/fake/ef5ac6ff7160d5a07c39e78ece79bb63a0bb57503a777b6a89fdd1ae6c5d6584.png""]",ef5ac6ff7160d5a07c39e78ece79bb63a0bb57503a777b6a89fdd1ae6c5d6584,https://huggingface.co/datasets/saberzl/SID_Set,CC-BY-4.0,full_synthetic_011351,main,dc03ead57929879319ce30a82bfcfb8d317b10bd,1,fake,collection_manifest_normalized_label_verified_by_sha256,human,human,true,human_master_final,0,low,0,low,0.4687260389328003,0.024413621053099632,0,low,resnet50_layer4_fc_weighted_ordinal_v3,48f6495d4a62ded10d98c3835ffcd33c8f5c653e5df19cb03aef62582060e9b4,training
efb65a3947c4605db2f3705bbf13ddafd2fe3a3d6a59c57011521897c53edc10,human_annotated/images/efb65a3947c4605db2f3705bbf13ddafd2fe3a3d6a59c57011521897c53edc10.png,RRDataset,data/datasets/RRDataset/selection_1500/lorenzo/ai/War_&_Conflict_Scenes_000306.png,"[""data/datasets/RRDataset/selection_1500/lorenzo/ai/War_&_Conflict_Scenes_000306.png""]",efb65a3947c4605db2f3705bbf13ddafd2fe3a3d6a59c57011521897c53edc10,https://zenodo.org/records/14963880,CC-BY-4.0,,,,1,fake,rrdataset_local_directory_verified_by_sha256,human,human,true,human_master_final,2,high,2,high,0.8666142821311951,0.7529181241989136,2,high,resnet50_layer4_fc_weighted_ordinal_v3,48f6495d4a62ded10d98c3835ffcd33c8f5c653e5df19cb03aef62582060e9b4,training
efe0dea29b6e6cb317aef10d4c28f59c2015f31296daec1b9cabc1bc66b77da2,human_annotated/images/efe0dea29b6e6cb317aef10d4c28f59c2015f31296daec1b9cabc1bc66b77da2.png,RRDataset,data/datasets/RRDataset/selection_1500/giovanni/ai/War_&_Conflict_Scenes_000993.png,"[""data/datasets/RRDataset/selection_1500/giovanni/ai/War_&_Conflict_Scenes_000993.png""]",efe0dea29b6e6cb317aef10d4c28f59c2015f31296daec1b9cabc1bc66b77da2,https://zenodo.org/records/14963880,CC-BY-4.0,,,,1,fake,rrdataset_local_directory_verified_by_sha256,human,human,true,human_master_final,1,medium,1,medium,0.7079505324363708,0.163426011800766,1,medium,resnet50_layer4_fc_weighted_ordinal_v3,48f6495d4a62ded10d98c3835ffcd33c8f5c653e5df19cb03aef62582060e9b4,validation
f05c346ef23ef0347b57d5b28808579f9205ba69a318c213db51c1cebe4100fd,human_annotated/images/f05c346ef23ef0347b57d5b28808579f9205ba69a318c213db51c1cebe4100fd.jpg,ComplexDataLab/OpenFake,data/datasets/openfake/pilot-600/images/real/f05c346ef23ef0347b57d5b28808579f9205ba69a318c213db51c1cebe4100fd.jpg,"[""data/datasets/openfake/pilot-600/images/real/f05c346ef23ef0347b57d5b28808579f9205ba69a318c213db51c1cebe4100fd.jpg""]",f05c346ef23ef0347b57d5b28808579f9205ba69a318c213db51c1cebe4100fd,https://huggingface.co/datasets/ComplexDataLab/OpenFake,CC-BY-NC-4.0,,v1.0,,0,real,collection_manifest_normalized_label_verified_by_sha256,human,human,true,human_master_final,0,low,0,low,0.05977281183004379,0.002371526323258877,0,low,resnet50_layer4_fc_weighted_ordinal_v3,48f6495d4a62ded10d98c3835ffcd33c8f5c653e5df19cb03aef62582060e9b4,training
f09e2bb89e213feb14919506fe2db5045a0d189e28b088388e27d37226eb46a7,human_annotated/images/f09e2bb89e213feb14919506fe2db5045a0d189e28b088388e27d37226eb46a7.png,RRDataset,data/datasets/RRDataset/selection_1500/sara/ai/normal_008827.png,"[""data/datasets/RRDataset/selection_1500/sara/ai/normal_008827.png""]",f09e2bb89e213feb14919506fe2db5045a0d189e28b088388e27d37226eb46a7,https://zenodo.org/records/14963880,CC-BY-4.0,,,,1,fake,rrdataset_local_directory_verified_by_sha256,human,human,true,consolidated_human_review,0,low,0,low,0.2614090144634247,0.05544353649020195,0,low,resnet50_layer4_fc_weighted_ordinal_v3,48f6495d4a62ded10d98c3835ffcd33c8f5c653e5df19cb03aef62582060e9b4,training
f159f7f1becf4f1af80af2791aec93d7fd89697896ea60244cf75ba1e18ecd7b,human_annotated/images/f159f7f1becf4f1af80af2791aec93d7fd89697896ea60244cf75ba1e18ecd7b.png,ComplexDataLab/OpenFake,data/datasets/openfake/pilot-600/images/fake/f159f7f1becf4f1af80af2791aec93d7fd89697896ea60244cf75ba1e18ecd7b.png,"[""data/datasets/openfake/pilot-600/images/fake/f159f7f1becf4f1af80af2791aec93d7fd89697896ea60244cf75ba1e18ecd7b.png""]",f159f7f1becf4f1af80af2791aec93d7fd89697896ea60244cf75ba1e18ecd7b,https://huggingface.co/datasets/ComplexDataLab/OpenFake,CC-BY-NC-4.0,,v1.0,,1,fake,collection_manifest_normalized_label_verified_by_sha256,human,human,true,human_master_final,0,low,0,low,0.08796903491020203,0.0007257011020556092,0,low,resnet50_layer4_fc_weighted_ordinal_v3,48f6495d4a62ded10d98c3835ffcd33c8f5c653e5df19cb03aef62582060e9b4,training
f16e86b8d3f99d67e4d16e584519e1b0f16cba06e7b9f9ebaaa762c6c94e866e,human_annotated/images/f16e86b8d3f99d67e4d16e584519e1b0f16cba06e7b9f9ebaaa762c6c94e866e.jpg,saberzl/SID_Set,data/datasets/sid-set/candidate-1500/images/real/f16e86b8d3f99d67e4d16e584519e1b0f16cba06e7b9f9ebaaa762c6c94e866e.jpg,"[""data/datasets/sid-set/candidate-1500/images/real/f16e86b8d3f99d67e4d16e584519e1b0f16cba06e7b9f9ebaaa762c6c94e866e.jpg""]",f16e86b8d3f99d67e4d16e584519e1b0f16cba06e7b9f9ebaaa762c6c94e866e,https://huggingface.co/datasets/saberzl/SID_Set,CC-BY-4.0,2e377276296e29c6,main,dc03ead57929879319ce30a82bfcfb8d317b10bd,0,real,collection_manifest_normalized_label_verified_by_sha256,human,human,true,human_master_final,0,low,1,medium,0.8686171770095825,0.06143728271126747,0,low,resnet50_layer4_fc_weighted_ordinal_v3,48f6495d4a62ded10d98c3835ffcd33c8f5c653e5df19cb03aef62582060e9b4,training
f18656546ec74b14d90f273bed454a4913830795eaa857eec9f679ed55714fe3,human_annotated/images/f18656546ec74b14d90f273bed454a4913830795eaa857eec9f679ed55714fe3.jpg,ComplexDataLab/OpenFake,data/datasets/openfake/pilot-600/images/real/f18656546ec74b14d90f273bed454a4913830795eaa857eec9f679ed55714fe3.jpg,"[""data/datasets/openfake/pilot-600/images/real/f18656546ec74b14d90f273bed454a4913830795eaa857eec9f679ed55714fe3.jpg""]",f18656546ec74b14d90f273bed454a4913830795eaa857eec9f679ed55714fe3,https://huggingface.co/datasets/ComplexDataLab/OpenFake,CC-BY-NC-4.0,,v1.0,,0,real,collection_manifest_normalized_label_verified_by_sha256,human,human,true,human_master_final,0,low,1,medium,0.8202076554298401,0.016139797866344452,0,low,resnet50_layer4_fc_weighted_ordinal_v3,48f6495d4a62ded10d98c3835ffcd33c8f5c653e5df19cb03aef62582060e9b4,training
f19b1c24e3bddd20cf978395e030b2fae17ece9bb4a40e5bef76ede2b238e9c1,human_annotated/images/f19b1c24e3bddd20cf978395e030b2fae17ece9bb4a40e5bef76ede2b238e9c1.jpg,ComplexDataLab/OpenFake,data/datasets/openfake/additional-900/images/real/f19b1c24e3bddd20cf978395e030b2fae17ece9bb4a40e5bef76ede2b238e9c1.jpg,"[""data/datasets/openfake/additional-900/images/real/f19b1c24e3bddd20cf978395e030b2fae17ece9bb4a40e5bef76ede2b238e9c1.jpg""]",f19b1c24e3bddd20cf978395e030b2fae17ece9bb4a40e5bef76ede2b238e9c1,https://huggingface.co/datasets/ComplexDataLab/OpenFake,CC-BY-NC-4.0,,v1.0,750279a9710d3d98bbc6d0d87250312cfdf922a0,0,real,collection_manifest_normalized_label_verified_by_sha256,human,human,true,human_master_final,1,medium,1,medium,0.9156673550605774,0.02763068862259388,1,medium,resnet50_layer4_fc_weighted_ordinal_v3,48f6495d4a62ded10d98c3835ffcd33c8f5c653e5df19cb03aef62582060e9b4,training
f1e20af3adb9fa8ab370c49260fc89f18448dc0de32ca5fbc7622aa438fcf771,human_annotated/images/f1e20af3adb9fa8ab370c49260fc89f18448dc0de32ca5fbc7622aa438fcf771.png,RRDataset,data/datasets/RRDataset/selection_1500/lorenzo/ai/Political_&_Social_Events_000039.png,"[""data/datasets/RRDataset/selection_1500/lorenzo/ai/Political_&_Social_Events_000039.png""]",f1e20af3adb9fa8ab370c49260fc89f18448dc0de32ca5fbc7622aa438fcf771,https://zenodo.org/records/14963880,CC-BY-4.0,,,,1,fake,rrdataset_local_directory_verified_by_sha256,human,human,true,human_master_final,1,medium,1,medium,0.9950247406959534,0.23953427374362946,1,medium,resnet50_layer4_fc_weighted_ordinal_v3,48f6495d4a62ded10d98c3835ffcd33c8f5c653e5df19cb03aef62582060e9b4,training
f24f1ab79a5caa159240a0501560786822b1b8f67721503b6e76ceae15630b01,human_annotated/images/f24f1ab79a5caa159240a0501560786822b1b8f67721503b6e76ceae15630b01.png,RRDataset,data/datasets/RRDataset/selection_1500/sara/ai/normal_007681.png,"[""data/datasets/RRDataset/selection_1500/sara/ai/normal_007681.png""]",f24f1ab79a5caa159240a0501560786822b1b8f67721503b6e76ceae15630b01,https://zenodo.org/records/14963880,CC-BY-4.0,,,,1,fake,rrdataset_local_directory_verified_by_sha256,human,human,true,consolidated_human_review,0,low,0,low,0.1433679461479187,0.007415557745844126,0,low,resnet50_layer4_fc_weighted_ordinal_v3,48f6495d4a62ded10d98c3835ffcd33c8f5c653e5df19cb03aef62582060e9b4,training
f256757b021be3cf32fdfaf1a3b85f9e4552e2b9647a1a8eda5222b83c361d2b,human_annotated/images/f256757b021be3cf32fdfaf1a3b85f9e4552e2b9647a1a8eda5222b83c361d2b.jpg,RRDataset,data/datasets/RRDataset/selection_1500/giovanni/real/real_009781.jpg,"[""data/datasets/RRDataset/selection_1500/giovanni/real/real_009781.jpg""]",f256757b021be3cf32fdfaf1a3b85f9e4552e2b9647a1a8eda5222b83c361d2b,https://zenodo.org/records/14963880,CC-BY-4.0,,,,0,real,rrdataset_local_directory_verified_by_sha256,human,human,true,consolidated_human_review,0,low,0,low,0.280699223279953,0.11114837229251862,0,low,resnet50_layer4_fc_weighted_ordinal_v3,48f6495d4a62ded10d98c3835ffcd33c8f5c653e5df19cb03aef62582060e9b4,training
f261de55321515a60143820b17c29702de21627730f6c9810318b5a4d9cba573,human_annotated/images/f261de55321515a60143820b17c29702de21627730f6c9810318b5a4d9cba573.png,saberzl/SID_Set,data/datasets/sid-set/candidate-1500/images/fake/f261de55321515a60143820b17c29702de21627730f6c9810318b5a4d9cba573.png,"[""data/datasets/sid-set/candidate-1500/images/fake/f261de55321515a60143820b17c29702de21627730f6c9810318b5a4d9cba573.png""]",f261de55321515a60143820b17c29702de21627730f6c9810318b5a4d9cba573,https://huggingface.co/datasets/saberzl/SID_Set,CC-BY-4.0,full_synthetic_004243,main,dc03ead57929879319ce30a82bfcfb8d317b10bd,1,fake,collection_manifest_normalized_label_verified_by_sha256,human,human,true,human_master_final,1,medium,1,medium,0.6029828190803528,0.011795788072049618,1,medium,resnet50_layer4_fc_weighted_ordinal_v3,48f6495d4a62ded10d98c3835ffcd33c8f5c653e5df19cb03aef62582060e9b4,training
f2946055bce395ce598270394b820dd9b9a573e00ec9fc91eb58a973be796398,human_annotated/images/f2946055bce395ce598270394b820dd9b9a573e00ec9fc91eb58a973be796398.jpg,RRDataset,data/datasets/RRDataset/selection_1500/giovanni/real/real_009081.jpg,"[""data/datasets/RRDataset/selection_1500/giovanni/real/real_009081.jpg""]",f2946055bce395ce598270394b820dd9b9a573e00ec9fc91eb58a973be796398,https://zenodo.org/records/14963880,CC-BY-4.0,,,,0,real,rrdataset_local_directory_verified_by_sha256,human,human,true,human_master_final,0,low,0,low,0.37396693229675293,0.0419299490749836,0,low,resnet50_layer4_fc_weighted_ordinal_v3,48f6495d4a62ded10d98c3835ffcd33c8f5c653e5df19cb03aef62582060e9b4,training
f2ac198210301203cea5e801b77bf4f82ba4beafcc350244f536bd2f030397d8,human_annotated/images/f2ac198210301203cea5e801b77bf4f82ba4beafcc350244f536bd2f030397d8.png,RRDataset,data/datasets/RRDataset/selection_1500/sara/ai/Natural_Disasters_&_Accidents_000430.png,"[""data/datasets/RRDataset/selection_1500/sara/ai/Natural_Disasters_&_Accidents_000430.png""]",f2ac198210301203cea5e801b77bf4f82ba4beafcc350244f536bd2f030397d8,https://zenodo.org/records/14963880,CC-BY-4.0,,,,1,fake,rrdataset_local_directory_verified_by_sha256,human,human,true,consolidated_human_review,2,high,2,high,0.744310200214386,0.4450710415840149,2,high,resnet50_layer4_fc_weighted_ordinal_v3,48f6495d4a62ded10d98c3835ffcd33c8f5c653e5df19cb03aef62582060e9b4,validation
f2cf874d18986bc566922694ba632ff39aa095654fae5bc2788489317b1624f8,human_annotated/images/f2cf874d18986bc566922694ba632ff39aa095654fae5bc2788489317b1624f8.png,ComplexDataLab/OpenFake,data/datasets/openfake/additional-900/images/fake/f2cf874d18986bc566922694ba632ff39aa095654fae5bc2788489317b1624f8.png,"[""data/datasets/openfake/additional-900/images/fake/f2cf874d18986bc566922694ba632ff39aa095654fae5bc2788489317b1624f8.png""]",f2cf874d18986bc566922694ba632ff39aa095654fae5bc2788489317b1624f8,https://huggingface.co/datasets/ComplexDataLab/OpenFake,CC-BY-NC-4.0,,v1.0,750279a9710d3d98bbc6d0d87250312cfdf922a0,1,fake,collection_manifest_normalized_label_verified_by_sha256,human,human,true,consolidated_human_review,1,medium,1,medium,0.8627983927726746,0.06932023167610168,1,medium,resnet50_layer4_fc_weighted_ordinal_v3,48f6495d4a62ded10d98c3835ffcd33c8f5c653e5df19cb03aef62582060e9b4,training
f2de8b1fc1b98838cd7286c123bb5bf88c23be6253c6302a15858570d5279eca,human_annotated/images/f2de8b1fc1b98838cd7286c123bb5bf88c23be6253c6302a15858570d5279eca.png,saberzl/SID_Set,data/datasets/sid-set/candidate-1500/images/fake/f2de8b1fc1b98838cd7286c123bb5bf88c23be6253c6302a15858570d5279eca.png,"[""data/datasets/sid-set/candidate-1500/images/fake/f2de8b1fc1b98838cd7286c123bb5bf88c23be6253c6302a15858570d5279eca.png""]",f2de8b1fc1b98838cd7286c123bb5bf88c23be6253c6302a15858570d5279eca,https://huggingface.co/datasets/saberzl/SID_Set,CC-BY-4.0,full_synthetic_066195,main,dc03ead57929879319ce30a82bfcfb8d317b10bd,1,fake,collection_manifest_normalized_label_verified_by_sha256,human,human,true,consolidated_human_review,0,low,0,low,0.2969606816768646,0.008372381329536438,0,low,resnet50_layer4_fc_weighted_ordinal_v3,48f6495d4a62ded10d98c3835ffcd33c8f5c653e5df19cb03aef62582060e9b4,training
f2e0f56971d3bd55cbba0295632a9de40628e63ee6ee61945c700b4f3f6de366,human_annotated/images/f2e0f56971d3bd55cbba0295632a9de40628e63ee6ee61945c700b4f3f6de366.png,RRDataset,data/datasets/RRDataset/selection_1500/lorenzo/ai/Natural_Disasters_&_Accidents_000277.png,"[""data/datasets/RRDataset/selection_1500/lorenzo/ai/Natural_Disasters_&_Accidents_000277.png""]",f2e0f56971d3bd55cbba0295632a9de40628e63ee6ee61945c700b4f3f6de366,https://zenodo.org/records/14963880,CC-BY-4.0,,,,1,fake,rrdataset_local_directory_verified_by_sha256,human,human,true,human_master_final,0,low,0,low,0.17951969802379608,0.005121529567986727,0,low,resnet50_layer4_fc_weighted_ordinal_v3,48f6495d4a62ded10d98c3835ffcd33c8f5c653e5df19cb03aef62582060e9b4,training
f3398590e0a43fd65ad330d5d32b8a6ac81e3cb2fcc05263d8a662a55bf06c84,human_annotated/images/f3398590e0a43fd65ad330d5d32b8a6ac81e3cb2fcc05263d8a662a55bf06c84.jpg,ComplexDataLab/OpenFake,data/datasets/openfake/pilot-600/images/real/f3398590e0a43fd65ad330d5d32b8a6ac81e3cb2fcc05263d8a662a55bf06c84.jpg,"[""data/datasets/openfake/pilot-600/images/real/f3398590e0a43fd65ad330d5d32b8a6ac81e3cb2fcc05263d8a662a55bf06c84.jpg""]",f3398590e0a43fd65ad330d5d32b8a6ac81e3cb2fcc05263d8a662a55bf06c84,https://huggingface.co/datasets/ComplexDataLab/OpenFake,CC-BY-NC-4.0,,v1.0,,0,real,collection_manifest_normalized_label_verified_by_sha256,human,human,true,human_master_final,0,low,1,medium,0.9420458078384399,0.1056804284453392,0,low,resnet50_layer4_fc_weighted_ordinal_v3,48f6495d4a62ded10d98c3835ffcd33c8f5c653e5df19cb03aef62582060e9b4,training
f340c67311643341beb4e1b8d223875c31b373bf27ab1bbc1f52acd969e4d0b6,human_annotated/images/f340c67311643341beb4e1b8d223875c31b373bf27ab1bbc1f52acd969e4d0b6.jpg,saberzl/SID_Set,data/datasets/sid-set/candidate-1500/images/real/f340c67311643341beb4e1b8d223875c31b373bf27ab1bbc1f52acd969e4d0b6.jpg,"[""data/datasets/sid-set/candidate-1500/images/real/f340c67311643341beb4e1b8d223875c31b373bf27ab1bbc1f52acd969e4d0b6.jpg""]",f340c67311643341beb4e1b8d223875c31b373bf27ab1bbc1f52acd969e4d0b6,https://huggingface.co/datasets/saberzl/SID_Set,CC-BY-4.0,c8e12f0a9c6f4f0a,main,dc03ead57929879319ce30a82bfcfb8d317b10bd,0,real,collection_manifest_normalized_label_verified_by_sha256,human,human,true,human_master_final,1,medium,1,medium,0.6734727025032043,0.015416573733091354,1,medium,resnet50_layer4_fc_weighted_ordinal_v3,48f6495d4a62ded10d98c3835ffcd33c8f5c653e5df19cb03aef62582060e9b4,training
f3a64c0c2315add4df76498b73a7baa811211e18adb61de2abf6ae07c404f22e,human_annotated/images/f3a64c0c2315add4df76498b73a7baa811211e18adb61de2abf6ae07c404f22e.png,RRDataset,data/datasets/RRDataset/selection_1500/lorenzo/ai/War_&_Conflict_Scenes_000341.png,"[""data/datasets/RRDataset/selection_1500/lorenzo/ai/War_&_Conflict_Scenes_000341.png""]",f3a64c0c2315add4df76498b73a7baa811211e18adb61de2abf6ae07c404f22e,https://zenodo.org/records/14963880,CC-BY-4.0,,,,1,fake,rrdataset_local_directory_verified_by_sha256,human,human,true,consolidated_human_review,2,high,2,high,0.9395505785942078,0.611847996711731,2,high,resnet50_layer4_fc_weighted_ordinal_v3,48f6495d4a62ded10d98c3835ffcd33c8f5c653e5df19cb03aef62582060e9b4,training
f3f29617a1b1ce4e37dccfcc24761fb9dbc7a15d75622ed552c27360d894e754,human_annotated/images/f3f29617a1b1ce4e37dccfcc24761fb9dbc7a15d75622ed552c27360d894e754.png,saberzl/SID_Set,data/datasets/sid-set/candidate-1500/images/fake/f3f29617a1b1ce4e37dccfcc24761fb9dbc7a15d75622ed552c27360d894e754.png,"[""data/datasets/sid-set/candidate-1500/images/fake/f3f29617a1b1ce4e37dccfcc24761fb9dbc7a15d75622ed552c27360d894e754.png""]",f3f29617a1b1ce4e37dccfcc24761fb9dbc7a15d75622ed552c27360d894e754,https://huggingface.co/datasets/saberzl/SID_Set,CC-BY-4.0,full_synthetic_055126,main,dc03ead57929879319ce30a82bfcfb8d317b10bd,1,fake,collection_manifest_normalized_label_verified_by_sha256,human,human,true,human_master_final,0,low,0,low,0.4354254901409149,0.17002390325069427,0,low,resnet50_layer4_fc_weighted_ordinal_v3,48f6495d4a62ded10d98c3835ffcd33c8f5c653e5df19cb03aef62582060e9b4,validation
f3fae82eb58d5c1f609af0ab45d8df0957648fef26952a1cd2958dc3d345f059,human_annotated/images/f3fae82eb58d5c1f609af0ab45d8df0957648fef26952a1cd2958dc3d345f059.jpg,RRDataset,data/datasets/RRDataset/selection_1500/giovanni/real/real_006847.jpg,"[""data/datasets/RRDataset/selection_1500/giovanni/real/real_006847.jpg""]",f3fae82eb58d5c1f609af0ab45d8df0957648fef26952a1cd2958dc3d345f059,https://zenodo.org/records/14963880,CC-BY-4.0,,,,0,real,rrdataset_local_directory_verified_by_sha256,human,human,true,human_master_final,1,medium,1,medium,0.7739090919494629,0.006631531752645969,1,medium,resnet50_layer4_fc_weighted_ordinal_v3,48f6495d4a62ded10d98c3835ffcd33c8f5c653e5df19cb03aef62582060e9b4,frozen_test
f41bca5c5fe8d055261c9c0d23bb989f1a3a57ba70bc73a24417b223dcd79090,human_annotated/images/f41bca5c5fe8d055261c9c0d23bb989f1a3a57ba70bc73a24417b223dcd79090.jpg,saberzl/SID_Set,data/datasets/sid-set/candidate-1500/images/real/f41bca5c5fe8d055261c9c0d23bb989f1a3a57ba70bc73a24417b223dcd79090.jpg,"[""data/datasets/sid-set/candidate-1500/images/real/f41bca5c5fe8d055261c9c0d23bb989f1a3a57ba70bc73a24417b223dcd79090.jpg""]",f41bca5c5fe8d055261c9c0d23bb989f1a3a57ba70bc73a24417b223dcd79090,https://huggingface.co/datasets/saberzl/SID_Set,CC-BY-4.0,a67d90953a0c0bca,main,dc03ead57929879319ce30a82bfcfb8d317b10bd,0,real,collection_manifest_normalized_label_verified_by_sha256,human,human,true,human_master_final,1,medium,2,high,0.9189308285713196,0.5573992729187012,1,medium,resnet50_layer4_fc_weighted_ordinal_v3,48f6495d4a62ded10d98c3835ffcd33c8f5c653e5df19cb03aef62582060e9b4,validation
f46ea0a9f7122cb111f80792f1eecf8b7cf816517426349568d972e8737d7f76,human_annotated/images/f46ea0a9f7122cb111f80792f1eecf8b7cf816517426349568d972e8737d7f76.jpg,saberzl/SID_Set,data/datasets/sid-set/candidate-1500/images/real/f46ea0a9f7122cb111f80792f1eecf8b7cf816517426349568d972e8737d7f76.jpg,"[""data/datasets/sid-set/candidate-1500/images/real/f46ea0a9f7122cb111f80792f1eecf8b7cf816517426349568d972e8737d7f76.jpg""]",f46ea0a9f7122cb111f80792f1eecf8b7cf816517426349568d972e8737d7f76,https://huggingface.co/datasets/saberzl/SID_Set,CC-BY-4.0,89724c8444386294,main,dc03ead57929879319ce30a82bfcfb8d317b10bd,0,real,collection_manifest_normalized_label_verified_by_sha256,human,human,true,human_master_final,0,low,0,low,0.26414385437965393,0.05941794067621231,0,low,resnet50_layer4_fc_weighted_ordinal_v3,48f6495d4a62ded10d98c3835ffcd33c8f5c653e5df19cb03aef62582060e9b4,frozen_test
f4cab35f85da82dcdd5924abcdef5b8f36b559dd69b763da4e78243c25783bc8,human_annotated/images/f4cab35f85da82dcdd5924abcdef5b8f36b559dd69b763da4e78243c25783bc8.jpg,RRDataset,data/datasets/RRDataset/selection_1500/lorenzo/real/real_003057.jpg,"[""data/datasets/RRDataset/selection_1500/lorenzo/real/real_003057.jpg""]",f4cab35f85da82dcdd5924abcdef5b8f36b559dd69b763da4e78243c25783bc8,https://zenodo.org/records/14963880,CC-BY-4.0,,,,0,real,rrdataset_local_directory_verified_by_sha256,human,human,true,human_master_final,1,medium,1,medium,0.8651512861251831,0.3385019600391388,1,medium,resnet50_layer4_fc_weighted_ordinal_v3,48f6495d4a62ded10d98c3835ffcd33c8f5c653e5df19cb03aef62582060e9b4,validation
f4d72e9350d6e895afa449b70653ab7d5a2a43ad9f8034096ca3ae2500cc05b2,human_annotated/images/f4d72e9350d6e895afa449b70653ab7d5a2a43ad9f8034096ca3ae2500cc05b2.png,saberzl/SID_Set,data/datasets/sid-set/candidate-1500/images/fake/f4d72e9350d6e895afa449b70653ab7d5a2a43ad9f8034096ca3ae2500cc05b2.png,"[""data/datasets/sid-set/candidate-1500/images/fake/f4d72e9350d6e895afa449b70653ab7d5a2a43ad9f8034096ca3ae2500cc05b2.png""]",f4d72e9350d6e895afa449b70653ab7d5a2a43ad9f8034096ca3ae2500cc05b2,https://huggingface.co/datasets/saberzl/SID_Set,CC-BY-4.0,full_synthetic_026480,main,dc03ead57929879319ce30a82bfcfb8d317b10bd,1,fake,collection_manifest_normalized_label_verified_by_sha256,human,human,true,consolidated_human_review,1,medium,1,medium,0.9712932109832764,0.33033517003059387,1,medium,resnet50_layer4_fc_weighted_ordinal_v3,48f6495d4a62ded10d98c3835ffcd33c8f5c653e5df19cb03aef62582060e9b4,training
f5ef525db5eb7fdbe6fadd13b4292b573b1a27dabc92730cb8cb32c9d6d2111d,human_annotated/images/f5ef525db5eb7fdbe6fadd13b4292b573b1a27dabc92730cb8cb32c9d6d2111d.png,RRDataset,data/datasets/RRDataset/selection_1500/giovanni/ai/War_&_Conflict_Scenes_000941.png,"[""data/datasets/RRDataset/selection_1500/giovanni/ai/War_&_Conflict_Scenes_000941.png""]",f5ef525db5eb7fdbe6fadd13b4292b573b1a27dabc92730cb8cb32c9d6d2111d,https://zenodo.org/records/14963880,CC-BY-4.0,,,,1,fake,rrdataset_local_directory_verified_by_sha256,human,human,true,consolidated_human_review,2,high,2,high,0.9172568321228027,0.8103123903274536,2,high,resnet50_layer4_fc_weighted_ordinal_v3,48f6495d4a62ded10d98c3835ffcd33c8f5c653e5df19cb03aef62582060e9b4,training
f5f53c4a5c57fed5111f36edc822cfa089ee7541ee3564740bf1027842e5bc7c,human_annotated/images/f5f53c4a5c57fed5111f36edc822cfa089ee7541ee3564740bf1027842e5bc7c.jpg,saberzl/SID_Set,data/datasets/sid-set/candidate-1500/images/real/f5f53c4a5c57fed5111f36edc822cfa089ee7541ee3564740bf1027842e5bc7c.jpg,"[""data/datasets/sid-set/candidate-1500/images/real/f5f53c4a5c57fed5111f36edc822cfa089ee7541ee3564740bf1027842e5bc7c.jpg""]",f5f53c4a5c57fed5111f36edc822cfa089ee7541ee3564740bf1027842e5bc7c,https://huggingface.co/datasets/saberzl/SID_Set,CC-BY-4.0,0ab73717cd9cee60,main,dc03ead57929879319ce30a82bfcfb8d317b10bd,0,real,collection_manifest_normalized_label_verified_by_sha256,human,human,true,human_master_final,0,low,0,low,0.498579740524292,0.004953214433044195,0,low,resnet50_layer4_fc_weighted_ordinal_v3,48f6495d4a62ded10d98c3835ffcd33c8f5c653e5df19cb03aef62582060e9b4,validation
f5f9bb0fdfc2a1e3091bea2af07e98fc2b631afd477e9cce3a06f0ea1408f50f,human_annotated/images/f5f9bb0fdfc2a1e3091bea2af07e98fc2b631afd477e9cce3a06f0ea1408f50f.png,RRDataset,data/datasets/RRDataset/selection_1500/sara/ai/Medical_&_Public_Health_000728.png,"[""data/datasets/RRDataset/selection_1500/sara/ai/Medical_&_Public_Health_000728.png""]",f5f9bb0fdfc2a1e3091bea2af07e98fc2b631afd477e9cce3a06f0ea1408f50f,https://zenodo.org/records/14963880,CC-BY-4.0,,,,1,fake,rrdataset_local_directory_verified_by_sha256,human,human,true,human_master_final,1,medium,1,medium,0.9684154391288757,0.06685587018728256,1,medium,resnet50_layer4_fc_weighted_ordinal_v3,48f6495d4a62ded10d98c3835ffcd33c8f5c653e5df19cb03aef62582060e9b4,validation
f62a81375856d7937de5f10f77fb2e2ff2f79ad5425bb09b7cc190846fc67fa3,human_annotated/images/f62a81375856d7937de5f10f77fb2e2ff2f79ad5425bb09b7cc190846fc67fa3.png,saberzl/SID_Set,data/datasets/sid-set/candidate-1500/images/fake/f62a81375856d7937de5f10f77fb2e2ff2f79ad5425bb09b7cc190846fc67fa3.png,"[""data/datasets/sid-set/candidate-1500/images/fake/f62a81375856d7937de5f10f77fb2e2ff2f79ad5425bb09b7cc190846fc67fa3.png""]",f62a81375856d7937de5f10f77fb2e2ff2f79ad5425bb09b7cc190846fc67fa3,https://huggingface.co/datasets/saberzl/SID_Set,CC-BY-4.0,full_synthetic_002132,main,dc03ead57929879319ce30a82bfcfb8d317b10bd,1,fake,collection_manifest_normalized_label_verified_by_sha256,human,human,true,human_master_final,1,medium,1,medium,0.9066338539123535,0.12559817731380463,1,medium,resnet50_layer4_fc_weighted_ordinal_v3,48f6495d4a62ded10d98c3835ffcd33c8f5c653e5df19cb03aef62582060e9b4,frozen_test
f62fd45d375e89d3747e4cd4419b2779f69093b997332d0973df98661b5df521,human_annotated/images/f62fd45d375e89d3747e4cd4419b2779f69093b997332d0973df98661b5df521.png,RRDataset,data/datasets/RRDataset/selection_1500/sara/ai/War_&_Conflict_Scenes_000759.png,"[""data/datasets/RRDataset/selection_1500/sara/ai/War_&_Conflict_Scenes_000759.png""]",f62fd45d375e89d3747e4cd4419b2779f69093b997332d0973df98661b5df521,https://zenodo.org/records/14963880,CC-BY-4.0,,,,1,fake,rrdataset_local_directory_verified_by_sha256,human,human,true,human_master_final,2,high,1,medium,0.6468391418457031,0.36862102150917053,2,high,resnet50_layer4_fc_weighted_ordinal_v3,48f6495d4a62ded10d98c3835ffcd33c8f5c653e5df19cb03aef62582060e9b4,training
f654b2ff6fbc4af0a73385a8e0d9c3f4962cdfa44d57ddd23324e685bea800ad,human_annotated/images/f654b2ff6fbc4af0a73385a8e0d9c3f4962cdfa44d57ddd23324e685bea800ad.webp,ComplexDataLab/OpenFake,data/datasets/openfake/additional-900/images/fake/f654b2ff6fbc4af0a73385a8e0d9c3f4962cdfa44d57ddd23324e685bea800ad.webp,"[""data/datasets/openfake/additional-900/images/fake/f654b2ff6fbc4af0a73385a8e0d9c3f4962cdfa44d57ddd23324e685bea800ad.webp""]",f654b2ff6fbc4af0a73385a8e0d9c3f4962cdfa44d57ddd23324e685bea800ad,https://huggingface.co/datasets/ComplexDataLab/OpenFake,CC-BY-NC-4.0,,v1.0,750279a9710d3d98bbc6d0d87250312cfdf922a0,1,fake,collection_manifest_normalized_label_verified_by_sha256,human,human,true,human_master_final,0,low,1,medium,0.6202759742736816,0.028385113924741745,0,low,resnet50_layer4_fc_weighted_ordinal_v3,48f6495d4a62ded10d98c3835ffcd33c8f5c653e5df19cb03aef62582060e9b4,training
f6e855e6a3066bfe953ccb86a9dd82cbee62f9d9a0d502f65d20173cf78b9e74,human_annotated/images/f6e855e6a3066bfe953ccb86a9dd82cbee62f9d9a0d502f65d20173cf78b9e74.jpg,ComplexDataLab/OpenFake,data/datasets/openfake/pilot-600/images/real/f6e855e6a3066bfe953ccb86a9dd82cbee62f9d9a0d502f65d20173cf78b9e74.jpg,"[""data/datasets/openfake/pilot-600/images/real/f6e855e6a3066bfe953ccb86a9dd82cbee62f9d9a0d502f65d20173cf78b9e74.jpg""]",f6e855e6a3066bfe953ccb86a9dd82cbee62f9d9a0d502f65d20173cf78b9e74,https://huggingface.co/datasets/ComplexDataLab/OpenFake,CC-BY-NC-4.0,,v1.0,,0,real,collection_manifest_normalized_label_verified_by_sha256,human,human,true,human_master_final,1,medium,1,medium,0.9468985199928284,0.005649299826472998,1,medium,resnet50_layer4_fc_weighted_ordinal_v3,48f6495d4a62ded10d98c3835ffcd33c8f5c653e5df19cb03aef62582060e9b4,validation
f6f7e9f71ea5cd3759c4c94c754524b6d3ab2777270c5f3b77c2c826c84a28b5,human_annotated/images/f6f7e9f71ea5cd3759c4c94c754524b6d3ab2777270c5f3b77c2c826c84a28b5.jpg,saberzl/SID_Set,data/datasets/sid-set/candidate-1500/images/real/f6f7e9f71ea5cd3759c4c94c754524b6d3ab2777270c5f3b77c2c826c84a28b5.jpg,"[""data/datasets/sid-set/candidate-1500/images/real/f6f7e9f71ea5cd3759c4c94c754524b6d3ab2777270c5f3b77c2c826c84a28b5.jpg""]",f6f7e9f71ea5cd3759c4c94c754524b6d3ab2777270c5f3b77c2c826c84a28b5,https://huggingface.co/datasets/saberzl/SID_Set,CC-BY-4.0,720505b9a2d1e6a6,main,dc03ead57929879319ce30a82bfcfb8d317b10bd,0,real,collection_manifest_normalized_label_verified_by_sha256,human,human,true,human_master_final,0,low,1,medium,0.9239038228988647,0.020139742642641068,0,low,resnet50_layer4_fc_weighted_ordinal_v3,48f6495d4a62ded10d98c3835ffcd33c8f5c653e5df19cb03aef62582060e9b4,validation
f70dcaf04040c3640f7568ee80be961f9a8fc6bd80f5935e0b55c9f6ab2d53c0,human_annotated/images/f70dcaf04040c3640f7568ee80be961f9a8fc6bd80f5935e0b55c9f6ab2d53c0.jpg,ComplexDataLab/OpenFake,data/datasets/openfake/additional-900/images/real/f70dcaf04040c3640f7568ee80be961f9a8fc6bd80f5935e0b55c9f6ab2d53c0.jpg,"[""data/datasets/openfake/additional-900/images/real/f70dcaf04040c3640f7568ee80be961f9a8fc6bd80f5935e0b55c9f6ab2d53c0.jpg""]",f70dcaf04040c3640f7568ee80be961f9a8fc6bd80f5935e0b55c9f6ab2d53c0,https://huggingface.co/datasets/ComplexDataLab/OpenFake,CC-BY-NC-4.0,,v1.0,750279a9710d3d98bbc6d0d87250312cfdf922a0,0,real,collection_manifest_normalized_label_verified_by_sha256,human,human,true,consolidated_human_review,0,low,2,high,0.8322005271911621,0.44180014729499817,0,low,resnet50_layer4_fc_weighted_ordinal_v3,48f6495d4a62ded10d98c3835ffcd33c8f5c653e5df19cb03aef62582060e9b4,training
f712dfcb3863fb0844ae53f5632a18e6f58d020e9391c145853742111c0910f4,human_annotated/images/f712dfcb3863fb0844ae53f5632a18e6f58d020e9391c145853742111c0910f4.png,ComplexDataLab/OpenFake,data/datasets/openfake/pilot-600/images/fake/f712dfcb3863fb0844ae53f5632a18e6f58d020e9391c145853742111c0910f4.png,"[""data/datasets/openfake/pilot-600/images/fake/f712dfcb3863fb0844ae53f5632a18e6f58d020e9391c145853742111c0910f4.png""]",f712dfcb3863fb0844ae53f5632a18e6f58d020e9391c145853742111c0910f4,https://huggingface.co/datasets/ComplexDataLab/OpenFake,CC-BY-NC-4.0,,v1.0,,1,fake,collection_manifest_normalized_label_verified_by_sha256,human,human,true,human_master_final,0,low,1,medium,0.6209585666656494,0.02604847215116024,0,low,resnet50_layer4_fc_weighted_ordinal_v3,48f6495d4a62ded10d98c3835ffcd33c8f5c653e5df19cb03aef62582060e9b4,training
f78780217e05573a991428332a693fd5e6d4f5a2ecd021cc0b78406f3b5a41fa,human_annotated/images/f78780217e05573a991428332a693fd5e6d4f5a2ecd021cc0b78406f3b5a41fa.jpg,saberzl/SID_Set,data/datasets/sid-set/candidate-1500/images/real/f78780217e05573a991428332a693fd5e6d4f5a2ecd021cc0b78406f3b5a41fa.jpg,"[""data/datasets/sid-set/candidate-1500/images/real/f78780217e05573a991428332a693fd5e6d4f5a2ecd021cc0b78406f3b5a41fa.jpg""]",f78780217e05573a991428332a693fd5e6d4f5a2ecd021cc0b78406f3b5a41fa,https://huggingface.co/datasets/saberzl/SID_Set,CC-BY-4.0,9eaa9aeb310c9b4c,main,dc03ead57929879319ce30a82bfcfb8d317b10bd,0,real,collection_manifest_normalized_label_verified_by_sha256,human,human,true,human_master_final,0,low,1,medium,0.5108678340911865,0.06377849727869034,0,low,resnet50_layer4_fc_weighted_ordinal_v3,48f6495d4a62ded10d98c3835ffcd33c8f5c653e5df19cb03aef62582060e9b4,frozen_test
f7b346c7ba61116a506793d733d46ea0394f3e048af676e6d4ddc6a328f507c2,human_annotated/images/f7b346c7ba61116a506793d733d46ea0394f3e048af676e6d4ddc6a328f507c2.png,saberzl/SID_Set,data/datasets/sid-set/candidate-1500/images/fake/f7b346c7ba61116a506793d733d46ea0394f3e048af676e6d4ddc6a328f507c2.png,"[""data/datasets/sid-set/candidate-1500/images/fake/f7b346c7ba61116a506793d733d46ea0394f3e048af676e6d4ddc6a328f507c2.png""]",f7b346c7ba61116a506793d733d46ea0394f3e048af676e6d4ddc6a328f507c2,https://huggingface.co/datasets/saberzl/SID_Set,CC-BY-4.0,full_synthetic_066060,main,dc03ead57929879319ce30a82bfcfb8d317b10bd,1,fake,collection_manifest_normalized_label_verified_by_sha256,human,human,true,human_master_final,0,low,1,medium,0.6885889172554016,0.08489914983510971,0,low,resnet50_layer4_fc_weighted_ordinal_v3,48f6495d4a62ded10d98c3835ffcd33c8f5c653e5df19cb03aef62582060e9b4,frozen_test
f7bd047ca38f4a60feb27f8c29464b445780a0eb97033478b0c7538ea8645a43,human_annotated/images/f7bd047ca38f4a60feb27f8c29464b445780a0eb97033478b0c7538ea8645a43.jpg,saberzl/SID_Set,data/datasets/sid-set/candidate-1500/images/real/f7bd047ca38f4a60feb27f8c29464b445780a0eb97033478b0c7538ea8645a43.jpg,"[""data/datasets/sid-set/candidate-1500/images/real/f7bd047ca38f4a60feb27f8c29464b445780a0eb97033478b0c7538ea8645a43.jpg""]",f7bd047ca38f4a60feb27f8c29464b445780a0eb97033478b0c7538ea8645a43,https://huggingface.co/datasets/saberzl/SID_Set,CC-BY-4.0,6e267d6241aa4411,main,dc03ead57929879319ce30a82bfcfb8d317b10bd,0,real,collection_manifest_normalized_label_verified_by_sha256,human,human,true,human_master_final,1,medium,0,low,0.32393068075180054,0.005661782342940569,1,medium,resnet50_layer4_fc_weighted_ordinal_v3,48f6495d4a62ded10d98c3835ffcd33c8f5c653e5df19cb03aef62582060e9b4,training
f7c94ca070c5b725db3269e1960a6eae9b979fe7d05ec0176116ac0ee152a5d5,human_annotated/images/f7c94ca070c5b725db3269e1960a6eae9b979fe7d05ec0176116ac0ee152a5d5.png,RRDataset,data/datasets/RRDataset/selection_1500/sara/ai/War_&_Conflict_Scenes_000440.png,"[""data/datasets/RRDataset/selection_1500/sara/ai/War_&_Conflict_Scenes_000440.png""]",f7c94ca070c5b725db3269e1960a6eae9b979fe7d05ec0176116ac0ee152a5d5,https://zenodo.org/records/14963880,CC-BY-4.0,,,,1,fake,rrdataset_local_directory_verified_by_sha256,human,human,true,consolidated_human_review,2,high,2,high,0.9338014125823975,0.6264100670814514,2,high,resnet50_layer4_fc_weighted_ordinal_v3,48f6495d4a62ded10d98c3835ffcd33c8f5c653e5df19cb03aef62582060e9b4,validation
f7f8f48e61417c47dfd110c7e6a68e07b827092303a01f03e36919ecccae12c8,human_annotated/images/f7f8f48e61417c47dfd110c7e6a68e07b827092303a01f03e36919ecccae12c8.png,RRDataset,data/datasets/RRDataset/selection_1500/lorenzo/ai/War_&_Conflict_Scenes_000096.png,"[""data/datasets/RRDataset/selection_1500/lorenzo/ai/War_&_Conflict_Scenes_000096.png""]",f7f8f48e61417c47dfd110c7e6a68e07b827092303a01f03e36919ecccae12c8,https://zenodo.org/records/14963880,CC-BY-4.0,,,,1,fake,rrdataset_local_directory_verified_by_sha256,human,human,true,human_master_final,1,medium,1,medium,0.8697741627693176,0.26452741026878357,1,medium,resnet50_layer4_fc_weighted_ordinal_v3,48f6495d4a62ded10d98c3835ffcd33c8f5c653e5df19cb03aef62582060e9b4,frozen_test
f80173058d0ca09a330e643d476812f85223ac7f133c8bdbeb211639cfddbc5a,human_annotated/images/f80173058d0ca09a330e643d476812f85223ac7f133c8bdbeb211639cfddbc5a.jpg,RRDataset,data/datasets/RRDataset/selection_1500/lorenzo/real/real_000374.jpg,"[""data/datasets/RRDataset/selection_1500/lorenzo/real/real_000374.jpg""]",f80173058d0ca09a330e643d476812f85223ac7f133c8bdbeb211639cfddbc5a,https://zenodo.org/records/14963880,CC-BY-4.0,,,,0,real,rrdataset_local_directory_verified_by_sha256,human,human,true,human_master_final,1,medium,1,medium,0.8502874970436096,0.00824549701064825,1,medium,resnet50_layer4_fc_weighted_ordinal_v3,48f6495d4a62ded10d98c3835ffcd33c8f5c653e5df19cb03aef62582060e9b4,training
f81ad959e29e3167639afe7e5dea831837c3e7558668f1e1c66fdd2f4632a930,human_annotated/images/f81ad959e29e3167639afe7e5dea831837c3e7558668f1e1c66fdd2f4632a930.jpg,ComplexDataLab/OpenFake,data/datasets/openfake/pilot-600/images/fake/f81ad959e29e3167639afe7e5dea831837c3e7558668f1e1c66fdd2f4632a930.jpg,"[""data/datasets/openfake/pilot-600/images/fake/f81ad959e29e3167639afe7e5dea831837c3e7558668f1e1c66fdd2f4632a930.jpg""]",f81ad959e29e3167639afe7e5dea831837c3e7558668f1e1c66fdd2f4632a930,https://huggingface.co/datasets/ComplexDataLab/OpenFake,CC-BY-NC-4.0,,v1.0,,1,fake,collection_manifest_normalized_label_verified_by_sha256,human,human,true,consolidated_human_review,0,low,0,low,0.31006231904029846,0.04338692128658295,0,low,resnet50_layer4_fc_weighted_ordinal_v3,48f6495d4a62ded10d98c3835ffcd33c8f5c653e5df19cb03aef62582060e9b4,training
f86ef2949dcc58a6659ef4c08136853de3dc87c2e79314519acc3b28abe0ceb8,human_annotated/images/f86ef2949dcc58a6659ef4c08136853de3dc87c2e79314519acc3b28abe0ceb8.jpg,saberzl/SID_Set,data/datasets/sid-set/candidate-1500/images/real/f86ef2949dcc58a6659ef4c08136853de3dc87c2e79314519acc3b28abe0ceb8.jpg,"[""data/datasets/sid-set/candidate-1500/images/real/f86ef2949dcc58a6659ef4c08136853de3dc87c2e79314519acc3b28abe0ceb8.jpg""]",f86ef2949dcc58a6659ef4c08136853de3dc87c2e79314519acc3b28abe0ceb8,https://huggingface.co/datasets/saberzl/SID_Set,CC-BY-4.0,2aa0c514f81b1cb8,main,dc03ead57929879319ce30a82bfcfb8d317b10bd,0,real,collection_manifest_normalized_label_verified_by_sha256,human,human,true,human_master_final,0,low,0,low,0.20977817475795746,0.030760254710912704,0,low,resnet50_layer4_fc_weighted_ordinal_v3,48f6495d4a62ded10d98c3835ffcd33c8f5c653e5df19cb03aef62582060e9b4,training
f881925ff3796a8b02099cb43b677db8f2fa2267eb0161e9fe17dce1852e6000,human_annotated/images/f881925ff3796a8b02099cb43b677db8f2fa2267eb0161e9fe17dce1852e6000.jpg,ComplexDataLab/OpenFake,data/datasets/openfake/pilot-600/images/fake/f881925ff3796a8b02099cb43b677db8f2fa2267eb0161e9fe17dce1852e6000.jpg,"[""data/datasets/openfake/pilot-600/images/fake/f881925ff3796a8b02099cb43b677db8f2fa2267eb0161e9fe17dce1852e6000.jpg""]",f881925ff3796a8b02099cb43b677db8f2fa2267eb0161e9fe17dce1852e6000,https://huggingface.co/datasets/ComplexDataLab/OpenFake,CC-BY-NC-4.0,,v1.0,,1,fake,collection_manifest_normalized_label_verified_by_sha256,human,human,true,human_master_final,0,low,1,medium,0.7265764474868774,0.1909734606742859,0,low,resnet50_layer4_fc_weighted_ordinal_v3,48f6495d4a62ded10d98c3835ffcd33c8f5c653e5df19cb03aef62582060e9b4,frozen_test
f8f7fe33cdb07e2859b1d28b5bec8a5e865ae54f193e9e75329a875166516bd9,human_annotated/images/f8f7fe33cdb07e2859b1d28b5bec8a5e865ae54f193e9e75329a875166516bd9.jpg,saberzl/SID_Set,data/datasets/sid-set/candidate-1500/images/real/f8f7fe33cdb07e2859b1d28b5bec8a5e865ae54f193e9e75329a875166516bd9.jpg,"[""data/datasets/sid-set/candidate-1500/images/real/f8f7fe33cdb07e2859b1d28b5bec8a5e865ae54f193e9e75329a875166516bd9.jpg""]",f8f7fe33cdb07e2859b1d28b5bec8a5e865ae54f193e9e75329a875166516bd9,https://huggingface.co/datasets/saberzl/SID_Set,CC-BY-4.0,5438c4ffef84ea15,main,dc03ead57929879319ce30a82bfcfb8d317b10bd,0,real,collection_manifest_normalized_label_verified_by_sha256,human,human,true,consolidated_human_review,1,medium,1,medium,0.5576679110527039,0.2845114469528198,1,medium,resnet50_layer4_fc_weighted_ordinal_v3,48f6495d4a62ded10d98c3835ffcd33c8f5c653e5df19cb03aef62582060e9b4,validation
f9c3596a3388d0a929ee5a43dd74c44c7eac50a58646c14cef596c8ac3b1a630,human_annotated/images/f9c3596a3388d0a929ee5a43dd74c44c7eac50a58646c14cef596c8ac3b1a630.jpg,saberzl/SID_Set,data/datasets/sid-set/candidate-1500/images/real/f9c3596a3388d0a929ee5a43dd74c44c7eac50a58646c14cef596c8ac3b1a630.jpg,"[""data/datasets/sid-set/candidate-1500/images/real/f9c3596a3388d0a929ee5a43dd74c44c7eac50a58646c14cef596c8ac3b1a630.jpg""]",f9c3596a3388d0a929ee5a43dd74c44c7eac50a58646c14cef596c8ac3b1a630,https://huggingface.co/datasets/saberzl/SID_Set,CC-BY-4.0,173aa95158acfd1a,main,dc03ead57929879319ce30a82bfcfb8d317b10bd,0,real,collection_manifest_normalized_label_verified_by_sha256,human,human,true,human_master_final,1,medium,1,medium,0.632903516292572,0.11853068321943283,1,medium,resnet50_layer4_fc_weighted_ordinal_v3,48f6495d4a62ded10d98c3835ffcd33c8f5c653e5df19cb03aef62582060e9b4,training
fa2ed703b49f210195fdd1f3a462f1b95826253121aded4f08fd439b0e8623e7,human_annotated/images/fa2ed703b49f210195fdd1f3a462f1b95826253121aded4f08fd439b0e8623e7.jpg,saberzl/SID_Set,data/datasets/sid-set/candidate-1500/images/real/fa2ed703b49f210195fdd1f3a462f1b95826253121aded4f08fd439b0e8623e7.jpg,"[""data/datasets/sid-set/candidate-1500/images/real/fa2ed703b49f210195fdd1f3a462f1b95826253121aded4f08fd439b0e8623e7.jpg""]",fa2ed703b49f210195fdd1f3a462f1b95826253121aded4f08fd439b0e8623e7,https://huggingface.co/datasets/saberzl/SID_Set,CC-BY-4.0,d9552fe247f5c934,main,dc03ead57929879319ce30a82bfcfb8d317b10bd,0,real,collection_manifest_normalized_label_verified_by_sha256,human,human,true,human_master_final,1,medium,1,medium,0.6082894206047058,0.02213260903954506,1,medium,resnet50_layer4_fc_weighted_ordinal_v3,48f6495d4a62ded10d98c3835ffcd33c8f5c653e5df19cb03aef62582060e9b4,frozen_test
fa632cce995afc4b7974f33902d52c95f49f0a1fff7d822e914a07cc20cab234,human_annotated/images/fa632cce995afc4b7974f33902d52c95f49f0a1fff7d822e914a07cc20cab234.png,ComplexDataLab/OpenFake,data/datasets/openfake/additional-900/images/fake/fa632cce995afc4b7974f33902d52c95f49f0a1fff7d822e914a07cc20cab234.png,"[""data/datasets/openfake/additional-900/images/fake/fa632cce995afc4b7974f33902d52c95f49f0a1fff7d822e914a07cc20cab234.png""]",fa632cce995afc4b7974f33902d52c95f49f0a1fff7d822e914a07cc20cab234,https://huggingface.co/datasets/ComplexDataLab/OpenFake,CC-BY-NC-4.0,,v1.0,750279a9710d3d98bbc6d0d87250312cfdf922a0,1,fake,collection_manifest_normalized_label_verified_by_sha256,human,human,true,human_master_final,0,low,1,medium,0.9197579026222229,0.013845290057361126,0,low,resnet50_layer4_fc_weighted_ordinal_v3,48f6495d4a62ded10d98c3835ffcd33c8f5c653e5df19cb03aef62582060e9b4,validation
fa68a12c722324e74eb4fd59ae3e032b6bedeca560eb44960ce3da0d1135d774,human_annotated/images/fa68a12c722324e74eb4fd59ae3e032b6bedeca560eb44960ce3da0d1135d774.png,RRDataset,data/datasets/RRDataset/selection_1500/sara/ai/production_000680.png,"[""data/datasets/RRDataset/selection_1500/sara/ai/production_000680.png""]",fa68a12c722324e74eb4fd59ae3e032b6bedeca560eb44960ce3da0d1135d774,https://zenodo.org/records/14963880,CC-BY-4.0,,,,1,fake,rrdataset_local_directory_verified_by_sha256,human,human,true,human_master_final,1,medium,1,medium,0.9261590838432312,0.33943650126457214,1,medium,resnet50_layer4_fc_weighted_ordinal_v3,48f6495d4a62ded10d98c3835ffcd33c8f5c653e5df19cb03aef62582060e9b4,frozen_test
fac653ac9b9fc45620cca5b6565841acd7c2fea82c77f9053ae1b51708d5121a,human_annotated/images/fac653ac9b9fc45620cca5b6565841acd7c2fea82c77f9053ae1b51708d5121a.png,RRDataset,data/datasets/RRDataset/selection_1500/sara/ai/Culture_&_Religion_000702.png,"[""data/datasets/RRDataset/selection_1500/sara/ai/Culture_&_Religion_000702.png""]",fac653ac9b9fc45620cca5b6565841acd7c2fea82c77f9053ae1b51708d5121a,https://zenodo.org/records/14963880,CC-BY-4.0,,,,1,fake,rrdataset_local_directory_verified_by_sha256,human,human,true,consolidated_human_review,2,high,1,medium,0.9101762175559998,0.3534524142742157,2,high,resnet50_layer4_fc_weighted_ordinal_v3,48f6495d4a62ded10d98c3835ffcd33c8f5c653e5df19cb03aef62582060e9b4,training
fb8e0b788b1b682bb1982509e6cb0426b2c5ebbfdc0ef17cba01ad211e574a54,human_annotated/images/fb8e0b788b1b682bb1982509e6cb0426b2c5ebbfdc0ef17cba01ad211e574a54.jpg,ComplexDataLab/OpenFake,data/datasets/openfake/pilot-600/images/real/fb8e0b788b1b682bb1982509e6cb0426b2c5ebbfdc0ef17cba01ad211e574a54.jpg,"[""data/datasets/openfake/pilot-600/images/real/fb8e0b788b1b682bb1982509e6cb0426b2c5ebbfdc0ef17cba01ad211e574a54.jpg""]",fb8e0b788b1b682bb1982509e6cb0426b2c5ebbfdc0ef17cba01ad211e574a54,https://huggingface.co/datasets/ComplexDataLab/OpenFake,CC-BY-NC-4.0,,v1.0,,0,real,collection_manifest_normalized_label_verified_by_sha256,human,human,true,consolidated_human_review,1,medium,1,medium,0.8538846373558044,0.07604609429836273,1,medium,resnet50_layer4_fc_weighted_ordinal_v3,48f6495d4a62ded10d98c3835ffcd33c8f5c653e5df19cb03aef62582060e9b4,training
fb9244e5723905e6b6300d4ec8d67c79c3887313a761e5bbaa117a7170f1fdbd,human_annotated/images/fb9244e5723905e6b6300d4ec8d67c79c3887313a761e5bbaa117a7170f1fdbd.jpg,RRDataset,data/datasets/RRDataset/selection_1500/lorenzo/real/real_005255.jpg,"[""data/datasets/RRDataset/selection_1500/lorenzo/real/real_005255.jpg""]",fb9244e5723905e6b6300d4ec8d67c79c3887313a761e5bbaa117a7170f1fdbd,https://zenodo.org/records/14963880,CC-BY-4.0,,,,0,real,rrdataset_local_directory_verified_by_sha256,human,human,true,human_master_final,0,low,1,medium,0.6935892105102539,0.047838710248470306,0,low,resnet50_layer4_fc_weighted_ordinal_v3,48f6495d4a62ded10d98c3835ffcd33c8f5c653e5df19cb03aef62582060e9b4,frozen_test
fbc4634ff5292aa49332d96c685e01cfe5d08aa58e25265d4f09f4186e3c96b8,human_annotated/images/fbc4634ff5292aa49332d96c685e01cfe5d08aa58e25265d4f09f4186e3c96b8.png,RRDataset,data/datasets/RRDataset/selection_1500/lorenzo/ai/Culture_&_Religion_000415.png,"[""data/datasets/RRDataset/selection_1500/lorenzo/ai/Culture_&_Religion_000415.png""]",fbc4634ff5292aa49332d96c685e01cfe5d08aa58e25265d4f09f4186e3c96b8,https://zenodo.org/records/14963880,CC-BY-4.0,,,,1,fake,rrdataset_local_directory_verified_by_sha256,human,human,true,human_master_final,1,medium,1,medium,0.9667215347290039,0.11134514957666397,1,medium,resnet50_layer4_fc_weighted_ordinal_v3,48f6495d4a62ded10d98c3835ffcd33c8f5c653e5df19cb03aef62582060e9b4,training
fbf063206a1ab90c9d745f82ec9706ee85feb270bb3a7d858b766d574015222e,human_annotated/images/fbf063206a1ab90c9d745f82ec9706ee85feb270bb3a7d858b766d574015222e.png,ComplexDataLab/OpenFake,data/datasets/openfake/additional-900/images/fake/fbf063206a1ab90c9d745f82ec9706ee85feb270bb3a7d858b766d574015222e.png,"[""data/datasets/openfake/additional-900/images/fake/fbf063206a1ab90c9d745f82ec9706ee85feb270bb3a7d858b766d574015222e.png""]",fbf063206a1ab90c9d745f82ec9706ee85feb270bb3a7d858b766d574015222e,https://huggingface.co/datasets/ComplexDataLab/OpenFake,CC-BY-NC-4.0,,v1.0,750279a9710d3d98bbc6d0d87250312cfdf922a0,1,fake,collection_manifest_normalized_label_verified_by_sha256,human,human,true,human_master_final,0,low,0,low,0.031977247446775436,0.00451928423717618,0,low,resnet50_layer4_fc_weighted_ordinal_v3,48f6495d4a62ded10d98c3835ffcd33c8f5c653e5df19cb03aef62582060e9b4,training
fc1438c4ced503b8001013a05f1dca98b0306ef19b770eb48e70005de23c9ae1,human_annotated/images/fc1438c4ced503b8001013a05f1dca98b0306ef19b770eb48e70005de23c9ae1.jpg,RRDataset,data/datasets/RRDataset/selection_1500/sara/real/real_001627.jpg,"[""data/datasets/RRDataset/selection_1500/sara/real/real_001627.jpg""]",fc1438c4ced503b8001013a05f1dca98b0306ef19b770eb48e70005de23c9ae1,https://zenodo.org/records/14963880,CC-BY-4.0,,,,0,real,rrdataset_local_directory_verified_by_sha256,human,human,true,human_master_final,1,medium,1,medium,0.9449504017829895,0.01780679076910019,1,medium,resnet50_layer4_fc_weighted_ordinal_v3,48f6495d4a62ded10d98c3835ffcd33c8f5c653e5df19cb03aef62582060e9b4,training
fc3ea3943af013d79eb072d5a28e273c4f3fe70c1300dfe99bfced77eff6e5c7,human_annotated/images/fc3ea3943af013d79eb072d5a28e273c4f3fe70c1300dfe99bfced77eff6e5c7.png,RRDataset,data/datasets/RRDataset/selection_1500/giovanni/ai/production_000606.png,"[""data/datasets/RRDataset/selection_1500/giovanni/ai/production_000606.png""]",fc3ea3943af013d79eb072d5a28e273c4f3fe70c1300dfe99bfced77eff6e5c7,https://zenodo.org/records/14963880,CC-BY-4.0,,,,1,fake,rrdataset_local_directory_verified_by_sha256,human,human,true,human_master_final,1,medium,1,medium,0.8886977434158325,0.03341543674468994,1,medium,resnet50_layer4_fc_weighted_ordinal_v3,48f6495d4a62ded10d98c3835ffcd33c8f5c653e5df19cb03aef62582060e9b4,training
fc41d233bafefb8846e305b3400d203d8492b59bd629e7eb46eebca02e63c756,human_annotated/images/fc41d233bafefb8846e305b3400d203d8492b59bd629e7eb46eebca02e63c756.jpg,saberzl/SID_Set,data/datasets/sid-set/candidate-1500/images/real/fc41d233bafefb8846e305b3400d203d8492b59bd629e7eb46eebca02e63c756.jpg,"[""data/datasets/sid-set/candidate-1500/images/real/fc41d233bafefb8846e305b3400d203d8492b59bd629e7eb46eebca02e63c756.jpg""]",fc41d233bafefb8846e305b3400d203d8492b59bd629e7eb46eebca02e63c756,https://huggingface.co/datasets/saberzl/SID_Set,CC-BY-4.0,0606f87623b6ff66,main,dc03ead57929879319ce30a82bfcfb8d317b10bd,0,real,collection_manifest_normalized_label_verified_by_sha256,human,human,true,consolidated_human_review,0,low,0,low,0.06646184623241425,0.002235810738056898,0,low,resnet50_layer4_fc_weighted_ordinal_v3,48f6495d4a62ded10d98c3835ffcd33c8f5c653e5df19cb03aef62582060e9b4,training
fc477d82a0292c093d71f878ddfb8bd76251956749624d6cc2ee5989f66a145d,human_annotated/images/fc477d82a0292c093d71f878ddfb8bd76251956749624d6cc2ee5989f66a145d.jpg,RRDataset,data/datasets/RRDataset/selection_1500/giovanni/real/real_003080.jpg,"[""data/datasets/RRDataset/selection_1500/giovanni/real/real_003080.jpg""]",fc477d82a0292c093d71f878ddfb8bd76251956749624d6cc2ee5989f66a145d,https://zenodo.org/records/14963880,CC-BY-4.0,,,,0,real,rrdataset_local_directory_verified_by_sha256,human,human,true,human_master_final,1,medium,1,medium,0.9172201156616211,0.029666006565093994,1,medium,resnet50_layer4_fc_weighted_ordinal_v3,48f6495d4a62ded10d98c3835ffcd33c8f5c653e5df19cb03aef62582060e9b4,training
fc874880b9a04dc295d47ea313f3342e1376eae30f3cd71998f1d8a80d4fd654,human_annotated/images/fc874880b9a04dc295d47ea313f3342e1376eae30f3cd71998f1d8a80d4fd654.png,saberzl/SID_Set,data/datasets/sid-set/candidate-1500/images/fake/fc874880b9a04dc295d47ea313f3342e1376eae30f3cd71998f1d8a80d4fd654.png,"[""data/datasets/sid-set/candidate-1500/images/fake/fc874880b9a04dc295d47ea313f3342e1376eae30f3cd71998f1d8a80d4fd654.png""]",fc874880b9a04dc295d47ea313f3342e1376eae30f3cd71998f1d8a80d4fd654,https://huggingface.co/datasets/saberzl/SID_Set,CC-BY-4.0,full_synthetic_026398,main,dc03ead57929879319ce30a82bfcfb8d317b10bd,1,fake,collection_manifest_normalized_label_verified_by_sha256,human,human,true,human_master_final,0,low,0,low,0.10318552702665329,0.01013874914497137,0,low,resnet50_layer4_fc_weighted_ordinal_v3,48f6495d4a62ded10d98c3835ffcd33c8f5c653e5df19cb03aef62582060e9b4,training
fcaac3b1e9d4bdcf359fafced9e92ddead0a5f6bf5baa11e05234ab840fa95b6,human_annotated/images/fcaac3b1e9d4bdcf359fafced9e92ddead0a5f6bf5baa11e05234ab840fa95b6.png,ComplexDataLab/OpenFake,data/datasets/openfake/pilot-600/images/fake/fcaac3b1e9d4bdcf359fafced9e92ddead0a5f6bf5baa11e05234ab840fa95b6.png,"[""data/datasets/openfake/pilot-600/images/fake/fcaac3b1e9d4bdcf359fafced9e92ddead0a5f6bf5baa11e05234ab840fa95b6.png""]",fcaac3b1e9d4bdcf359fafced9e92ddead0a5f6bf5baa11e05234ab840fa95b6,https://huggingface.co/datasets/ComplexDataLab/OpenFake,CC-BY-NC-4.0,,v1.0,,1,fake,collection_manifest_normalized_label_verified_by_sha256,human,human,true,consolidated_human_review,1,medium,1,medium,0.793595016002655,0.20927053689956665,1,medium,resnet50_layer4_fc_weighted_ordinal_v3,48f6495d4a62ded10d98c3835ffcd33c8f5c653e5df19cb03aef62582060e9b4,training
fcb71b118776df3cca275fc29a0999976b6f7b89857971f0ff835723d53890c4,human_annotated/images/fcb71b118776df3cca275fc29a0999976b6f7b89857971f0ff835723d53890c4.png,ComplexDataLab/OpenFake,data/datasets/openfake/pilot-600/images/fake/fcb71b118776df3cca275fc29a0999976b6f7b89857971f0ff835723d53890c4.png,"[""data/datasets/openfake/pilot-600/images/fake/fcb71b118776df3cca275fc29a0999976b6f7b89857971f0ff835723d53890c4.png""]",fcb71b118776df3cca275fc29a0999976b6f7b89857971f0ff835723d53890c4,https://huggingface.co/datasets/ComplexDataLab/OpenFake,CC-BY-NC-4.0,,v1.0,,1,fake,collection_manifest_normalized_label_verified_by_sha256,human,human,true,human_master_final,0,low,1,medium,0.6187824606895447,0.020585689693689346,0,low,resnet50_layer4_fc_weighted_ordinal_v3,48f6495d4a62ded10d98c3835ffcd33c8f5c653e5df19cb03aef62582060e9b4,validation
fcb8509c41b1aace8e26155e530d67c34d1dd57d4e11c96a15278e9e65fadfad,human_annotated/images/fcb8509c41b1aace8e26155e530d67c34d1dd57d4e11c96a15278e9e65fadfad.png,saberzl/SID_Set,data/datasets/sid-set/candidate-1500/images/fake/fcb8509c41b1aace8e26155e530d67c34d1dd57d4e11c96a15278e9e65fadfad.png,"[""data/datasets/sid-set/candidate-1500/images/fake/fcb8509c41b1aace8e26155e530d67c34d1dd57d4e11c96a15278e9e65fadfad.png""]",fcb8509c41b1aace8e26155e530d67c34d1dd57d4e11c96a15278e9e65fadfad,https://huggingface.co/datasets/saberzl/SID_Set,CC-BY-4.0,full_synthetic_061338,main,dc03ead57929879319ce30a82bfcfb8d317b10bd,1,fake,collection_manifest_normalized_label_verified_by_sha256,human,human,true,human_master_final,1,medium,1,medium,0.8762722611427307,0.09281312674283981,1,medium,resnet50_layer4_fc_weighted_ordinal_v3,48f6495d4a62ded10d98c3835ffcd33c8f5c653e5df19cb03aef62582060e9b4,training
fcc33daa2f0dcaf21466e090b42935a1002b5a99a2adf56930bb62a8341e89ce,human_annotated/images/fcc33daa2f0dcaf21466e090b42935a1002b5a99a2adf56930bb62a8341e89ce.png,saberzl/SID_Set,data/datasets/sid-set/candidate-1500/images/fake/fcc33daa2f0dcaf21466e090b42935a1002b5a99a2adf56930bb62a8341e89ce.png,"[""data/datasets/sid-set/candidate-1500/images/fake/fcc33daa2f0dcaf21466e090b42935a1002b5a99a2adf56930bb62a8341e89ce.png""]",fcc33daa2f0dcaf21466e090b42935a1002b5a99a2adf56930bb62a8341e89ce,https://huggingface.co/datasets/saberzl/SID_Set,CC-BY-4.0,full_synthetic_019541,main,dc03ead57929879319ce30a82bfcfb8d317b10bd,1,fake,collection_manifest_normalized_label_verified_by_sha256,human,human,true,human_master_final,0,low,0,low,0.13132323324680328,0.002611580304801464,0,low,resnet50_layer4_fc_weighted_ordinal_v3,48f6495d4a62ded10d98c3835ffcd33c8f5c653e5df19cb03aef62582060e9b4,validation
fcd9e41711ed92555d1e7b264c5401d5647cc2a0082df3335625b79c0c41e5aa,human_annotated/images/fcd9e41711ed92555d1e7b264c5401d5647cc2a0082df3335625b79c0c41e5aa.png,RRDataset,data/datasets/RRDataset/selection_1500/giovanni/ai/Culture_&_Religion_000743.png,"[""data/datasets/RRDataset/selection_1500/giovanni/ai/Culture_&_Religion_000743.png""]",fcd9e41711ed92555d1e7b264c5401d5647cc2a0082df3335625b79c0c41e5aa,https://zenodo.org/records/14963880,CC-BY-4.0,,,,1,fake,rrdataset_local_directory_verified_by_sha256,human,human,true,human_master_final,2,high,2,high,0.9113950133323669,0.44058120250701904,2,high,resnet50_layer4_fc_weighted_ordinal_v3,48f6495d4a62ded10d98c3835ffcd33c8f5c653e5df19cb03aef62582060e9b4,training
fd0cf2235a87379dc09c54fc13840018085827926429ce571270fa510adc3261,human_annotated/images/fd0cf2235a87379dc09c54fc13840018085827926429ce571270fa510adc3261.jpg,ComplexDataLab/OpenFake,data/datasets/openfake/additional-900/images/real/fd0cf2235a87379dc09c54fc13840018085827926429ce571270fa510adc3261.jpg,"[""data/datasets/openfake/additional-900/images/real/fd0cf2235a87379dc09c54fc13840018085827926429ce571270fa510adc3261.jpg""]",fd0cf2235a87379dc09c54fc13840018085827926429ce571270fa510adc3261,https://huggingface.co/datasets/ComplexDataLab/OpenFake,CC-BY-NC-4.0,,v1.0,750279a9710d3d98bbc6d0d87250312cfdf922a0,0,real,collection_manifest_normalized_label_verified_by_sha256,human,human,true,consolidated_human_review,0,low,0,low,0.23676609992980957,0.004801914095878601,0,low,resnet50_layer4_fc_weighted_ordinal_v3,48f6495d4a62ded10d98c3835ffcd33c8f5c653e5df19cb03aef62582060e9b4,training
fd2f3e2001b9bca2e09b010c54dc8f096ca36ce22f1357439750348b226ed7db,human_annotated/images/fd2f3e2001b9bca2e09b010c54dc8f096ca36ce22f1357439750348b226ed7db.png,ComplexDataLab/OpenFake,data/datasets/openfake/additional-900/images/fake/fd2f3e2001b9bca2e09b010c54dc8f096ca36ce22f1357439750348b226ed7db.png,"[""data/datasets/openfake/additional-900/images/fake/fd2f3e2001b9bca2e09b010c54dc8f096ca36ce22f1357439750348b226ed7db.png""]",fd2f3e2001b9bca2e09b010c54dc8f096ca36ce22f1357439750348b226ed7db,https://huggingface.co/datasets/ComplexDataLab/OpenFake,CC-BY-NC-4.0,,v1.0,750279a9710d3d98bbc6d0d87250312cfdf922a0,1,fake,collection_manifest_normalized_label_verified_by_sha256,human,human,true,human_master_final,0,low,0,low,0.1366453915834427,0.0020738234743475914,0,low,resnet50_layer4_fc_weighted_ordinal_v3,48f6495d4a62ded10d98c3835ffcd33c8f5c653e5df19cb03aef62582060e9b4,training
fd5e6e2d91ed978c26ae1dea46eb894081e808942b995d6d31b27bc2c214b052,human_annotated/images/fd5e6e2d91ed978c26ae1dea46eb894081e808942b995d6d31b27bc2c214b052.png,RRDataset,data/datasets/RRDataset/selection_1500/sara/ai/Medical_&_Public_Health_000143.png,"[""data/datasets/RRDataset/selection_1500/sara/ai/Medical_&_Public_Health_000143.png""]",fd5e6e2d91ed978c26ae1dea46eb894081e808942b995d6d31b27bc2c214b052,https://zenodo.org/records/14963880,CC-BY-4.0,,,,1,fake,rrdataset_local_directory_verified_by_sha256,human,human,true,human_master_final,1,medium,1,medium,0.9715591669082642,0.14964927732944489,1,medium,resnet50_layer4_fc_weighted_ordinal_v3,48f6495d4a62ded10d98c3835ffcd33c8f5c653e5df19cb03aef62582060e9b4,validation
fddcf3890715d7488c6442cc41ecce8be3136d1445432e699aeddc17ba9ff9f2,human_annotated/images/fddcf3890715d7488c6442cc41ecce8be3136d1445432e699aeddc17ba9ff9f2.jpg,ComplexDataLab/OpenFake,data/datasets/openfake/additional-900/images/real/fddcf3890715d7488c6442cc41ecce8be3136d1445432e699aeddc17ba9ff9f2.jpg,"[""data/datasets/openfake/additional-900/images/real/fddcf3890715d7488c6442cc41ecce8be3136d1445432e699aeddc17ba9ff9f2.jpg""]",fddcf3890715d7488c6442cc41ecce8be3136d1445432e699aeddc17ba9ff9f2,https://huggingface.co/datasets/ComplexDataLab/OpenFake,CC-BY-NC-4.0,,v1.0,750279a9710d3d98bbc6d0d87250312cfdf922a0,0,real,collection_manifest_normalized_label_verified_by_sha256,human,human,true,human_master_final,0,low,0,low,0.3635307252407074,0.0646933764219284,0,low,resnet50_layer4_fc_weighted_ordinal_v3,48f6495d4a62ded10d98c3835ffcd33c8f5c653e5df19cb03aef62582060e9b4,training
fded0a0f7f44852b3d2da5e8c934ed357a5311ec6e10ebebe570cf1a71733399,human_annotated/images/fded0a0f7f44852b3d2da5e8c934ed357a5311ec6e10ebebe570cf1a71733399.jpg,ComplexDataLab/OpenFake,data/datasets/openfake/pilot-600/images/fake/fded0a0f7f44852b3d2da5e8c934ed357a5311ec6e10ebebe570cf1a71733399.jpg,"[""data/datasets/openfake/pilot-600/images/fake/fded0a0f7f44852b3d2da5e8c934ed357a5311ec6e10ebebe570cf1a71733399.jpg""]",fded0a0f7f44852b3d2da5e8c934ed357a5311ec6e10ebebe570cf1a71733399,https://huggingface.co/datasets/ComplexDataLab/OpenFake,CC-BY-NC-4.0,,v1.0,,1,fake,collection_manifest_normalized_label_verified_by_sha256,human,human,true,human_master_final,1,medium,1,medium,0.9741401076316833,0.0709262564778328,1,medium,resnet50_layer4_fc_weighted_ordinal_v3,48f6495d4a62ded10d98c3835ffcd33c8f5c653e5df19cb03aef62582060e9b4,training
fe3cd5f373d2214f48aadca824c131a6c66669010b44a573d3c8c88410d5c99c,human_annotated/images/fe3cd5f373d2214f48aadca824c131a6c66669010b44a573d3c8c88410d5c99c.jpg,RRDataset,data/datasets/RRDataset/selection_1500/lorenzo/real/real_004012.jpg,"[""data/datasets/RRDataset/selection_1500/lorenzo/real/real_004012.jpg""]",fe3cd5f373d2214f48aadca824c131a6c66669010b44a573d3c8c88410d5c99c,https://zenodo.org/records/14963880,CC-BY-4.0,,,,0,real,rrdataset_local_directory_verified_by_sha256,human,human,true,human_master_final,1,medium,1,medium,0.7258636951446533,0.3219168186187744,1,medium,resnet50_layer4_fc_weighted_ordinal_v3,48f6495d4a62ded10d98c3835ffcd33c8f5c653e5df19cb03aef62582060e9b4,validation
ff053cf238473f4fa8cca8fab83cc8870da7ca94133d8f40c32a9964d05aba21,human_annotated/images/ff053cf238473f4fa8cca8fab83cc8870da7ca94133d8f40c32a9964d05aba21.png,RRDataset,data/datasets/RRDataset/selection_1500/sara/ai/War_&_Conflict_Scenes_000299.png,"[""data/datasets/RRDataset/selection_1500/sara/ai/War_&_Conflict_Scenes_000299.png""]",ff053cf238473f4fa8cca8fab83cc8870da7ca94133d8f40c32a9964d05aba21,https://zenodo.org/records/14963880,CC-BY-4.0,,,,1,fake,rrdataset_local_directory_verified_by_sha256,human,human,true,human_master_final,1,medium,2,high,0.9506853818893433,0.5485967993736267,1,medium,resnet50_layer4_fc_weighted_ordinal_v3,48f6495d4a62ded10d98c3835ffcd33c8f5c653e5df19cb03aef62582060e9b4,training
ff31b93a087854ef123c312ea9f34f4cb3c681f680df5d0dc2698d9169625ebc,human_annotated/images/ff31b93a087854ef123c312ea9f34f4cb3c681f680df5d0dc2698d9169625ebc.png,ComplexDataLab/OpenFake,data/datasets/openfake/pilot-600/images/fake/ff31b93a087854ef123c312ea9f34f4cb3c681f680df5d0dc2698d9169625ebc.png,"[""data/datasets/openfake/pilot-600/images/fake/ff31b93a087854ef123c312ea9f34f4cb3c681f680df5d0dc2698d9169625ebc.png""]",ff31b93a087854ef123c312ea9f34f4cb3c681f680df5d0dc2698d9169625ebc,https://huggingface.co/datasets/ComplexDataLab/OpenFake,CC-BY-NC-4.0,,v1.0,,1,fake,collection_manifest_normalized_label_verified_by_sha256,human,human,true,consolidated_human_review,1,medium,1,medium,0.9895533323287964,0.11840132623910904,1,medium,resnet50_layer4_fc_weighted_ordinal_v3,48f6495d4a62ded10d98c3835ffcd33c8f5c653e5df19cb03aef62582060e9b4,training
ff8f3d8daae076d6bf47870b598317a8d4b421e404d40c1087d945d45f0eeece,human_annotated/images/ff8f3d8daae076d6bf47870b598317a8d4b421e404d40c1087d945d45f0eeece.jpg,saberzl/SID_Set,data/datasets/sid-set/candidate-1500/images/real/ff8f3d8daae076d6bf47870b598317a8d4b421e404d40c1087d945d45f0eeece.jpg,"[""data/datasets/sid-set/candidate-1500/images/real/ff8f3d8daae076d6bf47870b598317a8d4b421e404d40c1087d945d45f0eeece.jpg""]",ff8f3d8daae076d6bf47870b598317a8d4b421e404d40c1087d945d45f0eeece,https://huggingface.co/datasets/saberzl/SID_Set,CC-BY-4.0,d09bfeeb11393477,main,dc03ead57929879319ce30a82bfcfb8d317b10bd,0,real,collection_manifest_normalized_label_verified_by_sha256,human,human,true,human_master_final,0,low,1,medium,0.8333494663238525,0.018260499462485313,0,low,resnet50_layer4_fc_weighted_ordinal_v3,48f6495d4a62ded10d98c3835ffcd33c8f5c653e5df19cb03aef62582060e9b4,training
